TBBmalloc: skip allocation functions replacement in ucrtbase.dll: unknown prologue for function _msize
Blender 3.2.1 (hash a2d59b2dac9e built 2022-07-06 07:45:50)
Read blend: D:\Desktop\Document\Coding\FULL STACK\ConvertTable\assets\geode_prototype\mother_rock_geode_16px.blend
Fra:1 Mem:26.87M (Peak 26.87M) | Time:00:00.01 | Mem:0.00M, Peak:0.00M | Scene, ViewLayer | Synchronizing object | 01_basalt_corner_guards_0000
Fra:1 Mem:26.87M (Peak 26.87M) | Time:00:00.01 | Mem:0.00M, Peak:0.00M | Scene, ViewLayer | Synchronizing object | 10_calcite_corner_shoulders_0004
Fra:1 Mem:26.87M (Peak 26.87M) | Time:00:00.01 | Mem:0.00M, Peak:0.00M | Scene, ViewLayer | Synchronizing object | 08_layer_2_lower_rail_0007
Fra:1 Mem:26.87M (Peak 26.87M) | Time:00:00.01 | Mem:0.00M, Peak:0.00M | Scene, ViewLayer | Synchronizing object | 07_layer_2_crystal_relief_0011
Fra:1 Mem:26.88M (Peak 26.88M) | Time:00:00.01 | Mem:0.00M, Peak:0.00M | Scene, ViewLayer | Synchronizing object | 07_layer_2_crystal_relief_0013
Fra:1 Mem:26.88M (Peak 26.88M) | Time:00:00.01 | Mem:0.00M, Peak:0.00M | Scene, ViewLayer | Synchronizing object | 07_layer_2_crystal_relief_0014
Fra:1 Mem:26.89M (Peak 26.89M) | Time:00:00.01 | Mem:0.00M, Peak:0.00M | Scene, ViewLayer | Synchronizing object | 07_layer_2_crystal_relief_0016
Fra:1 Mem:26.89M (Peak 26.89M) | Time:00:00.01 | Mem:0.00M, Peak:0.00M | Scene, ViewLayer | Synchronizing object | 07_layer_2_crystal_relief_0017
Fra:1 Mem:26.89M (Peak 26.89M) | Time:00:00.01 | Mem:0.00M, Peak:0.00M | Scene, ViewLayer | Synchronizing object | 09_calcite_crown_rim_0020
Fra:1 Mem:26.89M (Peak 26.89M) | Time:00:00.01 | Mem:0.00M, Peak:0.00M | Scene, ViewLayer | Synchronizing object | 11_corner_crystal_buds_0022
Fra:1 Mem:26.90M (Peak 26.90M) | Time:00:00.01 | Mem:0.00M, Peak:0.00M | Scene, ViewLayer | Synchronizing object | 11_corner_crystal_buds_0023
Fra:1 Mem:26.90M (Peak 26.90M) | Time:00:00.01 | Mem:0.00M, Peak:0.00M | Scene, ViewLayer | Synchronizing object | 11_corner_crystal_buds_0025
Fra:1 Mem:26.90M (Peak 26.90M) | Time:00:00.01 | Mem:0.00M, Peak:0.00M | Scene, ViewLayer | Synchronizing object | 11_corner_crystal_buds_0026
Fra:1 Mem:26.90M (Peak 26.90M) | Time:00:00.01 | Mem:0.00M, Peak:0.00M | Scene, ViewLayer | Synchronizing object | 05_layer_3_mineral_backing_0028
Fra:1 Mem:26.91M (Peak 26.91M) | Time:00:00.01 | Mem:0.00M, Peak:0.00M | Scene, ViewLayer | Synchronizing object | 06_layer_3_stone_ground_pattern_0029
Fra:1 Mem:26.91M (Peak 26.92M) | Time:00:00.01 | Mem:0.00M, Peak:0.00M | Scene, ViewLayer | Synchronizing object | 05_layer_3_mineral_backing_0030
Fra:1 Mem:26.92M (Peak 26.92M) | Time:00:00.01 | Mem:0.00M, Peak:0.00M | Scene, ViewLayer | Synchronizing object | 05_layer_3_mineral_backing_0032
Fra:1 Mem:26.92M (Peak 26.92M) | Time:00:00.01 | Mem:0.00M, Peak:0.00M | Scene, ViewLayer | Synchronizing object | 06_layer_3_stone_ground_pattern_0034
Fra:1 Mem:26.92M (Peak 26.92M) | Time:00:00.01 | Mem:0.00M, Peak:0.00M | Scene, ViewLayer | Synchronizing object | 06_layer_3_stone_ground_pattern_0038
Fra:1 Mem:26.93M (Peak 26.93M) | Time:00:00.01 | Mem:0.00M, Peak:0.00M | Scene, ViewLayer | Synchronizing object | 06_layer_3_stone_ground_pattern_0039
Fra:1 Mem:26.93M (Peak 26.93M) | Time:00:00.01 | Mem:0.00M, Peak:0.00M | Scene, ViewLayer | Synchronizing object | 05_layer_3_mineral_backing_0043
Fra:1 Mem:26.94M (Peak 26.94M) | Time:00:00.01 | Mem:0.00M, Peak:0.00M | Scene, ViewLayer | Synchronizing object | 05_layer_3_mineral_backing_0044
Fra:1 Mem:26.94M (Peak 26.94M) | Time:00:00.01 | Mem:0.00M, Peak:0.00M | Scene, ViewLayer | Synchronizing object | 06_layer_3_stone_ground_pattern_0045
Fra:1 Mem:26.94M (Peak 26.95M) | Time:00:00.01 | Mem:0.00M, Peak:0.00M | Scene, ViewLayer | Synchronizing object | 05_layer_3_mineral_backing_0046
Fra:1 Mem:26.95M (Peak 26.95M) | Time:00:00.01 | Mem:0.00M, Peak:0.00M | Scene, ViewLayer | Synchronizing object | 05_layer_3_mineral_backing_0048
Fra:1 Mem:26.95M (Peak 26.95M) | Time:00:00.01 | Mem:0.00M, Peak:0.00M | Scene, ViewLayer | Synchronizing object | 05_layer_3_mineral_backing_0050
Fra:1 Mem:26.95M (Peak 26.95M) | Time:00:00.01 | Mem:0.00M, Peak:0.00M | Scene, ViewLayer | Synchronizing object | 05_layer_3_mineral_backing_0051
Fra:1 Mem:26.95M (Peak 26.95M) | Time:00:00.01 | Mem:0.00M, Peak:0.00M | Scene, ViewLayer | Synchronizing object | 06_layer_3_stone_ground_pattern_0052
Fra:1 Mem:26.95M (Peak 26.95M) | Time:00:00.01 | Mem:0.00M, Peak:0.00M | Scene, ViewLayer | Synchronizing object | 05_layer_3_mineral_backing_0053
Fra:1 Mem:26.96M (Peak 26.96M) | Time:00:00.01 | Mem:0.00M, Peak:0.00M | Scene, ViewLayer | Synchronizing object | 06_layer_3_stone_ground_pattern_0054
Fra:1 Mem:26.96M (Peak 26.96M) | Time:00:00.01 | Mem:0.00M, Peak:0.00M | Scene, ViewLayer | Synchronizing object | 05_layer_3_mineral_backing_0055
Fra:1 Mem:26.96M (Peak 26.96M) | Time:00:00.01 | Mem:0.00M, Peak:0.00M | Scene, ViewLayer | Synchronizing object | 06_layer_3_stone_ground_pattern_0056
Fra:1 Mem:26.96M (Peak 26.96M) | Time:00:00.01 | Mem:0.00M, Peak:0.00M | Scene, ViewLayer | Synchronizing object | 06_layer_3_stone_ground_pattern_0059
Fra:1 Mem:26.96M (Peak 26.96M) | Time:00:00.01 | Mem:0.00M, Peak:0.00M | Scene, ViewLayer | Synchronizing object | 06_layer_3_stone_ground_pattern_0060
Fra:1 Mem:26.97M (Peak 26.97M) | Time:00:00.01 | Mem:0.00M, Peak:0.00M | Scene, ViewLayer | Synchronizing object | 05_layer_3_mineral_backing_0061
Fra:1 Mem:26.97M (Peak 26.97M) | Time:00:00.01 | Mem:0.00M, Peak:0.00M | Scene, ViewLayer | Synchronizing object | 08_layer_2_lower_rail_0064
Fra:1 Mem:26.98M (Peak 26.98M) | Time:00:00.01 | Mem:0.00M, Peak:0.00M | Scene, ViewLayer | Synchronizing object | 02_calcite_lower_shell_0065
Fra:1 Mem:26.98M (Peak 26.98M) | Time:00:00.01 | Mem:0.00M, Peak:0.00M | Scene, ViewLayer | Synchronizing object | 08_layer_2_lower_rail_0066
Fra:1 Mem:26.98M (Peak 26.98M) | Time:00:00.01 | Mem:0.00M, Peak:0.00M | Scene, ViewLayer | Synchronizing object | 05_layer_3_mineral_backing_0070
Fra:1 Mem:26.99M (Peak 26.99M) | Time:00:00.01 | Mem:0.00M, Peak:0.00M | Scene, ViewLayer | Synchronizing object | 05_layer_3_mineral_backing_0072
Fra:1 Mem:26.99M (Peak 26.99M) | Time:00:00.01 | Mem:0.00M, Peak:0.00M | Scene, ViewLayer | Synchronizing object | 05_layer_3_mineral_backing_0073
Fra:1 Mem:26.99M (Peak 26.99M) | Time:00:00.01 | Mem:0.00M, Peak:0.00M | Scene, ViewLayer | Synchronizing object | 05_layer_3_mineral_backing_0074
Fra:1 Mem:27.00M (Peak 27.00M) | Time:00:00.01 | Mem:0.00M, Peak:0.00M | Scene, ViewLayer | Synchronizing object | 05_layer_3_mineral_backing_0076
Fra:1 Mem:27.00M (Peak 27.00M) | Time:00:00.01 | Mem:0.00M, Peak:0.00M | Scene, ViewLayer | Synchronizing object | 05_layer_3_mineral_backing_0077
Fra:1 Mem:27.01M (Peak 27.01M) | Time:00:00.01 | Mem:0.00M, Peak:0.00M | Scene, ViewLayer | Synchronizing object | 05_layer_3_mineral_backing_0078
Fra:1 Mem:27.01M (Peak 27.01M) | Time:00:00.01 | Mem:0.00M, Peak:0.00M | Scene, ViewLayer | Synchronizing object | 05_layer_3_mineral_backing_0079
Fra:1 Mem:27.01M (Peak 27.01M) | Time:00:00.01 | Mem:0.00M, Peak:0.00M | Scene, ViewLayer | Synchronizing object | 05_layer_3_mineral_backing_0082
Fra:1 Mem:27.01M (Peak 27.01M) | Time:00:00.01 | Mem:0.00M, Peak:0.00M | Scene, ViewLayer | Synchronizing object | 05_layer_3_mineral_backing_0083
Fra:1 Mem:27.02M (Peak 27.02M) | Time:00:00.01 | Mem:0.00M, Peak:0.00M | Scene, ViewLayer | Synchronizing object | 05_layer_3_mineral_backing_0084
Fra:1 Mem:27.02M (Peak 27.02M) | Time:00:00.01 | Mem:0.00M, Peak:0.00M | Scene, ViewLayer | Synchronizing object | 06_layer_3_stone_ground_pattern_0086
Fra:1 Mem:27.02M (Peak 27.02M) | Time:00:00.01 | Mem:0.00M, Peak:0.00M | Scene, ViewLayer | Synchronizing object | 05_layer_3_mineral_backing_0087
Fra:1 Mem:27.02M (Peak 27.02M) | Time:00:00.01 | Mem:0.00M, Peak:0.00M | Scene, ViewLayer | Synchronizing object | 07_layer_2_crystal_relief_0090
Fra:1 Mem:27.03M (Peak 27.03M) | Time:00:00.01 | Mem:0.00M, Peak:0.00M | Scene, ViewLayer | Synchronizing object | 06_layer_3_stone_ground_pattern_0091
Fra:1 Mem:27.03M (Peak 27.03M) | Time:00:00.01 | Mem:0.00M, Peak:0.00M | Scene, ViewLayer | Synchronizing object | 04_geode_inner_lining_0092
Fra:1 Mem:27.03M (Peak 27.04M) | Time:00:00.01 | Mem:0.00M, Peak:0.00M | Scene, ViewLayer | Synchronizing object | 05_layer_3_mineral_backing_0094
Fra:1 Mem:27.04M (Peak 27.04M) | Time:00:00.01 | Mem:0.00M, Peak:0.00M | Scene, ViewLayer | Synchronizing object | 05_layer_3_mineral_backing_0095
Fra:1 Mem:27.04M (Peak 27.04M) | Time:00:00.01 | Mem:0.00M, Peak:0.00M | Scene, ViewLayer | Synchronizing object | 09_layer_2_crown_rim_0097
Fra:1 Mem:27.04M (Peak 27.04M) | Time:00:00.01 | Mem:0.00M, Peak:0.00M | Scene, ViewLayer | Synchronizing object | 09_layer_2_crown_rim_0098
Fra:1 Mem:27.04M (Peak 27.04M) | Time:00:00.01 | Mem:0.00M, Peak:0.00M | Scene, ViewLayer | Synchronizing object | 09_calcite_crown_rim_0099
Fra:1 Mem:27.05M (Peak 27.05M) | Time:00:00.01 | Mem:0.00M, Peak:0.00M | Scene, ViewLayer | Synchronizing object | 09_calcite_crown_rim_0100
Fra:1 Mem:27.05M (Peak 27.05M) | Time:00:00.01 | Mem:0.00M, Peak:0.00M | Scene, ViewLayer | Synchronizing object | 05_layer_3_mineral_backing_0102
Fra:1 Mem:27.05M (Peak 27.05M) | Time:00:00.01 | Mem:0.00M, Peak:0.00M | Scene, ViewLayer | Synchronizing object | 07_layer_2_crystal_relief_0104
Fra:1 Mem:27.06M (Peak 27.06M) | Time:00:00.01 | Mem:0.00M, Peak:0.00M | Scene, ViewLayer | Synchronizing object | 07_layer_2_crystal_relief_0105
Fra:1 Mem:27.06M (Peak 27.06M) | Time:00:00.01 | Mem:0.00M, Peak:0.00M | Scene, ViewLayer | Synchronizing object | 05_layer_3_mineral_backing_0106
Fra:1 Mem:27.06M (Peak 27.06M) | Time:00:00.01 | Mem:0.00M, Peak:0.00M | Scene, ViewLayer | Synchronizing object | 05_layer_3_mineral_backing_0107
Fra:1 Mem:27.06M (Peak 27.06M) | Time:00:00.01 | Mem:0.00M, Peak:0.00M | Scene, ViewLayer | Synchronizing object | 06_layer_3_stone_ground_pattern_0110
Fra:1 Mem:27.07M (Peak 27.07M) | Time:00:00.01 | Mem:0.00M, Peak:0.00M | Scene, ViewLayer | Synchronizing object | 12_geode_growth_core_0112
Fra:1 Mem:27.07M (Peak 27.07M) | Time:00:00.01 | Mem:0.00M, Peak:0.00M | Scene, ViewLayer | Synchronizing object | 12_geode_growth_core_0114
Fra:1 Mem:27.07M (Peak 27.07M) | Time:00:00.01 | Mem:0.00M, Peak:0.00M | Scene, ViewLayer | Synchronizing object | 06_layer_3_stone_ground_pattern_0116
Fra:1 Mem:27.08M (Peak 27.08M) | Time:00:00.01 | Mem:0.00M, Peak:0.00M | Scene, ViewLayer | Synchronizing object | 05_layer_3_mineral_backing_0117
Fra:1 Mem:27.08M (Peak 27.08M) | Time:00:00.01 | Mem:0.00M, Peak:0.00M | Scene, ViewLayer | Synchronizing object | 06_layer_3_stone_ground_pattern_0118
Fra:1 Mem:27.08M (Peak 27.08M) | Time:00:00.01 | Mem:0.00M, Peak:0.00M | Scene, ViewLayer | Synchronizing object | 07_layer_2_crystal_relief_0120
Fra:1 Mem:27.09M (Peak 27.09M) | Time:00:00.01 | Mem:0.00M, Peak:0.00M | Scene, ViewLayer | Synchronizing object | 05_layer_3_mineral_backing_0121
Fra:1 Mem:27.09M (Peak 27.09M) | Time:00:00.01 | Mem:0.00M, Peak:0.00M | Scene, ViewLayer | Synchronizing object | 05_layer_3_mineral_backing_0122
Fra:1 Mem:27.09M (Peak 27.09M) | Time:00:00.01 | Mem:0.00M, Peak:0.00M | Scene, ViewLayer | Synchronizing object | 05_layer_3_mineral_backing_0124
Fra:1 Mem:27.09M (Peak 27.09M) | Time:00:00.01 | Mem:0.00M, Peak:0.00M | Scene, ViewLayer | Synchronizing object | 12_geode_growth_core_0125
Fra:1 Mem:27.10M (Peak 27.10M) | Time:00:00.01 | Mem:0.00M, Peak:0.00M | Scene, ViewLayer | Synchronizing object | 12_geode_growth_core_0126
Fra:1 Mem:27.10M (Peak 27.10M) | Time:00:00.01 | Mem:0.00M, Peak:0.00M | Scene, ViewLayer | Synchronizing object | 12_geode_growth_core_0127
Fra:1 Mem:27.10M (Peak 27.10M) | Time:00:00.01 | Mem:0.00M, Peak:0.00M | Scene, ViewLayer | Synchronizing object | 12_geode_growth_core_0128
Fra:1 Mem:27.10M (Peak 27.10M) | Time:00:00.01 | Mem:0.00M, Peak:0.00M | Scene, ViewLayer | Synchronizing object | 06_layer_3_stone_ground_pattern_0131
Fra:1 Mem:27.11M (Peak 27.11M) | Time:00:00.01 | Mem:0.00M, Peak:0.00M | Scene, ViewLayer | Synchronizing object | 07_layer_2_crystal_relief_0133
Fra:1 Mem:27.11M (Peak 27.11M) | Time:00:00.01 | Mem:0.00M, Peak:0.00M | Scene, ViewLayer | Synchronizing object | 07_layer_2_crystal_relief_0134
Fra:1 Mem:27.12M (Peak 27.12M) | Time:00:00.01 | Mem:0.00M, Peak:0.00M | Scene, ViewLayer | Synchronizing object | 07_layer_2_crystal_relief_0135
Fra:1 Mem:27.12M (Peak 27.12M) | Time:00:00.01 | Mem:0.00M, Peak:0.00M | Scene, ViewLayer | Synchronizing object | 05_layer_3_mineral_backing_0138
Fra:1 Mem:27.12M (Peak 27.12M) | Time:00:00.01 | Mem:0.00M, Peak:0.00M | Scene, ViewLayer | Synchronizing object | 12_geode_growth_core_0141
Fra:1 Mem:27.13M (Peak 27.13M) | Time:00:00.01 | Mem:0.00M, Peak:0.00M | Scene, ViewLayer | Synchronizing object | 12_geode_growth_core_0142
Fra:1 Mem:27.13M (Peak 27.13M) | Time:00:00.01 | Mem:0.00M, Peak:0.00M | Scene, ViewLayer | Synchronizing object | 12_geode_growth_core_0143
Fra:1 Mem:27.13M (Peak 27.13M) | Time:00:00.01 | Mem:0.00M, Peak:0.00M | Scene, ViewLayer | Synchronizing object | 12_geode_growth_core_0145
Fra:1 Mem:27.13M (Peak 27.13M) | Time:00:00.01 | Mem:0.00M, Peak:0.00M | Scene, ViewLayer | Synchronizing object | 05_layer_3_mineral_backing_0146
Fra:1 Mem:27.14M (Peak 27.14M) | Time:00:00.01 | Mem:0.00M, Peak:0.00M | Scene, ViewLayer | Synchronizing object | 06_layer_3_stone_ground_pattern_0149
Fra:1 Mem:27.14M (Peak 27.14M) | Time:00:00.01 | Mem:0.00M, Peak:0.00M | Scene, ViewLayer | Synchronizing object | 05_layer_3_mineral_backing_0150
Fra:1 Mem:27.14M (Peak 27.14M) | Time:00:00.01 | Mem:0.00M, Peak:0.00M | Scene, ViewLayer | Synchronizing object | 05_layer_3_mineral_backing_0151
Fra:1 Mem:27.15M (Peak 27.15M) | Time:00:00.01 | Mem:0.00M, Peak:0.00M | Scene, ViewLayer | Synchronizing object | 06_layer_3_stone_ground_pattern_0152
Fra:1 Mem:27.15M (Peak 27.15M) | Time:00:00.01 | Mem:0.00M, Peak:0.00M | Scene, ViewLayer | Synchronizing object | 06_layer_3_stone_ground_pattern_0153
Fra:1 Mem:27.15M (Peak 27.15M) | Time:00:00.01 | Mem:0.00M, Peak:0.00M | Scene, ViewLayer | Synchronizing object | 12_geode_growth_core_0154
Fra:1 Mem:27.15M (Peak 27.15M) | Time:00:00.01 | Mem:0.00M, Peak:0.00M | Scene, ViewLayer | Synchronizing object | 05_layer_3_mineral_backing_0156
Fra:1 Mem:27.15M (Peak 27.15M) | Time:00:00.01 | Mem:0.00M, Peak:0.00M | Scene, ViewLayer | Synchronizing object | 05_layer_3_mineral_backing_0157
Fra:1 Mem:27.16M (Peak 27.16M) | Time:00:00.01 | Mem:0.00M, Peak:0.00M | Scene, ViewLayer | Synchronizing object | 06_layer_3_stone_ground_pattern_0159
Fra:1 Mem:27.16M (Peak 27.16M) | Time:00:00.01 | Mem:0.00M, Peak:0.00M | Scene, ViewLayer | Synchronizing object | 07_layer_2_crystal_relief_0161
Fra:1 Mem:27.16M (Peak 27.16M) | Time:00:00.01 | Mem:0.00M, Peak:0.00M | Scene, ViewLayer | Synchronizing object | 05_layer_3_mineral_backing_0162
Fra:1 Mem:27.17M (Peak 27.17M) | Time:00:00.01 | Mem:0.00M, Peak:0.00M | Scene, ViewLayer | Synchronizing object | 07_layer_2_crystal_relief_0164
Fra:1 Mem:27.17M (Peak 27.17M) | Time:00:00.01 | Mem:0.00M, Peak:0.00M | Scene, ViewLayer | Synchronizing object | 05_layer_3_mineral_backing_0163
Fra:1 Mem:27.17M (Peak 27.17M) | Time:00:00.01 | Mem:0.00M, Peak:0.00M | Scene, ViewLayer | Synchronizing object | 12_geode_growth_core_0167
Fra:1 Mem:27.17M (Peak 27.17M) | Time:00:00.01 | Mem:0.00M, Peak:0.00M | Scene, ViewLayer | Synchronizing object | 05_layer_3_mineral_backing_0168
Fra:1 Mem:27.18M (Peak 27.18M) | Time:00:00.01 | Mem:0.00M, Peak:0.00M | Scene, ViewLayer | Synchronizing object | 05_layer_3_mineral_backing_0169
Fra:1 Mem:27.18M (Peak 27.18M) | Time:00:00.01 | Mem:0.00M, Peak:0.00M | Scene, ViewLayer | Synchronizing object | 06_layer_3_stone_ground_pattern_0171
Fra:1 Mem:27.18M (Peak 27.18M) | Time:00:00.01 | Mem:0.00M, Peak:0.00M | Scene, ViewLayer | Synchronizing object | 07_layer_2_crystal_relief_0172
Fra:1 Mem:27.18M (Peak 27.18M) | Time:00:00.01 | Mem:0.00M, Peak:0.00M | Scene, ViewLayer | Synchronizing object | 06_layer_3_stone_ground_pattern_0174
Fra:1 Mem:27.19M (Peak 27.19M) | Time:00:00.01 | Mem:0.00M, Peak:0.00M | Scene, ViewLayer | Synchronizing object | 06_layer_3_stone_ground_pattern_0175
Fra:1 Mem:27.19M (Peak 27.19M) | Time:00:00.01 | Mem:0.00M, Peak:0.00M | Scene, ViewLayer | Synchronizing object | 05_layer_3_mineral_backing_0176
Fra:1 Mem:27.19M (Peak 27.19M) | Time:00:00.01 | Mem:0.00M, Peak:0.00M | Scene, ViewLayer | Synchronizing object | 05_layer_3_mineral_backing_0177
Fra:1 Mem:27.19M (Peak 27.19M) | Time:00:00.01 | Mem:0.00M, Peak:0.00M | Scene, ViewLayer | Synchronizing object | 05_layer_3_mineral_backing_0178
Fra:1 Mem:27.20M (Peak 27.20M) | Time:00:00.01 | Mem:0.00M, Peak:0.00M | Scene, ViewLayer | Synchronizing object | 05_layer_3_mineral_backing_0179
Fra:1 Mem:27.20M (Peak 27.20M) | Time:00:00.01 | Mem:0.00M, Peak:0.00M | Scene, ViewLayer | Synchronizing object | 05_layer_3_mineral_backing_0181
Fra:1 Mem:27.20M (Peak 27.20M) | Time:00:00.01 | Mem:0.00M, Peak:0.00M | Scene, ViewLayer | Synchronizing object | 05_layer_3_mineral_backing_0183
Fra:1 Mem:27.20M (Peak 27.20M) | Time:00:00.01 | Mem:0.00M, Peak:0.00M | Scene, ViewLayer | Synchronizing object | 05_layer_3_mineral_backing_0184
Fra:1 Mem:27.21M (Peak 27.21M) | Time:00:00.01 | Mem:0.00M, Peak:0.00M | Scene, ViewLayer | Synchronizing object | 05_layer_3_mineral_backing_0185
Fra:1 Mem:27.21M (Peak 27.21M) | Time:00:00.01 | Mem:0.00M, Peak:0.00M | Scene, ViewLayer | Synchronizing object | Studio floor - excluded from game model
Fra:1 Mem:27.21M (Peak 27.21M) | Time:00:00.01 | Mem:0.00M, Peak:0.00M | Scene, ViewLayer | Synchronizing object | 06_layer_3_stone_ground_pattern_0187
Fra:1 Mem:27.21M (Peak 27.21M) | Time:00:00.01 | Mem:0.00M, Peak:0.00M | Scene, ViewLayer | Synchronizing object | 05_layer_3_mineral_backing_0188
Fra:1 Mem:27.21M (Peak 27.21M) | Time:00:00.01 | Mem:0.00M, Peak:0.00M | Scene, ViewLayer | Synchronizing object | 10_calcite_corner_shoulders_0189
Fra:1 Mem:27.21M (Peak 27.21M) | Time:00:00.01 | Mem:0.00M, Peak:0.00M | Scene, ViewLayer | Synchronizing object | 09_layer_2_crown_rim_0191
Fra:1 Mem:27.22M (Peak 27.22M) | Time:00:00.01 | Mem:0.00M, Peak:0.00M | Scene, ViewLayer | Synchronizing object | 10_calcite_corner_shoulders_0192
Fra:1 Mem:27.22M (Peak 27.22M) | Time:00:00.01 | Mem:0.00M, Peak:0.00M | Scene, ViewLayer | Synchronizing object | 10_calcite_corner_shoulders_0193
Fra:1 Mem:27.22M (Peak 27.22M) | Time:00:00.01 | Mem:0.00M, Peak:0.00M | Scene, ViewLayer | Synchronizing object | 01_basalt_corner_guards_0194
Fra:1 Mem:27.23M (Peak 27.23M) | Time:00:00.01 | Mem:0.00M, Peak:0.00M | Scene, ViewLayer | Synchronizing object | 08_layer_2_lower_rail_0195
Fra:1 Mem:27.23M (Peak 27.23M) | Time:00:00.01 | Mem:0.00M, Peak:0.00M | Scene, ViewLayer | Synchronizing object | 01_basalt_corner_guards_0196
Fra:1 Mem:27.23M (Peak 27.23M) | Time:00:00.01 | Mem:0.00M, Peak:0.00M | Scene, ViewLayer | Synchronizing object | 06_layer_3_stone_ground_pattern_0198
Fra:1 Mem:27.23M (Peak 27.23M) | Time:00:00.01 | Mem:0.00M, Peak:0.00M | Scene, ViewLayer | Synchronizing object | 06_layer_3_stone_ground_pattern_0200
Fra:1 Mem:27.23M (Peak 27.23M) | Time:00:00.01 | Mem:0.00M, Peak:0.00M | Scene, ViewLayer | Synchronizing object | 11_corner_crystal_buds_0238
Fra:1 Mem:27.23M (Peak 27.23M) | Time:00:00.01 | Mem:0.00M, Peak:0.00M | Scene, ViewLayer | Synchronizing object | 07_layer_2_crystal_relief_0201
Fra:1 Mem:27.23M (Peak 27.24M) | Time:00:00.01 | Mem:0.00M, Peak:0.00M | Scene, ViewLayer | Synchronizing object | 11_corner_crystal_buds_0237
Fra:1 Mem:27.24M (Peak 27.24M) | Time:00:00.01 | Mem:0.00M, Peak:0.00M | Scene, ViewLayer | Synchronizing object | 05_layer_3_mineral_backing_0203
Fra:1 Mem:27.24M (Peak 27.24M) | Time:00:00.01 | Mem:0.00M, Peak:0.00M | Scene, ViewLayer | Synchronizing object | 07_layer_2_crystal_relief_0205
Fra:1 Mem:27.24M (Peak 27.24M) | Time:00:00.01 | Mem:0.00M, Peak:0.00M | Scene, ViewLayer | Synchronizing object | 07_layer_2_crystal_relief_0206
Fra:1 Mem:27.25M (Peak 27.25M) | Time:00:00.01 | Mem:0.00M, Peak:0.00M | Scene, ViewLayer | Synchronizing object | 06_layer_3_stone_ground_pattern_0207
Fra:1 Mem:27.25M (Peak 27.25M) | Time:00:00.01 | Mem:0.00M, Peak:0.00M | Scene, ViewLayer | Synchronizing object | 05_layer_3_mineral_backing_0208
Fra:1 Mem:27.25M (Peak 27.25M) | Time:00:00.01 | Mem:0.00M, Peak:0.00M | Scene, ViewLayer | Synchronizing object | 07_layer_2_crystal_relief_0210
Fra:1 Mem:27.25M (Peak 27.25M) | Time:00:00.01 | Mem:0.00M, Peak:0.00M | Scene, ViewLayer | Synchronizing object | 05_layer_3_mineral_backing_0211
Fra:1 Mem:27.26M (Peak 27.26M) | Time:00:00.01 | Mem:0.00M, Peak:0.00M | Scene, ViewLayer | Synchronizing object | 05_layer_3_mineral_backing_0213
Fra:1 Mem:27.26M (Peak 27.26M) | Time:00:00.01 | Mem:0.00M, Peak:0.00M | Scene, ViewLayer | Synchronizing object | 07_layer_2_crystal_relief_0214
Fra:1 Mem:27.26M (Peak 27.26M) | Time:00:00.01 | Mem:0.00M, Peak:0.00M | Scene, ViewLayer | Synchronizing object | 06_layer_3_stone_ground_pattern_0215
Fra:1 Mem:27.26M (Peak 27.26M) | Time:00:00.01 | Mem:0.00M, Peak:0.00M | Scene, ViewLayer | Synchronizing object | 06_layer_3_stone_ground_pattern_0216
Fra:1 Mem:27.26M (Peak 27.26M) | Time:00:00.01 | Mem:0.00M, Peak:0.00M | Scene, ViewLayer | Synchronizing object | 07_layer_2_crystal_relief_0217
Fra:1 Mem:27.27M (Peak 27.27M) | Time:00:00.01 | Mem:0.00M, Peak:0.00M | Scene, ViewLayer | Synchronizing object | 05_layer_3_mineral_backing_0218
Fra:1 Mem:27.27M (Peak 27.27M) | Time:00:00.01 | Mem:0.00M, Peak:0.00M | Scene, ViewLayer | Synchronizing object | 05_layer_3_mineral_backing_0222
Fra:1 Mem:27.28M (Peak 27.28M) | Time:00:00.01 | Mem:0.00M, Peak:0.00M | Scene, ViewLayer | Synchronizing object | 07_layer_2_crystal_relief_0224
Fra:1 Mem:27.28M (Peak 27.28M) | Time:00:00.01 | Mem:0.00M, Peak:0.00M | Scene, ViewLayer | Synchronizing object | 05_layer_3_mineral_backing_0225
Fra:1 Mem:27.28M (Peak 27.28M) | Time:00:00.01 | Mem:0.00M, Peak:0.00M | Scene, ViewLayer | Synchronizing object | 05_layer_3_mineral_backing_0228
Fra:1 Mem:27.29M (Peak 27.29M) | Time:00:00.01 | Mem:0.00M, Peak:0.00M | Scene, ViewLayer | Synchronizing object | 06_layer_3_stone_ground_pattern_0229
Fra:1 Mem:27.29M (Peak 27.29M) | Time:00:00.01 | Mem:0.00M, Peak:0.00M | Scene, ViewLayer | Synchronizing object | 06_layer_3_stone_ground_pattern_0230
Fra:1 Mem:27.29M (Peak 27.29M) | Time:00:00.01 | Mem:0.00M, Peak:0.00M | Scene, ViewLayer | Synchronizing object | 05_layer_3_mineral_backing_0231
Fra:1 Mem:27.29M (Peak 27.29M) | Time:00:00.01 | Mem:0.00M, Peak:0.00M | Scene, ViewLayer | Synchronizing object | 09_calcite_crown_rim_0232
Fra:1 Mem:27.30M (Peak 27.30M) | Time:00:00.01 | Mem:0.00M, Peak:0.00M | Scene, ViewLayer | Synchronizing object | 11_corner_crystal_buds_0235
Fra:1 Mem:27.32M (Peak 27.32M) | Time:00:00.01 | Mem:0.00M, Peak:0.00M | Scene, ViewLayer | Initializing
Fra:1 Mem:18.99M (Peak 27.32M) | Time:00:00.02 | Mem:0.00M, Peak:0.00M | Scene, ViewLayer | Waiting for render to start
Fra:1 Mem:18.99M (Peak 27.32M) | Time:00:00.02 | Mem:0.00M, Peak:0.00M | Scene, ViewLayer | Loading render kernels (may take a few minutes the first time)
Fra:1 Mem:18.99M (Peak 27.32M) | Time:00:00.02 | Mem:0.00M, Peak:0.00M | Scene, ViewLayer | Updating Scene
Fra:1 Mem:18.99M (Peak 27.32M) | Time:00:00.02 | Mem:0.00M, Peak:0.00M | Scene, ViewLayer | Updating Shaders
Fra:1 Mem:19.51M (Peak 27.32M) | Time:00:00.14 | Mem:0.01M, Peak:0.01M | Scene, ViewLayer | Updating Procedurals
Fra:1 Mem:19.51M (Peak 27.32M) | Time:00:00.14 | Mem:0.01M, Peak:0.01M | Scene, ViewLayer | Updating Background
Fra:1 Mem:19.51M (Peak 27.32M) | Time:00:00.14 | Mem:0.01M, Peak:0.01M | Scene, ViewLayer | Updating Camera
Fra:1 Mem:19.51M (Peak 27.32M) | Time:00:00.14 | Mem:0.01M, Peak:0.01M | Scene, ViewLayer | Updating Meshes Flags
Fra:1 Mem:19.51M (Peak 27.32M) | Time:00:00.14 | Mem:0.01M, Peak:0.01M | Scene, ViewLayer | Updating Objects
Fra:1 Mem:19.51M (Peak 27.32M) | Time:00:00.14 | Mem:0.01M, Peak:0.01M | Scene, ViewLayer | Updating Objects | Copying Transformations to device
Fra:1 Mem:19.55M (Peak 27.32M) | Time:00:00.14 | Mem:0.06M, Peak:0.06M | Scene, ViewLayer | Updating Objects | Applying Static Transformations
Fra:1 Mem:19.55M (Peak 27.32M) | Time:00:00.14 | Mem:0.06M, Peak:0.06M | Scene, ViewLayer | Updating Particle Systems
Fra:1 Mem:19.55M (Peak 27.32M) | Time:00:00.14 | Mem:0.06M, Peak:0.06M | Scene, ViewLayer | Updating Particle Systems | Copying Particles to device
Fra:1 Mem:19.55M (Peak 27.32M) | Time:00:00.14 | Mem:0.06M, Peak:0.06M | Scene, ViewLayer | Updating Meshes
Fra:1 Mem:19.60M (Peak 27.32M) | Time:00:00.14 | Mem:0.06M, Peak:0.06M | Scene, ViewLayer | Updating Mesh | Computing attributes
Fra:1 Mem:19.93M (Peak 27.32M) | Time:00:00.14 | Mem:0.10M, Peak:0.10M | Scene, ViewLayer | Updating Mesh | Copying Attributes to device
Fra:1 Mem:19.85M (Peak 27.32M) | Time:00:00.14 | Mem:0.32M, Peak:0.32M | Scene, ViewLayer | Updating Geometry BVH Cube.001 1/239 | Building BVH
Fra:1 Mem:19.85M (Peak 27.32M) | Time:00:00.14 | Mem:0.32M, Peak:0.32M | Scene, ViewLayer | Updating Geometry BVH Cube.015 15/239 | Building BVH
Fra:1 Mem:19.85M (Peak 27.32M) | Time:00:00.14 | Mem:0.32M, Peak:0.32M | Scene, ViewLayer | Updating Geometry BVH Cube.239 239/239 | Building BVH
Fra:1 Mem:19.85M (Peak 27.32M) | Time:00:00.14 | Mem:0.33M, Peak:0.33M | Scene, ViewLayer | Updating Geometry BVH Cube.239 239/239 | Building BVH 0%
Fra:1 Mem:19.85M (Peak 27.32M) | Time:00:00.14 | Mem:0.33M, Peak:0.33M | Scene, ViewLayer | Updating Geometry BVH Cube.239 239/239 | Building BVH
Fra:1 Mem:19.85M (Peak 27.32M) | Time:00:00.14 | Mem:0.34M, Peak:0.35M | Scene, ViewLayer | Updating Geometry BVH Cube.016 16/239 | Building BVH
Fra:1 Mem:19.85M (Peak 27.32M) | Time:00:00.14 | Mem:0.34M, Peak:0.35M | Scene, ViewLayer | Updating Geometry BVH Cube.029 29/239 | Building BVH
Fra:1 Mem:19.85M (Peak 27.32M) | Time:00:00.14 | Mem:0.34M, Peak:0.35M | Scene, ViewLayer | Updating Geometry BVH Cube.030 30/239 | Building BVH
Fra:1 Mem:19.85M (Peak 27.32M) | Time:00:00.14 | Mem:0.34M, Peak:0.35M | Scene, ViewLayer | Updating Geometry BVH Cube.031 31/239 | Building BVH
Fra:1 Mem:19.85M (Peak 27.32M) | Time:00:00.14 | Mem:0.34M, Peak:0.35M | Scene, ViewLayer | Updating Geometry BVH Cube.032 32/239 | Building BVH
Fra:1 Mem:19.85M (Peak 27.32M) | Time:00:00.14 | Mem:0.34M, Peak:0.35M | Scene, ViewLayer | Updating Geometry BVH Cube.033 33/239 | Building BVH
Fra:1 Mem:19.85M (Peak 27.32M) | Time:00:00.14 | Mem:0.34M, Peak:0.35M | Scene, ViewLayer | Updating Geometry BVH Cube.034 34/239 | Building BVH
Fra:1 Mem:19.85M (Peak 27.32M) | Time:00:00.14 | Mem:0.34M, Peak:0.35M | Scene, ViewLayer | Updating Geometry BVH Cube.237 237/239 | Building BVH
Fra:1 Mem:19.85M (Peak 27.32M) | Time:00:00.14 | Mem:0.35M, Peak:0.35M | Scene, ViewLayer | Updating Geometry BVH Cube.236 236/239 | Building BVH
Fra:1 Mem:19.85M (Peak 27.32M) | Time:00:00.14 | Mem:0.35M, Peak:0.35M | Scene, ViewLayer | Updating Geometry BVH Cube.035 35/239 | Building BVH
Fra:1 Mem:19.85M (Peak 27.32M) | Time:00:00.14 | Mem:0.35M, Peak:0.35M | Scene, ViewLayer | Updating Geometry BVH Cube.036 36/239 | Building BVH
Fra:1 Mem:19.85M (Peak 27.32M) | Time:00:00.14 | Mem:0.35M, Peak:0.35M | Scene, ViewLayer | Updating Geometry BVH Cube.038 38/239 | Building BVH
Fra:1 Mem:19.85M (Peak 27.32M) | Time:00:00.14 | Mem:0.35M, Peak:0.35M | Scene, ViewLayer | Updating Geometry BVH Cube.039 39/239 | Building BVH
Fra:1 Mem:19.85M (Peak 27.32M) | Time:00:00.14 | Mem:0.36M, Peak:0.36M | Scene, ViewLayer | Updating Geometry BVH Cube.040 40/239 | Building BVH
Fra:1 Mem:19.85M (Peak 27.32M) | Time:00:00.14 | Mem:0.36M, Peak:0.36M | Scene, ViewLayer | Updating Geometry BVH Cube.041 41/239 | Building BVH
Fra:1 Mem:19.85M (Peak 27.32M) | Time:00:00.14 | Mem:0.36M, Peak:0.36M | Scene, ViewLayer | Updating Geometry BVH Cube.042 42/239 | Building BVH
Fra:1 Mem:19.85M (Peak 27.32M) | Time:00:00.14 | Mem:0.36M, Peak:0.36M | Scene, ViewLayer | Updating Geometry BVH Cube.043 43/239 | Building BVH
Fra:1 Mem:19.85M (Peak 27.32M) | Time:00:00.14 | Mem:0.36M, Peak:0.36M | Scene, ViewLayer | Updating Geometry BVH Cube.044 44/239 | Building BVH
Fra:1 Mem:19.85M (Peak 27.32M) | Time:00:00.14 | Mem:0.36M, Peak:0.36M | Scene, ViewLayer | Updating Geometry BVH Cube.045 45/239 | Building BVH
Fra:1 Mem:19.85M (Peak 27.32M) | Time:00:00.14 | Mem:0.36M, Peak:0.36M | Scene, ViewLayer | Updating Geometry BVH Cube.046 46/239 | Building BVH
Fra:1 Mem:19.85M (Peak 27.32M) | Time:00:00.14 | Mem:0.37M, Peak:0.37M | Scene, ViewLayer | Updating Geometry BVH Cube.047 47/239 | Building BVH
Fra:1 Mem:19.85M (Peak 27.32M) | Time:00:00.14 | Mem:0.37M, Peak:0.37M | Scene, ViewLayer | Updating Geometry BVH Cube.048 48/239 | Building BVH
Fra:1 Mem:19.85M (Peak 27.32M) | Time:00:00.14 | Mem:0.37M, Peak:0.37M | Scene, ViewLayer | Updating Geometry BVH Cube.049 49/239 | Building BVH
Fra:1 Mem:19.85M (Peak 27.32M) | Time:00:00.14 | Mem:0.37M, Peak:0.37M | Scene, ViewLayer | Updating Geometry BVH Cube.050 50/239 | Building BVH
Fra:1 Mem:19.85M (Peak 27.32M) | Time:00:00.14 | Mem:0.37M, Peak:0.37M | Scene, ViewLayer | Updating Geometry BVH Cube.051 51/239 | Building BVH
Fra:1 Mem:19.85M (Peak 27.32M) | Time:00:00.14 | Mem:0.37M, Peak:0.37M | Scene, ViewLayer | Updating Geometry BVH Cube.052 52/239 | Building BVH
Fra:1 Mem:19.85M (Peak 27.32M) | Time:00:00.14 | Mem:0.37M, Peak:0.37M | Scene, ViewLayer | Updating Geometry BVH Cube.053 53/239 | Building BVH
Fra:1 Mem:19.85M (Peak 27.32M) | Time:00:00.14 | Mem:0.38M, Peak:0.38M | Scene, ViewLayer | Updating Geometry BVH Cube.055 55/239 | Building BVH
Fra:1 Mem:19.85M (Peak 27.32M) | Time:00:00.14 | Mem:0.38M, Peak:0.38M | Scene, ViewLayer | Updating Geometry BVH Cube.057 57/239 | Building BVH
Fra:1 Mem:19.85M (Peak 27.32M) | Time:00:00.14 | Mem:0.38M, Peak:0.38M | Scene, ViewLayer | Updating Geometry BVH Cube.058 58/239 | Building BVH
Fra:1 Mem:19.85M (Peak 27.32M) | Time:00:00.14 | Mem:0.38M, Peak:0.38M | Scene, ViewLayer | Updating Geometry BVH Cube.059 59/239 | Building BVH
Fra:1 Mem:19.85M (Peak 27.32M) | Time:00:00.14 | Mem:0.38M, Peak:0.38M | Scene, ViewLayer | Updating Geometry BVH Cube.060 60/239 | Building BVH
Fra:1 Mem:19.85M (Peak 27.32M) | Time:00:00.14 | Mem:0.38M, Peak:0.39M | Scene, ViewLayer | Updating Geometry BVH Cube.061 61/239 | Building BVH
Fra:1 Mem:19.85M (Peak 27.32M) | Time:00:00.14 | Mem:0.39M, Peak:0.39M | Scene, ViewLayer | Updating Geometry BVH Cube.234 234/239 | Building BVH
Fra:1 Mem:19.85M (Peak 27.32M) | Time:00:00.14 | Mem:0.39M, Peak:0.39M | Scene, ViewLayer | Updating Geometry BVH Cube.062 62/239 | Building BVH
Fra:1 Mem:19.85M (Peak 27.32M) | Time:00:00.14 | Mem:0.39M, Peak:0.39M | Scene, ViewLayer | Updating Geometry BVH Cube.063 63/239 | Building BVH
Fra:1 Mem:19.85M (Peak 27.32M) | Time:00:00.14 | Mem:0.39M, Peak:0.39M | Scene, ViewLayer | Updating Geometry BVH Cube.064 64/239 | Building BVH
Fra:1 Mem:19.85M (Peak 27.32M) | Time:00:00.14 | Mem:0.39M, Peak:0.39M | Scene, ViewLayer | Updating Geometry BVH Cube.066 66/239 | Building BVH
Fra:1 Mem:19.85M (Peak 27.32M) | Time:00:00.14 | Mem:0.39M, Peak:0.39M | Scene, ViewLayer | Updating Geometry BVH Cube.067 67/239 | Building BVH
Fra:1 Mem:19.85M (Peak 27.32M) | Time:00:00.14 | Mem:0.39M, Peak:0.39M | Scene, ViewLayer | Updating Geometry BVH Cube.068 68/239 | Building BVH
Fra:1 Mem:19.85M (Peak 27.32M) | Time:00:00.14 | Mem:0.40M, Peak:0.40M | Scene, ViewLayer | Updating Geometry BVH Cube.233 233/239 | Building BVH
Fra:1 Mem:19.85M (Peak 27.32M) | Time:00:00.14 | Mem:0.40M, Peak:0.40M | Scene, ViewLayer | Updating Geometry BVH Cube.069 69/239 | Building BVH
Fra:1 Mem:19.85M (Peak 27.32M) | Time:00:00.14 | Mem:0.40M, Peak:0.40M | Scene, ViewLayer | Updating Geometry BVH Cube.071 71/239 | Building BVH
Fra:1 Mem:19.86M (Peak 27.32M) | Time:00:00.14 | Mem:0.40M, Peak:0.40M | Scene, ViewLayer | Updating Geometry BVH Cube.072 72/239 | Building BVH
Fra:1 Mem:19.86M (Peak 27.32M) | Time:00:00.14 | Mem:0.40M, Peak:0.40M | Scene, ViewLayer | Updating Geometry BVH Cube.073 73/239 | Building BVH
Fra:1 Mem:19.86M (Peak 27.32M) | Time:00:00.14 | Mem:0.40M, Peak:0.40M | Scene, ViewLayer | Updating Geometry BVH Cube.074 74/239 | Building BVH
Fra:1 Mem:19.86M (Peak 27.32M) | Time:00:00.14 | Mem:0.41M, Peak:0.41M | Scene, ViewLayer | Updating Geometry BVH Cube.075 75/239 | Building BVH
Fra:1 Mem:19.86M (Peak 27.32M) | Time:00:00.14 | Mem:0.41M, Peak:0.41M | Scene, ViewLayer | Updating Geometry BVH Cube.076 76/239 | Building BVH
Fra:1 Mem:19.86M (Peak 27.32M) | Time:00:00.14 | Mem:0.41M, Peak:0.41M | Scene, ViewLayer | Updating Geometry BVH Cube.077 77/239 | Building BVH
Fra:1 Mem:19.86M (Peak 27.32M) | Time:00:00.14 | Mem:0.41M, Peak:0.41M | Scene, ViewLayer | Updating Geometry BVH Cube.078 78/239 | Building BVH
Fra:1 Mem:19.86M (Peak 27.32M) | Time:00:00.14 | Mem:0.41M, Peak:0.41M | Scene, ViewLayer | Updating Geometry BVH Cube.079 79/239 | Building BVH
Fra:1 Mem:19.86M (Peak 27.32M) | Time:00:00.14 | Mem:0.41M, Peak:0.41M | Scene, ViewLayer | Updating Geometry BVH Cube.080 80/239 | Building BVH
Fra:1 Mem:19.86M (Peak 27.32M) | Time:00:00.14 | Mem:0.41M, Peak:0.41M | Scene, ViewLayer | Updating Geometry BVH Cube.081 81/239 | Building BVH
Fra:1 Mem:19.86M (Peak 27.32M) | Time:00:00.14 | Mem:0.42M, Peak:0.42M | Scene, ViewLayer | Updating Geometry BVH Cube.082 82/239 | Building BVH
Fra:1 Mem:19.86M (Peak 27.32M) | Time:00:00.14 | Mem:0.42M, Peak:0.42M | Scene, ViewLayer | Updating Geometry BVH Cube.083 83/239 | Building BVH
Fra:1 Mem:19.86M (Peak 27.32M) | Time:00:00.14 | Mem:0.42M, Peak:0.42M | Scene, ViewLayer | Updating Geometry BVH Cube.084 84/239 | Building BVH
Fra:1 Mem:19.86M (Peak 27.32M) | Time:00:00.14 | Mem:0.42M, Peak:0.42M | Scene, ViewLayer | Updating Geometry BVH Cube.085 85/239 | Building BVH
Fra:1 Mem:19.86M (Peak 27.32M) | Time:00:00.14 | Mem:0.42M, Peak:0.42M | Scene, ViewLayer | Updating Geometry BVH Cube.086 86/239 | Building BVH
Fra:1 Mem:19.86M (Peak 27.32M) | Time:00:00.14 | Mem:0.42M, Peak:0.42M | Scene, ViewLayer | Updating Geometry BVH Cube.087 87/239 | Building BVH
Fra:1 Mem:19.86M (Peak 27.32M) | Time:00:00.14 | Mem:0.42M, Peak:0.42M | Scene, ViewLayer | Updating Geometry BVH Cube.088 88/239 | Building BVH
Fra:1 Mem:19.86M (Peak 27.32M) | Time:00:00.14 | Mem:0.43M, Peak:0.43M | Scene, ViewLayer | Updating Geometry BVH Cube.089 89/239 | Building BVH
Fra:1 Mem:19.86M (Peak 27.32M) | Time:00:00.14 | Mem:0.43M, Peak:0.43M | Scene, ViewLayer | Updating Geometry BVH Cube.090 90/239 | Building BVH
Fra:1 Mem:19.86M (Peak 27.32M) | Time:00:00.14 | Mem:0.43M, Peak:0.43M | Scene, ViewLayer | Updating Geometry BVH Cube.091 91/239 | Building BVH
Fra:1 Mem:19.86M (Peak 27.32M) | Time:00:00.14 | Mem:0.43M, Peak:0.43M | Scene, ViewLayer | Updating Geometry BVH Cube.093 93/239 | Building BVH
Fra:1 Mem:19.86M (Peak 27.32M) | Time:00:00.14 | Mem:0.43M, Peak:0.43M | Scene, ViewLayer | Updating Geometry BVH Cube.094 94/239 | Building BVH
Fra:1 Mem:19.86M (Peak 27.32M) | Time:00:00.14 | Mem:0.43M, Peak:0.43M | Scene, ViewLayer | Updating Geometry BVH Cube.095 95/239 | Building BVH
Fra:1 Mem:19.86M (Peak 27.32M) | Time:00:00.14 | Mem:0.43M, Peak:0.44M | Scene, ViewLayer | Updating Geometry BVH Cube.096 96/239 | Building BVH
Fra:1 Mem:19.86M (Peak 27.32M) | Time:00:00.14 | Mem:0.43M, Peak:0.44M | Scene, ViewLayer | Updating Geometry BVH Cube.097 97/239 | Building BVH
Fra:1 Mem:19.86M (Peak 27.32M) | Time:00:00.15 | Mem:0.44M, Peak:0.44M | Scene, ViewLayer | Updating Geometry BVH Cube.098 98/239 | Building BVH
Fra:1 Mem:19.86M (Peak 27.32M) | Time:00:00.15 | Mem:0.44M, Peak:0.44M | Scene, ViewLayer | Updating Geometry BVH Cube.099 99/239 | Building BVH
Fra:1 Mem:19.86M (Peak 27.32M) | Time:00:00.15 | Mem:0.44M, Peak:0.44M | Scene, ViewLayer | Updating Geometry BVH Cube.100 100/239 | Building BVH
Fra:1 Mem:19.86M (Peak 27.32M) | Time:00:00.15 | Mem:0.44M, Peak:0.44M | Scene, ViewLayer | Updating Geometry BVH Cube.101 101/239 | Building BVH
Fra:1 Mem:19.86M (Peak 27.32M) | Time:00:00.15 | Mem:0.44M, Peak:0.44M | Scene, ViewLayer | Updating Geometry BVH Cube.102 102/239 | Building BVH
Fra:1 Mem:19.86M (Peak 27.32M) | Time:00:00.15 | Mem:0.44M, Peak:0.44M | Scene, ViewLayer | Updating Geometry BVH Cube.103 103/239 | Building BVH
Fra:1 Mem:19.86M (Peak 27.32M) | Time:00:00.15 | Mem:0.45M, Peak:0.45M | Scene, ViewLayer | Updating Geometry BVH Cube.104 104/239 | Building BVH
Fra:1 Mem:19.86M (Peak 27.32M) | Time:00:00.15 | Mem:0.45M, Peak:0.45M | Scene, ViewLayer | Updating Geometry BVH Cube.105 105/239 | Building BVH
Fra:1 Mem:19.86M (Peak 27.32M) | Time:00:00.15 | Mem:0.45M, Peak:0.45M | Scene, ViewLayer | Updating Geometry BVH Cube.106 106/239 | Building BVH
Fra:1 Mem:19.86M (Peak 27.32M) | Time:00:00.15 | Mem:0.45M, Peak:0.45M | Scene, ViewLayer | Updating Geometry BVH Cube.232 232/239 | Building BVH
Fra:1 Mem:19.86M (Peak 27.32M) | Time:00:00.15 | Mem:0.45M, Peak:0.45M | Scene, ViewLayer | Updating Geometry BVH Cube.107 107/239 | Building BVH
Fra:1 Mem:19.86M (Peak 27.32M) | Time:00:00.15 | Mem:0.45M, Peak:0.45M | Scene, ViewLayer | Updating Geometry BVH Cube.108 108/239 | Building BVH
Fra:1 Mem:19.86M (Peak 27.32M) | Time:00:00.15 | Mem:0.45M, Peak:0.45M | Scene, ViewLayer | Updating Geometry BVH Cube.109 109/239 | Building BVH
Fra:1 Mem:19.86M (Peak 27.32M) | Time:00:00.15 | Mem:0.45M, Peak:0.45M | Scene, ViewLayer | Updating Geometry BVH Cube.110 110/239 | Building BVH
Fra:1 Mem:19.86M (Peak 27.32M) | Time:00:00.15 | Mem:0.45M, Peak:0.46M | Scene, ViewLayer | Updating Geometry BVH Cube.111 111/239 | Building BVH
Fra:1 Mem:19.86M (Peak 27.32M) | Time:00:00.15 | Mem:0.46M, Peak:0.46M | Scene, ViewLayer | Updating Geometry BVH Cube.112 112/239 | Building BVH
Fra:1 Mem:19.86M (Peak 27.32M) | Time:00:00.15 | Mem:0.46M, Peak:0.46M | Scene, ViewLayer | Updating Geometry BVH Cube.113 113/239 | Building BVH
Fra:1 Mem:19.86M (Peak 27.32M) | Time:00:00.15 | Mem:0.46M, Peak:0.46M | Scene, ViewLayer | Updating Geometry BVH Cube.114 114/239 | Building BVH
Fra:1 Mem:19.86M (Peak 27.32M) | Time:00:00.15 | Mem:0.46M, Peak:0.46M | Scene, ViewLayer | Updating Geometry BVH Cube.115 115/239 | Building BVH
Fra:1 Mem:19.86M (Peak 27.32M) | Time:00:00.15 | Mem:0.46M, Peak:0.46M | Scene, ViewLayer | Updating Geometry BVH Cube.116 116/239 | Building BVH
Fra:1 Mem:19.86M (Peak 27.32M) | Time:00:00.15 | Mem:0.46M, Peak:0.46M | Scene, ViewLayer | Updating Geometry BVH Cube.117 117/239 | Building BVH
Fra:1 Mem:19.86M (Peak 27.32M) | Time:00:00.15 | Mem:0.47M, Peak:0.47M | Scene, ViewLayer | Updating Geometry BVH Cube.118 118/239 | Building BVH
Fra:1 Mem:19.86M (Peak 27.32M) | Time:00:00.15 | Mem:0.47M, Peak:0.47M | Scene, ViewLayer | Updating Geometry BVH Cube.119 119/239 | Building BVH
Fra:1 Mem:19.86M (Peak 27.32M) | Time:00:00.15 | Mem:0.47M, Peak:0.47M | Scene, ViewLayer | Updating Geometry BVH Cube.120 120/239 | Building BVH
Fra:1 Mem:19.86M (Peak 27.32M) | Time:00:00.15 | Mem:0.47M, Peak:0.47M | Scene, ViewLayer | Updating Geometry BVH Cube.121 121/239 | Building BVH
Fra:1 Mem:19.86M (Peak 27.32M) | Time:00:00.15 | Mem:0.47M, Peak:0.47M | Scene, ViewLayer | Updating Geometry BVH Cube.122 122/239 | Building BVH
Fra:1 Mem:19.86M (Peak 27.32M) | Time:00:00.15 | Mem:0.47M, Peak:0.47M | Scene, ViewLayer | Updating Geometry BVH Cube.123 123/239 | Building BVH
Fra:1 Mem:19.86M (Peak 27.32M) | Time:00:00.15 | Mem:0.47M, Peak:0.47M | Scene, ViewLayer | Updating Geometry BVH Cube.124 124/239 | Building BVH
Fra:1 Mem:19.86M (Peak 27.32M) | Time:00:00.15 | Mem:0.47M, Peak:0.48M | Scene, ViewLayer | Updating Geometry BVH Cube.125 125/239 | Building BVH
Fra:1 Mem:19.86M (Peak 27.32M) | Time:00:00.15 | Mem:0.48M, Peak:0.48M | Scene, ViewLayer | Updating Geometry BVH Cube.126 126/239 | Building BVH
Fra:1 Mem:19.86M (Peak 27.32M) | Time:00:00.15 | Mem:0.48M, Peak:0.48M | Scene, ViewLayer | Updating Geometry BVH Cube.127 127/239 | Building BVH
Fra:1 Mem:19.86M (Peak 27.32M) | Time:00:00.15 | Mem:0.48M, Peak:0.48M | Scene, ViewLayer | Updating Geometry BVH Cube.128 128/239 | Building BVH
Fra:1 Mem:19.86M (Peak 27.32M) | Time:00:00.15 | Mem:0.48M, Peak:0.48M | Scene, ViewLayer | Updating Geometry BVH Cube.129 129/239 | Building BVH
Fra:1 Mem:19.86M (Peak 27.32M) | Time:00:00.15 | Mem:0.48M, Peak:0.48M | Scene, ViewLayer | Updating Geometry BVH Cube.130 130/239 | Building BVH
Fra:1 Mem:19.86M (Peak 27.32M) | Time:00:00.15 | Mem:0.48M, Peak:0.48M | Scene, ViewLayer | Updating Geometry BVH Cube.132 132/239 | Building BVH
Fra:1 Mem:19.86M (Peak 27.32M) | Time:00:00.15 | Mem:0.49M, Peak:0.49M | Scene, ViewLayer | Updating Geometry BVH Cube.133 133/239 | Building BVH
Fra:1 Mem:19.86M (Peak 27.32M) | Time:00:00.15 | Mem:0.49M, Peak:0.49M | Scene, ViewLayer | Updating Geometry BVH Cube.134 134/239 | Building BVH
Fra:1 Mem:19.86M (Peak 27.32M) | Time:00:00.15 | Mem:0.49M, Peak:0.49M | Scene, ViewLayer | Updating Geometry BVH Cube.231 231/239 | Building BVH
Fra:1 Mem:19.86M (Peak 27.32M) | Time:00:00.15 | Mem:0.49M, Peak:0.49M | Scene, ViewLayer | Updating Geometry BVH Cube.230 230/239 | Building BVH
Fra:1 Mem:19.86M (Peak 27.32M) | Time:00:00.15 | Mem:0.49M, Peak:0.49M | Scene, ViewLayer | Updating Geometry BVH Cube.135 135/239 | Building BVH
Fra:1 Mem:19.86M (Peak 27.32M) | Time:00:00.15 | Mem:0.49M, Peak:0.49M | Scene, ViewLayer | Updating Geometry BVH Cube.229 229/239 | Building BVH
Fra:1 Mem:19.86M (Peak 27.32M) | Time:00:00.15 | Mem:0.49M, Peak:0.49M | Scene, ViewLayer | Updating Geometry BVH Cube.228 228/239 | Building BVH
Fra:1 Mem:19.86M (Peak 27.32M) | Time:00:00.15 | Mem:0.50M, Peak:0.50M | Scene, ViewLayer | Updating Geometry BVH Cube.136 136/239 | Building BVH
Fra:1 Mem:19.86M (Peak 27.32M) | Time:00:00.15 | Mem:0.50M, Peak:0.50M | Scene, ViewLayer | Updating Geometry BVH Cube.138 138/239 | Building BVH
Fra:1 Mem:19.86M (Peak 27.32M) | Time:00:00.15 | Mem:0.50M, Peak:0.50M | Scene, ViewLayer | Updating Geometry BVH Cube.139 139/239 | Building BVH
Fra:1 Mem:19.86M (Peak 27.32M) | Time:00:00.15 | Mem:0.50M, Peak:0.50M | Scene, ViewLayer | Updating Geometry BVH Cube.140 140/239 | Building BVH
Fra:1 Mem:19.86M (Peak 27.32M) | Time:00:00.15 | Mem:0.50M, Peak:0.50M | Scene, ViewLayer | Updating Geometry BVH Cube.141 141/239 | Building BVH
Fra:1 Mem:19.86M (Peak 27.32M) | Time:00:00.15 | Mem:0.50M, Peak:0.50M | Scene, ViewLayer | Updating Geometry BVH Cube.142 142/239 | Building BVH
Fra:1 Mem:19.86M (Peak 27.32M) | Time:00:00.15 | Mem:0.50M, Peak:0.50M | Scene, ViewLayer | Updating Geometry BVH Cube.143 143/239 | Building BVH
Fra:1 Mem:19.86M (Peak 27.32M) | Time:00:00.15 | Mem:0.50M, Peak:0.50M | Scene, ViewLayer | Updating Geometry BVH Cube.144 144/239 | Building BVH
Fra:1 Mem:19.86M (Peak 27.32M) | Time:00:00.15 | Mem:0.51M, Peak:0.51M | Scene, ViewLayer | Updating Geometry BVH Cube.145 145/239 | Building BVH
Fra:1 Mem:19.86M (Peak 27.32M) | Time:00:00.15 | Mem:0.51M, Peak:0.51M | Scene, ViewLayer | Updating Geometry BVH Cube.146 146/239 | Building BVH
Fra:1 Mem:19.86M (Peak 27.32M) | Time:00:00.15 | Mem:0.51M, Peak:0.51M | Scene, ViewLayer | Updating Geometry BVH Cube.148 148/239 | Building BVH
Fra:1 Mem:19.86M (Peak 27.32M) | Time:00:00.15 | Mem:0.51M, Peak:0.51M | Scene, ViewLayer | Updating Geometry BVH Cube.149 149/239 | Building BVH
Fra:1 Mem:19.86M (Peak 27.32M) | Time:00:00.15 | Mem:0.51M, Peak:0.51M | Scene, ViewLayer | Updating Geometry BVH Cube.150 150/239 | Building BVH
Fra:1 Mem:19.86M (Peak 27.32M) | Time:00:00.15 | Mem:0.52M, Peak:0.52M | Scene, ViewLayer | Updating Geometry BVH Cube.151 151/239 | Building BVH
Fra:1 Mem:19.86M (Peak 27.32M) | Time:00:00.15 | Mem:0.52M, Peak:0.52M | Scene, ViewLayer | Updating Geometry BVH Cube.152 152/239 | Building BVH
Fra:1 Mem:19.86M (Peak 27.32M) | Time:00:00.15 | Mem:0.52M, Peak:0.52M | Scene, ViewLayer | Updating Geometry BVH Cube.154 154/239 | Building BVH
Fra:1 Mem:19.86M (Peak 27.32M) | Time:00:00.15 | Mem:0.52M, Peak:0.52M | Scene, ViewLayer | Updating Geometry BVH Cube.155 155/239 | Building BVH
Fra:1 Mem:19.86M (Peak 27.32M) | Time:00:00.15 | Mem:0.52M, Peak:0.52M | Scene, ViewLayer | Updating Geometry BVH Cube.156 156/239 | Building BVH
Fra:1 Mem:19.86M (Peak 27.32M) | Time:00:00.15 | Mem:0.52M, Peak:0.52M | Scene, ViewLayer | Updating Geometry BVH Cube.157 157/239 | Building BVH
Fra:1 Mem:19.86M (Peak 27.32M) | Time:00:00.15 | Mem:0.52M, Peak:0.52M | Scene, ViewLayer | Updating Geometry BVH Cube.227 227/239 | Building BVH
Fra:1 Mem:19.86M (Peak 27.32M) | Time:00:00.15 | Mem:0.53M, Peak:0.53M | Scene, ViewLayer | Updating Geometry BVH Cube.158 158/239 | Building BVH
Fra:1 Mem:19.86M (Peak 27.32M) | Time:00:00.15 | Mem:0.53M, Peak:0.53M | Scene, ViewLayer | Updating Geometry BVH Cube.159 159/239 | Building BVH
Fra:1 Mem:19.86M (Peak 27.32M) | Time:00:00.15 | Mem:0.53M, Peak:0.53M | Scene, ViewLayer | Updating Geometry BVH Cube.160 160/239 | Building BVH
Fra:1 Mem:19.86M (Peak 27.32M) | Time:00:00.15 | Mem:0.53M, Peak:0.53M | Scene, ViewLayer | Updating Geometry BVH Cube.161 161/239 | Building BVH
Fra:1 Mem:19.86M (Peak 27.32M) | Time:00:00.15 | Mem:0.53M, Peak:0.53M | Scene, ViewLayer | Updating Geometry BVH Cube.162 162/239 | Building BVH
Fra:1 Mem:19.86M (Peak 27.32M) | Time:00:00.15 | Mem:0.53M, Peak:0.53M | Scene, ViewLayer | Updating Geometry BVH Cube.163 163/239 | Building BVH
Fra:1 Mem:19.86M (Peak 27.32M) | Time:00:00.15 | Mem:0.53M, Peak:0.53M | Scene, ViewLayer | Updating Geometry BVH Cube.164 164/239 | Building BVH
Fra:1 Mem:19.86M (Peak 27.32M) | Time:00:00.15 | Mem:0.54M, Peak:0.54M | Scene, ViewLayer | Updating Geometry BVH Cube.165 165/239 | Building BVH
Fra:1 Mem:19.86M (Peak 27.32M) | Time:00:00.15 | Mem:0.54M, Peak:0.54M | Scene, ViewLayer | Updating Geometry BVH Cube.166 166/239 | Building BVH
Fra:1 Mem:19.86M (Peak 27.32M) | Time:00:00.15 | Mem:0.54M, Peak:0.54M | Scene, ViewLayer | Updating Geometry BVH Cube.167 167/239 | Building BVH
Fra:1 Mem:19.86M (Peak 27.32M) | Time:00:00.15 | Mem:0.54M, Peak:0.54M | Scene, ViewLayer | Updating Geometry BVH Cube.168 168/239 | Building BVH
Fra:1 Mem:19.86M (Peak 27.32M) | Time:00:00.15 | Mem:0.54M, Peak:0.54M | Scene, ViewLayer | Updating Geometry BVH Cube.169 169/239 | Building BVH
Fra:1 Mem:19.86M (Peak 27.32M) | Time:00:00.15 | Mem:0.54M, Peak:0.54M | Scene, ViewLayer | Updating Geometry BVH Cube.170 170/239 | Building BVH
Fra:1 Mem:19.86M (Peak 27.32M) | Time:00:00.15 | Mem:0.54M, Peak:0.54M | Scene, ViewLayer | Updating Geometry BVH Cube.172 172/239 | Building BVH
Fra:1 Mem:19.86M (Peak 27.32M) | Time:00:00.15 | Mem:0.55M, Peak:0.55M | Scene, ViewLayer | Updating Geometry BVH Cube.173 173/239 | Building BVH
Fra:1 Mem:19.86M (Peak 27.32M) | Time:00:00.15 | Mem:0.55M, Peak:0.55M | Scene, ViewLayer | Updating Geometry BVH Cube.176 176/239 | Building BVH
Fra:1 Mem:19.86M (Peak 27.32M) | Time:00:00.15 | Mem:0.55M, Peak:0.55M | Scene, ViewLayer | Updating Geometry BVH Cube.177 177/239 | Building BVH
Fra:1 Mem:19.86M (Peak 27.32M) | Time:00:00.15 | Mem:0.55M, Peak:0.55M | Scene, ViewLayer | Updating Geometry BVH Cube.178 178/239 | Building BVH
Fra:1 Mem:19.86M (Peak 27.32M) | Time:00:00.15 | Mem:0.55M, Peak:0.55M | Scene, ViewLayer | Updating Geometry BVH Cube.179 179/239 | Building BVH
Fra:1 Mem:19.86M (Peak 27.32M) | Time:00:00.15 | Mem:0.56M, Peak:0.56M | Scene, ViewLayer | Updating Geometry BVH Cube.180 180/239 | Building BVH
Fra:1 Mem:19.86M (Peak 27.32M) | Time:00:00.15 | Mem:0.56M, Peak:0.56M | Scene, ViewLayer | Updating Geometry BVH Cube.181 181/239 | Building BVH
Fra:1 Mem:19.86M (Peak 27.32M) | Time:00:00.15 | Mem:0.56M, Peak:0.56M | Scene, ViewLayer | Updating Geometry BVH Cube.182 182/239 | Building BVH
Fra:1 Mem:19.86M (Peak 27.32M) | Time:00:00.15 | Mem:0.56M, Peak:0.56M | Scene, ViewLayer | Updating Geometry BVH Cube.183 183/239 | Building BVH
Fra:1 Mem:19.86M (Peak 27.32M) | Time:00:00.15 | Mem:0.56M, Peak:0.56M | Scene, ViewLayer | Updating Geometry BVH Cube.184 184/239 | Building BVH
Fra:1 Mem:19.86M (Peak 27.32M) | Time:00:00.15 | Mem:0.56M, Peak:0.56M | Scene, ViewLayer | Updating Geometry BVH Cube.185 185/239 | Building BVH
Fra:1 Mem:19.86M (Peak 27.32M) | Time:00:00.15 | Mem:0.56M, Peak:0.56M | Scene, ViewLayer | Updating Geometry BVH Cube.186 186/239 | Building BVH
Fra:1 Mem:19.86M (Peak 27.32M) | Time:00:00.15 | Mem:0.57M, Peak:0.57M | Scene, ViewLayer | Updating Geometry BVH Cube.187 187/239 | Building BVH
Fra:1 Mem:19.86M (Peak 27.32M) | Time:00:00.15 | Mem:0.57M, Peak:0.57M | Scene, ViewLayer | Updating Geometry BVH Cube.188 188/239 | Building BVH
Fra:1 Mem:19.86M (Peak 27.32M) | Time:00:00.15 | Mem:0.57M, Peak:0.57M | Scene, ViewLayer | Updating Geometry BVH Cube.189 189/239 | Building BVH
Fra:1 Mem:19.86M (Peak 27.32M) | Time:00:00.15 | Mem:0.57M, Peak:0.57M | Scene, ViewLayer | Updating Geometry BVH Cube.190 190/239 | Building BVH
Fra:1 Mem:19.86M (Peak 27.32M) | Time:00:00.15 | Mem:0.57M, Peak:0.57M | Scene, ViewLayer | Updating Geometry BVH Cube.191 191/239 | Building BVH
Fra:1 Mem:19.86M (Peak 27.32M) | Time:00:00.15 | Mem:0.57M, Peak:0.57M | Scene, ViewLayer | Updating Geometry BVH Cube.192 192/239 | Building BVH
Fra:1 Mem:19.86M (Peak 27.32M) | Time:00:00.15 | Mem:0.57M, Peak:0.57M | Scene, ViewLayer | Updating Geometry BVH Cube.193 193/239 | Building BVH
Fra:1 Mem:19.86M (Peak 27.32M) | Time:00:00.15 | Mem:0.58M, Peak:0.58M | Scene, ViewLayer | Updating Geometry BVH Cube.194 194/239 | Building BVH
Fra:1 Mem:19.86M (Peak 27.32M) | Time:00:00.15 | Mem:0.58M, Peak:0.58M | Scene, ViewLayer | Updating Geometry BVH Cube.195 195/239 | Building BVH
Fra:1 Mem:19.86M (Peak 27.32M) | Time:00:00.15 | Mem:0.58M, Peak:0.58M | Scene, ViewLayer | Updating Geometry BVH Cube.196 196/239 | Building BVH
Fra:1 Mem:19.86M (Peak 27.32M) | Time:00:00.15 | Mem:0.58M, Peak:0.58M | Scene, ViewLayer | Updating Geometry BVH Cube.197 197/239 | Building BVH
Fra:1 Mem:19.86M (Peak 27.32M) | Time:00:00.15 | Mem:0.58M, Peak:0.58M | Scene, ViewLayer | Updating Geometry BVH Cube.198 198/239 | Building BVH
Fra:1 Mem:19.86M (Peak 27.32M) | Time:00:00.15 | Mem:0.58M, Peak:0.58M | Scene, ViewLayer | Updating Geometry BVH Cube.199 199/239 | Building BVH
Fra:1 Mem:19.86M (Peak 27.32M) | Time:00:00.15 | Mem:0.58M, Peak:0.58M | Scene, ViewLayer | Updating Geometry BVH Cube.200 200/239 | Building BVH
Fra:1 Mem:19.86M (Peak 27.32M) | Time:00:00.15 | Mem:0.59M, Peak:0.59M | Scene, ViewLayer | Updating Geometry BVH Cube.201 201/239 | Building BVH
Fra:1 Mem:19.86M (Peak 27.32M) | Time:00:00.15 | Mem:0.59M, Peak:0.59M | Scene, ViewLayer | Updating Geometry BVH Cube.203 203/239 | Building BVH
Fra:1 Mem:19.86M (Peak 27.32M) | Time:00:00.15 | Mem:0.59M, Peak:0.59M | Scene, ViewLayer | Updating Geometry BVH Cube.204 204/239 | Building BVH
Fra:1 Mem:19.86M (Peak 27.32M) | Time:00:00.15 | Mem:0.59M, Peak:0.59M | Scene, ViewLayer | Updating Geometry BVH Cube.205 205/239 | Building BVH
Fra:1 Mem:19.86M (Peak 27.32M) | Time:00:00.15 | Mem:0.59M, Peak:0.59M | Scene, ViewLayer | Updating Geometry BVH Cube.206 206/239 | Building BVH
Fra:1 Mem:19.86M (Peak 27.32M) | Time:00:00.15 | Mem:0.59M, Peak:0.59M | Scene, ViewLayer | Updating Geometry BVH Cube.207 207/239 | Building BVH
Fra:1 Mem:19.86M (Peak 27.32M) | Time:00:00.15 | Mem:0.59M, Peak:0.59M | Scene, ViewLayer | Updating Geometry BVH Cube.208 208/239 | Building BVH
Fra:1 Mem:19.86M (Peak 27.32M) | Time:00:00.15 | Mem:0.60M, Peak:0.60M | Scene, ViewLayer | Updating Geometry BVH Cube.209 209/239 | Building BVH
Fra:1 Mem:19.86M (Peak 27.32M) | Time:00:00.15 | Mem:0.60M, Peak:0.60M | Scene, ViewLayer | Updating Geometry BVH Cube.211 211/239 | Building BVH
Fra:1 Mem:19.86M (Peak 27.32M) | Time:00:00.15 | Mem:0.60M, Peak:0.60M | Scene, ViewLayer | Updating Geometry BVH Cube.212 212/239 | Building BVH
Fra:1 Mem:19.86M (Peak 27.32M) | Time:00:00.15 | Mem:0.60M, Peak:0.60M | Scene, ViewLayer | Updating Geometry BVH Cube.214 214/239 | Building BVH
Fra:1 Mem:19.86M (Peak 27.32M) | Time:00:00.15 | Mem:0.61M, Peak:0.61M | Scene, ViewLayer | Updating Geometry BVH Cube.215 215/239 | Building BVH
Fra:1 Mem:19.86M (Peak 27.32M) | Time:00:00.15 | Mem:0.61M, Peak:0.61M | Scene, ViewLayer | Updating Geometry BVH Cube.217 217/239 | Building BVH
Fra:1 Mem:19.86M (Peak 27.32M) | Time:00:00.15 | Mem:0.61M, Peak:0.61M | Scene, ViewLayer | Updating Geometry BVH Cube.219 219/239 | Building BVH
Fra:1 Mem:19.86M (Peak 27.32M) | Time:00:00.15 | Mem:0.61M, Peak:0.61M | Scene, ViewLayer | Updating Geometry BVH Cube.220 220/239 | Building BVH
Fra:1 Mem:19.86M (Peak 27.32M) | Time:00:00.15 | Mem:0.61M, Peak:0.61M | Scene, ViewLayer | Updating Geometry BVH Cube.221 221/239 | Building BVH
Fra:1 Mem:19.86M (Peak 27.32M) | Time:00:00.15 | Mem:0.61M, Peak:0.61M | Scene, ViewLayer | Updating Geometry BVH Cube.222 222/239 | Building BVH
Fra:1 Mem:19.86M (Peak 27.32M) | Time:00:00.15 | Mem:0.61M, Peak:0.61M | Scene, ViewLayer | Updating Geometry BVH Cube.223 223/239 | Building BVH
Fra:1 Mem:19.86M (Peak 27.32M) | Time:00:00.15 | Mem:0.62M, Peak:0.62M | Scene, ViewLayer | Updating Geometry BVH Cube.224 224/239 | Building BVH
Fra:1 Mem:19.86M (Peak 27.32M) | Time:00:00.15 | Mem:0.62M, Peak:0.62M | Scene, ViewLayer | Updating Geometry BVH Cube.225 225/239 | Building BVH
Fra:1 Mem:19.86M (Peak 27.32M) | Time:00:00.15 | Mem:0.64M, Peak:0.64M | Scene, ViewLayer | Updating Scene BVH | Building
Fra:1 Mem:19.86M (Peak 27.32M) | Time:00:00.15 | Mem:0.64M, Peak:0.64M | Scene, ViewLayer | Updating Scene BVH | Building BVH
Fra:1 Mem:19.86M (Peak 27.32M) | Time:00:00.15 | Mem:0.66M, Peak:0.67M | Scene, ViewLayer | Updating Scene BVH | Copying BVH to device
Fra:1 Mem:19.86M (Peak 27.32M) | Time:00:00.15 | Mem:0.66M, Peak:0.67M | Scene, ViewLayer | Updating Mesh | Computing normals
Fra:1 Mem:20.06M (Peak 27.32M) | Time:00:00.15 | Mem:0.66M, Peak:0.67M | Scene, ViewLayer | Updating Mesh | Copying Mesh to device
Fra:1 Mem:20.06M (Peak 27.32M) | Time:00:00.15 | Mem:0.86M, Peak:0.86M | Scene, ViewLayer | Updating Objects Flags
Fra:1 Mem:20.06M (Peak 27.32M) | Time:00:00.15 | Mem:0.86M, Peak:0.86M | Scene, ViewLayer | Updating Primitive Offsets
Fra:1 Mem:20.06M (Peak 27.32M) | Time:00:00.15 | Mem:0.86M, Peak:0.86M | Scene, ViewLayer | Updating Images
Fra:1 Mem:20.06M (Peak 27.32M) | Time:00:00.15 | Mem:0.86M, Peak:0.86M | Scene, ViewLayer | Updating Images | Loading calcite.png
Fra:1 Mem:20.06M (Peak 27.32M) | Time:00:00.15 | Mem:0.86M, Peak:0.86M | Scene, ViewLayer | Updating Images | Loading side_backing.png
Fra:1 Mem:20.06M (Peak 27.32M) | Time:00:00.15 | Mem:0.86M, Peak:0.86M | Scene, ViewLayer | Updating Images | Loading engraved_glint.png
Fra:1 Mem:20.06M (Peak 27.32M) | Time:00:00.15 | Mem:0.86M, Peak:0.86M | Scene, ViewLayer | Updating Images | Loading calcite_light_emission.png
Fra:1 Mem:20.09M (Peak 27.32M) | Time:00:00.16 | Mem:0.86M, Peak:0.86M | Scene, ViewLayer | Updating Images | Loading basalt_dark_emission.png
Fra:1 Mem:20.09M (Peak 27.32M) | Time:00:00.16 | Mem:0.86M, Peak:0.86M | Scene, ViewLayer | Updating Images | Loading side_relief_emission.png
Fra:1 Mem:20.09M (Peak 27.32M) | Time:00:00.16 | Mem:0.86M, Peak:0.86M | Scene, ViewLayer | Updating Images | Loading bud_silver_emission.png
Fra:1 Mem:20.09M (Peak 27.32M) | Time:00:00.16 | Mem:0.86M, Peak:0.86M | Scene, ViewLayer | Updating Images | Loading bud_pink_emission.png
Fra:1 Mem:20.09M (Peak 27.32M) | Time:00:00.16 | Mem:0.87M, Peak:0.87M | Scene, ViewLayer | Updating Images | Loading calcite_emission.png
Fra:1 Mem:20.09M (Peak 27.32M) | Time:00:00.16 | Mem:0.87M, Peak:0.87M | Scene, ViewLayer | Updating Images | Loading bud_lilac_emission.png
Fra:1 Mem:20.09M (Peak 27.32M) | Time:00:00.16 | Mem:0.87M, Peak:0.87M | Scene, ViewLayer | Updating Images | Loading basalt_emission.png
Fra:1 Mem:20.09M (Peak 27.32M) | Time:00:00.16 | Mem:0.87M, Peak:0.87M | Scene, ViewLayer | Updating Images | Loading lining_emission.png
Fra:1 Mem:20.09M (Peak 27.32M) | Time:00:00.16 | Mem:0.87M, Peak:0.87M | Scene, ViewLayer | Updating Images | Loading engraved_amethyst_emission.png
Fra:1 Mem:20.09M (Peak 27.32M) | Time:00:00.16 | Mem:0.87M, Peak:0.87M | Scene, ViewLayer | Updating Images | Loading calcite_normal_preview.png
Fra:1 Mem:20.09M (Peak 27.32M) | Time:00:00.16 | Mem:0.87M, Peak:0.87M | Scene, ViewLayer | Updating Images | Loading lining_light_emission.png
Fra:1 Mem:20.09M (Peak 27.32M) | Time:00:00.16 | Mem:0.87M, Peak:0.87M | Scene, ViewLayer | Updating Images | Loading side_relief_metal.png
Fra:1 Mem:20.09M (Peak 27.32M) | Time:00:00.16 | Mem:0.87M, Peak:0.87M | Scene, ViewLayer | Updating Images | Loading bud_pink_metal.png
Fra:1 Mem:20.09M (Peak 27.32M) | Time:00:00.17 | Mem:0.88M, Peak:0.88M | Scene, ViewLayer | Updating Images | Loading basalt_dark_metal.png
Fra:1 Mem:20.09M (Peak 27.32M) | Time:00:00.17 | Mem:0.88M, Peak:0.88M | Scene, ViewLayer | Updating Images | Loading bud_silver_metal.png
Fra:1 Mem:20.09M (Peak 27.32M) | Time:00:00.17 | Mem:0.88M, Peak:0.88M | Scene, ViewLayer | Updating Images | Loading calcite_shadow_metal.png
Fra:1 Mem:20.09M (Peak 27.32M) | Time:00:00.17 | Mem:0.88M, Peak:0.88M | Scene, ViewLayer | Updating Images | Loading bud_lilac_metal.png
Fra:1 Mem:20.09M (Peak 27.32M) | Time:00:00.17 | Mem:0.88M, Peak:0.88M | Scene, ViewLayer | Updating Images | Loading engraved_glint_metal.png
Fra:1 Mem:20.09M (Peak 27.32M) | Time:00:00.17 | Mem:0.88M, Peak:0.88M | Scene, ViewLayer | Updating Images | Loading engraved_amethyst_metal.png
Fra:1 Mem:20.10M (Peak 27.32M) | Time:00:00.17 | Mem:0.88M, Peak:0.88M | Scene, ViewLayer | Updating Images | Loading lining_metal.png
Fra:1 Mem:20.10M (Peak 27.32M) | Time:00:00.17 | Mem:0.88M, Peak:0.88M | Scene, ViewLayer | Updating Images | Loading basalt_metal.png
Fra:1 Mem:20.10M (Peak 27.32M) | Time:00:00.17 | Mem:0.88M, Peak:0.88M | Scene, ViewLayer | Updating Images | Loading lining_light_metal.png
Fra:1 Mem:20.10M (Peak 27.32M) | Time:00:00.17 | Mem:0.88M, Peak:0.88M | Scene, ViewLayer | Updating Images | Loading lining_light_normal_preview.png
Fra:1 Mem:20.10M (Peak 27.32M) | Time:00:00.17 | Mem:0.88M, Peak:0.88M | Scene, ViewLayer | Updating Images | Loading calcite_light_metal.png
Fra:1 Mem:20.10M (Peak 27.32M) | Time:00:00.17 | Mem:0.88M, Peak:0.88M | Scene, ViewLayer | Updating Images | Loading calcite_metal.png
Fra:1 Mem:20.10M (Peak 27.32M) | Time:00:00.17 | Mem:0.88M, Peak:0.88M | Scene, ViewLayer | Updating Images | Loading bud_silver_sss.png
Fra:1 Mem:20.10M (Peak 27.32M) | Time:00:00.17 | Mem:0.88M, Peak:0.88M | Scene, ViewLayer | Updating Images | Loading bud_pink_sss.png
Fra:1 Mem:20.10M (Peak 27.32M) | Time:00:00.17 | Mem:0.88M, Peak:0.88M | Scene, ViewLayer | Updating Images | Loading side_relief_sss.png
Fra:1 Mem:20.10M (Peak 27.32M) | Time:00:00.18 | Mem:0.88M, Peak:0.88M | Scene, ViewLayer | Updating Images | Loading basalt_dark_sss.png
Fra:1 Mem:20.10M (Peak 27.32M) | Time:00:00.18 | Mem:0.88M, Peak:0.88M | Scene, ViewLayer | Updating Images | Loading calcite_shadow_sss.png
Fra:1 Mem:20.10M (Peak 27.32M) | Time:00:00.18 | Mem:0.88M, Peak:0.88M | Scene, ViewLayer | Updating Images | Loading engraved_glint_sss.png
Fra:1 Mem:20.10M (Peak 27.32M) | Time:00:00.18 | Mem:0.88M, Peak:0.88M | Scene, ViewLayer | Updating Images | Loading lining_sss.png
Fra:1 Mem:20.10M (Peak 27.32M) | Time:00:00.18 | Mem:0.88M, Peak:0.88M | Scene, ViewLayer | Updating Images | Loading bud_lilac_sss.png
Fra:1 Mem:20.10M (Peak 27.32M) | Time:00:00.18 | Mem:0.88M, Peak:0.88M | Scene, ViewLayer | Updating Images | Loading engraved_amethyst_sss.png
Fra:1 Mem:20.10M (Peak 27.32M) | Time:00:00.18 | Mem:0.88M, Peak:0.88M | Scene, ViewLayer | Updating Images | Loading basalt_sss.png
Fra:1 Mem:20.10M (Peak 27.32M) | Time:00:00.18 | Mem:0.88M, Peak:0.88M | Scene, ViewLayer | Updating Images | Loading side_backing_sss.png
Fra:1 Mem:20.10M (Peak 27.32M) | Time:00:00.18 | Mem:0.88M, Peak:0.88M | Scene, ViewLayer | Updating Images | Loading calcite_sss.png
Fra:1 Mem:20.10M (Peak 27.32M) | Time:00:00.18 | Mem:0.88M, Peak:0.88M | Scene, ViewLayer | Updating Images | Loading calcite_light_normal_preview.png
Fra:1 Mem:20.10M (Peak 27.32M) | Time:00:00.18 | Mem:0.88M, Peak:0.88M | Scene, ViewLayer | Updating Images | Loading lining_light_sss.png
Fra:1 Mem:20.10M (Peak 27.32M) | Time:00:00.18 | Mem:0.88M, Peak:0.88M | Scene, ViewLayer | Updating Images | Loading calcite_light_sss.png
Fra:1 Mem:20.10M (Peak 27.32M) | Time:00:00.18 | Mem:0.88M, Peak:0.88M | Scene, ViewLayer | Updating Images | Loading basalt_dark_roughness.png
Fra:1 Mem:20.10M (Peak 27.32M) | Time:00:00.18 | Mem:0.88M, Peak:0.88M | Scene, ViewLayer | Updating Images | Loading side_relief_roughness.png
Fra:1 Mem:20.10M (Peak 27.32M) | Time:00:00.18 | Mem:0.88M, Peak:0.88M | Scene, ViewLayer | Updating Images | Loading bud_pink_roughness.png
Fra:1 Mem:20.10M (Peak 27.32M) | Time:00:00.18 | Mem:0.88M, Peak:0.88M | Scene, ViewLayer | Updating Images | Loading calcite_shadow_roughness.png
Fra:1 Mem:20.10M (Peak 27.32M) | Time:00:00.18 | Mem:0.88M, Peak:0.88M | Scene, ViewLayer | Updating Images | Loading lining_roughness.png
Fra:1 Mem:20.10M (Peak 27.32M) | Time:00:00.19 | Mem:0.88M, Peak:0.88M | Scene, ViewLayer | Updating Images | Loading engraved_glint_roughness.png
Fra:1 Mem:20.10M (Peak 27.32M) | Time:00:00.19 | Mem:0.89M, Peak:0.89M | Scene, ViewLayer | Updating Images | Loading engraved_amethyst_roughness.png
Fra:1 Mem:20.10M (Peak 27.32M) | Time:00:00.19 | Mem:0.89M, Peak:0.89M | Scene, ViewLayer | Updating Images | Loading basalt_roughness.png
Fra:1 Mem:20.10M (Peak 27.32M) | Time:00:00.19 | Mem:0.89M, Peak:0.89M | Scene, ViewLayer | Updating Images | Loading lining_light_roughness.png
Fra:1 Mem:20.10M (Peak 27.32M) | Time:00:00.19 | Mem:0.89M, Peak:0.89M | Scene, ViewLayer | Updating Images | Loading calcite_light_roughness.png
Fra:1 Mem:20.10M (Peak 27.32M) | Time:00:00.19 | Mem:0.89M, Peak:0.89M | Scene, ViewLayer | Updating Images | Loading bud_lilac_roughness.png
Fra:1 Mem:20.10M (Peak 27.32M) | Time:00:00.19 | Mem:0.89M, Peak:0.89M | Scene, ViewLayer | Updating Images | Loading calcite_roughness.png
Fra:1 Mem:20.11M (Peak 27.32M) | Time:00:00.19 | Mem:0.89M, Peak:0.89M | Scene, ViewLayer | Updating Images | Loading bud_lilac_normal_preview.png
Fra:1 Mem:20.11M (Peak 27.32M) | Time:00:00.19 | Mem:0.89M, Peak:0.89M | Scene, ViewLayer | Updating Images | Loading side_backing_roughness.png
Fra:1 Mem:20.11M (Peak 27.32M) | Time:00:00.19 | Mem:0.89M, Peak:0.89M | Scene, ViewLayer | Updating Images | Loading bud_silver_normal_preview.png
Fra:1 Mem:20.11M (Peak 27.32M) | Time:00:00.19 | Mem:0.89M, Peak:0.89M | Scene, ViewLayer | Updating Images | Loading bud_pink_normal_preview.png
Fra:1 Mem:20.11M (Peak 27.32M) | Time:00:00.19 | Mem:0.89M, Peak:0.89M | Scene, ViewLayer | Updating Images | Loading side_relief_normal_preview.png
Fra:1 Mem:20.11M (Peak 27.32M) | Time:00:00.19 | Mem:0.89M, Peak:0.89M | Scene, ViewLayer | Updating Images | Loading basalt_dark_normal_preview.png
Fra:1 Mem:20.11M (Peak 27.32M) | Time:00:00.19 | Mem:0.89M, Peak:0.89M | Scene, ViewLayer | Updating Images | Loading calcite_shadow_normal_preview.png
Fra:1 Mem:20.11M (Peak 27.32M) | Time:00:00.19 | Mem:0.89M, Peak:0.89M | Scene, ViewLayer | Updating Images | Loading lining_normal_preview.png
Fra:1 Mem:20.11M (Peak 27.32M) | Time:00:00.19 | Mem:0.89M, Peak:0.89M | Scene, ViewLayer | Updating Images | Loading engraved_glint_normal_preview.png
Fra:1 Mem:20.11M (Peak 27.32M) | Time:00:00.19 | Mem:0.89M, Peak:0.89M | Scene, ViewLayer | Updating Images | Loading basalt_normal_preview.png
Fra:1 Mem:20.11M (Peak 27.32M) | Time:00:00.20 | Mem:0.89M, Peak:0.89M | Scene, ViewLayer | Updating Images | Loading engraved_amethyst_normal_preview.png
Fra:1 Mem:20.12M (Peak 27.32M) | Time:00:00.20 | Mem:0.90M, Peak:0.90M | Scene, ViewLayer | Updating Camera Volume
Fra:1 Mem:20.12M (Peak 27.32M) | Time:00:00.20 | Mem:0.90M, Peak:0.90M | Scene, ViewLayer | Updating Lookup Tables
Fra:1 Mem:20.12M (Peak 27.32M) | Time:00:00.20 | Mem:1.15M, Peak:1.15M | Scene, ViewLayer | Updating Lights
Fra:1 Mem:20.12M (Peak 27.32M) | Time:00:00.20 | Mem:1.15M, Peak:1.15M | Scene, ViewLayer | Updating Lights | Computing distribution
Fra:1 Mem:20.16M (Peak 27.32M) | Time:00:00.20 | Mem:1.20M, Peak:1.20M | Scene, ViewLayer | Updating Integrator
Fra:1 Mem:20.17M (Peak 27.32M) | Time:00:00.20 | Mem:1.20M, Peak:1.20M | Scene, ViewLayer | Updating Film
Fra:1 Mem:20.17M (Peak 27.32M) | Time:00:00.20 | Mem:0.95M, Peak:1.20M | Scene, ViewLayer | Updating Lookup Tables
Fra:1 Mem:20.17M (Peak 27.32M) | Time:00:00.20 | Mem:1.21M, Peak:1.21M | Scene, ViewLayer | Updating Baking
Fra:1 Mem:20.17M (Peak 27.32M) | Time:00:00.20 | Mem:1.21M, Peak:1.21M | Scene, ViewLayer | Updating Device | Writing constant memory
Fra:1 Mem:20.18M (Peak 27.32M) | Time:00:00.20 | Mem:1.21M, Peak:1.21M | Scene, ViewLayer | Sample 0/48
Fra:1 Mem:92.70M (Peak 92.70M) | Time:00:00.49 | Remaining:00:13.55 | Mem:73.70M, Peak:73.70M | Scene, ViewLayer | Sample 1/48
Fra:1 Mem:123.22M (Peak 169.00M) | Time:00:12.73 | Mem:73.70M, Peak:73.70M | Scene, ViewLayer | Sample 48/48
Fra:1 Mem:123.22M (Peak 169.00M) | Time:00:12.73 | Mem:73.70M, Peak:73.70M | Scene, ViewLayer | Finished
Saved: 'D:\Desktop\Document\Coding\FULL STACK\ConvertTable\assets\geode_prototype\geode_front.png'
 Time: 00:13.02 (Saving: 00:00.27)

Fra:1 Mem:27.12M (Peak 27.12M) | Time:00:00.01 | Mem:0.00M, Peak:0.00M | Scene, ViewLayer | Synchronizing object | 01_basalt_corner_guards_0000
Fra:1 Mem:27.12M (Peak 27.12M) | Time:00:00.01 | Mem:0.00M, Peak:0.00M | Scene, ViewLayer | Synchronizing object | 10_calcite_corner_shoulders_0003
Fra:1 Mem:27.12M (Peak 27.12M) | Time:00:00.01 | Mem:0.00M, Peak:0.00M | Scene, ViewLayer | Synchronizing object | 10_calcite_corner_shoulders_0004
Fra:1 Mem:27.13M (Peak 27.13M) | Time:00:00.01 | Mem:0.00M, Peak:0.00M | Scene, ViewLayer | Synchronizing object | 08_layer_2_lower_rail_0006
Fra:1 Mem:27.13M (Peak 27.13M) | Time:00:00.01 | Mem:0.00M, Peak:0.00M | Scene, ViewLayer | Synchronizing object | 07_layer_2_crystal_relief_0009
Fra:1 Mem:27.13M (Peak 27.13M) | Time:00:00.01 | Mem:0.00M, Peak:0.00M | Scene, ViewLayer | Synchronizing object | 07_layer_2_crystal_relief_0011
Fra:1 Mem:27.13M (Peak 27.13M) | Time:00:00.01 | Mem:0.00M, Peak:0.00M | Scene, ViewLayer | Synchronizing object | 07_layer_2_crystal_relief_0012
Fra:1 Mem:27.14M (Peak 27.14M) | Time:00:00.01 | Mem:0.00M, Peak:0.00M | Scene, ViewLayer | Synchronizing object | 07_layer_2_crystal_relief_0018
Fra:1 Mem:27.14M (Peak 27.14M) | Time:00:00.01 | Mem:0.00M, Peak:0.00M | Scene, ViewLayer | Synchronizing object | 09_layer_2_crown_rim_0019
Fra:1 Mem:27.14M (Peak 27.14M) | Time:00:00.01 | Mem:0.00M, Peak:0.00M | Scene, ViewLayer | Synchronizing object | 09_calcite_crown_rim_0020
Fra:1 Mem:27.14M (Peak 27.14M) | Time:00:00.01 | Mem:0.00M, Peak:0.00M | Scene, ViewLayer | Synchronizing object | 11_corner_crystal_buds_0022
Fra:1 Mem:27.14M (Peak 27.14M) | Time:00:00.01 | Mem:0.00M, Peak:0.00M | Scene, ViewLayer | Synchronizing object | 11_corner_crystal_buds_0023
Fra:1 Mem:27.15M (Peak 27.15M) | Time:00:00.01 | Mem:0.00M, Peak:0.00M | Scene, ViewLayer | Synchronizing object | 11_corner_crystal_buds_0024
Fra:1 Mem:27.15M (Peak 27.15M) | Time:00:00.01 | Mem:0.00M, Peak:0.00M | Scene, ViewLayer | Synchronizing object | 11_corner_crystal_buds_0025
Fra:1 Mem:27.15M (Peak 27.15M) | Time:00:00.01 | Mem:0.00M, Peak:0.00M | Scene, ViewLayer | Synchronizing object | 11_corner_crystal_buds_0026
Fra:1 Mem:27.15M (Peak 27.15M) | Time:00:00.01 | Mem:0.00M, Peak:0.00M | Scene, ViewLayer | Synchronizing object | 05_layer_3_mineral_backing_0027
Fra:1 Mem:27.16M (Peak 27.16M) | Time:00:00.01 | Mem:0.00M, Peak:0.00M | Scene, ViewLayer | Synchronizing object | 05_layer_3_mineral_backing_0028
Fra:1 Mem:27.16M (Peak 27.16M) | Time:00:00.01 | Mem:0.00M, Peak:0.00M | Scene, ViewLayer | Synchronizing object | 06_layer_3_stone_ground_pattern_0029
Fra:1 Mem:27.16M (Peak 27.16M) | Time:00:00.01 | Mem:0.00M, Peak:0.00M | Scene, ViewLayer | Synchronizing object | 05_layer_3_mineral_backing_0032
Fra:1 Mem:27.17M (Peak 27.17M) | Time:00:00.01 | Mem:0.00M, Peak:0.00M | Scene, ViewLayer | Synchronizing object | 06_layer_3_stone_ground_pattern_0033
Fra:1 Mem:27.17M (Peak 27.17M) | Time:00:00.01 | Mem:0.00M, Peak:0.00M | Scene, ViewLayer | Synchronizing object | 05_layer_3_mineral_backing_0035
Fra:1 Mem:27.17M (Peak 27.17M) | Time:00:00.01 | Mem:0.00M, Peak:0.00M | Scene, ViewLayer | Synchronizing object | 05_layer_3_mineral_backing_0036
Fra:1 Mem:27.17M (Peak 27.17M) | Time:00:00.01 | Mem:0.00M, Peak:0.00M | Scene, ViewLayer | Synchronizing object | 05_layer_3_mineral_backing_0037
Fra:1 Mem:27.18M (Peak 27.18M) | Time:00:00.01 | Mem:0.00M, Peak:0.00M | Scene, ViewLayer | Synchronizing object | 06_layer_3_stone_ground_pattern_0038
Fra:1 Mem:27.18M (Peak 27.18M) | Time:00:00.01 | Mem:0.00M, Peak:0.00M | Scene, ViewLayer | Synchronizing object | 05_layer_3_mineral_backing_0041
Fra:1 Mem:27.18M (Peak 27.18M) | Time:00:00.01 | Mem:0.00M, Peak:0.00M | Scene, ViewLayer | Synchronizing object | 06_layer_3_stone_ground_pattern_0042
Fra:1 Mem:27.19M (Peak 27.19M) | Time:00:00.01 | Mem:0.00M, Peak:0.00M | Scene, ViewLayer | Synchronizing object | 05_layer_3_mineral_backing_0044
Fra:1 Mem:27.19M (Peak 27.19M) | Time:00:00.01 | Mem:0.00M, Peak:0.00M | Scene, ViewLayer | Synchronizing object | 06_layer_3_stone_ground_pattern_0045
Fra:1 Mem:27.19M (Peak 27.19M) | Time:00:00.01 | Mem:0.00M, Peak:0.00M | Scene, ViewLayer | Synchronizing object | 05_layer_3_mineral_backing_0046
Fra:1 Mem:27.20M (Peak 27.20M) | Time:00:00.01 | Mem:0.00M, Peak:0.00M | Scene, ViewLayer | Synchronizing object | 05_layer_3_mineral_backing_0048
Fra:1 Mem:27.20M (Peak 27.20M) | Time:00:00.01 | Mem:0.00M, Peak:0.00M | Scene, ViewLayer | Synchronizing object | 06_layer_3_stone_ground_pattern_0049
Fra:1 Mem:27.20M (Peak 27.20M) | Time:00:00.01 | Mem:0.00M, Peak:0.00M | Scene, ViewLayer | Synchronizing object | 05_layer_3_mineral_backing_0050
Fra:1 Mem:27.21M (Peak 27.21M) | Time:00:00.01 | Mem:0.00M, Peak:0.00M | Scene, ViewLayer | Synchronizing object | 05_layer_3_mineral_backing_0053
Fra:1 Mem:27.21M (Peak 27.21M) | Time:00:00.01 | Mem:0.00M, Peak:0.00M | Scene, ViewLayer | Synchronizing object | 06_layer_3_stone_ground_pattern_0054
Fra:1 Mem:27.21M (Peak 27.21M) | Time:00:00.01 | Mem:0.00M, Peak:0.00M | Scene, ViewLayer | Synchronizing object | 06_layer_3_stone_ground_pattern_0056
Fra:1 Mem:27.21M (Peak 27.21M) | Time:00:00.01 | Mem:0.00M, Peak:0.00M | Scene, ViewLayer | Synchronizing object | 05_layer_3_mineral_backing_0057
Fra:1 Mem:27.22M (Peak 27.22M) | Time:00:00.01 | Mem:0.00M, Peak:0.00M | Scene, ViewLayer | Synchronizing object | 05_layer_3_mineral_backing_0058
Fra:1 Mem:27.22M (Peak 27.22M) | Time:00:00.01 | Mem:0.00M, Peak:0.00M | Scene, ViewLayer | Synchronizing object | 06_layer_3_stone_ground_pattern_0059
Fra:1 Mem:27.22M (Peak 27.22M) | Time:00:00.01 | Mem:0.00M, Peak:0.00M | Scene, ViewLayer | Synchronizing object | 06_layer_3_stone_ground_pattern_0060
Fra:1 Mem:27.22M (Peak 27.22M) | Time:00:00.01 | Mem:0.00M, Peak:0.00M | Scene, ViewLayer | Synchronizing object | 05_layer_3_mineral_backing_0061
Fra:1 Mem:27.22M (Peak 27.22M) | Time:00:00.01 | Mem:0.00M, Peak:0.00M | Scene, ViewLayer | Synchronizing object | 01_basalt_foundation_0063
Fra:1 Mem:27.23M (Peak 27.23M) | Time:00:00.01 | Mem:0.00M, Peak:0.00M | Scene, ViewLayer | Synchronizing object | 08_layer_2_lower_rail_0064
Fra:1 Mem:27.23M (Peak 27.23M) | Time:00:00.01 | Mem:0.00M, Peak:0.00M | Scene, ViewLayer | Synchronizing object | 02_calcite_lower_shell_0065
Fra:1 Mem:27.23M (Peak 27.23M) | Time:00:00.01 | Mem:0.00M, Peak:0.00M | Scene, ViewLayer | Synchronizing object | 08_layer_2_lower_rail_0066
Fra:1 Mem:27.24M (Peak 27.24M) | Time:00:00.01 | Mem:0.00M, Peak:0.00M | Scene, ViewLayer | Synchronizing object | 08_layer_2_lower_rail_0067
Fra:1 Mem:27.24M (Peak 27.24M) | Time:00:00.01 | Mem:0.00M, Peak:0.00M | Scene, ViewLayer | Synchronizing object | 05_layer_3_mineral_backing_0069
Fra:1 Mem:27.24M (Peak 27.24M) | Time:00:00.01 | Mem:0.00M, Peak:0.00M | Scene, ViewLayer | Synchronizing object | 05_layer_3_mineral_backing_0071
Fra:1 Mem:27.24M (Peak 27.24M) | Time:00:00.01 | Mem:0.00M, Peak:0.00M | Scene, ViewLayer | Synchronizing object | 05_layer_3_mineral_backing_0072
Fra:1 Mem:27.25M (Peak 27.25M) | Time:00:00.01 | Mem:0.00M, Peak:0.00M | Scene, ViewLayer | Synchronizing object | 05_layer_3_mineral_backing_0073
Fra:1 Mem:27.25M (Peak 27.25M) | Time:00:00.01 | Mem:0.00M, Peak:0.00M | Scene, ViewLayer | Synchronizing object | 05_layer_3_mineral_backing_0074
Fra:1 Mem:27.25M (Peak 27.25M) | Time:00:00.01 | Mem:0.00M, Peak:0.00M | Scene, ViewLayer | Synchronizing object | 05_layer_3_mineral_backing_0075
Fra:1 Mem:27.25M (Peak 27.25M) | Time:00:00.01 | Mem:0.00M, Peak:0.00M | Scene, ViewLayer | Synchronizing object | 05_layer_3_mineral_backing_0076
Fra:1 Mem:27.25M (Peak 27.25M) | Time:00:00.01 | Mem:0.00M, Peak:0.00M | Scene, ViewLayer | Synchronizing object | 05_layer_3_mineral_backing_0077
Fra:1 Mem:27.25M (Peak 27.26M) | Time:00:00.01 | Mem:0.00M, Peak:0.00M | Scene, ViewLayer | Synchronizing object | 05_layer_3_mineral_backing_0079
Fra:1 Mem:27.26M (Peak 27.26M) | Time:00:00.01 | Mem:0.00M, Peak:0.00M | Scene, ViewLayer | Synchronizing object | 05_layer_3_mineral_backing_0080
Fra:1 Mem:27.26M (Peak 27.26M) | Time:00:00.01 | Mem:0.00M, Peak:0.00M | Scene, ViewLayer | Synchronizing object | 05_layer_3_mineral_backing_0082
Fra:1 Mem:27.27M (Peak 27.27M) | Time:00:00.01 | Mem:0.00M, Peak:0.00M | Scene, ViewLayer | Synchronizing object | 05_layer_3_mineral_backing_0083
Fra:1 Mem:27.27M (Peak 27.27M) | Time:00:00.01 | Mem:0.00M, Peak:0.00M | Scene, ViewLayer | Synchronizing object | 05_layer_3_mineral_backing_0085
Fra:1 Mem:27.27M (Peak 27.27M) | Time:00:00.01 | Mem:0.00M, Peak:0.00M | Scene, ViewLayer | Synchronizing object | 06_layer_3_stone_ground_pattern_0086
Fra:1 Mem:27.27M (Peak 27.28M) | Time:00:00.01 | Mem:0.00M, Peak:0.00M | Scene, ViewLayer | Synchronizing object | 06_layer_3_stone_ground_pattern_0088
Fra:1 Mem:27.28M (Peak 27.28M) | Time:00:00.01 | Mem:0.00M, Peak:0.00M | Scene, ViewLayer | Synchronizing object | 07_layer_2_crystal_relief_0090
Fra:1 Mem:27.28M (Peak 27.28M) | Time:00:00.01 | Mem:0.00M, Peak:0.00M | Scene, ViewLayer | Synchronizing object | 06_layer_3_stone_ground_pattern_0091
Fra:1 Mem:27.29M (Peak 27.29M) | Time:00:00.01 | Mem:0.00M, Peak:0.00M | Scene, ViewLayer | Synchronizing object | 04_geode_inner_lining_0092
Fra:1 Mem:27.29M (Peak 27.29M) | Time:00:00.01 | Mem:0.00M, Peak:0.00M | Scene, ViewLayer | Synchronizing object | 05_layer_3_mineral_backing_0094
Fra:1 Mem:27.29M (Peak 27.29M) | Time:00:00.01 | Mem:0.00M, Peak:0.00M | Scene, ViewLayer | Synchronizing object | 05_layer_3_mineral_backing_0096
Fra:1 Mem:27.29M (Peak 27.29M) | Time:00:00.01 | Mem:0.00M, Peak:0.00M | Scene, ViewLayer | Synchronizing object | 09_layer_2_crown_rim_0097
Fra:1 Mem:27.29M (Peak 27.29M) | Time:00:00.01 | Mem:0.00M, Peak:0.00M | Scene, ViewLayer | Synchronizing object | 09_layer_2_crown_rim_0098
Fra:1 Mem:27.30M (Peak 27.30M) | Time:00:00.01 | Mem:0.00M, Peak:0.00M | Scene, ViewLayer | Synchronizing object | 09_calcite_crown_rim_0100
Fra:1 Mem:27.30M (Peak 27.30M) | Time:00:00.01 | Mem:0.00M, Peak:0.00M | Scene, ViewLayer | Synchronizing object | 06_layer_3_stone_ground_pattern_0101
Fra:1 Mem:27.30M (Peak 27.30M) | Time:00:00.01 | Mem:0.00M, Peak:0.00M | Scene, ViewLayer | Synchronizing object | 05_layer_3_mineral_backing_0102
Fra:1 Mem:27.31M (Peak 27.31M) | Time:00:00.01 | Mem:0.00M, Peak:0.00M | Scene, ViewLayer | Synchronizing object | 06_layer_3_stone_ground_pattern_0103
Fra:1 Mem:27.31M (Peak 27.31M) | Time:00:00.01 | Mem:0.00M, Peak:0.00M | Scene, ViewLayer | Synchronizing object | 05_layer_3_mineral_backing_0106
Fra:1 Mem:27.31M (Peak 27.31M) | Time:00:00.01 | Mem:0.00M, Peak:0.00M | Scene, ViewLayer | Synchronizing object | 07_layer_2_crystal_relief_0108
Fra:1 Mem:27.32M (Peak 27.32M) | Time:00:00.01 | Mem:0.00M, Peak:0.00M | Scene, ViewLayer | Synchronizing object | 07_layer_2_crystal_relief_0109
Fra:1 Mem:27.32M (Peak 27.32M) | Time:00:00.01 | Mem:0.00M, Peak:0.00M | Scene, ViewLayer | Synchronizing object | 05_layer_3_mineral_backing_0111
Fra:1 Mem:27.32M (Peak 27.32M) | Time:00:00.01 | Mem:0.00M, Peak:0.00M | Scene, ViewLayer | Synchronizing object | 06_layer_3_stone_ground_pattern_0113
Fra:1 Mem:27.33M (Peak 27.33M) | Time:00:00.01 | Mem:0.00M, Peak:0.00M | Scene, ViewLayer | Synchronizing object | 12_geode_growth_core_0114
Fra:1 Mem:27.33M (Peak 27.33M) | Time:00:00.01 | Mem:0.00M, Peak:0.00M | Scene, ViewLayer | Synchronizing object | 12_geode_growth_core_0115
Fra:1 Mem:27.33M (Peak 27.33M) | Time:00:00.01 | Mem:0.00M, Peak:0.00M | Scene, ViewLayer | Synchronizing object | 06_layer_3_stone_ground_pattern_0116
Fra:1 Mem:27.33M (Peak 27.33M) | Time:00:00.01 | Mem:0.00M, Peak:0.00M | Scene, ViewLayer | Synchronizing object | 05_layer_3_mineral_backing_0117
Fra:1 Mem:27.33M (Peak 27.34M) | Time:00:00.01 | Mem:0.00M, Peak:0.00M | Scene, ViewLayer | Synchronizing object | 07_layer_2_crystal_relief_0120
Fra:1 Mem:27.34M (Peak 27.34M) | Time:00:00.01 | Mem:0.00M, Peak:0.00M | Scene, ViewLayer | Synchronizing object | 05_layer_3_mineral_backing_0121
Fra:1 Mem:27.34M (Peak 27.35M) | Time:00:00.01 | Mem:0.00M, Peak:0.00M | Scene, ViewLayer | Synchronizing object | 05_layer_3_mineral_backing_0122
Fra:1 Mem:27.35M (Peak 27.35M) | Time:00:00.01 | Mem:0.00M, Peak:0.00M | Scene, ViewLayer | Synchronizing object | 12_geode_growth_core_0125
Fra:1 Mem:27.35M (Peak 27.35M) | Time:00:00.01 | Mem:0.00M, Peak:0.00M | Scene, ViewLayer | Synchronizing object | 12_geode_growth_core_0127
Fra:1 Mem:27.35M (Peak 27.35M) | Time:00:00.01 | Mem:0.00M, Peak:0.00M | Scene, ViewLayer | Synchronizing object | 12_geode_growth_core_0128
Fra:1 Mem:27.35M (Peak 27.35M) | Time:00:00.01 | Mem:0.00M, Peak:0.00M | Scene, ViewLayer | Synchronizing object | 06_layer_3_stone_ground_pattern_0129
Fra:1 Mem:27.36M (Peak 27.36M) | Time:00:00.01 | Mem:0.00M, Peak:0.00M | Scene, ViewLayer | Synchronizing object | 05_layer_3_mineral_backing_0130
Fra:1 Mem:27.36M (Peak 27.36M) | Time:00:00.01 | Mem:0.00M, Peak:0.00M | Scene, ViewLayer | Synchronizing object | 06_layer_3_stone_ground_pattern_0131
Fra:1 Mem:27.36M (Peak 27.36M) | Time:00:00.01 | Mem:0.00M, Peak:0.00M | Scene, ViewLayer | Synchronizing object | 07_layer_2_crystal_relief_0133
Fra:1 Mem:27.37M (Peak 27.37M) | Time:00:00.01 | Mem:0.00M, Peak:0.00M | Scene, ViewLayer | Synchronizing object | 07_layer_2_crystal_relief_0134
Fra:1 Mem:27.37M (Peak 27.37M) | Time:00:00.01 | Mem:0.00M, Peak:0.00M | Scene, ViewLayer | Synchronizing object | 07_layer_2_crystal_relief_0135
Fra:1 Mem:27.37M (Peak 27.37M) | Time:00:00.01 | Mem:0.00M, Peak:0.00M | Scene, ViewLayer | Synchronizing object | 07_layer_2_crystal_relief_0136
Fra:1 Mem:27.37M (Peak 27.37M) | Time:00:00.01 | Mem:0.00M, Peak:0.00M | Scene, ViewLayer | Synchronizing object | 07_layer_2_crystal_relief_0137
Fra:1 Mem:27.37M (Peak 27.37M) | Time:00:00.01 | Mem:0.00M, Peak:0.00M | Scene, ViewLayer | Synchronizing object | 05_layer_3_mineral_backing_0139
Fra:1 Mem:27.38M (Peak 27.38M) | Time:00:00.01 | Mem:0.00M, Peak:0.00M | Scene, ViewLayer | Synchronizing object | 12_geode_growth_core_0140
Fra:1 Mem:27.38M (Peak 27.38M) | Time:00:00.01 | Mem:0.00M, Peak:0.00M | Scene, ViewLayer | Synchronizing object | 12_geode_growth_core_0142
Fra:1 Mem:27.38M (Peak 27.38M) | Time:00:00.01 | Mem:0.00M, Peak:0.00M | Scene, ViewLayer | Synchronizing object | 12_geode_growth_core_0143
Fra:1 Mem:27.38M (Peak 27.38M) | Time:00:00.01 | Mem:0.00M, Peak:0.00M | Scene, ViewLayer | Synchronizing object | 12_geode_growth_core_0144
Fra:1 Mem:27.39M (Peak 27.39M) | Time:00:00.01 | Mem:0.00M, Peak:0.00M | Scene, ViewLayer | Synchronizing object | 12_geode_growth_core_0145
Fra:1 Mem:27.39M (Peak 27.39M) | Time:00:00.01 | Mem:0.00M, Peak:0.00M | Scene, ViewLayer | Synchronizing object | Studio floor - excluded from game model
Fra:1 Mem:27.39M (Peak 27.39M) | Time:00:00.01 | Mem:0.00M, Peak:0.00M | Scene, ViewLayer | Synchronizing object | 05_layer_3_mineral_backing_0146
Fra:1 Mem:27.40M (Peak 27.40M) | Time:00:00.01 | Mem:0.00M, Peak:0.00M | Scene, ViewLayer | Synchronizing object | 05_layer_3_mineral_backing_0150
Fra:1 Mem:27.40M (Peak 27.40M) | Time:00:00.01 | Mem:0.00M, Peak:0.00M | Scene, ViewLayer | Synchronizing object | 05_layer_3_mineral_backing_0151
Fra:1 Mem:27.40M (Peak 27.40M) | Time:00:00.01 | Mem:0.00M, Peak:0.00M | Scene, ViewLayer | Synchronizing object | 06_layer_3_stone_ground_pattern_0152
Fra:1 Mem:27.40M (Peak 27.40M) | Time:00:00.01 | Mem:0.00M, Peak:0.00M | Scene, ViewLayer | Synchronizing object | 06_layer_3_stone_ground_pattern_0153
Fra:1 Mem:27.40M (Peak 27.40M) | Time:00:00.01 | Mem:0.00M, Peak:0.00M | Scene, ViewLayer | Synchronizing object | 12_geode_growth_core_0154
Fra:1 Mem:27.40M (Peak 27.40M) | Time:00:00.01 | Mem:0.00M, Peak:0.00M | Scene, ViewLayer | Synchronizing object | 12_geode_growth_core_0155
Fra:1 Mem:27.41M (Peak 27.41M) | Time:00:00.01 | Mem:0.00M, Peak:0.00M | Scene, ViewLayer | Synchronizing object | 05_layer_3_mineral_backing_0156
Fra:1 Mem:27.41M (Peak 27.41M) | Time:00:00.01 | Mem:0.00M, Peak:0.00M | Scene, ViewLayer | Synchronizing object | 05_layer_3_mineral_backing_0157
Fra:1 Mem:27.41M (Peak 27.41M) | Time:00:00.01 | Mem:0.00M, Peak:0.00M | Scene, ViewLayer | Synchronizing object | 06_layer_3_stone_ground_pattern_0159
Fra:1 Mem:27.41M (Peak 27.41M) | Time:00:00.01 | Mem:0.00M, Peak:0.00M | Scene, ViewLayer | Synchronizing object | 07_layer_2_crystal_relief_0161
Fra:1 Mem:27.42M (Peak 27.42M) | Time:00:00.01 | Mem:0.00M, Peak:0.00M | Scene, ViewLayer | Synchronizing object | 05_layer_3_mineral_backing_0162
Fra:1 Mem:27.42M (Peak 27.42M) | Time:00:00.01 | Mem:0.00M, Peak:0.00M | Scene, ViewLayer | Synchronizing object | 05_layer_3_mineral_backing_0163
Fra:1 Mem:27.42M (Peak 27.42M) | Time:00:00.01 | Mem:0.00M, Peak:0.00M | Scene, ViewLayer | Synchronizing object | 07_layer_2_crystal_relief_0164
Fra:1 Mem:27.42M (Peak 27.42M) | Time:00:00.01 | Mem:0.00M, Peak:0.00M | Scene, ViewLayer | Synchronizing object | 07_layer_2_crystal_relief_0165
Fra:1 Mem:27.43M (Peak 27.43M) | Time:00:00.01 | Mem:0.00M, Peak:0.00M | Scene, ViewLayer | Synchronizing object | 12_geode_growth_core_0166
Fra:1 Mem:27.43M (Peak 27.43M) | Time:00:00.02 | Mem:0.00M, Peak:0.00M | Scene, ViewLayer | Synchronizing object | 05_layer_3_mineral_backing_0169
Fra:1 Mem:27.43M (Peak 27.43M) | Time:00:00.02 | Mem:0.00M, Peak:0.00M | Scene, ViewLayer | Synchronizing object | 06_layer_3_stone_ground_pattern_0171
Fra:1 Mem:27.43M (Peak 27.43M) | Time:00:00.02 | Mem:0.00M, Peak:0.00M | Scene, ViewLayer | Synchronizing object | 06_layer_3_stone_ground_pattern_0170
Fra:1 Mem:27.44M (Peak 27.44M) | Time:00:00.02 | Mem:0.00M, Peak:0.00M | Scene, ViewLayer | Synchronizing object | 06_layer_3_stone_ground_pattern_0174
Fra:1 Mem:27.44M (Peak 27.44M) | Time:00:00.02 | Mem:0.00M, Peak:0.00M | Scene, ViewLayer | Synchronizing object | 06_layer_3_stone_ground_pattern_0175
Fra:1 Mem:27.44M (Peak 27.44M) | Time:00:00.02 | Mem:0.00M, Peak:0.00M | Scene, ViewLayer | Synchronizing object | 05_layer_3_mineral_backing_0176
Fra:1 Mem:27.44M (Peak 27.44M) | Time:00:00.02 | Mem:0.00M, Peak:0.00M | Scene, ViewLayer | Synchronizing object | 05_layer_3_mineral_backing_0178
Fra:1 Mem:27.45M (Peak 27.45M) | Time:00:00.02 | Mem:0.00M, Peak:0.00M | Scene, ViewLayer | Synchronizing object | 05_layer_3_mineral_backing_0179
Fra:1 Mem:27.45M (Peak 27.45M) | Time:00:00.02 | Mem:0.00M, Peak:0.00M | Scene, ViewLayer | Synchronizing object | 05_layer_3_mineral_backing_0182
Fra:1 Mem:27.45M (Peak 27.45M) | Time:00:00.02 | Mem:0.00M, Peak:0.00M | Scene, ViewLayer | Synchronizing object | 05_layer_3_mineral_backing_0184
Fra:1 Mem:27.46M (Peak 27.46M) | Time:00:00.02 | Mem:0.00M, Peak:0.00M | Scene, ViewLayer | Synchronizing object | 05_layer_3_mineral_backing_0185
Fra:1 Mem:27.46M (Peak 27.46M) | Time:00:00.02 | Mem:0.00M, Peak:0.00M | Scene, ViewLayer | Synchronizing object | 05_layer_3_mineral_backing_0186
Fra:1 Mem:27.46M (Peak 27.46M) | Time:00:00.02 | Mem:0.00M, Peak:0.00M | Scene, ViewLayer | Synchronizing object | 10_calcite_corner_shoulders_0189
Fra:1 Mem:27.47M (Peak 27.47M) | Time:00:00.02 | Mem:0.00M, Peak:0.00M | Scene, ViewLayer | Synchronizing object | 11_corner_crystal_buds_0237
Fra:1 Mem:27.47M (Peak 27.47M) | Time:00:00.02 | Mem:0.00M, Peak:0.00M | Scene, ViewLayer | Synchronizing object | 10_calcite_corner_shoulders_0190
Fra:1 Mem:27.47M (Peak 27.47M) | Time:00:00.02 | Mem:0.00M, Peak:0.00M | Scene, ViewLayer | Synchronizing object | 10_calcite_corner_shoulders_0192
Fra:1 Mem:27.47M (Peak 27.47M) | Time:00:00.02 | Mem:0.00M, Peak:0.00M | Scene, ViewLayer | Synchronizing object | 10_calcite_corner_shoulders_0193
Fra:1 Mem:27.48M (Peak 27.48M) | Time:00:00.02 | Mem:0.00M, Peak:0.00M | Scene, ViewLayer | Synchronizing object | 01_basalt_corner_guards_0196
Fra:1 Mem:27.48M (Peak 27.48M) | Time:00:00.02 | Mem:0.00M, Peak:0.00M | Scene, ViewLayer | Synchronizing object | 08_layer_2_lower_rail_0197
Fra:1 Mem:27.48M (Peak 27.48M) | Time:00:00.02 | Mem:0.00M, Peak:0.00M | Scene, ViewLayer | Synchronizing object | 05_layer_3_mineral_backing_0199
Fra:1 Mem:27.48M (Peak 27.48M) | Time:00:00.02 | Mem:0.00M, Peak:0.00M | Scene, ViewLayer | Synchronizing object | 06_layer_3_stone_ground_pattern_0200
Fra:1 Mem:27.49M (Peak 27.49M) | Time:00:00.02 | Mem:0.00M, Peak:0.00M | Scene, ViewLayer | Synchronizing object | 07_layer_2_crystal_relief_0201
Fra:1 Mem:27.49M (Peak 27.49M) | Time:00:00.02 | Mem:0.00M, Peak:0.00M | Scene, ViewLayer | Synchronizing object | 05_layer_3_mineral_backing_0203
Fra:1 Mem:27.49M (Peak 27.49M) | Time:00:00.02 | Mem:0.00M, Peak:0.00M | Scene, ViewLayer | Synchronizing object | 06_layer_3_stone_ground_pattern_0204
Fra:1 Mem:27.49M (Peak 27.49M) | Time:00:00.02 | Mem:0.00M, Peak:0.00M | Scene, ViewLayer | Synchronizing object | 07_layer_2_crystal_relief_0205
Fra:1 Mem:27.49M (Peak 27.49M) | Time:00:00.02 | Mem:0.00M, Peak:0.00M | Scene, ViewLayer | Synchronizing object | 07_layer_2_crystal_relief_0206
Fra:1 Mem:27.50M (Peak 27.50M) | Time:00:00.02 | Mem:0.00M, Peak:0.00M | Scene, ViewLayer | Synchronizing object | 05_layer_3_mineral_backing_0208
Fra:1 Mem:27.50M (Peak 27.50M) | Time:00:00.02 | Mem:0.00M, Peak:0.00M | Scene, ViewLayer | Synchronizing object | 06_layer_3_stone_ground_pattern_0209
Fra:1 Mem:27.50M (Peak 27.50M) | Time:00:00.02 | Mem:0.00M, Peak:0.00M | Scene, ViewLayer | Synchronizing object | 07_layer_2_crystal_relief_0210
Fra:1 Mem:27.50M (Peak 27.50M) | Time:00:00.02 | Mem:0.00M, Peak:0.00M | Scene, ViewLayer | Synchronizing object | 05_layer_3_mineral_backing_0211
Fra:1 Mem:27.50M (Peak 27.50M) | Time:00:00.02 | Mem:0.00M, Peak:0.00M | Scene, ViewLayer | Synchronizing object | 05_layer_3_mineral_backing_0213
Fra:1 Mem:27.51M (Peak 27.51M) | Time:00:00.02 | Mem:0.00M, Peak:0.00M | Scene, ViewLayer | Synchronizing object | 07_layer_2_crystal_relief_0214
Fra:1 Mem:27.51M (Peak 27.51M) | Time:00:00.02 | Mem:0.00M, Peak:0.00M | Scene, ViewLayer | Synchronizing object | 07_layer_2_crystal_relief_0217
Fra:1 Mem:27.51M (Peak 27.51M) | Time:00:00.02 | Mem:0.00M, Peak:0.00M | Scene, ViewLayer | Synchronizing object | 05_layer_3_mineral_backing_0218
Fra:1 Mem:27.52M (Peak 27.52M) | Time:00:00.02 | Mem:0.00M, Peak:0.00M | Scene, ViewLayer | Synchronizing object | 07_layer_2_crystal_relief_0219
Fra:1 Mem:27.52M (Peak 27.52M) | Time:00:00.02 | Mem:0.00M, Peak:0.00M | Scene, ViewLayer | Synchronizing object | 05_layer_3_mineral_backing_0220
Fra:1 Mem:27.52M (Peak 27.52M) | Time:00:00.02 | Mem:0.00M, Peak:0.00M | Scene, ViewLayer | Synchronizing object | 07_layer_2_crystal_relief_0221
Fra:1 Mem:27.52M (Peak 27.52M) | Time:00:00.02 | Mem:0.00M, Peak:0.00M | Scene, ViewLayer | Synchronizing object | 05_layer_3_mineral_backing_0222
Fra:1 Mem:27.52M (Peak 27.52M) | Time:00:00.02 | Mem:0.00M, Peak:0.00M | Scene, ViewLayer | Synchronizing object | 06_layer_3_stone_ground_pattern_0223
Fra:1 Mem:27.53M (Peak 27.53M) | Time:00:00.02 | Mem:0.00M, Peak:0.00M | Scene, ViewLayer | Synchronizing object | 07_layer_2_crystal_relief_0224
Fra:1 Mem:27.53M (Peak 27.53M) | Time:00:00.02 | Mem:0.00M, Peak:0.00M | Scene, ViewLayer | Synchronizing object | 05_layer_3_mineral_backing_0225
Fra:1 Mem:27.53M (Peak 27.53M) | Time:00:00.02 | Mem:0.00M, Peak:0.00M | Scene, ViewLayer | Synchronizing object | 11_corner_crystal_buds_0236
Fra:1 Mem:27.53M (Peak 27.53M) | Time:00:00.02 | Mem:0.00M, Peak:0.00M | Scene, ViewLayer | Synchronizing object | 06_layer_3_stone_ground_pattern_0227
Fra:1 Mem:27.53M (Peak 27.53M) | Time:00:00.02 | Mem:0.00M, Peak:0.00M | Scene, ViewLayer | Synchronizing object | 05_layer_3_mineral_backing_0228
Fra:1 Mem:27.54M (Peak 27.54M) | Time:00:00.02 | Mem:0.00M, Peak:0.00M | Scene, ViewLayer | Synchronizing object | 06_layer_3_stone_ground_pattern_0229
Fra:1 Mem:27.54M (Peak 27.54M) | Time:00:00.02 | Mem:0.00M, Peak:0.00M | Scene, ViewLayer | Synchronizing object | 05_layer_3_mineral_backing_0231
Fra:1 Mem:27.54M (Peak 27.54M) | Time:00:00.02 | Mem:0.00M, Peak:0.00M | Scene, ViewLayer | Synchronizing object | 11_corner_crystal_buds_0233
Fra:1 Mem:27.55M (Peak 27.55M) | Time:00:00.02 | Mem:0.00M, Peak:0.00M | Scene, ViewLayer | Synchronizing object | 11_corner_crystal_buds_0234
Fra:1 Mem:27.57M (Peak 27.57M) | Time:00:00.02 | Mem:0.00M, Peak:0.00M | Scene, ViewLayer | Initializing
Fra:1 Mem:19.24M (Peak 27.57M) | Time:00:00.02 | Mem:0.00M, Peak:0.00M | Scene, ViewLayer | Waiting for render to start
Fra:1 Mem:19.24M (Peak 27.57M) | Time:00:00.02 | Mem:0.00M, Peak:0.00M | Scene, ViewLayer | Loading render kernels (may take a few minutes the first time)
Fra:1 Mem:19.24M (Peak 27.57M) | Time:00:00.02 | Mem:0.00M, Peak:0.00M | Scene, ViewLayer | Updating Scene
Fra:1 Mem:19.24M (Peak 27.57M) | Time:00:00.02 | Mem:0.00M, Peak:0.00M | Scene, ViewLayer | Updating Shaders
Fra:1 Mem:19.51M (Peak 27.57M) | Time:00:00.07 | Mem:0.01M, Peak:0.01M | Scene, ViewLayer | Updating Procedurals
Fra:1 Mem:19.51M (Peak 27.57M) | Time:00:00.07 | Mem:0.01M, Peak:0.01M | Scene, ViewLayer | Updating Background
Fra:1 Mem:19.51M (Peak 27.57M) | Time:00:00.07 | Mem:0.01M, Peak:0.01M | Scene, ViewLayer | Updating Camera
Fra:1 Mem:19.51M (Peak 27.57M) | Time:00:00.07 | Mem:0.01M, Peak:0.01M | Scene, ViewLayer | Updating Meshes Flags
Fra:1 Mem:19.51M (Peak 27.57M) | Time:00:00.07 | Mem:0.01M, Peak:0.01M | Scene, ViewLayer | Updating Objects
Fra:1 Mem:19.51M (Peak 27.57M) | Time:00:00.07 | Mem:0.01M, Peak:0.01M | Scene, ViewLayer | Updating Objects | Copying Transformations to device
Fra:1 Mem:19.55M (Peak 27.57M) | Time:00:00.08 | Mem:0.06M, Peak:0.06M | Scene, ViewLayer | Updating Objects | Applying Static Transformations
Fra:1 Mem:19.55M (Peak 27.57M) | Time:00:00.08 | Mem:0.06M, Peak:0.06M | Scene, ViewLayer | Updating Particle Systems
Fra:1 Mem:19.55M (Peak 27.57M) | Time:00:00.08 | Mem:0.06M, Peak:0.06M | Scene, ViewLayer | Updating Particle Systems | Copying Particles to device
Fra:1 Mem:19.55M (Peak 27.57M) | Time:00:00.08 | Mem:0.06M, Peak:0.06M | Scene, ViewLayer | Updating Meshes
Fra:1 Mem:19.60M (Peak 27.57M) | Time:00:00.08 | Mem:0.06M, Peak:0.06M | Scene, ViewLayer | Updating Mesh | Computing attributes
Fra:1 Mem:19.93M (Peak 27.57M) | Time:00:00.08 | Mem:0.10M, Peak:0.10M | Scene, ViewLayer | Updating Mesh | Copying Attributes to device
Fra:1 Mem:19.85M (Peak 27.57M) | Time:00:00.08 | Mem:0.32M, Peak:0.32M | Scene, ViewLayer | Updating Geometry BVH Cube.001 1/239 | Building BVH
Fra:1 Mem:19.85M (Peak 27.57M) | Time:00:00.08 | Mem:0.32M, Peak:0.32M | Scene, ViewLayer | Updating Geometry BVH Cube.010 10/239 | Building BVH
Fra:1 Mem:19.85M (Peak 27.57M) | Time:00:00.08 | Mem:0.32M, Peak:0.32M | Scene, ViewLayer | Updating Geometry BVH Cube.014 14/239 | Building BVH
Fra:1 Mem:19.85M (Peak 27.57M) | Time:00:00.08 | Mem:0.32M, Peak:0.32M | Scene, ViewLayer | Updating Geometry BVH Cube.015 15/239 | Building BVH
Fra:1 Mem:19.85M (Peak 27.57M) | Time:00:00.08 | Mem:0.32M, Peak:0.32M | Scene, ViewLayer | Updating Geometry BVH Cube.239 239/239 | Building BVH
Fra:1 Mem:19.85M (Peak 27.57M) | Time:00:00.08 | Mem:0.32M, Peak:0.32M | Scene, ViewLayer | Updating Geometry BVH Cube.239 239/239 | Building BVH 0%
Fra:1 Mem:19.85M (Peak 27.57M) | Time:00:00.08 | Mem:0.32M, Peak:0.32M | Scene, ViewLayer | Updating Geometry BVH Cube.239 239/239 | Building BVH
Fra:1 Mem:19.85M (Peak 27.57M) | Time:00:00.08 | Mem:0.32M, Peak:0.32M | Scene, ViewLayer | Updating Geometry BVH Cube.016 16/239 | Building BVH
Fra:1 Mem:19.85M (Peak 27.57M) | Time:00:00.08 | Mem:0.32M, Peak:0.32M | Scene, ViewLayer | Updating Geometry BVH Cube.017 17/239 | Building BVH
Fra:1 Mem:19.85M (Peak 27.57M) | Time:00:00.08 | Mem:0.32M, Peak:0.32M | Scene, ViewLayer | Updating Geometry BVH Cube.018 18/239 | Building BVH
Fra:1 Mem:19.85M (Peak 27.57M) | Time:00:00.08 | Mem:0.32M, Peak:0.32M | Scene, ViewLayer | Updating Geometry BVH Cube.019 19/239 | Building BVH
Fra:1 Mem:19.85M (Peak 27.57M) | Time:00:00.08 | Mem:0.32M, Peak:0.33M | Scene, ViewLayer | Updating Geometry BVH Cube.021 21/239 | Building BVH
Fra:1 Mem:19.85M (Peak 27.57M) | Time:00:00.08 | Mem:0.33M, Peak:0.33M | Scene, ViewLayer | Updating Geometry BVH Cube.022 22/239 | Building BVH
Fra:1 Mem:19.85M (Peak 27.57M) | Time:00:00.08 | Mem:0.33M, Peak:0.33M | Scene, ViewLayer | Updating Geometry BVH Cube.023 23/239 | Building BVH
Fra:1 Mem:19.85M (Peak 27.57M) | Time:00:00.08 | Mem:0.33M, Peak:0.33M | Scene, ViewLayer | Updating Geometry BVH Cube.024 24/239 | Building BVH
Fra:1 Mem:19.85M (Peak 27.57M) | Time:00:00.08 | Mem:0.33M, Peak:0.33M | Scene, ViewLayer | Updating Geometry BVH Cube.025 25/239 | Building BVH
Fra:1 Mem:19.85M (Peak 27.57M) | Time:00:00.08 | Mem:0.33M, Peak:0.33M | Scene, ViewLayer | Updating Geometry BVH Cube.026 26/239 | Building BVH
Fra:1 Mem:19.85M (Peak 27.57M) | Time:00:00.08 | Mem:0.33M, Peak:0.33M | Scene, ViewLayer | Updating Geometry BVH Cube.027 27/239 | Building BVH
Fra:1 Mem:19.85M (Peak 27.57M) | Time:00:00.08 | Mem:0.33M, Peak:0.33M | Scene, ViewLayer | Updating Geometry BVH Cube.028 28/239 | Building BVH
Fra:1 Mem:19.85M (Peak 27.57M) | Time:00:00.08 | Mem:0.34M, Peak:0.34M | Scene, ViewLayer | Updating Geometry BVH Cube.030 30/239 | Building BVH
Fra:1 Mem:19.85M (Peak 27.57M) | Time:00:00.08 | Mem:0.34M, Peak:0.34M | Scene, ViewLayer | Updating Geometry BVH Cube.029 29/239 | Building BVH
Fra:1 Mem:19.85M (Peak 27.57M) | Time:00:00.08 | Mem:0.34M, Peak:0.34M | Scene, ViewLayer | Updating Geometry BVH Cube.031 31/239 | Building BVH
Fra:1 Mem:19.85M (Peak 27.57M) | Time:00:00.08 | Mem:0.34M, Peak:0.34M | Scene, ViewLayer | Updating Geometry BVH Cube.032 32/239 | Building BVH
Fra:1 Mem:19.85M (Peak 27.57M) | Time:00:00.08 | Mem:0.34M, Peak:0.34M | Scene, ViewLayer | Updating Geometry BVH Cube.033 33/239 | Building BVH
Fra:1 Mem:19.85M (Peak 27.57M) | Time:00:00.08 | Mem:0.34M, Peak:0.34M | Scene, ViewLayer | Updating Geometry BVH Cube.034 34/239 | Building BVH
Fra:1 Mem:19.85M (Peak 27.57M) | Time:00:00.08 | Mem:0.34M, Peak:0.34M | Scene, ViewLayer | Updating Geometry BVH Cube.035 35/239 | Building BVH
Fra:1 Mem:19.85M (Peak 27.57M) | Time:00:00.08 | Mem:0.34M, Peak:0.35M | Scene, ViewLayer | Updating Geometry BVH Cube.036 36/239 | Building BVH
Fra:1 Mem:19.85M (Peak 27.57M) | Time:00:00.08 | Mem:0.35M, Peak:0.35M | Scene, ViewLayer | Updating Geometry BVH Cube.037 37/239 | Building BVH
Fra:1 Mem:19.85M (Peak 27.57M) | Time:00:00.08 | Mem:0.35M, Peak:0.35M | Scene, ViewLayer | Updating Geometry BVH Cube.038 38/239 | Building BVH
Fra:1 Mem:19.85M (Peak 27.57M) | Time:00:00.08 | Mem:0.35M, Peak:0.35M | Scene, ViewLayer | Updating Geometry BVH Cube.040 40/239 | Building BVH
Fra:1 Mem:19.85M (Peak 27.57M) | Time:00:00.08 | Mem:0.35M, Peak:0.35M | Scene, ViewLayer | Updating Geometry BVH Cube.041 41/239 | Building BVH
Fra:1 Mem:19.85M (Peak 27.57M) | Time:00:00.08 | Mem:0.35M, Peak:0.35M | Scene, ViewLayer | Updating Geometry BVH Cube.042 42/239 | Building BVH
Fra:1 Mem:19.85M (Peak 27.57M) | Time:00:00.08 | Mem:0.35M, Peak:0.35M | Scene, ViewLayer | Updating Geometry BVH Cube.043 43/239 | Building BVH
Fra:1 Mem:19.85M (Peak 27.57M) | Time:00:00.08 | Mem:0.36M, Peak:0.36M | Scene, ViewLayer | Updating Geometry BVH Cube.045 45/239 | Building BVH
Fra:1 Mem:19.85M (Peak 27.57M) | Time:00:00.08 | Mem:0.36M, Peak:0.36M | Scene, ViewLayer | Updating Geometry BVH Cube.047 47/239 | Building BVH
Fra:1 Mem:19.85M (Peak 27.57M) | Time:00:00.08 | Mem:0.36M, Peak:0.36M | Scene, ViewLayer | Updating Geometry BVH Cube.048 48/239 | Building BVH
Fra:1 Mem:19.85M (Peak 27.57M) | Time:00:00.08 | Mem:0.36M, Peak:0.36M | Scene, ViewLayer | Updating Geometry BVH Cube.049 49/239 | Building BVH
Fra:1 Mem:19.85M (Peak 27.57M) | Time:00:00.08 | Mem:0.36M, Peak:0.36M | Scene, ViewLayer | Updating Geometry BVH Cube.050 50/239 | Building BVH
Fra:1 Mem:19.85M (Peak 27.57M) | Time:00:00.08 | Mem:0.37M, Peak:0.37M | Scene, ViewLayer | Updating Geometry BVH Cube.051 51/239 | Building BVH
Fra:1 Mem:19.85M (Peak 27.57M) | Time:00:00.08 | Mem:0.37M, Peak:0.37M | Scene, ViewLayer | Updating Geometry BVH Cube.052 52/239 | Building BVH
Fra:1 Mem:19.85M (Peak 27.57M) | Time:00:00.08 | Mem:0.37M, Peak:0.37M | Scene, ViewLayer | Updating Geometry BVH Cube.053 53/239 | Building BVH
Fra:1 Mem:19.85M (Peak 27.57M) | Time:00:00.08 | Mem:0.37M, Peak:0.37M | Scene, ViewLayer | Updating Geometry BVH Cube.054 54/239 | Building BVH
Fra:1 Mem:19.85M (Peak 27.57M) | Time:00:00.08 | Mem:0.37M, Peak:0.37M | Scene, ViewLayer | Updating Geometry BVH Cube.055 55/239 | Building BVH
Fra:1 Mem:19.85M (Peak 27.57M) | Time:00:00.08 | Mem:0.37M, Peak:0.37M | Scene, ViewLayer | Updating Geometry BVH Cube.056 56/239 | Building BVH
Fra:1 Mem:19.85M (Peak 27.57M) | Time:00:00.08 | Mem:0.37M, Peak:0.37M | Scene, ViewLayer | Updating Geometry BVH Cube.057 57/239 | Building BVH
Fra:1 Mem:19.85M (Peak 27.57M) | Time:00:00.08 | Mem:0.38M, Peak:0.38M | Scene, ViewLayer | Updating Geometry BVH Cube.059 59/239 | Building BVH
Fra:1 Mem:19.85M (Peak 27.57M) | Time:00:00.08 | Mem:0.38M, Peak:0.38M | Scene, ViewLayer | Updating Geometry BVH Cube.060 60/239 | Building BVH
Fra:1 Mem:19.85M (Peak 27.57M) | Time:00:00.08 | Mem:0.38M, Peak:0.38M | Scene, ViewLayer | Updating Geometry BVH Cube.062 62/239 | Building BVH
Fra:1 Mem:19.85M (Peak 27.57M) | Time:00:00.08 | Mem:0.38M, Peak:0.38M | Scene, ViewLayer | Updating Geometry BVH Cube.238 238/239 | Building BVH
Fra:1 Mem:19.85M (Peak 27.57M) | Time:00:00.08 | Mem:0.38M, Peak:0.38M | Scene, ViewLayer | Updating Geometry BVH Cube.063 63/239 | Building BVH
Fra:1 Mem:19.85M (Peak 27.57M) | Time:00:00.08 | Mem:0.38M, Peak:0.38M | Scene, ViewLayer | Updating Geometry BVH Cube.237 237/239 | Building BVH
Fra:1 Mem:19.85M (Peak 27.57M) | Time:00:00.08 | Mem:0.38M, Peak:0.39M | Scene, ViewLayer | Updating Geometry BVH Cube.064 64/239 | Building BVH
Fra:1 Mem:19.85M (Peak 27.57M) | Time:00:00.08 | Mem:0.39M, Peak:0.39M | Scene, ViewLayer | Updating Geometry BVH Cube.236 236/239 | Building BVH
Fra:1 Mem:19.85M (Peak 27.57M) | Time:00:00.08 | Mem:0.39M, Peak:0.39M | Scene, ViewLayer | Updating Geometry BVH Cube.235 235/239 | Building BVH
Fra:1 Mem:19.86M (Peak 27.57M) | Time:00:00.08 | Mem:0.39M, Peak:0.39M | Scene, ViewLayer | Updating Geometry BVH Cube.065 65/239 | Building BVH
Fra:1 Mem:19.86M (Peak 27.57M) | Time:00:00.08 | Mem:0.39M, Peak:0.39M | Scene, ViewLayer | Updating Geometry BVH Cube.234 234/239 | Building BVH
Fra:1 Mem:19.86M (Peak 27.57M) | Time:00:00.08 | Mem:0.39M, Peak:0.39M | Scene, ViewLayer | Updating Geometry BVH Cube.066 66/239 | Building BVH
Fra:1 Mem:19.86M (Peak 27.57M) | Time:00:00.08 | Mem:0.39M, Peak:0.40M | Scene, ViewLayer | Updating Geometry BVH Cube.067 67/239 | Building BVH
Fra:1 Mem:19.86M (Peak 27.57M) | Time:00:00.08 | Mem:0.40M, Peak:0.40M | Scene, ViewLayer | Updating Geometry BVH Cube.068 68/239 | Building BVH
Fra:1 Mem:19.86M (Peak 27.57M) | Time:00:00.08 | Mem:0.40M, Peak:0.40M | Scene, ViewLayer | Updating Geometry BVH Cube.069 69/239 | Building BVH
Fra:1 Mem:19.86M (Peak 27.57M) | Time:00:00.08 | Mem:0.40M, Peak:0.40M | Scene, ViewLayer | Updating Geometry BVH Cube.070 70/239 | Building BVH
Fra:1 Mem:19.86M (Peak 27.57M) | Time:00:00.08 | Mem:0.40M, Peak:0.40M | Scene, ViewLayer | Updating Geometry BVH Cube.071 71/239 | Building BVH
Fra:1 Mem:19.86M (Peak 27.57M) | Time:00:00.08 | Mem:0.40M, Peak:0.40M | Scene, ViewLayer | Updating Geometry BVH Cube.072 72/239 | Building BVH
Fra:1 Mem:19.86M (Peak 27.57M) | Time:00:00.08 | Mem:0.40M, Peak:0.40M | Scene, ViewLayer | Updating Geometry BVH Cube.073 73/239 | Building BVH
Fra:1 Mem:19.86M (Peak 27.57M) | Time:00:00.08 | Mem:0.40M, Peak:0.40M | Scene, ViewLayer | Updating Geometry BVH Cube.074 74/239 | Building BVH
Fra:1 Mem:19.86M (Peak 27.57M) | Time:00:00.08 | Mem:0.40M, Peak:0.40M | Scene, ViewLayer | Updating Geometry BVH Cube.075 75/239 | Building BVH
Fra:1 Mem:19.86M (Peak 27.57M) | Time:00:00.08 | Mem:0.41M, Peak:0.41M | Scene, ViewLayer | Updating Geometry BVH Cube.076 76/239 | Building BVH
Fra:1 Mem:19.86M (Peak 27.57M) | Time:00:00.08 | Mem:0.41M, Peak:0.41M | Scene, ViewLayer | Updating Geometry BVH Cube.077 77/239 | Building BVH
Fra:1 Mem:19.86M (Peak 27.57M) | Time:00:00.08 | Mem:0.41M, Peak:0.41M | Scene, ViewLayer | Updating Geometry BVH Cube.078 78/239 | Building BVH
Fra:1 Mem:19.86M (Peak 27.57M) | Time:00:00.08 | Mem:0.41M, Peak:0.41M | Scene, ViewLayer | Updating Geometry BVH Cube.080 80/239 | Building BVH
Fra:1 Mem:19.86M (Peak 27.57M) | Time:00:00.08 | Mem:0.41M, Peak:0.41M | Scene, ViewLayer | Updating Geometry BVH Cube.081 81/239 | Building BVH
Fra:1 Mem:19.86M (Peak 27.57M) | Time:00:00.08 | Mem:0.41M, Peak:0.41M | Scene, ViewLayer | Updating Geometry BVH Cube.082 82/239 | Building BVH
Fra:1 Mem:19.86M (Peak 27.57M) | Time:00:00.08 | Mem:0.42M, Peak:0.42M | Scene, ViewLayer | Updating Geometry BVH Cube.083 83/239 | Building BVH
Fra:1 Mem:19.86M (Peak 27.57M) | Time:00:00.08 | Mem:0.42M, Peak:0.42M | Scene, ViewLayer | Updating Geometry BVH Cube.084 84/239 | Building BVH
Fra:1 Mem:19.86M (Peak 27.57M) | Time:00:00.08 | Mem:0.42M, Peak:0.42M | Scene, ViewLayer | Updating Geometry BVH Cube.086 86/239 | Building BVH
Fra:1 Mem:19.86M (Peak 27.57M) | Time:00:00.08 | Mem:0.42M, Peak:0.42M | Scene, ViewLayer | Updating Geometry BVH Cube.087 87/239 | Building BVH
Fra:1 Mem:19.86M (Peak 27.57M) | Time:00:00.08 | Mem:0.42M, Peak:0.42M | Scene, ViewLayer | Updating Geometry BVH Cube.088 88/239 | Building BVH
Fra:1 Mem:19.86M (Peak 27.57M) | Time:00:00.08 | Mem:0.42M, Peak:0.42M | Scene, ViewLayer | Updating Geometry BVH Cube.089 89/239 | Building BVH
Fra:1 Mem:19.86M (Peak 27.57M) | Time:00:00.08 | Mem:0.43M, Peak:0.43M | Scene, ViewLayer | Updating Geometry BVH Cube.090 90/239 | Building BVH
Fra:1 Mem:19.86M (Peak 27.57M) | Time:00:00.08 | Mem:0.43M, Peak:0.43M | Scene, ViewLayer | Updating Geometry BVH Cube.091 91/239 | Building BVH
Fra:1 Mem:19.86M (Peak 27.57M) | Time:00:00.08 | Mem:0.43M, Peak:0.43M | Scene, ViewLayer | Updating Geometry BVH Cube.092 92/239 | Building BVH
Fra:1 Mem:19.86M (Peak 27.57M) | Time:00:00.08 | Mem:0.43M, Peak:0.43M | Scene, ViewLayer | Updating Geometry BVH Cube.093 93/239 | Building BVH
Fra:1 Mem:19.86M (Peak 27.57M) | Time:00:00.08 | Mem:0.43M, Peak:0.43M | Scene, ViewLayer | Updating Geometry BVH Cube.094 94/239 | Building BVH
Fra:1 Mem:19.86M (Peak 27.57M) | Time:00:00.08 | Mem:0.43M, Peak:0.43M | Scene, ViewLayer | Updating Geometry BVH Cube.095 95/239 | Building BVH
Fra:1 Mem:19.86M (Peak 27.57M) | Time:00:00.08 | Mem:0.43M, Peak:0.43M | Scene, ViewLayer | Updating Geometry BVH Cube.096 96/239 | Building BVH
Fra:1 Mem:19.86M (Peak 27.57M) | Time:00:00.08 | Mem:0.43M, Peak:0.43M | Scene, ViewLayer | Updating Geometry BVH Cube.097 97/239 | Building BVH
Fra:1 Mem:19.86M (Peak 27.57M) | Time:00:00.08 | Mem:0.44M, Peak:0.44M | Scene, ViewLayer | Updating Geometry BVH Cube.099 99/239 | Building BVH
Fra:1 Mem:19.86M (Peak 27.57M) | Time:00:00.08 | Mem:0.44M, Peak:0.44M | Scene, ViewLayer | Updating Geometry BVH Cube.101 101/239 | Building BVH
Fra:1 Mem:19.86M (Peak 27.57M) | Time:00:00.08 | Mem:0.44M, Peak:0.44M | Scene, ViewLayer | Updating Geometry BVH Cube.103 103/239 | Building BVH
Fra:1 Mem:19.86M (Peak 27.57M) | Time:00:00.08 | Mem:0.44M, Peak:0.44M | Scene, ViewLayer | Updating Geometry BVH Cube.104 104/239 | Building BVH
Fra:1 Mem:19.86M (Peak 27.57M) | Time:00:00.08 | Mem:0.44M, Peak:0.44M | Scene, ViewLayer | Updating Geometry BVH Cube.105 105/239 | Building BVH
Fra:1 Mem:19.86M (Peak 27.57M) | Time:00:00.08 | Mem:0.45M, Peak:0.45M | Scene, ViewLayer | Updating Geometry BVH Cube.106 106/239 | Building BVH
Fra:1 Mem:19.86M (Peak 27.57M) | Time:00:00.08 | Mem:0.45M, Peak:0.45M | Scene, ViewLayer | Updating Geometry BVH Cube.107 107/239 | Building BVH
Fra:1 Mem:19.86M (Peak 27.57M) | Time:00:00.08 | Mem:0.45M, Peak:0.45M | Scene, ViewLayer | Updating Geometry BVH Cube.108 108/239 | Building BVH
Fra:1 Mem:19.86M (Peak 27.57M) | Time:00:00.08 | Mem:0.45M, Peak:0.45M | Scene, ViewLayer | Updating Geometry BVH Cube.109 109/239 | Building BVH
Fra:1 Mem:19.86M (Peak 27.57M) | Time:00:00.08 | Mem:0.45M, Peak:0.45M | Scene, ViewLayer | Updating Geometry BVH Cube.110 110/239 | Building BVH
Fra:1 Mem:19.86M (Peak 27.57M) | Time:00:00.08 | Mem:0.45M, Peak:0.45M | Scene, ViewLayer | Updating Geometry BVH Cube.111 111/239 | Building BVH
Fra:1 Mem:19.86M (Peak 27.57M) | Time:00:00.08 | Mem:0.45M, Peak:0.45M | Scene, ViewLayer | Updating Geometry BVH Cube.112 112/239 | Building BVH
Fra:1 Mem:19.86M (Peak 27.57M) | Time:00:00.08 | Mem:0.45M, Peak:0.46M | Scene, ViewLayer | Updating Geometry BVH Cube.113 113/239 | Building BVH
Fra:1 Mem:19.86M (Peak 27.57M) | Time:00:00.08 | Mem:0.46M, Peak:0.46M | Scene, ViewLayer | Updating Geometry BVH Cube.114 114/239 | Building BVH
Fra:1 Mem:19.86M (Peak 27.57M) | Time:00:00.08 | Mem:0.46M, Peak:0.46M | Scene, ViewLayer | Updating Geometry BVH Cube.115 115/239 | Building BVH
Fra:1 Mem:19.86M (Peak 27.57M) | Time:00:00.08 | Mem:0.46M, Peak:0.46M | Scene, ViewLayer | Updating Geometry BVH Cube.116 116/239 | Building BVH
Fra:1 Mem:19.86M (Peak 27.57M) | Time:00:00.08 | Mem:0.46M, Peak:0.46M | Scene, ViewLayer | Updating Geometry BVH Cube.118 118/239 | Building BVH
Fra:1 Mem:19.86M (Peak 27.57M) | Time:00:00.08 | Mem:0.46M, Peak:0.46M | Scene, ViewLayer | Updating Geometry BVH Cube.119 119/239 | Building BVH
Fra:1 Mem:19.86M (Peak 27.57M) | Time:00:00.08 | Mem:0.46M, Peak:0.46M | Scene, ViewLayer | Updating Geometry BVH Cube.120 120/239 | Building BVH
Fra:1 Mem:19.86M (Peak 27.57M) | Time:00:00.08 | Mem:0.47M, Peak:0.47M | Scene, ViewLayer | Updating Geometry BVH Cube.122 122/239 | Building BVH
Fra:1 Mem:19.86M (Peak 27.57M) | Time:00:00.08 | Mem:0.47M, Peak:0.47M | Scene, ViewLayer | Updating Geometry BVH Cube.124 124/239 | Building BVH
Fra:1 Mem:19.86M (Peak 27.57M) | Time:00:00.08 | Mem:0.47M, Peak:0.47M | Scene, ViewLayer | Updating Geometry BVH Cube.125 125/239 | Building BVH
Fra:1 Mem:19.86M (Peak 27.57M) | Time:00:00.08 | Mem:0.47M, Peak:0.47M | Scene, ViewLayer | Updating Geometry BVH Cube.126 126/239 | Building BVH
Fra:1 Mem:19.86M (Peak 27.57M) | Time:00:00.08 | Mem:0.47M, Peak:0.47M | Scene, ViewLayer | Updating Geometry BVH Cube.127 127/239 | Building BVH
Fra:1 Mem:19.86M (Peak 27.57M) | Time:00:00.08 | Mem:0.48M, Peak:0.48M | Scene, ViewLayer | Updating Geometry BVH Cube.129 129/239 | Building BVH
Fra:1 Mem:19.86M (Peak 27.57M) | Time:00:00.08 | Mem:0.48M, Peak:0.48M | Scene, ViewLayer | Updating Geometry BVH Cube.130 130/239 | Building BVH
Fra:1 Mem:19.86M (Peak 27.57M) | Time:00:00.08 | Mem:0.48M, Peak:0.48M | Scene, ViewLayer | Updating Geometry BVH Cube.131 131/239 | Building BVH
Fra:1 Mem:19.86M (Peak 27.57M) | Time:00:00.08 | Mem:0.48M, Peak:0.48M | Scene, ViewLayer | Updating Geometry BVH Cube.132 132/239 | Building BVH
Fra:1 Mem:19.86M (Peak 27.57M) | Time:00:00.08 | Mem:0.48M, Peak:0.48M | Scene, ViewLayer | Updating Geometry BVH Cube.133 133/239 | Building BVH
Fra:1 Mem:19.86M (Peak 27.57M) | Time:00:00.08 | Mem:0.48M, Peak:0.48M | Scene, ViewLayer | Updating Geometry BVH Cube.134 134/239 | Building BVH
Fra:1 Mem:19.86M (Peak 27.57M) | Time:00:00.08 | Mem:0.49M, Peak:0.49M | Scene, ViewLayer | Updating Geometry BVH Cube.135 135/239 | Building BVH
Fra:1 Mem:19.86M (Peak 27.57M) | Time:00:00.08 | Mem:0.49M, Peak:0.49M | Scene, ViewLayer | Updating Geometry BVH Cube.136 136/239 | Building BVH
Fra:1 Mem:19.86M (Peak 27.57M) | Time:00:00.08 | Mem:0.49M, Peak:0.49M | Scene, ViewLayer | Updating Geometry BVH Cube.233 233/239 | Building BVH
Fra:1 Mem:19.86M (Peak 27.57M) | Time:00:00.08 | Mem:0.49M, Peak:0.49M | Scene, ViewLayer | Updating Geometry BVH Cube.232 232/239 | Building BVH
Fra:1 Mem:19.86M (Peak 27.57M) | Time:00:00.08 | Mem:0.49M, Peak:0.49M | Scene, ViewLayer | Updating Geometry BVH Cube.137 137/239 | Building BVH
Fra:1 Mem:19.86M (Peak 27.57M) | Time:00:00.08 | Mem:0.49M, Peak:0.49M | Scene, ViewLayer | Updating Geometry BVH Cube.231 231/239 | Building BVH
Fra:1 Mem:19.86M (Peak 27.57M) | Time:00:00.08 | Mem:0.49M, Peak:0.49M | Scene, ViewLayer | Updating Geometry BVH Cube.138 138/239 | Building BVH
Fra:1 Mem:19.86M (Peak 27.57M) | Time:00:00.08 | Mem:0.50M, Peak:0.50M | Scene, ViewLayer | Updating Geometry BVH Cube.140 140/239 | Building BVH
Fra:1 Mem:19.86M (Peak 27.57M) | Time:00:00.08 | Mem:0.50M, Peak:0.50M | Scene, ViewLayer | Updating Geometry BVH Cube.141 141/239 | Building BVH
Fra:1 Mem:19.86M (Peak 27.57M) | Time:00:00.08 | Mem:0.50M, Peak:0.50M | Scene, ViewLayer | Updating Geometry BVH Cube.142 142/239 | Building BVH
Fra:1 Mem:19.86M (Peak 27.57M) | Time:00:00.08 | Mem:0.50M, Peak:0.50M | Scene, ViewLayer | Updating Geometry BVH Cube.143 143/239 | Building BVH
Fra:1 Mem:19.86M (Peak 27.57M) | Time:00:00.08 | Mem:0.50M, Peak:0.50M | Scene, ViewLayer | Updating Geometry BVH Cube.144 144/239 | Building BVH
Fra:1 Mem:19.86M (Peak 27.57M) | Time:00:00.08 | Mem:0.50M, Peak:0.50M | Scene, ViewLayer | Updating Geometry BVH Cube.145 145/239 | Building BVH
Fra:1 Mem:19.86M (Peak 27.57M) | Time:00:00.08 | Mem:0.50M, Peak:0.50M | Scene, ViewLayer | Updating Geometry BVH Cube.230 230/239 | Building BVH
Fra:1 Mem:19.86M (Peak 27.57M) | Time:00:00.08 | Mem:0.51M, Peak:0.51M | Scene, ViewLayer | Updating Geometry BVH Cube.147 147/239 | Building BVH
Fra:1 Mem:19.86M (Peak 27.57M) | Time:00:00.08 | Mem:0.51M, Peak:0.51M | Scene, ViewLayer | Updating Geometry BVH Cube.146 146/239 | Building BVH
Fra:1 Mem:19.86M (Peak 27.57M) | Time:00:00.08 | Mem:0.51M, Peak:0.51M | Scene, ViewLayer | Updating Geometry BVH Cube.148 148/239 | Building BVH
Fra:1 Mem:19.86M (Peak 27.57M) | Time:00:00.08 | Mem:0.51M, Peak:0.51M | Scene, ViewLayer | Updating Geometry BVH Cube.149 149/239 | Building BVH
Fra:1 Mem:19.86M (Peak 27.57M) | Time:00:00.08 | Mem:0.51M, Peak:0.51M | Scene, ViewLayer | Updating Geometry BVH Cube.150 150/239 | Building BVH
Fra:1 Mem:19.86M (Peak 27.57M) | Time:00:00.08 | Mem:0.51M, Peak:0.51M | Scene, ViewLayer | Updating Geometry BVH Cube.151 151/239 | Building BVH
Fra:1 Mem:19.86M (Peak 27.57M) | Time:00:00.08 | Mem:0.51M, Peak:0.51M | Scene, ViewLayer | Updating Geometry BVH Cube.152 152/239 | Building BVH
Fra:1 Mem:19.86M (Peak 27.57M) | Time:00:00.08 | Mem:0.51M, Peak:0.51M | Scene, ViewLayer | Updating Geometry BVH Cube.229 229/239 | Building BVH
Fra:1 Mem:19.86M (Peak 27.57M) | Time:00:00.08 | Mem:0.52M, Peak:0.52M | Scene, ViewLayer | Updating Geometry BVH Cube.153 153/239 | Building BVH
Fra:1 Mem:19.86M (Peak 27.57M) | Time:00:00.08 | Mem:0.52M, Peak:0.52M | Scene, ViewLayer | Updating Geometry BVH Cube.228 228/239 | Building BVH
Fra:1 Mem:19.86M (Peak 27.57M) | Time:00:00.08 | Mem:0.52M, Peak:0.52M | Scene, ViewLayer | Updating Geometry BVH Cube.154 154/239 | Building BVH
Fra:1 Mem:19.86M (Peak 27.57M) | Time:00:00.08 | Mem:0.52M, Peak:0.52M | Scene, ViewLayer | Updating Geometry BVH Cube.156 156/239 | Building BVH
Fra:1 Mem:19.86M (Peak 27.57M) | Time:00:00.08 | Mem:0.52M, Peak:0.52M | Scene, ViewLayer | Updating Geometry BVH Cube.157 157/239 | Building BVH
Fra:1 Mem:19.86M (Peak 27.57M) | Time:00:00.08 | Mem:0.52M, Peak:0.52M | Scene, ViewLayer | Updating Geometry BVH Cube.158 158/239 | Building BVH
Fra:1 Mem:19.86M (Peak 27.57M) | Time:00:00.08 | Mem:0.52M, Peak:0.53M | Scene, ViewLayer | Updating Geometry BVH Cube.159 159/239 | Building BVH
Fra:1 Mem:19.86M (Peak 27.57M) | Time:00:00.08 | Mem:0.53M, Peak:0.53M | Scene, ViewLayer | Updating Geometry BVH Cube.160 160/239 | Building BVH
Fra:1 Mem:19.86M (Peak 27.57M) | Time:00:00.08 | Mem:0.53M, Peak:0.53M | Scene, ViewLayer | Updating Geometry BVH Cube.162 162/239 | Building BVH
Fra:1 Mem:19.86M (Peak 27.57M) | Time:00:00.08 | Mem:0.53M, Peak:0.53M | Scene, ViewLayer | Updating Geometry BVH Cube.227 227/239 | Building BVH
Fra:1 Mem:19.86M (Peak 27.57M) | Time:00:00.08 | Mem:0.53M, Peak:0.53M | Scene, ViewLayer | Updating Geometry BVH Cube.226 226/239 | Building BVH
Fra:1 Mem:19.86M (Peak 27.57M) | Time:00:00.08 | Mem:0.53M, Peak:0.53M | Scene, ViewLayer | Updating Geometry BVH Cube.163 163/239 | Building BVH
Fra:1 Mem:19.86M (Peak 27.57M) | Time:00:00.08 | Mem:0.54M, Peak:0.54M | Scene, ViewLayer | Updating Geometry BVH Cube.164 164/239 | Building BVH
Fra:1 Mem:19.86M (Peak 27.57M) | Time:00:00.08 | Mem:0.54M, Peak:0.54M | Scene, ViewLayer | Updating Geometry BVH Cube.165 165/239 | Building BVH
Fra:1 Mem:19.86M (Peak 27.57M) | Time:00:00.08 | Mem:0.54M, Peak:0.54M | Scene, ViewLayer | Updating Geometry BVH Cube.166 166/239 | Building BVH
Fra:1 Mem:19.86M (Peak 27.57M) | Time:00:00.08 | Mem:0.54M, Peak:0.54M | Scene, ViewLayer | Updating Geometry BVH Cube.167 167/239 | Building BVH
Fra:1 Mem:19.86M (Peak 27.57M) | Time:00:00.08 | Mem:0.54M, Peak:0.54M | Scene, ViewLayer | Updating Geometry BVH Cube.168 168/239 | Building BVH
Fra:1 Mem:19.86M (Peak 27.57M) | Time:00:00.08 | Mem:0.54M, Peak:0.54M | Scene, ViewLayer | Updating Geometry BVH Cube.169 169/239 | Building BVH
Fra:1 Mem:19.86M (Peak 27.57M) | Time:00:00.08 | Mem:0.54M, Peak:0.54M | Scene, ViewLayer | Updating Geometry BVH Cube.225 225/239 | Building BVH
Fra:1 Mem:19.86M (Peak 27.57M) | Time:00:00.08 | Mem:0.54M, Peak:0.54M | Scene, ViewLayer | Updating Geometry BVH Cube.170 170/239 | Building BVH
Fra:1 Mem:19.86M (Peak 27.57M) | Time:00:00.08 | Mem:0.55M, Peak:0.55M | Scene, ViewLayer | Updating Geometry BVH Cube.171 171/239 | Building BVH
Fra:1 Mem:19.86M (Peak 27.57M) | Time:00:00.08 | Mem:0.55M, Peak:0.55M | Scene, ViewLayer | Updating Geometry BVH Cube.172 172/239 | Building BVH
Fra:1 Mem:19.86M (Peak 27.57M) | Time:00:00.08 | Mem:0.55M, Peak:0.55M | Scene, ViewLayer | Updating Geometry BVH Cube.174 174/239 | Building BVH
Fra:1 Mem:19.86M (Peak 27.57M) | Time:00:00.08 | Mem:0.55M, Peak:0.55M | Scene, ViewLayer | Updating Geometry BVH Cube.175 175/239 | Building BVH
Fra:1 Mem:19.86M (Peak 27.57M) | Time:00:00.08 | Mem:0.55M, Peak:0.55M | Scene, ViewLayer | Updating Geometry BVH Cube.176 176/239 | Building BVH
Fra:1 Mem:19.86M (Peak 27.57M) | Time:00:00.08 | Mem:0.56M, Peak:0.56M | Scene, ViewLayer | Updating Geometry BVH Cube.177 177/239 | Building BVH
Fra:1 Mem:19.86M (Peak 27.57M) | Time:00:00.08 | Mem:0.56M, Peak:0.56M | Scene, ViewLayer | Updating Geometry BVH Cube.179 179/239 | Building BVH
Fra:1 Mem:19.86M (Peak 27.57M) | Time:00:00.08 | Mem:0.56M, Peak:0.56M | Scene, ViewLayer | Updating Geometry BVH Cube.180 180/239 | Building BVH
Fra:1 Mem:19.86M (Peak 27.57M) | Time:00:00.08 | Mem:0.56M, Peak:0.56M | Scene, ViewLayer | Updating Geometry BVH Cube.181 181/239 | Building BVH
Fra:1 Mem:19.86M (Peak 27.57M) | Time:00:00.08 | Mem:0.56M, Peak:0.56M | Scene, ViewLayer | Updating Geometry BVH Cube.182 182/239 | Building BVH
Fra:1 Mem:19.86M (Peak 27.57M) | Time:00:00.08 | Mem:0.56M, Peak:0.56M | Scene, ViewLayer | Updating Geometry BVH Cube.183 183/239 | Building BVH
Fra:1 Mem:19.86M (Peak 27.57M) | Time:00:00.08 | Mem:0.56M, Peak:0.56M | Scene, ViewLayer | Updating Geometry BVH Cube.184 184/239 | Building BVH
Fra:1 Mem:19.86M (Peak 27.57M) | Time:00:00.08 | Mem:0.57M, Peak:0.57M | Scene, ViewLayer | Updating Geometry BVH Cube.185 185/239 | Building BVH
Fra:1 Mem:19.86M (Peak 27.57M) | Time:00:00.08 | Mem:0.57M, Peak:0.57M | Scene, ViewLayer | Updating Geometry BVH Cube.186 186/239 | Building BVH
Fra:1 Mem:19.86M (Peak 27.57M) | Time:00:00.08 | Mem:0.57M, Peak:0.57M | Scene, ViewLayer | Updating Geometry BVH Cube.187 187/239 | Building BVH
Fra:1 Mem:19.86M (Peak 27.57M) | Time:00:00.08 | Mem:0.57M, Peak:0.57M | Scene, ViewLayer | Updating Geometry BVH Cube.188 188/239 | Building BVH
Fra:1 Mem:19.86M (Peak 27.57M) | Time:00:00.08 | Mem:0.57M, Peak:0.57M | Scene, ViewLayer | Updating Geometry BVH Cube.189 189/239 | Building BVH
Fra:1 Mem:19.86M (Peak 27.57M) | Time:00:00.08 | Mem:0.57M, Peak:0.57M | Scene, ViewLayer | Updating Geometry BVH Cube.190 190/239 | Building BVH
Fra:1 Mem:19.86M (Peak 27.57M) | Time:00:00.08 | Mem:0.57M, Peak:0.57M | Scene, ViewLayer | Updating Geometry BVH Cube.191 191/239 | Building BVH
Fra:1 Mem:19.86M (Peak 27.57M) | Time:00:00.08 | Mem:0.57M, Peak:0.58M | Scene, ViewLayer | Updating Geometry BVH Cube.192 192/239 | Building BVH
Fra:1 Mem:19.86M (Peak 27.57M) | Time:00:00.08 | Mem:0.58M, Peak:0.58M | Scene, ViewLayer | Updating Geometry BVH Cube.193 193/239 | Building BVH
Fra:1 Mem:19.86M (Peak 27.57M) | Time:00:00.08 | Mem:0.58M, Peak:0.58M | Scene, ViewLayer | Updating Geometry BVH Cube.194 194/239 | Building BVH
Fra:1 Mem:19.86M (Peak 27.57M) | Time:00:00.08 | Mem:0.58M, Peak:0.58M | Scene, ViewLayer | Updating Geometry BVH Cube.195 195/239 | Building BVH
Fra:1 Mem:19.86M (Peak 27.57M) | Time:00:00.08 | Mem:0.58M, Peak:0.58M | Scene, ViewLayer | Updating Geometry BVH Cube.196 196/239 | Building BVH
Fra:1 Mem:19.86M (Peak 27.57M) | Time:00:00.08 | Mem:0.58M, Peak:0.58M | Scene, ViewLayer | Updating Geometry BVH Cube.224 224/239 | Building BVH
Fra:1 Mem:19.86M (Peak 27.57M) | Time:00:00.08 | Mem:0.58M, Peak:0.58M | Scene, ViewLayer | Updating Geometry BVH Cube.198 198/239 | Building BVH
Fra:1 Mem:19.86M (Peak 27.57M) | Time:00:00.08 | Mem:0.59M, Peak:0.59M | Scene, ViewLayer | Updating Geometry BVH Cube.199 199/239 | Building BVH
Fra:1 Mem:19.86M (Peak 27.57M) | Time:00:00.08 | Mem:0.59M, Peak:0.59M | Scene, ViewLayer | Updating Geometry BVH Cube.200 200/239 | Building BVH
Fra:1 Mem:19.86M (Peak 27.57M) | Time:00:00.08 | Mem:0.59M, Peak:0.59M | Scene, ViewLayer | Updating Geometry BVH Cube.201 201/239 | Building BVH
Fra:1 Mem:19.86M (Peak 27.57M) | Time:00:00.08 | Mem:0.59M, Peak:0.59M | Scene, ViewLayer | Updating Geometry BVH Cube.202 202/239 | Building BVH
Fra:1 Mem:19.86M (Peak 27.57M) | Time:00:00.08 | Mem:0.59M, Peak:0.59M | Scene, ViewLayer | Updating Geometry BVH Cube.203 203/239 | Building BVH
Fra:1 Mem:19.86M (Peak 27.57M) | Time:00:00.08 | Mem:0.59M, Peak:0.59M | Scene, ViewLayer | Updating Geometry BVH Cube.204 204/239 | Building BVH
Fra:1 Mem:19.86M (Peak 27.57M) | Time:00:00.08 | Mem:0.59M, Peak:0.59M | Scene, ViewLayer | Updating Geometry BVH Cube.205 205/239 | Building BVH
Fra:1 Mem:19.86M (Peak 27.57M) | Time:00:00.08 | Mem:0.59M, Peak:0.59M | Scene, ViewLayer | Updating Geometry BVH Cube.206 206/239 | Building BVH
Fra:1 Mem:19.86M (Peak 27.57M) | Time:00:00.08 | Mem:0.59M, Peak:0.59M | Scene, ViewLayer | Updating Geometry BVH Cube.207 207/239 | Building BVH
Fra:1 Mem:19.86M (Peak 27.57M) | Time:00:00.08 | Mem:0.60M, Peak:0.60M | Scene, ViewLayer | Updating Geometry BVH Cube.208 208/239 | Building BVH
Fra:1 Mem:19.86M (Peak 27.57M) | Time:00:00.08 | Mem:0.60M, Peak:0.60M | Scene, ViewLayer | Updating Geometry BVH Cube.209 209/239 | Building BVH
Fra:1 Mem:19.86M (Peak 27.57M) | Time:00:00.08 | Mem:0.60M, Peak:0.60M | Scene, ViewLayer | Updating Geometry BVH Cube.210 210/239 | Building BVH
Fra:1 Mem:19.86M (Peak 27.57M) | Time:00:00.08 | Mem:0.60M, Peak:0.60M | Scene, ViewLayer | Updating Geometry BVH Cube.211 211/239 | Building BVH
Fra:1 Mem:19.86M (Peak 27.57M) | Time:00:00.08 | Mem:0.60M, Peak:0.60M | Scene, ViewLayer | Updating Geometry BVH Cube.212 212/239 | Building BVH
Fra:1 Mem:19.86M (Peak 27.57M) | Time:00:00.08 | Mem:0.60M, Peak:0.60M | Scene, ViewLayer | Updating Geometry BVH Cube.213 213/239 | Building BVH
Fra:1 Mem:19.86M (Peak 27.57M) | Time:00:00.08 | Mem:0.60M, Peak:0.60M | Scene, ViewLayer | Updating Geometry BVH Cube.214 214/239 | Building BVH
Fra:1 Mem:19.86M (Peak 27.57M) | Time:00:00.08 | Mem:0.61M, Peak:0.61M | Scene, ViewLayer | Updating Geometry BVH Cube.215 215/239 | Building BVH
Fra:1 Mem:19.86M (Peak 27.57M) | Time:00:00.08 | Mem:0.61M, Peak:0.61M | Scene, ViewLayer | Updating Geometry BVH Cube.216 216/239 | Building BVH
Fra:1 Mem:19.86M (Peak 27.57M) | Time:00:00.08 | Mem:0.61M, Peak:0.61M | Scene, ViewLayer | Updating Geometry BVH Cube.217 217/239 | Building BVH
Fra:1 Mem:19.86M (Peak 27.57M) | Time:00:00.08 | Mem:0.61M, Peak:0.61M | Scene, ViewLayer | Updating Geometry BVH Cube.218 218/239 | Building BVH
Fra:1 Mem:19.86M (Peak 27.57M) | Time:00:00.08 | Mem:0.61M, Peak:0.61M | Scene, ViewLayer | Updating Geometry BVH Cube.219 219/239 | Building BVH
Fra:1 Mem:19.86M (Peak 27.57M) | Time:00:00.08 | Mem:0.61M, Peak:0.62M | Scene, ViewLayer | Updating Geometry BVH Cube.220 220/239 | Building BVH
Fra:1 Mem:19.86M (Peak 27.57M) | Time:00:00.08 | Mem:0.62M, Peak:0.62M | Scene, ViewLayer | Updating Geometry BVH Cube.222 222/239 | Building BVH
Fra:1 Mem:19.86M (Peak 27.57M) | Time:00:00.08 | Mem:0.62M, Peak:0.62M | Scene, ViewLayer | Updating Geometry BVH Cube.223 223/239 | Building BVH
Fra:1 Mem:19.86M (Peak 27.57M) | Time:00:00.08 | Mem:0.64M, Peak:0.64M | Scene, ViewLayer | Updating Scene BVH | Building
Fra:1 Mem:19.86M (Peak 27.57M) | Time:00:00.08 | Mem:0.64M, Peak:0.64M | Scene, ViewLayer | Updating Scene BVH | Building BVH
Fra:1 Mem:19.86M (Peak 27.57M) | Time:00:00.08 | Mem:0.66M, Peak:0.67M | Scene, ViewLayer | Updating Scene BVH | Copying BVH to device
Fra:1 Mem:19.86M (Peak 27.57M) | Time:00:00.08 | Mem:0.66M, Peak:0.67M | Scene, ViewLayer | Updating Mesh | Computing normals
Fra:1 Mem:20.06M (Peak 27.57M) | Time:00:00.08 | Mem:0.66M, Peak:0.67M | Scene, ViewLayer | Updating Mesh | Copying Mesh to device
Fra:1 Mem:20.06M (Peak 27.57M) | Time:00:00.08 | Mem:0.86M, Peak:0.86M | Scene, ViewLayer | Updating Objects Flags
Fra:1 Mem:20.06M (Peak 27.57M) | Time:00:00.08 | Mem:0.86M, Peak:0.86M | Scene, ViewLayer | Updating Primitive Offsets
Fra:1 Mem:20.06M (Peak 27.57M) | Time:00:00.08 | Mem:0.86M, Peak:0.86M | Scene, ViewLayer | Updating Images
Fra:1 Mem:20.06M (Peak 27.57M) | Time:00:00.08 | Mem:0.86M, Peak:0.86M | Scene, ViewLayer | Updating Images | Loading lining_light.png
Fra:1 Mem:20.06M (Peak 27.57M) | Time:00:00.08 | Mem:0.86M, Peak:0.86M | Scene, ViewLayer | Updating Images | Loading calcite_shadow.png
Fra:1 Mem:20.06M (Peak 27.57M) | Time:00:00.08 | Mem:0.86M, Peak:0.86M | Scene, ViewLayer | Updating Images | Loading side_relief.png
Fra:1 Mem:20.06M (Peak 27.57M) | Time:00:00.08 | Mem:0.86M, Peak:0.86M | Scene, ViewLayer | Updating Images | Loading bud_lilac.png
Fra:1 Mem:20.07M (Peak 27.57M) | Time:00:00.08 | Mem:0.86M, Peak:0.86M | Scene, ViewLayer | Updating Images | Loading side_backing_emission.png
Fra:1 Mem:20.09M (Peak 27.57M) | Time:00:00.09 | Mem:0.86M, Peak:0.86M | Scene, ViewLayer | Updating Images | Loading calcite_light_emission.png
Fra:1 Mem:20.09M (Peak 27.57M) | Time:00:00.09 | Mem:0.86M, Peak:0.86M | Scene, ViewLayer | Updating Images | Loading bud_silver_emission.png
Fra:1 Mem:20.09M (Peak 27.57M) | Time:00:00.09 | Mem:0.86M, Peak:0.86M | Scene, ViewLayer | Updating Images | Loading engraved_amethyst_normal_preview.png
Fra:1 Mem:20.09M (Peak 27.57M) | Time:00:00.09 | Mem:0.87M, Peak:0.87M | Scene, ViewLayer | Updating Images | Loading bud_pink_emission.png
Fra:1 Mem:20.09M (Peak 27.57M) | Time:00:00.09 | Mem:0.87M, Peak:0.87M | Scene, ViewLayer | Updating Images | Loading calcite_emission.png
Fra:1 Mem:20.09M (Peak 27.57M) | Time:00:00.09 | Mem:0.87M, Peak:0.87M | Scene, ViewLayer | Updating Images | Loading basalt_emission.png
Fra:1 Mem:20.09M (Peak 27.57M) | Time:00:00.09 | Mem:0.87M, Peak:0.87M | Scene, ViewLayer | Updating Images | Loading lining_light_emission.png
Fra:1 Mem:20.09M (Peak 27.57M) | Time:00:00.09 | Mem:0.87M, Peak:0.87M | Scene, ViewLayer | Updating Images | Loading lining_emission.png
Fra:1 Mem:20.09M (Peak 27.57M) | Time:00:00.09 | Mem:0.87M, Peak:0.87M | Scene, ViewLayer | Updating Images | Loading side_relief_emission.png
Fra:1 Mem:20.09M (Peak 27.57M) | Time:00:00.09 | Mem:0.87M, Peak:0.87M | Scene, ViewLayer | Updating Images | Loading engraved_glint_emission.png
Fra:1 Mem:20.09M (Peak 27.57M) | Time:00:00.09 | Mem:0.87M, Peak:0.87M | Scene, ViewLayer | Updating Images | Loading side_backing_metal.png
Fra:1 Mem:20.09M (Peak 27.57M) | Time:00:00.09 | Mem:0.87M, Peak:0.87M | Scene, ViewLayer | Updating Images | Loading calcite_shadow_metal.png
Fra:1 Mem:20.09M (Peak 27.57M) | Time:00:00.10 | Mem:0.88M, Peak:0.88M | Scene, ViewLayer | Updating Images | Loading calcite_light_metal.png
Fra:1 Mem:20.09M (Peak 27.57M) | Time:00:00.10 | Mem:0.88M, Peak:0.88M | Scene, ViewLayer | Updating Images | Loading bud_lilac_metal.png
Fra:1 Mem:20.09M (Peak 27.57M) | Time:00:00.10 | Mem:0.88M, Peak:0.88M | Scene, ViewLayer | Updating Images | Loading bud_pink_metal.png
Fra:1 Mem:20.09M (Peak 27.57M) | Time:00:00.10 | Mem:0.88M, Peak:0.88M | Scene, ViewLayer | Updating Images | Loading basalt_metal.png
Fra:1 Mem:20.10M (Peak 27.57M) | Time:00:00.10 | Mem:0.88M, Peak:0.88M | Scene, ViewLayer | Updating Images | Loading calcite_metal.png
Fra:1 Mem:20.10M (Peak 27.57M) | Time:00:00.10 | Mem:0.88M, Peak:0.88M | Scene, ViewLayer | Updating Images | Loading lining_metal.png
Fra:1 Mem:20.10M (Peak 27.57M) | Time:00:00.10 | Mem:0.88M, Peak:0.88M | Scene, ViewLayer | Updating Images | Loading lining_light_metal.png
Fra:1 Mem:20.10M (Peak 27.57M) | Time:00:00.10 | Mem:0.88M, Peak:0.88M | Scene, ViewLayer | Updating Images | Loading side_relief_metal.png
Fra:1 Mem:20.10M (Peak 27.57M) | Time:00:00.10 | Mem:0.88M, Peak:0.88M | Scene, ViewLayer | Updating Images | Loading engraved_glint_metal.png
Fra:1 Mem:20.10M (Peak 27.57M) | Time:00:00.10 | Mem:0.88M, Peak:0.88M | Scene, ViewLayer | Updating Images | Loading engraved_amethyst_metal.png
Fra:1 Mem:20.10M (Peak 27.57M) | Time:00:00.10 | Mem:0.88M, Peak:0.88M | Scene, ViewLayer | Updating Images | Loading basalt_dark_metal.png
Fra:1 Mem:20.10M (Peak 27.57M) | Time:00:00.10 | Mem:0.88M, Peak:0.88M | Scene, ViewLayer | Updating Images | Loading side_backing_sss.png
Fra:1 Mem:20.10M (Peak 27.57M) | Time:00:00.10 | Mem:0.88M, Peak:0.88M | Scene, ViewLayer | Updating Images | Loading bud_lilac_sss.png
Fra:1 Mem:20.10M (Peak 27.57M) | Time:00:00.10 | Mem:0.88M, Peak:0.88M | Scene, ViewLayer | Updating Images | Loading calcite_shadow_sss.png
Fra:1 Mem:20.10M (Peak 27.57M) | Time:00:00.11 | Mem:0.88M, Peak:0.88M | Scene, ViewLayer | Updating Images | Loading calcite_light_sss.png
Fra:1 Mem:20.10M (Peak 27.57M) | Time:00:00.11 | Mem:0.88M, Peak:0.88M | Scene, ViewLayer | Updating Images | Loading bud_silver_sss.png
Fra:1 Mem:20.10M (Peak 27.57M) | Time:00:00.11 | Mem:0.88M, Peak:0.88M | Scene, ViewLayer | Updating Images | Loading basalt_sss.png
Fra:1 Mem:20.10M (Peak 27.57M) | Time:00:00.11 | Mem:0.88M, Peak:0.88M | Scene, ViewLayer | Updating Images | Loading lining_light_sss.png
Fra:1 Mem:20.10M (Peak 27.57M) | Time:00:00.11 | Mem:0.88M, Peak:0.88M | Scene, ViewLayer | Updating Images | Loading side_relief_sss.png
Fra:1 Mem:20.10M (Peak 27.57M) | Time:00:00.11 | Mem:0.88M, Peak:0.88M | Scene, ViewLayer | Updating Images | Loading lining_sss.png
Fra:1 Mem:20.10M (Peak 27.57M) | Time:00:00.11 | Mem:0.88M, Peak:0.88M | Scene, ViewLayer | Updating Images | Loading engraved_glint_sss.png
Fra:1 Mem:20.10M (Peak 27.57M) | Time:00:00.11 | Mem:0.88M, Peak:0.88M | Scene, ViewLayer | Updating Images | Loading engraved_amethyst_sss.png
Fra:1 Mem:20.10M (Peak 27.57M) | Time:00:00.11 | Mem:0.88M, Peak:0.88M | Scene, ViewLayer | Updating Images | Loading basalt_dark_sss.png
Fra:1 Mem:20.10M (Peak 27.57M) | Time:00:00.11 | Mem:0.88M, Peak:0.88M | Scene, ViewLayer | Updating Images | Loading bud_lilac_roughness.png
Fra:1 Mem:20.10M (Peak 27.57M) | Time:00:00.11 | Mem:0.88M, Peak:0.88M | Scene, ViewLayer | Updating Images | Loading calcite_light_roughness.png
Fra:1 Mem:20.10M (Peak 27.57M) | Time:00:00.11 | Mem:0.88M, Peak:0.88M | Scene, ViewLayer | Updating Images | Loading side_backing_roughness.png
Fra:1 Mem:20.10M (Peak 27.57M) | Time:00:00.11 | Mem:0.88M, Peak:0.88M | Scene, ViewLayer | Updating Images | Loading calcite_shadow_roughness.png
Fra:1 Mem:20.10M (Peak 27.57M) | Time:00:00.12 | Mem:0.88M, Peak:0.88M | Scene, ViewLayer | Updating Images | Loading bud_silver_roughness.png
Fra:1 Mem:20.10M (Peak 27.57M) | Time:00:00.12 | Mem:0.88M, Peak:0.88M | Scene, ViewLayer | Updating Images | Loading bud_pink_roughness.png
Fra:1 Mem:20.10M (Peak 27.57M) | Time:00:00.12 | Mem:0.88M, Peak:0.88M | Scene, ViewLayer | Updating Images | Loading calcite_roughness.png
Fra:1 Mem:20.10M (Peak 27.57M) | Time:00:00.12 | Mem:0.89M, Peak:0.89M | Scene, ViewLayer | Updating Images | Loading basalt_roughness.png
Fra:1 Mem:20.10M (Peak 27.57M) | Time:00:00.12 | Mem:0.89M, Peak:0.89M | Scene, ViewLayer | Updating Images | Loading lining_light_roughness.png
Fra:1 Mem:20.10M (Peak 27.57M) | Time:00:00.12 | Mem:0.89M, Peak:0.89M | Scene, ViewLayer | Updating Images | Loading side_relief_roughness.png
Fra:1 Mem:20.10M (Peak 27.57M) | Time:00:00.12 | Mem:0.89M, Peak:0.89M | Scene, ViewLayer | Updating Images | Loading engraved_glint_normal_preview.png
Fra:1 Mem:20.11M (Peak 27.57M) | Time:00:00.12 | Mem:0.89M, Peak:0.89M | Scene, ViewLayer | Updating Images | Loading engraved_glint_roughness.png
Fra:1 Mem:20.11M (Peak 27.57M) | Time:00:00.12 | Mem:0.89M, Peak:0.89M | Scene, ViewLayer | Updating Images | Loading engraved_amethyst_roughness.png
Fra:1 Mem:20.11M (Peak 27.57M) | Time:00:00.12 | Mem:0.89M, Peak:0.89M | Scene, ViewLayer | Updating Images | Loading side_backing_normal_preview.png
Fra:1 Mem:20.11M (Peak 27.57M) | Time:00:00.12 | Mem:0.89M, Peak:0.89M | Scene, ViewLayer | Updating Images | Loading bud_lilac_normal_preview.png
Fra:1 Mem:20.11M (Peak 27.57M) | Time:00:00.12 | Mem:0.89M, Peak:0.89M | Scene, ViewLayer | Updating Images | Loading calcite_light_normal_preview.png
Fra:1 Mem:20.11M (Peak 27.57M) | Time:00:00.12 | Mem:0.89M, Peak:0.89M | Scene, ViewLayer | Updating Images | Loading bud_silver_normal_preview.png
Fra:1 Mem:20.11M (Peak 27.57M) | Time:00:00.13 | Mem:0.89M, Peak:0.89M | Scene, ViewLayer | Updating Images | Loading bud_pink_normal_preview.png
Fra:1 Mem:20.11M (Peak 27.57M) | Time:00:00.13 | Mem:0.89M, Peak:0.89M | Scene, ViewLayer | Updating Images | Loading lining_light_normal_preview.png
Fra:1 Mem:20.11M (Peak 27.57M) | Time:00:00.13 | Mem:0.89M, Peak:0.89M | Scene, ViewLayer | Updating Images | Loading calcite_normal_preview.png
Fra:1 Mem:20.11M (Peak 27.57M) | Time:00:00.13 | Mem:0.89M, Peak:0.89M | Scene, ViewLayer | Updating Images | Loading basalt_normal_preview.png
Fra:1 Mem:20.11M (Peak 27.57M) | Time:00:00.13 | Mem:0.90M, Peak:0.90M | Scene, ViewLayer | Updating Camera Volume
Fra:1 Mem:20.11M (Peak 27.57M) | Time:00:00.13 | Mem:0.90M, Peak:0.90M | Scene, ViewLayer | Updating Lookup Tables
Fra:1 Mem:20.11M (Peak 27.57M) | Time:00:00.13 | Mem:1.15M, Peak:1.15M | Scene, ViewLayer | Updating Lights
Fra:1 Mem:20.12M (Peak 27.57M) | Time:00:00.13 | Mem:1.15M, Peak:1.15M | Scene, ViewLayer | Updating Lights | Computing distribution
Fra:1 Mem:20.16M (Peak 27.57M) | Time:00:00.13 | Mem:1.20M, Peak:1.20M | Scene, ViewLayer | Updating Integrator
Fra:1 Mem:20.17M (Peak 27.57M) | Time:00:00.13 | Mem:1.20M, Peak:1.20M | Scene, ViewLayer | Updating Film
Fra:1 Mem:20.17M (Peak 27.57M) | Time:00:00.13 | Mem:0.95M, Peak:1.20M | Scene, ViewLayer | Updating Lookup Tables
Fra:1 Mem:20.17M (Peak 27.57M) | Time:00:00.13 | Mem:1.21M, Peak:1.21M | Scene, ViewLayer | Updating Baking
Fra:1 Mem:20.17M (Peak 27.57M) | Time:00:00.13 | Mem:1.21M, Peak:1.21M | Scene, ViewLayer | Updating Device | Writing constant memory
Fra:1 Mem:20.18M (Peak 27.57M) | Time:00:00.13 | Mem:1.21M, Peak:1.21M | Scene, ViewLayer | Sample 0/48
Fra:1 Mem:92.70M (Peak 92.70M) | Time:00:00.36 | Remaining:00:10.43 | Mem:73.70M, Peak:73.70M | Scene, ViewLayer | Sample 1/48
Fra:1 Mem:123.22M (Peak 169.00M) | Time:00:12.25 | Mem:73.70M, Peak:73.70M | Scene, ViewLayer | Sample 48/48
Fra:1 Mem:123.22M (Peak 169.00M) | Time:00:12.25 | Mem:73.70M, Peak:73.70M | Scene, ViewLayer | Finished
Saved: 'D:\Desktop\Document\Coding\FULL STACK\ConvertTable\assets\geode_prototype\geode_side.png'
 Time: 00:12.34 (Saving: 00:00.08)

Fra:1 Mem:27.12M (Peak 27.12M) | Time:00:00.01 | Mem:0.00M, Peak:0.00M | Scene, ViewLayer | Synchronizing object | 01_basalt_corner_guards_0000
Fra:1 Mem:27.12M (Peak 27.12M) | Time:00:00.01 | Mem:0.00M, Peak:0.00M | Scene, ViewLayer | Synchronizing object | 10_calcite_corner_shoulders_0004
Fra:1 Mem:27.12M (Peak 27.12M) | Time:00:00.01 | Mem:0.00M, Peak:0.00M | Scene, ViewLayer | Synchronizing object | 08_layer_2_lower_rail_0007
Fra:1 Mem:27.13M (Peak 27.13M) | Time:00:00.01 | Mem:0.00M, Peak:0.00M | Scene, ViewLayer | Synchronizing object | 07_layer_2_crystal_relief_0009
Fra:1 Mem:27.13M (Peak 27.13M) | Time:00:00.01 | Mem:0.00M, Peak:0.00M | Scene, ViewLayer | Synchronizing object | 07_layer_2_crystal_relief_0012
Fra:1 Mem:27.13M (Peak 27.13M) | Time:00:00.01 | Mem:0.00M, Peak:0.00M | Scene, ViewLayer | Synchronizing object | 07_layer_2_crystal_relief_0015
Fra:1 Mem:27.13M (Peak 27.13M) | Time:00:00.01 | Mem:0.00M, Peak:0.00M | Scene, ViewLayer | Synchronizing object | 07_layer_2_crystal_relief_0017
Fra:1 Mem:27.14M (Peak 27.14M) | Time:00:00.01 | Mem:0.00M, Peak:0.00M | Scene, ViewLayer | Synchronizing object | 07_layer_2_crystal_relief_0018
Fra:1 Mem:27.14M (Peak 27.14M) | Time:00:00.01 | Mem:0.00M, Peak:0.00M | Scene, ViewLayer | Synchronizing object | 09_layer_2_crown_rim_0019
Fra:1 Mem:27.14M (Peak 27.14M) | Time:00:00.01 | Mem:0.00M, Peak:0.00M | Scene, ViewLayer | Synchronizing object | 09_calcite_crown_rim_0020
Fra:1 Mem:27.14M (Peak 27.14M) | Time:00:00.01 | Mem:0.00M, Peak:0.00M | Scene, ViewLayer | Synchronizing object | 11_corner_crystal_buds_0021
Fra:1 Mem:27.15M (Peak 27.15M) | Time:00:00.01 | Mem:0.00M, Peak:0.00M | Scene, ViewLayer | Synchronizing object | 11_corner_crystal_buds_0023
Fra:1 Mem:27.15M (Peak 27.15M) | Time:00:00.01 | Mem:0.00M, Peak:0.00M | Scene, ViewLayer | Synchronizing object | 11_corner_crystal_buds_0025
Fra:1 Mem:27.15M (Peak 27.15M) | Time:00:00.01 | Mem:0.00M, Peak:0.00M | Scene, ViewLayer | Synchronizing object | 11_corner_crystal_buds_0026
Fra:1 Mem:27.16M (Peak 27.16M) | Time:00:00.01 | Mem:0.00M, Peak:0.00M | Scene, ViewLayer | Synchronizing object | 05_layer_3_mineral_backing_0027
Fra:1 Mem:27.16M (Peak 27.16M) | Time:00:00.01 | Mem:0.00M, Peak:0.00M | Scene, ViewLayer | Synchronizing object | 06_layer_3_stone_ground_pattern_0029
Fra:1 Mem:27.16M (Peak 27.16M) | Time:00:00.01 | Mem:0.00M, Peak:0.00M | Scene, ViewLayer | Synchronizing object | 05_layer_3_mineral_backing_0030
Fra:1 Mem:27.16M (Peak 27.17M) | Time:00:00.01 | Mem:0.00M, Peak:0.00M | Scene, ViewLayer | Synchronizing object | 05_layer_3_mineral_backing_0031
Fra:1 Mem:27.17M (Peak 27.17M) | Time:00:00.01 | Mem:0.00M, Peak:0.00M | Scene, ViewLayer | Synchronizing object | 06_layer_3_stone_ground_pattern_0033
Fra:1 Mem:27.17M (Peak 27.17M) | Time:00:00.01 | Mem:0.00M, Peak:0.00M | Scene, ViewLayer | Synchronizing object | 06_layer_3_stone_ground_pattern_0034
Fra:1 Mem:27.17M (Peak 27.17M) | Time:00:00.01 | Mem:0.00M, Peak:0.00M | Scene, ViewLayer | Synchronizing object | 05_layer_3_mineral_backing_0036
Fra:1 Mem:27.18M (Peak 27.18M) | Time:00:00.01 | Mem:0.00M, Peak:0.00M | Scene, ViewLayer | Synchronizing object | 05_layer_3_mineral_backing_0037
Fra:1 Mem:27.18M (Peak 27.18M) | Time:00:00.01 | Mem:0.00M, Peak:0.00M | Scene, ViewLayer | Synchronizing object | 05_layer_3_mineral_backing_0041
Fra:1 Mem:27.18M (Peak 27.18M) | Time:00:00.01 | Mem:0.00M, Peak:0.00M | Scene, ViewLayer | Synchronizing object | 06_layer_3_stone_ground_pattern_0042
Fra:1 Mem:27.19M (Peak 27.19M) | Time:00:00.01 | Mem:0.00M, Peak:0.00M | Scene, ViewLayer | Synchronizing object | 05_layer_3_mineral_backing_0043
Fra:1 Mem:27.19M (Peak 27.19M) | Time:00:00.01 | Mem:0.00M, Peak:0.00M | Scene, ViewLayer | Synchronizing object | 06_layer_3_stone_ground_pattern_0045
Fra:1 Mem:27.19M (Peak 27.19M) | Time:00:00.01 | Mem:0.00M, Peak:0.00M | Scene, ViewLayer | Synchronizing object | 05_layer_3_mineral_backing_0046
Fra:1 Mem:27.19M (Peak 27.19M) | Time:00:00.01 | Mem:0.00M, Peak:0.00M | Scene, ViewLayer | Synchronizing object | 05_layer_3_mineral_backing_0048
Fra:1 Mem:27.20M (Peak 27.20M) | Time:00:00.01 | Mem:0.00M, Peak:0.00M | Scene, ViewLayer | Synchronizing object | 06_layer_3_stone_ground_pattern_0049
Fra:1 Mem:27.20M (Peak 27.20M) | Time:00:00.01 | Mem:0.00M, Peak:0.00M | Scene, ViewLayer | Synchronizing object | 05_layer_3_mineral_backing_0050
Fra:1 Mem:27.20M (Peak 27.20M) | Time:00:00.01 | Mem:0.00M, Peak:0.00M | Scene, ViewLayer | Synchronizing object | 06_layer_3_stone_ground_pattern_0052
Fra:1 Mem:27.21M (Peak 27.21M) | Time:00:00.01 | Mem:0.00M, Peak:0.00M | Scene, ViewLayer | Synchronizing object | 06_layer_3_stone_ground_pattern_0054
Fra:1 Mem:27.21M (Peak 27.21M) | Time:00:00.01 | Mem:0.00M, Peak:0.00M | Scene, ViewLayer | Synchronizing object | 05_layer_3_mineral_backing_0055
Fra:1 Mem:27.21M (Peak 27.21M) | Time:00:00.01 | Mem:0.00M, Peak:0.00M | Scene, ViewLayer | Synchronizing object | 05_layer_3_mineral_backing_0057
Fra:1 Mem:27.21M (Peak 27.21M) | Time:00:00.01 | Mem:0.00M, Peak:0.00M | Scene, ViewLayer | Synchronizing object | 05_layer_3_mineral_backing_0058
Fra:1 Mem:27.22M (Peak 27.22M) | Time:00:00.01 | Mem:0.00M, Peak:0.00M | Scene, ViewLayer | Synchronizing object | 06_layer_3_stone_ground_pattern_0059
Fra:1 Mem:27.22M (Peak 27.22M) | Time:00:00.01 | Mem:0.00M, Peak:0.00M | Scene, ViewLayer | Synchronizing object | 05_layer_3_mineral_backing_0061
Fra:1 Mem:27.22M (Peak 27.22M) | Time:00:00.01 | Mem:0.00M, Peak:0.00M | Scene, ViewLayer | Synchronizing object | 08_layer_2_lower_rail_0062
Fra:1 Mem:27.22M (Peak 27.22M) | Time:00:00.01 | Mem:0.00M, Peak:0.00M | Scene, ViewLayer | Synchronizing object | 08_layer_2_lower_rail_0064
Fra:1 Mem:27.23M (Peak 27.23M) | Time:00:00.01 | Mem:0.00M, Peak:0.00M | Scene, ViewLayer | Synchronizing object | 02_calcite_lower_shell_0065
Fra:1 Mem:27.23M (Peak 27.23M) | Time:00:00.01 | Mem:0.00M, Peak:0.00M | Scene, ViewLayer | Synchronizing object | 08_layer_2_lower_rail_0067
Fra:1 Mem:27.23M (Peak 27.23M) | Time:00:00.01 | Mem:0.00M, Peak:0.00M | Scene, ViewLayer | Synchronizing object | 05_layer_3_mineral_backing_0068
Fra:1 Mem:27.24M (Peak 27.24M) | Time:00:00.01 | Mem:0.00M, Peak:0.00M | Scene, ViewLayer | Synchronizing object | 05_layer_3_mineral_backing_0070
Fra:1 Mem:27.24M (Peak 27.24M) | Time:00:00.01 | Mem:0.00M, Peak:0.00M | Scene, ViewLayer | Synchronizing object | 05_layer_3_mineral_backing_0071
Fra:1 Mem:27.24M (Peak 27.24M) | Time:00:00.01 | Mem:0.00M, Peak:0.00M | Scene, ViewLayer | Synchronizing object | 05_layer_3_mineral_backing_0072
Fra:1 Mem:27.24M (Peak 27.24M) | Time:00:00.01 | Mem:0.00M, Peak:0.00M | Scene, ViewLayer | Synchronizing object | 05_layer_3_mineral_backing_0074
Fra:1 Mem:27.25M (Peak 27.25M) | Time:00:00.01 | Mem:0.00M, Peak:0.00M | Scene, ViewLayer | Synchronizing object | 05_layer_3_mineral_backing_0075
Fra:1 Mem:27.25M (Peak 27.25M) | Time:00:00.01 | Mem:0.00M, Peak:0.00M | Scene, ViewLayer | Synchronizing object | 05_layer_3_mineral_backing_0076
Fra:1 Mem:27.26M (Peak 27.26M) | Time:00:00.01 | Mem:0.00M, Peak:0.00M | Scene, ViewLayer | Synchronizing object | 05_layer_3_mineral_backing_0077
Fra:1 Mem:27.26M (Peak 27.26M) | Time:00:00.01 | Mem:0.00M, Peak:0.00M | Scene, ViewLayer | Synchronizing object | 04_geode_inner_lining_0081
Fra:1 Mem:27.26M (Peak 27.26M) | Time:00:00.01 | Mem:0.00M, Peak:0.00M | Scene, ViewLayer | Synchronizing object | 05_layer_3_mineral_backing_0083
Fra:1 Mem:27.27M (Peak 27.27M) | Time:00:00.01 | Mem:0.00M, Peak:0.00M | Scene, ViewLayer | Synchronizing object | 05_layer_3_mineral_backing_0085
Fra:1 Mem:27.27M (Peak 27.27M) | Time:00:00.01 | Mem:0.00M, Peak:0.00M | Scene, ViewLayer | Synchronizing object | 05_layer_3_mineral_backing_0087
Fra:1 Mem:27.28M (Peak 27.28M) | Time:00:00.01 | Mem:0.00M, Peak:0.00M | Scene, ViewLayer | Synchronizing object | 06_layer_3_stone_ground_pattern_0088
Fra:1 Mem:27.28M (Peak 27.28M) | Time:00:00.01 | Mem:0.00M, Peak:0.00M | Scene, ViewLayer | Synchronizing object | 07_layer_2_crystal_relief_0089
Fra:1 Mem:27.28M (Peak 27.28M) | Time:00:00.01 | Mem:0.00M, Peak:0.00M | Scene, ViewLayer | Synchronizing object | 07_layer_2_crystal_relief_0090
Fra:1 Mem:27.28M (Peak 27.28M) | Time:00:00.01 | Mem:0.00M, Peak:0.00M | Scene, ViewLayer | Synchronizing object | 06_layer_3_stone_ground_pattern_0091
Fra:1 Mem:27.28M (Peak 27.28M) | Time:00:00.01 | Mem:0.00M, Peak:0.00M | Scene, ViewLayer | Synchronizing object | 04_geode_inner_lining_0092
Fra:1 Mem:27.29M (Peak 27.29M) | Time:00:00.01 | Mem:0.00M, Peak:0.00M | Scene, ViewLayer | Synchronizing object | 06_layer_3_stone_ground_pattern_0093
Fra:1 Mem:27.29M (Peak 27.29M) | Time:00:00.01 | Mem:0.00M, Peak:0.00M | Scene, ViewLayer | Synchronizing object | 05_layer_3_mineral_backing_0094
Fra:1 Mem:27.29M (Peak 27.29M) | Time:00:00.01 | Mem:0.00M, Peak:0.00M | Scene, ViewLayer | Synchronizing object | 05_layer_3_mineral_backing_0095
Fra:1 Mem:27.29M (Peak 27.29M) | Time:00:00.01 | Mem:0.00M, Peak:0.00M | Scene, ViewLayer | Synchronizing object | 05_layer_3_mineral_backing_0096
Fra:1 Mem:27.29M (Peak 27.29M) | Time:00:00.01 | Mem:0.00M, Peak:0.00M | Scene, ViewLayer | Synchronizing object | 09_layer_2_crown_rim_0097
Fra:1 Mem:27.29M (Peak 27.29M) | Time:00:00.01 | Mem:0.00M, Peak:0.00M | Scene, ViewLayer | Synchronizing object | 09_calcite_crown_rim_0099
Fra:1 Mem:27.30M (Peak 27.30M) | Time:00:00.01 | Mem:0.00M, Peak:0.00M | Scene, ViewLayer | Synchronizing object | 09_calcite_crown_rim_0100
Fra:1 Mem:27.30M (Peak 27.30M) | Time:00:00.01 | Mem:0.00M, Peak:0.00M | Scene, ViewLayer | Synchronizing object | 06_layer_3_stone_ground_pattern_0101
Fra:1 Mem:27.31M (Peak 27.31M) | Time:00:00.01 | Mem:0.00M, Peak:0.00M | Scene, ViewLayer | Synchronizing object | 05_layer_3_mineral_backing_0102
Fra:1 Mem:27.31M (Peak 27.31M) | Time:00:00.01 | Mem:0.00M, Peak:0.00M | Scene, ViewLayer | Synchronizing object | 07_layer_2_crystal_relief_0105
Fra:1 Mem:27.31M (Peak 27.31M) | Time:00:00.01 | Mem:0.00M, Peak:0.00M | Scene, ViewLayer | Synchronizing object | 05_layer_3_mineral_backing_0106
Fra:1 Mem:27.31M (Peak 27.31M) | Time:00:00.01 | Mem:0.00M, Peak:0.00M | Scene, ViewLayer | Synchronizing object | 05_layer_3_mineral_backing_0107
Fra:1 Mem:27.32M (Peak 27.32M) | Time:00:00.01 | Mem:0.00M, Peak:0.00M | Scene, ViewLayer | Synchronizing object | 07_layer_2_crystal_relief_0108
Fra:1 Mem:27.32M (Peak 27.32M) | Time:00:00.01 | Mem:0.00M, Peak:0.00M | Scene, ViewLayer | Synchronizing object | 06_layer_3_stone_ground_pattern_0110
Fra:1 Mem:27.32M (Peak 27.32M) | Time:00:00.01 | Mem:0.00M, Peak:0.00M | Scene, ViewLayer | Synchronizing object | 12_geode_growth_core_0112
Fra:1 Mem:27.33M (Peak 27.33M) | Time:00:00.01 | Mem:0.00M, Peak:0.00M | Scene, ViewLayer | Synchronizing object | 06_layer_3_stone_ground_pattern_0113
Fra:1 Mem:27.33M (Peak 27.33M) | Time:00:00.01 | Mem:0.00M, Peak:0.00M | Scene, ViewLayer | Synchronizing object | 12_geode_growth_core_0114
Fra:1 Mem:27.33M (Peak 27.33M) | Time:00:00.01 | Mem:0.00M, Peak:0.00M | Scene, ViewLayer | Synchronizing object | 06_layer_3_stone_ground_pattern_0116
Fra:1 Mem:27.33M (Peak 27.33M) | Time:00:00.01 | Mem:0.00M, Peak:0.00M | Scene, ViewLayer | Synchronizing object | 05_layer_3_mineral_backing_0117
Fra:1 Mem:27.34M (Peak 27.34M) | Time:00:00.01 | Mem:0.00M, Peak:0.00M | Scene, ViewLayer | Synchronizing object | 06_layer_3_stone_ground_pattern_0118
Fra:1 Mem:27.34M (Peak 27.34M) | Time:00:00.01 | Mem:0.00M, Peak:0.00M | Scene, ViewLayer | Synchronizing object | 07_layer_2_crystal_relief_0119
Fra:1 Mem:27.34M (Peak 27.34M) | Time:00:00.01 | Mem:0.00M, Peak:0.00M | Scene, ViewLayer | Synchronizing object | 05_layer_3_mineral_backing_0121
Fra:1 Mem:27.34M (Peak 27.34M) | Time:00:00.01 | Mem:0.00M, Peak:0.00M | Scene, ViewLayer | Synchronizing object | 05_layer_3_mineral_backing_0123
Fra:1 Mem:27.35M (Peak 27.35M) | Time:00:00.01 | Mem:0.00M, Peak:0.00M | Scene, ViewLayer | Synchronizing object | 05_layer_3_mineral_backing_0124
Fra:1 Mem:27.35M (Peak 27.35M) | Time:00:00.01 | Mem:0.00M, Peak:0.00M | Scene, ViewLayer | Synchronizing object | 12_geode_growth_core_0125
Fra:1 Mem:27.35M (Peak 27.36M) | Time:00:00.01 | Mem:0.00M, Peak:0.00M | Scene, ViewLayer | Synchronizing object | 12_geode_growth_core_0127
Fra:1 Mem:27.36M (Peak 27.36M) | Time:00:00.01 | Mem:0.00M, Peak:0.00M | Scene, ViewLayer | Synchronizing object | 06_layer_3_stone_ground_pattern_0129
Fra:1 Mem:27.36M (Peak 27.36M) | Time:00:00.01 | Mem:0.00M, Peak:0.00M | Scene, ViewLayer | Synchronizing object | 05_layer_3_mineral_backing_0130
Fra:1 Mem:27.36M (Peak 27.36M) | Time:00:00.01 | Mem:0.00M, Peak:0.00M | Scene, ViewLayer | Synchronizing object | 07_layer_2_crystal_relief_0132
Fra:1 Mem:27.37M (Peak 27.37M) | Time:00:00.01 | Mem:0.00M, Peak:0.00M | Scene, ViewLayer | Synchronizing object | 07_layer_2_crystal_relief_0133
Fra:1 Mem:27.37M (Peak 27.37M) | Time:00:00.01 | Mem:0.00M, Peak:0.00M | Scene, ViewLayer | Synchronizing object | 07_layer_2_crystal_relief_0134
Fra:1 Mem:27.37M (Peak 27.37M) | Time:00:00.01 | Mem:0.00M, Peak:0.00M | Scene, ViewLayer | Synchronizing object | 07_layer_2_crystal_relief_0136
Fra:1 Mem:27.38M (Peak 27.38M) | Time:00:00.01 | Mem:0.00M, Peak:0.00M | Scene, ViewLayer | Synchronizing object | 07_layer_2_crystal_relief_0137
Fra:1 Mem:27.38M (Peak 27.38M) | Time:00:00.01 | Mem:0.00M, Peak:0.00M | Scene, ViewLayer | Synchronizing object | 12_geode_growth_core_0140
Fra:1 Mem:27.38M (Peak 27.38M) | Time:00:00.01 | Mem:0.00M, Peak:0.00M | Scene, ViewLayer | Synchronizing object | 12_geode_growth_core_0141
Fra:1 Mem:27.38M (Peak 27.38M) | Time:00:00.01 | Mem:0.00M, Peak:0.00M | Scene, ViewLayer | Synchronizing object | 12_geode_growth_core_0143
Fra:1 Mem:27.39M (Peak 27.39M) | Time:00:00.01 | Mem:0.00M, Peak:0.00M | Scene, ViewLayer | Synchronizing object | 12_geode_growth_core_0142
Fra:1 Mem:27.39M (Peak 27.39M) | Time:00:00.01 | Mem:0.00M, Peak:0.00M | Scene, ViewLayer | Synchronizing object | 12_geode_growth_core_0145
Fra:1 Mem:27.39M (Peak 27.39M) | Time:00:00.01 | Mem:0.00M, Peak:0.00M | Scene, ViewLayer | Synchronizing object | 05_layer_3_mineral_backing_0146
Fra:1 Mem:27.39M (Peak 27.39M) | Time:00:00.01 | Mem:0.00M, Peak:0.00M | Scene, ViewLayer | Synchronizing object | 06_layer_3_stone_ground_pattern_0148
Fra:1 Mem:27.39M (Peak 27.39M) | Time:00:00.01 | Mem:0.00M, Peak:0.00M | Scene, ViewLayer | Synchronizing object | 05_layer_3_mineral_backing_0150
Fra:1 Mem:27.40M (Peak 27.40M) | Time:00:00.01 | Mem:0.00M, Peak:0.00M | Scene, ViewLayer | Synchronizing object | 05_layer_3_mineral_backing_0151
Fra:1 Mem:27.40M (Peak 27.40M) | Time:00:00.01 | Mem:0.00M, Peak:0.00M | Scene, ViewLayer | Synchronizing object | 06_layer_3_stone_ground_pattern_0152
Fra:1 Mem:27.40M (Peak 27.40M) | Time:00:00.01 | Mem:0.00M, Peak:0.00M | Scene, ViewLayer | Synchronizing object | 12_geode_growth_core_0154
Fra:1 Mem:27.41M (Peak 27.41M) | Time:00:00.01 | Mem:0.00M, Peak:0.00M | Scene, ViewLayer | Synchronizing object | 12_geode_growth_core_0155
Fra:1 Mem:27.41M (Peak 27.41M) | Time:00:00.01 | Mem:0.00M, Peak:0.00M | Scene, ViewLayer | Synchronizing object | 05_layer_3_mineral_backing_0156
Fra:1 Mem:27.41M (Peak 27.41M) | Time:00:00.01 | Mem:0.00M, Peak:0.00M | Scene, ViewLayer | Synchronizing object | 05_layer_3_mineral_backing_0157
Fra:1 Mem:27.41M (Peak 27.41M) | Time:00:00.01 | Mem:0.00M, Peak:0.00M | Scene, ViewLayer | Synchronizing object | 06_layer_3_stone_ground_pattern_0158
Fra:1 Mem:27.41M (Peak 27.41M) | Time:00:00.01 | Mem:0.00M, Peak:0.00M | Scene, ViewLayer | Synchronizing object | 11_corner_crystal_buds_0238
Fra:1 Mem:27.42M (Peak 27.42M) | Time:00:00.01 | Mem:0.00M, Peak:0.00M | Scene, ViewLayer | Synchronizing object | 07_layer_2_crystal_relief_0161
Fra:1 Mem:27.42M (Peak 27.42M) | Time:00:00.01 | Mem:0.00M, Peak:0.00M | Scene, ViewLayer | Synchronizing object | 05_layer_3_mineral_backing_0163
Fra:1 Mem:27.42M (Peak 27.42M) | Time:00:00.01 | Mem:0.00M, Peak:0.00M | Scene, ViewLayer | Synchronizing object | 07_layer_2_crystal_relief_0165
Fra:1 Mem:27.42M (Peak 27.42M) | Time:00:00.01 | Mem:0.00M, Peak:0.00M | Scene, ViewLayer | Synchronizing object | 12_geode_growth_core_0166
Fra:1 Mem:27.43M (Peak 27.43M) | Time:00:00.01 | Mem:0.00M, Peak:0.00M | Scene, ViewLayer | Synchronizing object | 12_geode_growth_core_0167
Fra:1 Mem:27.43M (Peak 27.43M) | Time:00:00.01 | Mem:0.00M, Peak:0.00M | Scene, ViewLayer | Synchronizing object | 05_layer_3_mineral_backing_0168
Fra:1 Mem:27.43M (Peak 27.43M) | Time:00:00.01 | Mem:0.00M, Peak:0.00M | Scene, ViewLayer | Synchronizing object | 06_layer_3_stone_ground_pattern_0170
Fra:1 Mem:27.43M (Peak 27.43M) | Time:00:00.01 | Mem:0.00M, Peak:0.00M | Scene, ViewLayer | Synchronizing object | 06_layer_3_stone_ground_pattern_0171
Fra:1 Mem:27.43M (Peak 27.43M) | Time:00:00.01 | Mem:0.00M, Peak:0.00M | Scene, ViewLayer | Synchronizing object | 07_layer_2_crystal_relief_0173
Fra:1 Mem:27.44M (Peak 27.44M) | Time:00:00.01 | Mem:0.00M, Peak:0.00M | Scene, ViewLayer | Synchronizing object | 06_layer_3_stone_ground_pattern_0174
Fra:1 Mem:27.44M (Peak 27.44M) | Time:00:00.01 | Mem:0.00M, Peak:0.00M | Scene, ViewLayer | Synchronizing object | 06_layer_3_stone_ground_pattern_0175
Fra:1 Mem:27.44M (Peak 27.44M) | Time:00:00.01 | Mem:0.00M, Peak:0.00M | Scene, ViewLayer | Synchronizing object | 05_layer_3_mineral_backing_0176
Fra:1 Mem:27.44M (Peak 27.44M) | Time:00:00.01 | Mem:0.00M, Peak:0.00M | Scene, ViewLayer | Synchronizing object | 05_layer_3_mineral_backing_0179
Fra:1 Mem:27.44M (Peak 27.44M) | Time:00:00.01 | Mem:0.00M, Peak:0.00M | Scene, ViewLayer | Synchronizing object | 05_layer_3_mineral_backing_0180
Fra:1 Mem:27.45M (Peak 27.45M) | Time:00:00.01 | Mem:0.00M, Peak:0.00M | Scene, ViewLayer | Synchronizing object | 05_layer_3_mineral_backing_0181
Fra:1 Mem:27.45M (Peak 27.45M) | Time:00:00.01 | Mem:0.00M, Peak:0.00M | Scene, ViewLayer | Synchronizing object | 05_layer_3_mineral_backing_0182
Fra:1 Mem:27.46M (Peak 27.46M) | Time:00:00.01 | Mem:0.00M, Peak:0.00M | Scene, ViewLayer | Synchronizing object | 05_layer_3_mineral_backing_0185
Fra:1 Mem:27.46M (Peak 27.46M) | Time:00:00.01 | Mem:0.00M, Peak:0.00M | Scene, ViewLayer | Synchronizing object | 05_layer_3_mineral_backing_0186
Fra:1 Mem:27.46M (Peak 27.46M) | Time:00:00.01 | Mem:0.00M, Peak:0.00M | Scene, ViewLayer | Synchronizing object | 05_layer_3_mineral_backing_0188
Fra:1 Mem:27.46M (Peak 27.46M) | Time:00:00.01 | Mem:0.00M, Peak:0.00M | Scene, ViewLayer | Synchronizing object | 10_calcite_corner_shoulders_0189
Fra:1 Mem:27.47M (Peak 27.47M) | Time:00:00.01 | Mem:0.00M, Peak:0.00M | Scene, ViewLayer | Synchronizing object | 10_calcite_corner_shoulders_0190
Fra:1 Mem:27.47M (Peak 27.47M) | Time:00:00.01 | Mem:0.00M, Peak:0.00M | Scene, ViewLayer | Synchronizing object | 10_calcite_corner_shoulders_0193
Fra:1 Mem:27.47M (Peak 27.47M) | Time:00:00.01 | Mem:0.00M, Peak:0.00M | Scene, ViewLayer | Synchronizing object | 01_basalt_corner_guards_0194
Fra:1 Mem:27.48M (Peak 27.48M) | Time:00:00.01 | Mem:0.00M, Peak:0.00M | Scene, ViewLayer | Synchronizing object | 01_basalt_corner_guards_0196
Fra:1 Mem:27.48M (Peak 27.48M) | Time:00:00.01 | Mem:0.00M, Peak:0.00M | Scene, ViewLayer | Synchronizing object | 08_layer_2_lower_rail_0197
Fra:1 Mem:27.48M (Peak 27.48M) | Time:00:00.01 | Mem:0.00M, Peak:0.00M | Scene, ViewLayer | Synchronizing object | 06_layer_3_stone_ground_pattern_0198
Fra:1 Mem:27.48M (Peak 27.48M) | Time:00:00.01 | Mem:0.00M, Peak:0.00M | Scene, ViewLayer | Synchronizing object | 05_layer_3_mineral_backing_0199
Fra:1 Mem:27.48M (Peak 27.48M) | Time:00:00.01 | Mem:0.00M, Peak:0.00M | Scene, ViewLayer | Synchronizing object | 07_layer_2_crystal_relief_0201
Fra:1 Mem:27.49M (Peak 27.49M) | Time:00:00.01 | Mem:0.00M, Peak:0.00M | Scene, ViewLayer | Synchronizing object | 06_layer_3_stone_ground_pattern_0202
Fra:1 Mem:27.49M (Peak 27.49M) | Time:00:00.01 | Mem:0.00M, Peak:0.00M | Scene, ViewLayer | Synchronizing object | 05_layer_3_mineral_backing_0203
Fra:1 Mem:27.49M (Peak 27.49M) | Time:00:00.01 | Mem:0.00M, Peak:0.00M | Scene, ViewLayer | Synchronizing object | 07_layer_2_crystal_relief_0205
Fra:1 Mem:27.49M (Peak 27.49M) | Time:00:00.01 | Mem:0.00M, Peak:0.00M | Scene, ViewLayer | Synchronizing object | 07_layer_2_crystal_relief_0206
Fra:1 Mem:27.49M (Peak 27.49M) | Time:00:00.01 | Mem:0.00M, Peak:0.00M | Scene, ViewLayer | Synchronizing object | 06_layer_3_stone_ground_pattern_0207
Fra:1 Mem:27.50M (Peak 27.50M) | Time:00:00.01 | Mem:0.00M, Peak:0.00M | Scene, ViewLayer | Synchronizing object | 06_layer_3_stone_ground_pattern_0209
Fra:1 Mem:27.50M (Peak 27.50M) | Time:00:00.01 | Mem:0.00M, Peak:0.00M | Scene, ViewLayer | Synchronizing object | 07_layer_2_crystal_relief_0210
Fra:1 Mem:27.50M (Peak 27.50M) | Time:00:00.01 | Mem:0.00M, Peak:0.00M | Scene, ViewLayer | Synchronizing object | 05_layer_3_mineral_backing_0211
Fra:1 Mem:27.50M (Peak 27.50M) | Time:00:00.01 | Mem:0.00M, Peak:0.00M | Scene, ViewLayer | Synchronizing object | 07_layer_2_crystal_relief_0212
Fra:1 Mem:27.51M (Peak 27.51M) | Time:00:00.01 | Mem:0.00M, Peak:0.00M | Scene, ViewLayer | Synchronizing object | 07_layer_2_crystal_relief_0214
Fra:1 Mem:27.51M (Peak 27.51M) | Time:00:00.01 | Mem:0.00M, Peak:0.00M | Scene, ViewLayer | Synchronizing object | 11_corner_crystal_buds_0237
Fra:1 Mem:27.51M (Peak 27.51M) | Time:00:00.01 | Mem:0.00M, Peak:0.00M | Scene, ViewLayer | Synchronizing object | 06_layer_3_stone_ground_pattern_0215
Fra:1 Mem:27.51M (Peak 27.51M) | Time:00:00.01 | Mem:0.00M, Peak:0.00M | Scene, ViewLayer | Synchronizing object | 07_layer_2_crystal_relief_0217
Fra:1 Mem:27.51M (Peak 27.51M) | Time:00:00.01 | Mem:0.00M, Peak:0.00M | Scene, ViewLayer | Synchronizing object | 05_layer_3_mineral_backing_0218
Fra:1 Mem:27.52M (Peak 27.52M) | Time:00:00.01 | Mem:0.00M, Peak:0.00M | Scene, ViewLayer | Synchronizing object | 07_layer_2_crystal_relief_0219
Fra:1 Mem:27.52M (Peak 27.52M) | Time:00:00.01 | Mem:0.00M, Peak:0.00M | Scene, ViewLayer | Synchronizing object | 05_layer_3_mineral_backing_0220
Fra:1 Mem:27.52M (Peak 27.52M) | Time:00:00.01 | Mem:0.00M, Peak:0.00M | Scene, ViewLayer | Synchronizing object | 05_layer_3_mineral_backing_0222
Fra:1 Mem:27.52M (Peak 27.52M) | Time:00:00.01 | Mem:0.00M, Peak:0.00M | Scene, ViewLayer | Synchronizing object | 06_layer_3_stone_ground_pattern_0223
Fra:1 Mem:27.53M (Peak 27.53M) | Time:00:00.01 | Mem:0.00M, Peak:0.00M | Scene, ViewLayer | Synchronizing object | 07_layer_2_crystal_relief_0224
Fra:1 Mem:27.53M (Peak 27.53M) | Time:00:00.01 | Mem:0.00M, Peak:0.00M | Scene, ViewLayer | Synchronizing object | 06_layer_3_stone_ground_pattern_0227
Fra:1 Mem:27.53M (Peak 27.53M) | Time:00:00.01 | Mem:0.00M, Peak:0.00M | Scene, ViewLayer | Synchronizing object | 05_layer_3_mineral_backing_0228
Fra:1 Mem:27.53M (Peak 27.53M) | Time:00:00.01 | Mem:0.00M, Peak:0.00M | Scene, ViewLayer | Synchronizing object | 11_corner_crystal_buds_0236
Fra:1 Mem:27.54M (Peak 27.54M) | Time:00:00.01 | Mem:0.00M, Peak:0.00M | Scene, ViewLayer | Synchronizing object | 06_layer_3_stone_ground_pattern_0229
Fra:1 Mem:27.54M (Peak 27.54M) | Time:00:00.01 | Mem:0.00M, Peak:0.00M | Scene, ViewLayer | Synchronizing object | 05_layer_3_mineral_backing_0231
Fra:1 Mem:27.54M (Peak 27.54M) | Time:00:00.01 | Mem:0.00M, Peak:0.00M | Scene, ViewLayer | Synchronizing object | 11_corner_crystal_buds_0235
Fra:1 Mem:27.54M (Peak 27.54M) | Time:00:00.01 | Mem:0.00M, Peak:0.00M | Scene, ViewLayer | Synchronizing object | 11_corner_crystal_buds_0233
Fra:1 Mem:27.55M (Peak 27.55M) | Time:00:00.01 | Mem:0.00M, Peak:0.00M | Scene, ViewLayer | Synchronizing object | 11_corner_crystal_buds_0234
Fra:1 Mem:27.57M (Peak 27.57M) | Time:00:00.01 | Mem:0.00M, Peak:0.00M | Scene, ViewLayer | Initializing
Fra:1 Mem:19.24M (Peak 27.57M) | Time:00:00.02 | Mem:0.00M, Peak:0.00M | Scene, ViewLayer | Waiting for render to start
Fra:1 Mem:19.24M (Peak 27.57M) | Time:00:00.02 | Mem:0.00M, Peak:0.00M | Scene, ViewLayer | Loading render kernels (may take a few minutes the first time)
Fra:1 Mem:19.24M (Peak 27.57M) | Time:00:00.02 | Mem:0.00M, Peak:0.00M | Scene, ViewLayer | Updating Scene
Fra:1 Mem:19.24M (Peak 27.57M) | Time:00:00.02 | Mem:0.00M, Peak:0.00M | Scene, ViewLayer | Updating Shaders
Fra:1 Mem:19.51M (Peak 27.57M) | Time:00:00.07 | Mem:0.01M, Peak:0.01M | Scene, ViewLayer | Updating Procedurals
Fra:1 Mem:19.51M (Peak 27.57M) | Time:00:00.07 | Mem:0.01M, Peak:0.01M | Scene, ViewLayer | Updating Background
Fra:1 Mem:19.51M (Peak 27.57M) | Time:00:00.07 | Mem:0.01M, Peak:0.01M | Scene, ViewLayer | Updating Camera
Fra:1 Mem:19.51M (Peak 27.57M) | Time:00:00.07 | Mem:0.01M, Peak:0.01M | Scene, ViewLayer | Updating Meshes Flags
Fra:1 Mem:19.51M (Peak 27.57M) | Time:00:00.07 | Mem:0.01M, Peak:0.01M | Scene, ViewLayer | Updating Objects
Fra:1 Mem:19.51M (Peak 27.57M) | Time:00:00.07 | Mem:0.01M, Peak:0.01M | Scene, ViewLayer | Updating Objects | Copying Transformations to device
Fra:1 Mem:19.55M (Peak 27.57M) | Time:00:00.07 | Mem:0.06M, Peak:0.06M | Scene, ViewLayer | Updating Objects | Applying Static Transformations
Fra:1 Mem:19.55M (Peak 27.57M) | Time:00:00.07 | Mem:0.06M, Peak:0.06M | Scene, ViewLayer | Updating Particle Systems
Fra:1 Mem:19.55M (Peak 27.57M) | Time:00:00.07 | Mem:0.06M, Peak:0.06M | Scene, ViewLayer | Updating Particle Systems | Copying Particles to device
Fra:1 Mem:19.55M (Peak 27.57M) | Time:00:00.07 | Mem:0.06M, Peak:0.06M | Scene, ViewLayer | Updating Meshes
Fra:1 Mem:19.60M (Peak 27.57M) | Time:00:00.07 | Mem:0.06M, Peak:0.06M | Scene, ViewLayer | Updating Mesh | Computing attributes
Fra:1 Mem:19.93M (Peak 27.57M) | Time:00:00.07 | Mem:0.10M, Peak:0.10M | Scene, ViewLayer | Updating Mesh | Copying Attributes to device
Fra:1 Mem:19.85M (Peak 27.57M) | Time:00:00.07 | Mem:0.32M, Peak:0.32M | Scene, ViewLayer | Updating Geometry BVH Cube.001 1/239 | Building BVH
Fra:1 Mem:19.85M (Peak 27.57M) | Time:00:00.07 | Mem:0.32M, Peak:0.32M | Scene, ViewLayer | Updating Geometry BVH Cube.008 8/239 | Building BVH
Fra:1 Mem:19.85M (Peak 27.57M) | Time:00:00.07 | Mem:0.32M, Peak:0.32M | Scene, ViewLayer | Updating Geometry BVH Cube.013 13/239 | Building BVH
Fra:1 Mem:19.85M (Peak 27.57M) | Time:00:00.07 | Mem:0.32M, Peak:0.32M | Scene, ViewLayer | Updating Geometry BVH Cube.015 15/239 | Building BVH
Fra:1 Mem:19.85M (Peak 27.57M) | Time:00:00.07 | Mem:0.32M, Peak:0.32M | Scene, ViewLayer | Updating Geometry BVH Cube.239 239/239 | Building BVH
Fra:1 Mem:19.85M (Peak 27.57M) | Time:00:00.07 | Mem:0.32M, Peak:0.32M | Scene, ViewLayer | Updating Geometry BVH Cube.239 239/239 | Building BVH 0%
Fra:1 Mem:19.85M (Peak 27.57M) | Time:00:00.07 | Mem:0.32M, Peak:0.32M | Scene, ViewLayer | Updating Geometry BVH Cube.239 239/239 | Building BVH
Fra:1 Mem:19.85M (Peak 27.57M) | Time:00:00.07 | Mem:0.32M, Peak:0.32M | Scene, ViewLayer | Updating Geometry BVH Cube.017 17/239 | Building BVH
Fra:1 Mem:19.85M (Peak 27.57M) | Time:00:00.07 | Mem:0.32M, Peak:0.32M | Scene, ViewLayer | Updating Geometry BVH Cube.018 18/239 | Building BVH
Fra:1 Mem:19.85M (Peak 27.57M) | Time:00:00.07 | Mem:0.32M, Peak:0.32M | Scene, ViewLayer | Updating Geometry BVH Cube.019 19/239 | Building BVH
Fra:1 Mem:19.85M (Peak 27.57M) | Time:00:00.07 | Mem:0.32M, Peak:0.32M | Scene, ViewLayer | Updating Geometry BVH Cube.020 20/239 | Building BVH
Fra:1 Mem:19.85M (Peak 27.57M) | Time:00:00.07 | Mem:0.32M, Peak:0.33M | Scene, ViewLayer | Updating Geometry BVH Cube.021 21/239 | Building BVH
Fra:1 Mem:19.85M (Peak 27.57M) | Time:00:00.07 | Mem:0.33M, Peak:0.33M | Scene, ViewLayer | Updating Geometry BVH Cube.022 22/239 | Building BVH
Fra:1 Mem:19.85M (Peak 27.57M) | Time:00:00.07 | Mem:0.33M, Peak:0.33M | Scene, ViewLayer | Updating Geometry BVH Cube.023 23/239 | Building BVH
Fra:1 Mem:19.85M (Peak 27.57M) | Time:00:00.07 | Mem:0.33M, Peak:0.33M | Scene, ViewLayer | Updating Geometry BVH Cube.024 24/239 | Building BVH
Fra:1 Mem:19.85M (Peak 27.57M) | Time:00:00.07 | Mem:0.33M, Peak:0.33M | Scene, ViewLayer | Updating Geometry BVH Cube.025 25/239 | Building BVH
Fra:1 Mem:19.85M (Peak 27.57M) | Time:00:00.07 | Mem:0.33M, Peak:0.33M | Scene, ViewLayer | Updating Geometry BVH Cube.026 26/239 | Building BVH
Fra:1 Mem:19.85M (Peak 27.57M) | Time:00:00.07 | Mem:0.33M, Peak:0.33M | Scene, ViewLayer | Updating Geometry BVH Cube.027 27/239 | Building BVH
Fra:1 Mem:19.85M (Peak 27.57M) | Time:00:00.07 | Mem:0.34M, Peak:0.34M | Scene, ViewLayer | Updating Geometry BVH Cube.029 29/239 | Building BVH
Fra:1 Mem:19.85M (Peak 27.57M) | Time:00:00.07 | Mem:0.34M, Peak:0.34M | Scene, ViewLayer | Updating Geometry BVH Cube.030 30/239 | Building BVH
Fra:1 Mem:19.85M (Peak 27.57M) | Time:00:00.07 | Mem:0.34M, Peak:0.34M | Scene, ViewLayer | Updating Geometry BVH Cube.031 31/239 | Building BVH
Fra:1 Mem:19.85M (Peak 27.57M) | Time:00:00.07 | Mem:0.34M, Peak:0.34M | Scene, ViewLayer | Updating Geometry BVH Cube.032 32/239 | Building BVH
Fra:1 Mem:19.85M (Peak 27.57M) | Time:00:00.07 | Mem:0.34M, Peak:0.34M | Scene, ViewLayer | Updating Geometry BVH Cube.033 33/239 | Building BVH
Fra:1 Mem:19.85M (Peak 27.57M) | Time:00:00.07 | Mem:0.34M, Peak:0.35M | Scene, ViewLayer | Updating Geometry BVH Cube.034 34/239 | Building BVH
Fra:1 Mem:19.85M (Peak 27.57M) | Time:00:00.07 | Mem:0.34M, Peak:0.35M | Scene, ViewLayer | Updating Geometry BVH Cube.035 35/239 | Building BVH
Fra:1 Mem:19.85M (Peak 27.57M) | Time:00:00.07 | Mem:0.35M, Peak:0.35M | Scene, ViewLayer | Updating Geometry BVH Cube.036 36/239 | Building BVH
Fra:1 Mem:19.85M (Peak 27.57M) | Time:00:00.07 | Mem:0.35M, Peak:0.35M | Scene, ViewLayer | Updating Geometry BVH Cube.037 37/239 | Building BVH
Fra:1 Mem:19.85M (Peak 27.57M) | Time:00:00.07 | Mem:0.35M, Peak:0.35M | Scene, ViewLayer | Updating Geometry BVH Cube.038 38/239 | Building BVH
Fra:1 Mem:19.85M (Peak 27.57M) | Time:00:00.07 | Mem:0.35M, Peak:0.35M | Scene, ViewLayer | Updating Geometry BVH Cube.039 39/239 | Building BVH
Fra:1 Mem:19.85M (Peak 27.57M) | Time:00:00.07 | Mem:0.35M, Peak:0.35M | Scene, ViewLayer | Updating Geometry BVH Cube.040 40/239 | Building BVH
Fra:1 Mem:19.85M (Peak 27.57M) | Time:00:00.07 | Mem:0.35M, Peak:0.35M | Scene, ViewLayer | Updating Geometry BVH Cube.042 42/239 | Building BVH
Fra:1 Mem:19.85M (Peak 27.57M) | Time:00:00.07 | Mem:0.36M, Peak:0.36M | Scene, ViewLayer | Updating Geometry BVH Cube.044 44/239 | Building BVH
Fra:1 Mem:19.85M (Peak 27.57M) | Time:00:00.07 | Mem:0.36M, Peak:0.36M | Scene, ViewLayer | Updating Geometry BVH Cube.043 43/239 | Building BVH
Fra:1 Mem:19.85M (Peak 27.57M) | Time:00:00.07 | Mem:0.36M, Peak:0.36M | Scene, ViewLayer | Updating Geometry BVH Cube.045 45/239 | Building BVH
Fra:1 Mem:19.85M (Peak 27.57M) | Time:00:00.07 | Mem:0.36M, Peak:0.36M | Scene, ViewLayer | Updating Geometry BVH Cube.046 46/239 | Building BVH
Fra:1 Mem:19.85M (Peak 27.57M) | Time:00:00.07 | Mem:0.36M, Peak:0.36M | Scene, ViewLayer | Updating Geometry BVH Cube.047 47/239 | Building BVH
Fra:1 Mem:19.85M (Peak 27.57M) | Time:00:00.07 | Mem:0.36M, Peak:0.36M | Scene, ViewLayer | Updating Geometry BVH Cube.048 48/239 | Building BVH
Fra:1 Mem:19.85M (Peak 27.57M) | Time:00:00.07 | Mem:0.36M, Peak:0.36M | Scene, ViewLayer | Updating Geometry BVH Cube.049 49/239 | Building BVH
Fra:1 Mem:19.85M (Peak 27.57M) | Time:00:00.07 | Mem:0.36M, Peak:0.37M | Scene, ViewLayer | Updating Geometry BVH Cube.050 50/239 | Building BVH
Fra:1 Mem:19.85M (Peak 27.57M) | Time:00:00.07 | Mem:0.37M, Peak:0.37M | Scene, ViewLayer | Updating Geometry BVH Cube.051 51/239 | Building BVH
Fra:1 Mem:19.85M (Peak 27.57M) | Time:00:00.07 | Mem:0.37M, Peak:0.37M | Scene, ViewLayer | Updating Geometry BVH Cube.052 52/239 | Building BVH
Fra:1 Mem:19.85M (Peak 27.57M) | Time:00:00.07 | Mem:0.37M, Peak:0.37M | Scene, ViewLayer | Updating Geometry BVH Cube.053 53/239 | Building BVH
Fra:1 Mem:19.85M (Peak 27.57M) | Time:00:00.07 | Mem:0.37M, Peak:0.37M | Scene, ViewLayer | Updating Geometry BVH Cube.054 54/239 | Building BVH
Fra:1 Mem:19.85M (Peak 27.57M) | Time:00:00.07 | Mem:0.37M, Peak:0.37M | Scene, ViewLayer | Updating Geometry BVH Cube.055 55/239 | Building BVH
Fra:1 Mem:19.85M (Peak 27.57M) | Time:00:00.07 | Mem:0.37M, Peak:0.37M | Scene, ViewLayer | Updating Geometry BVH Cube.056 56/239 | Building BVH
Fra:1 Mem:19.85M (Peak 27.57M) | Time:00:00.07 | Mem:0.37M, Peak:0.37M | Scene, ViewLayer | Updating Geometry BVH Cube.057 57/239 | Building BVH
Fra:1 Mem:19.85M (Peak 27.57M) | Time:00:00.07 | Mem:0.38M, Peak:0.38M | Scene, ViewLayer | Updating Geometry BVH Cube.058 58/239 | Building BVH
Fra:1 Mem:19.85M (Peak 27.57M) | Time:00:00.07 | Mem:0.38M, Peak:0.38M | Scene, ViewLayer | Updating Geometry BVH Cube.059 59/239 | Building BVH
Fra:1 Mem:19.85M (Peak 27.57M) | Time:00:00.07 | Mem:0.38M, Peak:0.38M | Scene, ViewLayer | Updating Geometry BVH Cube.060 60/239 | Building BVH
Fra:1 Mem:19.85M (Peak 27.57M) | Time:00:00.07 | Mem:0.38M, Peak:0.38M | Scene, ViewLayer | Updating Geometry BVH Cube.237 237/239 | Building BVH
Fra:1 Mem:19.85M (Peak 27.57M) | Time:00:00.07 | Mem:0.38M, Peak:0.38M | Scene, ViewLayer | Updating Geometry BVH Cube.061 61/239 | Building BVH
Fra:1 Mem:19.85M (Peak 27.57M) | Time:00:00.07 | Mem:0.38M, Peak:0.38M | Scene, ViewLayer | Updating Geometry BVH Cube.062 62/239 | Building BVH
Fra:1 Mem:19.85M (Peak 27.57M) | Time:00:00.07 | Mem:0.38M, Peak:0.38M | Scene, ViewLayer | Updating Geometry BVH Cube.063 63/239 | Building BVH
Fra:1 Mem:19.85M (Peak 27.57M) | Time:00:00.07 | Mem:0.38M, Peak:0.39M | Scene, ViewLayer | Updating Geometry BVH Cube.064 64/239 | Building BVH
Fra:1 Mem:19.85M (Peak 27.57M) | Time:00:00.07 | Mem:0.39M, Peak:0.39M | Scene, ViewLayer | Updating Geometry BVH Cube.065 65/239 | Building BVH
Fra:1 Mem:19.86M (Peak 27.57M) | Time:00:00.07 | Mem:0.39M, Peak:0.39M | Scene, ViewLayer | Updating Geometry BVH Cube.067 67/239 | Building BVH
Fra:1 Mem:19.86M (Peak 27.57M) | Time:00:00.07 | Mem:0.39M, Peak:0.39M | Scene, ViewLayer | Updating Geometry BVH Cube.068 68/239 | Building BVH
Fra:1 Mem:19.86M (Peak 27.57M) | Time:00:00.07 | Mem:0.39M, Peak:0.39M | Scene, ViewLayer | Updating Geometry BVH Cube.069 69/239 | Building BVH
Fra:1 Mem:19.86M (Peak 27.57M) | Time:00:00.07 | Mem:0.39M, Peak:0.39M | Scene, ViewLayer | Updating Geometry BVH Cube.071 71/239 | Building BVH
Fra:1 Mem:19.86M (Peak 27.57M) | Time:00:00.07 | Mem:0.40M, Peak:0.40M | Scene, ViewLayer | Updating Geometry BVH Cube.072 72/239 | Building BVH
Fra:1 Mem:19.86M (Peak 27.57M) | Time:00:00.07 | Mem:0.40M, Peak:0.40M | Scene, ViewLayer | Updating Geometry BVH Cube.073 73/239 | Building BVH
Fra:1 Mem:19.86M (Peak 27.57M) | Time:00:00.07 | Mem:0.40M, Peak:0.40M | Scene, ViewLayer | Updating Geometry BVH Cube.074 74/239 | Building BVH
Fra:1 Mem:19.86M (Peak 27.57M) | Time:00:00.07 | Mem:0.40M, Peak:0.40M | Scene, ViewLayer | Updating Geometry BVH Cube.076 76/239 | Building BVH
Fra:1 Mem:19.86M (Peak 27.57M) | Time:00:00.07 | Mem:0.40M, Peak:0.40M | Scene, ViewLayer | Updating Geometry BVH Cube.077 77/239 | Building BVH
Fra:1 Mem:19.86M (Peak 27.57M) | Time:00:00.07 | Mem:0.40M, Peak:0.40M | Scene, ViewLayer | Updating Geometry BVH Cube.078 78/239 | Building BVH
Fra:1 Mem:19.86M (Peak 27.57M) | Time:00:00.07 | Mem:0.41M, Peak:0.41M | Scene, ViewLayer | Updating Geometry BVH Cube.079 79/239 | Building BVH
Fra:1 Mem:19.86M (Peak 27.57M) | Time:00:00.07 | Mem:0.41M, Peak:0.41M | Scene, ViewLayer | Updating Geometry BVH Cube.080 80/239 | Building BVH
Fra:1 Mem:19.86M (Peak 27.57M) | Time:00:00.07 | Mem:0.41M, Peak:0.41M | Scene, ViewLayer | Updating Geometry BVH Cube.081 81/239 | Building BVH
Fra:1 Mem:19.86M (Peak 27.57M) | Time:00:00.07 | Mem:0.41M, Peak:0.41M | Scene, ViewLayer | Updating Geometry BVH Cube.083 83/239 | Building BVH
Fra:1 Mem:19.86M (Peak 27.57M) | Time:00:00.07 | Mem:0.42M, Peak:0.42M | Scene, ViewLayer | Updating Geometry BVH Cube.084 84/239 | Building BVH
Fra:1 Mem:19.86M (Peak 27.57M) | Time:00:00.07 | Mem:0.42M, Peak:0.42M | Scene, ViewLayer | Updating Geometry BVH Cube.088 88/239 | Building BVH
Fra:1 Mem:19.86M (Peak 27.57M) | Time:00:00.07 | Mem:0.42M, Peak:0.42M | Scene, ViewLayer | Updating Geometry BVH Cube.236 236/239 | Building BVH
Fra:1 Mem:19.86M (Peak 27.57M) | Time:00:00.07 | Mem:0.42M, Peak:0.42M | Scene, ViewLayer | Updating Geometry BVH Cube.089 89/239 | Building BVH
Fra:1 Mem:19.86M (Peak 27.57M) | Time:00:00.07 | Mem:0.42M, Peak:0.42M | Scene, ViewLayer | Updating Geometry BVH Cube.235 235/239 | Building BVH
Fra:1 Mem:19.86M (Peak 27.57M) | Time:00:00.07 | Mem:0.42M, Peak:0.42M | Scene, ViewLayer | Updating Geometry BVH Cube.090 90/239 | Building BVH
Fra:1 Mem:19.86M (Peak 27.57M) | Time:00:00.07 | Mem:0.42M, Peak:0.42M | Scene, ViewLayer | Updating Geometry BVH Cube.091 91/239 | Building BVH
Fra:1 Mem:19.86M (Peak 27.57M) | Time:00:00.07 | Mem:0.43M, Peak:0.43M | Scene, ViewLayer | Updating Geometry BVH Cube.092 92/239 | Building BVH
Fra:1 Mem:19.86M (Peak 27.57M) | Time:00:00.07 | Mem:0.43M, Peak:0.43M | Scene, ViewLayer | Updating Geometry BVH Cube.093 93/239 | Building BVH
Fra:1 Mem:19.86M (Peak 27.57M) | Time:00:00.07 | Mem:0.43M, Peak:0.43M | Scene, ViewLayer | Updating Geometry BVH Cube.094 94/239 | Building BVH
Fra:1 Mem:19.86M (Peak 27.57M) | Time:00:00.07 | Mem:0.43M, Peak:0.43M | Scene, ViewLayer | Updating Geometry BVH Cube.095 95/239 | Building BVH
Fra:1 Mem:19.86M (Peak 27.57M) | Time:00:00.07 | Mem:0.43M, Peak:0.43M | Scene, ViewLayer | Updating Geometry BVH Cube.096 96/239 | Building BVH
Fra:1 Mem:19.86M (Peak 27.57M) | Time:00:00.07 | Mem:0.43M, Peak:0.43M | Scene, ViewLayer | Updating Geometry BVH Cube.097 97/239 | Building BVH
Fra:1 Mem:19.86M (Peak 27.57M) | Time:00:00.07 | Mem:0.43M, Peak:0.43M | Scene, ViewLayer | Updating Geometry BVH Cube.234 234/239 | Building BVH
Fra:1 Mem:19.86M (Peak 27.57M) | Time:00:00.07 | Mem:0.44M, Peak:0.44M | Scene, ViewLayer | Updating Geometry BVH Cube.098 98/239 | Building BVH
Fra:1 Mem:19.86M (Peak 27.57M) | Time:00:00.07 | Mem:0.44M, Peak:0.44M | Scene, ViewLayer | Updating Geometry BVH Cube.100 100/239 | Building BVH
Fra:1 Mem:19.86M (Peak 27.57M) | Time:00:00.07 | Mem:0.44M, Peak:0.44M | Scene, ViewLayer | Updating Geometry BVH Cube.102 102/239 | Building BVH
Fra:1 Mem:19.86M (Peak 27.57M) | Time:00:00.07 | Mem:0.44M, Peak:0.44M | Scene, ViewLayer | Updating Geometry BVH Cube.103 103/239 | Building BVH
Fra:1 Mem:19.86M (Peak 27.57M) | Time:00:00.07 | Mem:0.44M, Peak:0.44M | Scene, ViewLayer | Updating Geometry BVH Cube.104 104/239 | Building BVH
Fra:1 Mem:19.86M (Peak 27.57M) | Time:00:00.07 | Mem:0.45M, Peak:0.45M | Scene, ViewLayer | Updating Geometry BVH Cube.106 106/239 | Building BVH
Fra:1 Mem:19.86M (Peak 27.57M) | Time:00:00.07 | Mem:0.45M, Peak:0.45M | Scene, ViewLayer | Updating Geometry BVH Cube.107 107/239 | Building BVH
Fra:1 Mem:19.86M (Peak 27.57M) | Time:00:00.07 | Mem:0.45M, Peak:0.45M | Scene, ViewLayer | Updating Geometry BVH Cube.108 108/239 | Building BVH
Fra:1 Mem:19.86M (Peak 27.57M) | Time:00:00.07 | Mem:0.45M, Peak:0.45M | Scene, ViewLayer | Updating Geometry BVH Cube.109 109/239 | Building BVH
Fra:1 Mem:19.86M (Peak 27.57M) | Time:00:00.07 | Mem:0.45M, Peak:0.45M | Scene, ViewLayer | Updating Geometry BVH Cube.110 110/239 | Building BVH
Fra:1 Mem:19.86M (Peak 27.57M) | Time:00:00.07 | Mem:0.45M, Peak:0.45M | Scene, ViewLayer | Updating Geometry BVH Cube.111 111/239 | Building BVH
Fra:1 Mem:19.86M (Peak 27.57M) | Time:00:00.07 | Mem:0.46M, Peak:0.46M | Scene, ViewLayer | Updating Geometry BVH Cube.112 112/239 | Building BVH
Fra:1 Mem:19.86M (Peak 27.57M) | Time:00:00.07 | Mem:0.46M, Peak:0.46M | Scene, ViewLayer | Updating Geometry BVH Cube.113 113/239 | Building BVH
Fra:1 Mem:19.86M (Peak 27.57M) | Time:00:00.07 | Mem:0.46M, Peak:0.46M | Scene, ViewLayer | Updating Geometry BVH Cube.114 114/239 | Building BVH
Fra:1 Mem:19.86M (Peak 27.57M) | Time:00:00.07 | Mem:0.46M, Peak:0.46M | Scene, ViewLayer | Updating Geometry BVH Cube.115 115/239 | Building BVH
Fra:1 Mem:19.86M (Peak 27.57M) | Time:00:00.07 | Mem:0.46M, Peak:0.46M | Scene, ViewLayer | Updating Geometry BVH Cube.116 116/239 | Building BVH
Fra:1 Mem:19.86M (Peak 27.57M) | Time:00:00.07 | Mem:0.46M, Peak:0.46M | Scene, ViewLayer | Updating Geometry BVH Cube.117 117/239 | Building BVH
Fra:1 Mem:19.86M (Peak 27.57M) | Time:00:00.07 | Mem:0.46M, Peak:0.46M | Scene, ViewLayer | Updating Geometry BVH Cube.118 118/239 | Building BVH
Fra:1 Mem:19.86M (Peak 27.57M) | Time:00:00.07 | Mem:0.46M, Peak:0.46M | Scene, ViewLayer | Updating Geometry BVH Cube.119 119/239 | Building BVH
Fra:1 Mem:19.86M (Peak 27.57M) | Time:00:00.07 | Mem:0.46M, Peak:0.46M | Scene, ViewLayer | Updating Geometry BVH Cube.120 120/239 | Building BVH
Fra:1 Mem:19.86M (Peak 27.57M) | Time:00:00.07 | Mem:0.47M, Peak:0.47M | Scene, ViewLayer | Updating Geometry BVH Cube.122 122/239 | Building BVH
Fra:1 Mem:19.86M (Peak 27.57M) | Time:00:00.07 | Mem:0.47M, Peak:0.47M | Scene, ViewLayer | Updating Geometry BVH Cube.124 124/239 | Building BVH
Fra:1 Mem:19.86M (Peak 27.57M) | Time:00:00.07 | Mem:0.47M, Peak:0.47M | Scene, ViewLayer | Updating Geometry BVH Cube.125 125/239 | Building BVH
Fra:1 Mem:19.86M (Peak 27.57M) | Time:00:00.07 | Mem:0.47M, Peak:0.47M | Scene, ViewLayer | Updating Geometry BVH Cube.126 126/239 | Building BVH
Fra:1 Mem:19.86M (Peak 27.57M) | Time:00:00.07 | Mem:0.47M, Peak:0.47M | Scene, ViewLayer | Updating Geometry BVH Cube.127 127/239 | Building BVH
Fra:1 Mem:19.86M (Peak 27.57M) | Time:00:00.07 | Mem:0.47M, Peak:0.48M | Scene, ViewLayer | Updating Geometry BVH Cube.128 128/239 | Building BVH
Fra:1 Mem:19.86M (Peak 27.57M) | Time:00:00.07 | Mem:0.48M, Peak:0.48M | Scene, ViewLayer | Updating Geometry BVH Cube.129 129/239 | Building BVH
Fra:1 Mem:19.86M (Peak 27.57M) | Time:00:00.07 | Mem:0.48M, Peak:0.48M | Scene, ViewLayer | Updating Geometry BVH Cube.130 130/239 | Building BVH
Fra:1 Mem:19.86M (Peak 27.57M) | Time:00:00.07 | Mem:0.48M, Peak:0.48M | Scene, ViewLayer | Updating Geometry BVH Cube.131 131/239 | Building BVH
Fra:1 Mem:19.86M (Peak 27.57M) | Time:00:00.07 | Mem:0.48M, Peak:0.48M | Scene, ViewLayer | Updating Geometry BVH Cube.132 132/239 | Building BVH
Fra:1 Mem:19.86M (Peak 27.57M) | Time:00:00.07 | Mem:0.48M, Peak:0.48M | Scene, ViewLayer | Updating Geometry BVH Cube.133 133/239 | Building BVH
Fra:1 Mem:19.86M (Peak 27.57M) | Time:00:00.07 | Mem:0.49M, Peak:0.49M | Scene, ViewLayer | Updating Geometry BVH Cube.134 134/239 | Building BVH
Fra:1 Mem:19.86M (Peak 27.57M) | Time:00:00.07 | Mem:0.49M, Peak:0.49M | Scene, ViewLayer | Updating Geometry BVH Cube.135 135/239 | Building BVH
Fra:1 Mem:19.86M (Peak 27.57M) | Time:00:00.07 | Mem:0.49M, Peak:0.49M | Scene, ViewLayer | Updating Geometry BVH Cube.136 136/239 | Building BVH
Fra:1 Mem:19.86M (Peak 27.57M) | Time:00:00.07 | Mem:0.49M, Peak:0.49M | Scene, ViewLayer | Updating Geometry BVH Cube.137 137/239 | Building BVH
Fra:1 Mem:19.86M (Peak 27.57M) | Time:00:00.07 | Mem:0.49M, Peak:0.49M | Scene, ViewLayer | Updating Geometry BVH Cube.138 138/239 | Building BVH
Fra:1 Mem:19.86M (Peak 27.57M) | Time:00:00.07 | Mem:0.49M, Peak:0.49M | Scene, ViewLayer | Updating Geometry BVH Cube.139 139/239 | Building BVH
Fra:1 Mem:19.86M (Peak 27.57M) | Time:00:00.07 | Mem:0.49M, Peak:0.49M | Scene, ViewLayer | Updating Geometry BVH Cube.140 140/239 | Building BVH
Fra:1 Mem:19.86M (Peak 27.57M) | Time:00:00.07 | Mem:0.50M, Peak:0.50M | Scene, ViewLayer | Updating Geometry BVH Cube.141 141/239 | Building BVH
Fra:1 Mem:19.86M (Peak 27.57M) | Time:00:00.07 | Mem:0.50M, Peak:0.50M | Scene, ViewLayer | Updating Geometry BVH Cube.143 143/239 | Building BVH
Fra:1 Mem:19.86M (Peak 27.57M) | Time:00:00.07 | Mem:0.50M, Peak:0.50M | Scene, ViewLayer | Updating Geometry BVH Cube.144 144/239 | Building BVH
Fra:1 Mem:19.86M (Peak 27.57M) | Time:00:00.07 | Mem:0.50M, Peak:0.50M | Scene, ViewLayer | Updating Geometry BVH Cube.145 145/239 | Building BVH
Fra:1 Mem:19.86M (Peak 27.57M) | Time:00:00.07 | Mem:0.50M, Peak:0.50M | Scene, ViewLayer | Updating Geometry BVH Cube.146 146/239 | Building BVH
Fra:1 Mem:19.86M (Peak 27.57M) | Time:00:00.07 | Mem:0.50M, Peak:0.50M | Scene, ViewLayer | Updating Geometry BVH Cube.147 147/239 | Building BVH
Fra:1 Mem:19.86M (Peak 27.57M) | Time:00:00.07 | Mem:0.50M, Peak:0.50M | Scene, ViewLayer | Updating Geometry BVH Cube.148 148/239 | Building BVH
Fra:1 Mem:19.86M (Peak 27.57M) | Time:00:00.07 | Mem:0.50M, Peak:0.50M | Scene, ViewLayer | Updating Geometry BVH Cube.150 150/239 | Building BVH
Fra:1 Mem:19.86M (Peak 27.57M) | Time:00:00.07 | Mem:0.51M, Peak:0.51M | Scene, ViewLayer | Updating Geometry BVH Cube.152 152/239 | Building BVH
Fra:1 Mem:19.86M (Peak 27.57M) | Time:00:00.07 | Mem:0.51M, Peak:0.51M | Scene, ViewLayer | Updating Geometry BVH Cube.153 153/239 | Building BVH
Fra:1 Mem:19.86M (Peak 27.57M) | Time:00:00.07 | Mem:0.51M, Peak:0.51M | Scene, ViewLayer | Updating Geometry BVH Cube.155 155/239 | Building BVH
Fra:1 Mem:19.86M (Peak 27.57M) | Time:00:00.07 | Mem:0.51M, Peak:0.51M | Scene, ViewLayer | Updating Geometry BVH Cube.156 156/239 | Building BVH
Fra:1 Mem:19.86M (Peak 27.57M) | Time:00:00.07 | Mem:0.52M, Peak:0.52M | Scene, ViewLayer | Updating Geometry BVH Cube.157 157/239 | Building BVH
Fra:1 Mem:19.86M (Peak 27.57M) | Time:00:00.07 | Mem:0.52M, Peak:0.52M | Scene, ViewLayer | Updating Geometry BVH Cube.159 159/239 | Building BVH
Fra:1 Mem:19.86M (Peak 27.57M) | Time:00:00.07 | Mem:0.52M, Peak:0.52M | Scene, ViewLayer | Updating Geometry BVH Cube.160 160/239 | Building BVH
Fra:1 Mem:19.86M (Peak 27.57M) | Time:00:00.07 | Mem:0.52M, Peak:0.52M | Scene, ViewLayer | Updating Geometry BVH Cube.162 162/239 | Building BVH
Fra:1 Mem:19.86M (Peak 27.57M) | Time:00:00.07 | Mem:0.52M, Peak:0.52M | Scene, ViewLayer | Updating Geometry BVH Cube.161 161/239 | Building BVH
Fra:1 Mem:19.86M (Peak 27.57M) | Time:00:00.07 | Mem:0.53M, Peak:0.53M | Scene, ViewLayer | Updating Geometry BVH Cube.164 164/239 | Building BVH
Fra:1 Mem:19.86M (Peak 27.57M) | Time:00:00.07 | Mem:0.53M, Peak:0.53M | Scene, ViewLayer | Updating Geometry BVH Cube.166 166/239 | Building BVH
Fra:1 Mem:19.86M (Peak 27.57M) | Time:00:00.07 | Mem:0.53M, Peak:0.53M | Scene, ViewLayer | Updating Geometry BVH Cube.167 167/239 | Building BVH
Fra:1 Mem:19.86M (Peak 27.57M) | Time:00:00.07 | Mem:0.53M, Peak:0.53M | Scene, ViewLayer | Updating Geometry BVH Cube.168 168/239 | Building BVH
Fra:1 Mem:19.86M (Peak 27.57M) | Time:00:00.07 | Mem:0.53M, Peak:0.53M | Scene, ViewLayer | Updating Geometry BVH Cube.169 169/239 | Building BVH
Fra:1 Mem:19.86M (Peak 27.57M) | Time:00:00.07 | Mem:0.54M, Peak:0.54M | Scene, ViewLayer | Updating Geometry BVH Cube.170 170/239 | Building BVH
Fra:1 Mem:19.86M (Peak 27.57M) | Time:00:00.07 | Mem:0.54M, Peak:0.54M | Scene, ViewLayer | Updating Geometry BVH Cube.171 171/239 | Building BVH
Fra:1 Mem:19.86M (Peak 27.57M) | Time:00:00.07 | Mem:0.54M, Peak:0.54M | Scene, ViewLayer | Updating Geometry BVH Cube.172 172/239 | Building BVH
Fra:1 Mem:19.86M (Peak 27.57M) | Time:00:00.07 | Mem:0.54M, Peak:0.54M | Scene, ViewLayer | Updating Geometry BVH Cube.173 173/239 | Building BVH
Fra:1 Mem:19.86M (Peak 27.57M) | Time:00:00.07 | Mem:0.54M, Peak:0.54M | Scene, ViewLayer | Updating Geometry BVH Cube.174 174/239 | Building BVH
Fra:1 Mem:19.86M (Peak 27.57M) | Time:00:00.07 | Mem:0.54M, Peak:0.54M | Scene, ViewLayer | Updating Geometry BVH Cube.175 175/239 | Building BVH
Fra:1 Mem:19.86M (Peak 27.57M) | Time:00:00.07 | Mem:0.54M, Peak:0.54M | Scene, ViewLayer | Updating Geometry BVH Cube.176 176/239 | Building BVH
Fra:1 Mem:19.86M (Peak 27.57M) | Time:00:00.07 | Mem:0.55M, Peak:0.55M | Scene, ViewLayer | Updating Geometry BVH Cube.177 177/239 | Building BVH
Fra:1 Mem:19.86M (Peak 27.57M) | Time:00:00.07 | Mem:0.55M, Peak:0.55M | Scene, ViewLayer | Updating Geometry BVH Cube.179 179/239 | Building BVH
Fra:1 Mem:19.86M (Peak 27.57M) | Time:00:00.07 | Mem:0.55M, Peak:0.55M | Scene, ViewLayer | Updating Geometry BVH Cube.178 178/239 | Building BVH
Fra:1 Mem:19.86M (Peak 27.57M) | Time:00:00.07 | Mem:0.55M, Peak:0.55M | Scene, ViewLayer | Updating Geometry BVH Cube.180 180/239 | Building BVH
Fra:1 Mem:19.86M (Peak 27.57M) | Time:00:00.07 | Mem:0.55M, Peak:0.55M | Scene, ViewLayer | Updating Geometry BVH Cube.181 181/239 | Building BVH
Fra:1 Mem:19.86M (Peak 27.57M) | Time:00:00.07 | Mem:0.55M, Peak:0.55M | Scene, ViewLayer | Updating Geometry BVH Cube.182 182/239 | Building BVH
Fra:1 Mem:19.86M (Peak 27.57M) | Time:00:00.07 | Mem:0.55M, Peak:0.55M | Scene, ViewLayer | Updating Geometry BVH Cube.231 231/239 | Building BVH
Fra:1 Mem:19.86M (Peak 27.57M) | Time:00:00.07 | Mem:0.55M, Peak:0.55M | Scene, ViewLayer | Updating Geometry BVH Cube.184 184/239 | Building BVH
Fra:1 Mem:19.86M (Peak 27.57M) | Time:00:00.07 | Mem:0.56M, Peak:0.56M | Scene, ViewLayer | Updating Geometry BVH Cube.186 186/239 | Building BVH
Fra:1 Mem:19.86M (Peak 27.57M) | Time:00:00.07 | Mem:0.56M, Peak:0.56M | Scene, ViewLayer | Updating Geometry BVH Cube.187 187/239 | Building BVH
Fra:1 Mem:19.86M (Peak 27.57M) | Time:00:00.07 | Mem:0.56M, Peak:0.56M | Scene, ViewLayer | Updating Geometry BVH Cube.188 188/239 | Building BVH
Fra:1 Mem:19.86M (Peak 27.57M) | Time:00:00.07 | Mem:0.56M, Peak:0.56M | Scene, ViewLayer | Updating Geometry BVH Cube.189 189/239 | Building BVH
Fra:1 Mem:19.86M (Peak 27.57M) | Time:00:00.07 | Mem:0.56M, Peak:0.57M | Scene, ViewLayer | Updating Geometry BVH Cube.191 191/239 | Building BVH
Fra:1 Mem:19.86M (Peak 27.57M) | Time:00:00.07 | Mem:0.57M, Peak:0.57M | Scene, ViewLayer | Updating Geometry BVH Cube.192 192/239 | Building BVH
Fra:1 Mem:19.86M (Peak 27.57M) | Time:00:00.07 | Mem:0.57M, Peak:0.57M | Scene, ViewLayer | Updating Geometry BVH Cube.193 193/239 | Building BVH
Fra:1 Mem:19.86M (Peak 27.57M) | Time:00:00.07 | Mem:0.57M, Peak:0.57M | Scene, ViewLayer | Updating Geometry BVH Cube.194 194/239 | Building BVH
Fra:1 Mem:19.86M (Peak 27.57M) | Time:00:00.07 | Mem:0.57M, Peak:0.57M | Scene, ViewLayer | Updating Geometry BVH Cube.195 195/239 | Building BVH
Fra:1 Mem:19.86M (Peak 27.57M) | Time:00:00.07 | Mem:0.57M, Peak:0.57M | Scene, ViewLayer | Updating Geometry BVH Cube.196 196/239 | Building BVH
Fra:1 Mem:19.86M (Peak 27.57M) | Time:00:00.07 | Mem:0.57M, Peak:0.57M | Scene, ViewLayer | Updating Geometry BVH Cube.197 197/239 | Building BVH
Fra:1 Mem:19.86M (Peak 27.57M) | Time:00:00.07 | Mem:0.57M, Peak:0.57M | Scene, ViewLayer | Updating Geometry BVH Cube.230 230/239 | Building BVH
Fra:1 Mem:19.86M (Peak 27.57M) | Time:00:00.07 | Mem:0.58M, Peak:0.58M | Scene, ViewLayer | Updating Geometry BVH Cube.198 198/239 | Building BVH
Fra:1 Mem:19.86M (Peak 27.57M) | Time:00:00.07 | Mem:0.58M, Peak:0.58M | Scene, ViewLayer | Updating Geometry BVH Cube.199 199/239 | Building BVH
Fra:1 Mem:19.86M (Peak 27.57M) | Time:00:00.07 | Mem:0.58M, Peak:0.58M | Scene, ViewLayer | Updating Geometry BVH Cube.200 200/239 | Building BVH
Fra:1 Mem:19.86M (Peak 27.57M) | Time:00:00.07 | Mem:0.58M, Peak:0.58M | Scene, ViewLayer | Updating Geometry BVH Cube.201 201/239 | Building BVH
Fra:1 Mem:19.86M (Peak 27.57M) | Time:00:00.07 | Mem:0.58M, Peak:0.58M | Scene, ViewLayer | Updating Geometry BVH Cube.202 202/239 | Building BVH
Fra:1 Mem:19.86M (Peak 27.57M) | Time:00:00.07 | Mem:0.58M, Peak:0.58M | Scene, ViewLayer | Updating Geometry BVH Cube.205 205/239 | Building BVH
Fra:1 Mem:19.86M (Peak 27.57M) | Time:00:00.07 | Mem:0.59M, Peak:0.59M | Scene, ViewLayer | Updating Geometry BVH Cube.206 206/239 | Building BVH
Fra:1 Mem:19.86M (Peak 27.57M) | Time:00:00.07 | Mem:0.59M, Peak:0.59M | Scene, ViewLayer | Updating Geometry BVH Cube.207 207/239 | Building BVH
Fra:1 Mem:19.86M (Peak 27.57M) | Time:00:00.07 | Mem:0.59M, Peak:0.59M | Scene, ViewLayer | Updating Geometry BVH Cube.229 229/239 | Building BVH
Fra:1 Mem:19.86M (Peak 27.57M) | Time:00:00.07 | Mem:0.59M, Peak:0.59M | Scene, ViewLayer | Updating Geometry BVH Cube.208 208/239 | Building BVH
Fra:1 Mem:19.86M (Peak 27.57M) | Time:00:00.07 | Mem:0.59M, Peak:0.59M | Scene, ViewLayer | Updating Geometry BVH Cube.209 209/239 | Building BVH
Fra:1 Mem:19.86M (Peak 27.57M) | Time:00:00.07 | Mem:0.59M, Peak:0.59M | Scene, ViewLayer | Updating Geometry BVH Cube.210 210/239 | Building BVH
Fra:1 Mem:19.86M (Peak 27.57M) | Time:00:00.07 | Mem:0.60M, Peak:0.60M | Scene, ViewLayer | Updating Geometry BVH Cube.211 211/239 | Building BVH
Fra:1 Mem:19.86M (Peak 27.57M) | Time:00:00.07 | Mem:0.60M, Peak:0.60M | Scene, ViewLayer | Updating Geometry BVH Cube.212 212/239 | Building BVH
Fra:1 Mem:19.86M (Peak 27.57M) | Time:00:00.07 | Mem:0.60M, Peak:0.60M | Scene, ViewLayer | Updating Geometry BVH Cube.214 214/239 | Building BVH
Fra:1 Mem:19.86M (Peak 27.57M) | Time:00:00.07 | Mem:0.60M, Peak:0.60M | Scene, ViewLayer | Updating Geometry BVH Cube.215 215/239 | Building BVH
Fra:1 Mem:19.86M (Peak 27.57M) | Time:00:00.08 | Mem:0.60M, Peak:0.60M | Scene, ViewLayer | Updating Geometry BVH Cube.216 216/239 | Building BVH
Fra:1 Mem:19.86M (Peak 27.57M) | Time:00:00.08 | Mem:0.60M, Peak:0.60M | Scene, ViewLayer | Updating Geometry BVH Cube.217 217/239 | Building BVH
Fra:1 Mem:19.86M (Peak 27.57M) | Time:00:00.08 | Mem:0.60M, Peak:0.60M | Scene, ViewLayer | Updating Geometry BVH Cube.218 218/239 | Building BVH
Fra:1 Mem:19.86M (Peak 27.57M) | Time:00:00.08 | Mem:0.61M, Peak:0.61M | Scene, ViewLayer | Updating Geometry BVH Cube.219 219/239 | Building BVH
Fra:1 Mem:19.86M (Peak 27.57M) | Time:00:00.08 | Mem:0.61M, Peak:0.61M | Scene, ViewLayer | Updating Geometry BVH Cube.220 220/239 | Building BVH
Fra:1 Mem:19.86M (Peak 27.57M) | Time:00:00.08 | Mem:0.61M, Peak:0.61M | Scene, ViewLayer | Updating Geometry BVH Cube.221 221/239 | Building BVH
Fra:1 Mem:19.86M (Peak 27.57M) | Time:00:00.08 | Mem:0.61M, Peak:0.61M | Scene, ViewLayer | Updating Geometry BVH Cube.222 222/239 | Building BVH
Fra:1 Mem:19.86M (Peak 27.57M) | Time:00:00.08 | Mem:0.61M, Peak:0.61M | Scene, ViewLayer | Updating Geometry BVH Cube.223 223/239 | Building BVH
Fra:1 Mem:19.86M (Peak 27.57M) | Time:00:00.08 | Mem:0.61M, Peak:0.61M | Scene, ViewLayer | Updating Geometry BVH Cube.224 224/239 | Building BVH
Fra:1 Mem:19.86M (Peak 27.57M) | Time:00:00.08 | Mem:0.62M, Peak:0.62M | Scene, ViewLayer | Updating Geometry BVH Cube.225 225/239 | Building BVH
Fra:1 Mem:19.86M (Peak 27.57M) | Time:00:00.08 | Mem:0.62M, Peak:0.62M | Scene, ViewLayer | Updating Geometry BVH Cube.227 227/239 | Building BVH
Fra:1 Mem:19.86M (Peak 27.57M) | Time:00:00.08 | Mem:0.62M, Peak:0.62M | Scene, ViewLayer | Updating Geometry BVH Cube.228 228/239 | Building BVH
Fra:1 Mem:19.86M (Peak 27.57M) | Time:00:00.08 | Mem:0.64M, Peak:0.64M | Scene, ViewLayer | Updating Scene BVH | Building
Fra:1 Mem:19.86M (Peak 27.57M) | Time:00:00.08 | Mem:0.64M, Peak:0.64M | Scene, ViewLayer | Updating Scene BVH | Building BVH
Fra:1 Mem:19.86M (Peak 27.57M) | Time:00:00.08 | Mem:0.66M, Peak:0.67M | Scene, ViewLayer | Updating Scene BVH | Copying BVH to device
Fra:1 Mem:19.86M (Peak 27.57M) | Time:00:00.08 | Mem:0.66M, Peak:0.67M | Scene, ViewLayer | Updating Mesh | Computing normals
Fra:1 Mem:20.06M (Peak 27.57M) | Time:00:00.08 | Mem:0.66M, Peak:0.67M | Scene, ViewLayer | Updating Mesh | Copying Mesh to device
Fra:1 Mem:20.06M (Peak 27.57M) | Time:00:00.08 | Mem:0.86M, Peak:0.86M | Scene, ViewLayer | Updating Objects Flags
Fra:1 Mem:20.06M (Peak 27.57M) | Time:00:00.08 | Mem:0.86M, Peak:0.86M | Scene, ViewLayer | Updating Primitive Offsets
Fra:1 Mem:20.06M (Peak 27.57M) | Time:00:00.08 | Mem:0.86M, Peak:0.86M | Scene, ViewLayer | Updating Images
Fra:1 Mem:20.06M (Peak 27.57M) | Time:00:00.08 | Mem:0.86M, Peak:0.86M | Scene, ViewLayer | Updating Images | Loading lining_light.png
Fra:1 Mem:20.06M (Peak 27.57M) | Time:00:00.08 | Mem:0.86M, Peak:0.86M | Scene, ViewLayer | Updating Images | Loading engraved_amethyst.png
Fra:1 Mem:20.06M (Peak 27.57M) | Time:00:00.08 | Mem:0.86M, Peak:0.86M | Scene, ViewLayer | Updating Images | Loading basalt_dark.png
Fra:1 Mem:20.06M (Peak 27.57M) | Time:00:00.08 | Mem:0.86M, Peak:0.86M | Scene, ViewLayer | Updating Images | Loading side_relief.png
Fra:1 Mem:20.07M (Peak 27.57M) | Time:00:00.08 | Mem:0.86M, Peak:0.86M | Scene, ViewLayer | Updating Images | Loading calcite_light_emission.png
Fra:1 Mem:20.09M (Peak 27.57M) | Time:00:00.09 | Mem:0.86M, Peak:0.86M | Scene, ViewLayer | Updating Images | Loading bud_pink_emission.png
Fra:1 Mem:20.09M (Peak 27.57M) | Time:00:00.09 | Mem:0.86M, Peak:0.86M | Scene, ViewLayer | Updating Images | Loading engraved_glint_emission.png
Fra:1 Mem:20.09M (Peak 27.57M) | Time:00:00.09 | Mem:0.86M, Peak:0.86M | Scene, ViewLayer | Updating Images | Loading engraved_amethyst_emission.png
Fra:1 Mem:20.09M (Peak 27.57M) | Time:00:00.09 | Mem:0.86M, Peak:0.86M | Scene, ViewLayer | Updating Images | Loading basalt_emission.png
Fra:1 Mem:20.09M (Peak 27.57M) | Time:00:00.09 | Mem:0.86M, Peak:0.86M | Scene, ViewLayer | Updating Images | Loading side_backing_emission.png
Fra:1 Mem:20.09M (Peak 27.57M) | Time:00:00.09 | Mem:0.87M, Peak:0.87M | Scene, ViewLayer | Updating Images | Loading bud_lilac_emission.png
Fra:1 Mem:20.09M (Peak 27.57M) | Time:00:00.09 | Mem:0.87M, Peak:0.87M | Scene, ViewLayer | Updating Images | Loading calcite_shadow_emission.png
Fra:1 Mem:20.09M (Peak 27.57M) | Time:00:00.09 | Mem:0.87M, Peak:0.87M | Scene, ViewLayer | Updating Images | Loading basalt_dark_emission.png
Fra:1 Mem:20.09M (Peak 27.57M) | Time:00:00.09 | Mem:0.87M, Peak:0.87M | Scene, ViewLayer | Updating Images | Loading side_relief_emission.png
Fra:1 Mem:20.09M (Peak 27.57M) | Time:00:00.09 | Mem:0.87M, Peak:0.87M | Scene, ViewLayer | Updating Images | Loading lining_light_emission.png
Fra:1 Mem:20.09M (Peak 27.57M) | Time:00:00.09 | Mem:0.87M, Peak:0.87M | Scene, ViewLayer | Updating Images | Loading bud_silver_normal_preview.png
Fra:1 Mem:20.09M (Peak 27.57M) | Time:00:00.09 | Mem:0.87M, Peak:0.87M | Scene, ViewLayer | Updating Images | Loading bud_silver_emission.png
Fra:1 Mem:20.09M (Peak 27.57M) | Time:00:00.09 | Mem:0.87M, Peak:0.87M | Scene, ViewLayer | Updating Images | Loading lining_emission.png
Fra:1 Mem:20.09M (Peak 27.57M) | Time:00:00.09 | Mem:0.87M, Peak:0.87M | Scene, ViewLayer | Updating Images | Loading bud_pink_metal.png
Fra:1 Mem:20.09M (Peak 27.57M) | Time:00:00.10 | Mem:0.88M, Peak:0.88M | Scene, ViewLayer | Updating Images | Loading engraved_glint_metal.png
Fra:1 Mem:20.09M (Peak 27.57M) | Time:00:00.10 | Mem:0.88M, Peak:0.88M | Scene, ViewLayer | Updating Images | Loading engraved_amethyst_metal.png
Fra:1 Mem:20.09M (Peak 27.57M) | Time:00:00.10 | Mem:0.88M, Peak:0.88M | Scene, ViewLayer | Updating Images | Loading basalt_metal.png
Fra:1 Mem:20.09M (Peak 27.57M) | Time:00:00.10 | Mem:0.88M, Peak:0.88M | Scene, ViewLayer | Updating Images | Loading bud_lilac_metal.png
Fra:1 Mem:20.09M (Peak 27.57M) | Time:00:00.10 | Mem:0.88M, Peak:0.88M | Scene, ViewLayer | Updating Images | Loading side_backing_metal.png
Fra:1 Mem:20.09M (Peak 27.57M) | Time:00:00.10 | Mem:0.88M, Peak:0.88M | Scene, ViewLayer | Updating Images | Loading calcite_shadow_metal.png
Fra:1 Mem:20.09M (Peak 27.57M) | Time:00:00.10 | Mem:0.88M, Peak:0.88M | Scene, ViewLayer | Updating Images | Loading basalt_dark_metal.png
Fra:1 Mem:20.09M (Peak 27.57M) | Time:00:00.10 | Mem:0.88M, Peak:0.88M | Scene, ViewLayer | Updating Images | Loading side_relief_metal.png
Fra:1 Mem:20.10M (Peak 27.57M) | Time:00:00.10 | Mem:0.88M, Peak:0.88M | Scene, ViewLayer | Updating Images | Loading lining_light_metal.png
Fra:1 Mem:20.10M (Peak 27.57M) | Time:00:00.10 | Mem:0.88M, Peak:0.88M | Scene, ViewLayer | Updating Images | Loading calcite_metal.png
Fra:1 Mem:20.10M (Peak 27.57M) | Time:00:00.10 | Mem:0.88M, Peak:0.88M | Scene, ViewLayer | Updating Images | Loading bud_silver_metal.png
Fra:1 Mem:20.10M (Peak 27.57M) | Time:00:00.10 | Mem:0.88M, Peak:0.88M | Scene, ViewLayer | Updating Images | Loading lining_light_normal_preview.png
Fra:1 Mem:20.10M (Peak 27.57M) | Time:00:00.10 | Mem:0.88M, Peak:0.88M | Scene, ViewLayer | Updating Images | Loading lining_metal.png
Fra:1 Mem:20.10M (Peak 27.57M) | Time:00:00.10 | Mem:0.88M, Peak:0.88M | Scene, ViewLayer | Updating Images | Loading engraved_glint_sss.png
Fra:1 Mem:20.10M (Peak 27.57M) | Time:00:00.11 | Mem:0.88M, Peak:0.88M | Scene, ViewLayer | Updating Images | Loading engraved_amethyst_sss.png
Fra:1 Mem:20.10M (Peak 27.57M) | Time:00:00.11 | Mem:0.88M, Peak:0.88M | Scene, ViewLayer | Updating Images | Loading basalt_sss.png
Fra:1 Mem:20.10M (Peak 27.57M) | Time:00:00.11 | Mem:0.88M, Peak:0.88M | Scene, ViewLayer | Updating Images | Loading bud_lilac_sss.png
Fra:1 Mem:20.10M (Peak 27.57M) | Time:00:00.11 | Mem:0.88M, Peak:0.88M | Scene, ViewLayer | Updating Images | Loading side_backing_sss.png
Fra:1 Mem:20.10M (Peak 27.57M) | Time:00:00.11 | Mem:0.88M, Peak:0.88M | Scene, ViewLayer | Updating Images | Loading calcite_shadow_sss.png
Fra:1 Mem:20.10M (Peak 27.57M) | Time:00:00.11 | Mem:0.88M, Peak:0.88M | Scene, ViewLayer | Updating Images | Loading lining_sss.png
Fra:1 Mem:20.10M (Peak 27.57M) | Time:00:00.11 | Mem:0.88M, Peak:0.88M | Scene, ViewLayer | Updating Images | Loading lining_light_sss.png
Fra:1 Mem:20.10M (Peak 27.57M) | Time:00:00.11 | Mem:0.88M, Peak:0.88M | Scene, ViewLayer | Updating Images | Loading side_relief_sss.png
Fra:1 Mem:20.10M (Peak 27.57M) | Time:00:00.11 | Mem:0.88M, Peak:0.88M | Scene, ViewLayer | Updating Images | Loading basalt_dark_sss.png
Fra:1 Mem:20.10M (Peak 27.57M) | Time:00:00.11 | Mem:0.88M, Peak:0.88M | Scene, ViewLayer | Updating Images | Loading calcite_sss.png
Fra:1 Mem:20.10M (Peak 27.57M) | Time:00:00.11 | Mem:0.88M, Peak:0.88M | Scene, ViewLayer | Updating Images | Loading bud_silver_sss.png
Fra:1 Mem:20.10M (Peak 27.57M) | Time:00:00.11 | Mem:0.88M, Peak:0.88M | Scene, ViewLayer | Updating Images | Loading bud_pink_roughness.png
Fra:1 Mem:20.10M (Peak 27.57M) | Time:00:00.11 | Mem:0.88M, Peak:0.88M | Scene, ViewLayer | Updating Images | Loading calcite_light_roughness.png
Fra:1 Mem:20.10M (Peak 27.57M) | Time:00:00.11 | Mem:0.88M, Peak:0.88M | Scene, ViewLayer | Updating Images | Loading engraved_glint_roughness.png
Fra:1 Mem:20.10M (Peak 27.57M) | Time:00:00.11 | Mem:0.88M, Peak:0.88M | Scene, ViewLayer | Updating Images | Loading basalt_dark_normal_preview.png
Fra:1 Mem:20.10M (Peak 27.57M) | Time:00:00.11 | Mem:0.88M, Peak:0.88M | Scene, ViewLayer | Updating Images | Loading engraved_amethyst_roughness.png
Fra:1 Mem:20.10M (Peak 27.57M) | Time:00:00.12 | Mem:0.88M, Peak:0.88M | Scene, ViewLayer | Updating Images | Loading basalt_roughness.png
Fra:1 Mem:20.10M (Peak 27.57M) | Time:00:00.12 | Mem:0.88M, Peak:0.88M | Scene, ViewLayer | Updating Images | Loading bud_lilac_roughness.png
Fra:1 Mem:20.10M (Peak 27.57M) | Time:00:00.12 | Mem:0.89M, Peak:0.89M | Scene, ViewLayer | Updating Images | Loading side_backing_roughness.png
Fra:1 Mem:20.10M (Peak 27.57M) | Time:00:00.12 | Mem:0.89M, Peak:0.89M | Scene, ViewLayer | Updating Images | Loading lining_roughness.png
Fra:1 Mem:20.10M (Peak 27.57M) | Time:00:00.12 | Mem:0.89M, Peak:0.89M | Scene, ViewLayer | Updating Images | Loading basalt_dark_roughness.png
Fra:1 Mem:20.10M (Peak 27.57M) | Time:00:00.12 | Mem:0.89M, Peak:0.89M | Scene, ViewLayer | Updating Images | Loading lining_light_roughness.png
Fra:1 Mem:20.10M (Peak 27.57M) | Time:00:00.12 | Mem:0.89M, Peak:0.89M | Scene, ViewLayer | Updating Images | Loading side_relief_roughness.png
Fra:1 Mem:20.10M (Peak 27.57M) | Time:00:00.12 | Mem:0.89M, Peak:0.89M | Scene, ViewLayer | Updating Images | Loading calcite_roughness.png
Fra:1 Mem:20.10M (Peak 27.57M) | Time:00:00.12 | Mem:0.89M, Peak:0.89M | Scene, ViewLayer | Updating Images | Loading bud_pink_normal_preview.png
Fra:1 Mem:20.11M (Peak 27.57M) | Time:00:00.12 | Mem:0.89M, Peak:0.89M | Scene, ViewLayer | Updating Images | Loading engraved_glint_normal_preview.png
Fra:1 Mem:20.11M (Peak 27.57M) | Time:00:00.12 | Mem:0.89M, Peak:0.89M | Scene, ViewLayer | Updating Images | Loading basalt_normal_preview.png
Fra:1 Mem:20.11M (Peak 27.57M) | Time:00:00.12 | Mem:0.89M, Peak:0.89M | Scene, ViewLayer | Updating Images | Loading engraved_amethyst_normal_preview.png
Fra:1 Mem:20.11M (Peak 27.57M) | Time:00:00.12 | Mem:0.89M, Peak:0.89M | Scene, ViewLayer | Updating Images | Loading calcite_normal_preview.png
Fra:1 Mem:20.11M (Peak 27.57M) | Time:00:00.13 | Mem:0.89M, Peak:0.89M | Scene, ViewLayer | Updating Images | Loading bud_lilac_normal_preview.png
Fra:1 Mem:20.11M (Peak 27.57M) | Time:00:00.13 | Mem:0.89M, Peak:0.89M | Scene, ViewLayer | Updating Images | Loading calcite_shadow_normal_preview.png
Fra:1 Mem:20.11M (Peak 27.57M) | Time:00:00.13 | Mem:0.89M, Peak:0.89M | Scene, ViewLayer | Updating Images | Loading lining_normal_preview.png
Fra:1 Mem:20.11M (Peak 27.57M) | Time:00:00.13 | Mem:0.90M, Peak:0.90M | Scene, ViewLayer | Updating Camera Volume
Fra:1 Mem:20.11M (Peak 27.57M) | Time:00:00.13 | Mem:0.90M, Peak:0.90M | Scene, ViewLayer | Updating Lookup Tables
Fra:1 Mem:20.11M (Peak 27.57M) | Time:00:00.13 | Mem:1.15M, Peak:1.15M | Scene, ViewLayer | Updating Lights
Fra:1 Mem:20.12M (Peak 27.57M) | Time:00:00.13 | Mem:1.15M, Peak:1.15M | Scene, ViewLayer | Updating Lights | Computing distribution
Fra:1 Mem:20.16M (Peak 27.57M) | Time:00:00.13 | Mem:1.20M, Peak:1.20M | Scene, ViewLayer | Updating Integrator
Fra:1 Mem:20.17M (Peak 27.57M) | Time:00:00.13 | Mem:1.20M, Peak:1.20M | Scene, ViewLayer | Updating Film
Fra:1 Mem:20.17M (Peak 27.57M) | Time:00:00.13 | Mem:0.95M, Peak:1.20M | Scene, ViewLayer | Updating Lookup Tables
Fra:1 Mem:20.17M (Peak 27.57M) | Time:00:00.13 | Mem:1.21M, Peak:1.21M | Scene, ViewLayer | Updating Baking
Fra:1 Mem:20.17M (Peak 27.57M) | Time:00:00.13 | Mem:1.21M, Peak:1.21M | Scene, ViewLayer | Updating Device | Writing constant memory
Fra:1 Mem:20.17M (Peak 27.57M) | Time:00:00.13 | Mem:1.21M, Peak:1.21M | Scene, ViewLayer | Sample 0/48
Fra:1 Mem:92.70M (Peak 92.70M) | Time:00:00.48 | Remaining:00:16.55 | Mem:73.70M, Peak:73.70M | Scene, ViewLayer | Sample 1/48
Fra:1 Mem:123.22M (Peak 169.00M) | Time:00:20.37 | Mem:73.70M, Peak:73.70M | Scene, ViewLayer | Sample 48/48
Fra:1 Mem:123.22M (Peak 169.00M) | Time:00:20.37 | Mem:73.70M, Peak:73.70M | Scene, ViewLayer | Finished
Saved: 'D:\Desktop\Document\Coding\FULL STACK\ConvertTable\assets\geode_prototype\geode_three_quarter.png'
 Time: 00:20.48 (Saving: 00:00.10)

Fra:1 Mem:27.12M (Peak 27.12M) | Time:00:00.01 | Mem:0.00M, Peak:0.00M | Scene, ViewLayer | Synchronizing object | 01_basalt_corner_guards_0000
Fra:1 Mem:27.12M (Peak 27.12M) | Time:00:00.01 | Mem:0.00M, Peak:0.00M | Scene, ViewLayer | Synchronizing object | 01_basalt_corner_guards_0001
Fra:1 Mem:27.12M (Peak 27.12M) | Time:00:00.01 | Mem:0.00M, Peak:0.00M | Scene, ViewLayer | Synchronizing object | 10_calcite_corner_shoulders_0003
Fra:1 Mem:27.13M (Peak 27.13M) | Time:00:00.01 | Mem:0.00M, Peak:0.00M | Scene, ViewLayer | Synchronizing object | 10_calcite_corner_shoulders_0005
Fra:1 Mem:27.13M (Peak 27.13M) | Time:00:00.01 | Mem:0.00M, Peak:0.00M | Scene, ViewLayer | Synchronizing object | 08_layer_2_lower_rail_0007
Fra:1 Mem:27.13M (Peak 27.13M) | Time:00:00.01 | Mem:0.00M, Peak:0.00M | Scene, ViewLayer | Synchronizing object | 07_layer_2_crystal_relief_0011
Fra:1 Mem:27.13M (Peak 27.13M) | Time:00:00.01 | Mem:0.00M, Peak:0.00M | Scene, ViewLayer | Synchronizing object | 07_layer_2_crystal_relief_0014
Fra:1 Mem:27.14M (Peak 27.14M) | Time:00:00.01 | Mem:0.00M, Peak:0.00M | Scene, ViewLayer | Synchronizing object | 07_layer_2_crystal_relief_0015
Fra:1 Mem:27.14M (Peak 27.14M) | Time:00:00.01 | Mem:0.00M, Peak:0.00M | Scene, ViewLayer | Synchronizing object | 07_layer_2_crystal_relief_0017
Fra:1 Mem:27.14M (Peak 27.14M) | Time:00:00.01 | Mem:0.00M, Peak:0.00M | Scene, ViewLayer | Synchronizing object | 09_calcite_crown_rim_0020
Fra:1 Mem:27.14M (Peak 27.14M) | Time:00:00.01 | Mem:0.00M, Peak:0.00M | Scene, ViewLayer | Synchronizing object | 11_corner_crystal_buds_0021
Fra:1 Mem:27.15M (Peak 27.15M) | Time:00:00.01 | Mem:0.00M, Peak:0.00M | Scene, ViewLayer | Synchronizing object | 11_corner_crystal_buds_0023
Fra:1 Mem:27.15M (Peak 27.15M) | Time:00:00.01 | Mem:0.00M, Peak:0.00M | Scene, ViewLayer | Synchronizing object | 11_corner_crystal_buds_0024
Fra:1 Mem:27.15M (Peak 27.15M) | Time:00:00.01 | Mem:0.00M, Peak:0.00M | Scene, ViewLayer | Synchronizing object | 11_corner_crystal_buds_0026
Fra:1 Mem:27.15M (Peak 27.16M) | Time:00:00.01 | Mem:0.00M, Peak:0.00M | Scene, ViewLayer | Synchronizing object | 05_layer_3_mineral_backing_0027
Fra:1 Mem:27.16M (Peak 27.16M) | Time:00:00.01 | Mem:0.00M, Peak:0.00M | Scene, ViewLayer | Synchronizing object | 05_layer_3_mineral_backing_0028
Fra:1 Mem:27.16M (Peak 27.16M) | Time:00:00.01 | Mem:0.00M, Peak:0.00M | Scene, ViewLayer | Synchronizing object | 06_layer_3_stone_ground_pattern_0029
Fra:1 Mem:27.16M (Peak 27.16M) | Time:00:00.01 | Mem:0.00M, Peak:0.00M | Scene, ViewLayer | Synchronizing object | 05_layer_3_mineral_backing_0030
Fra:1 Mem:27.16M (Peak 27.16M) | Time:00:00.01 | Mem:0.00M, Peak:0.00M | Scene, ViewLayer | Synchronizing object | 05_layer_3_mineral_backing_0031
Fra:1 Mem:27.17M (Peak 27.17M) | Time:00:00.01 | Mem:0.00M, Peak:0.00M | Scene, ViewLayer | Synchronizing object | 06_layer_3_stone_ground_pattern_0033
Fra:1 Mem:27.17M (Peak 27.17M) | Time:00:00.01 | Mem:0.00M, Peak:0.00M | Scene, ViewLayer | Synchronizing object | 05_layer_3_mineral_backing_0035
Fra:1 Mem:27.17M (Peak 27.17M) | Time:00:00.01 | Mem:0.00M, Peak:0.00M | Scene, ViewLayer | Synchronizing object | 05_layer_3_mineral_backing_0036
Fra:1 Mem:27.17M (Peak 27.17M) | Time:00:00.01 | Mem:0.00M, Peak:0.00M | Scene, ViewLayer | Synchronizing object | 06_layer_3_stone_ground_pattern_0038
Fra:1 Mem:27.18M (Peak 27.18M) | Time:00:00.01 | Mem:0.00M, Peak:0.00M | Scene, ViewLayer | Synchronizing object | 05_layer_3_mineral_backing_0040
Fra:1 Mem:27.18M (Peak 27.18M) | Time:00:00.01 | Mem:0.00M, Peak:0.00M | Scene, ViewLayer | Synchronizing object | 05_layer_3_mineral_backing_0041
Fra:1 Mem:27.19M (Peak 27.19M) | Time:00:00.01 | Mem:0.00M, Peak:0.00M | Scene, ViewLayer | Synchronizing object | 05_layer_3_mineral_backing_0044
Fra:1 Mem:27.19M (Peak 27.19M) | Time:00:00.01 | Mem:0.00M, Peak:0.00M | Scene, ViewLayer | Synchronizing object | 06_layer_3_stone_ground_pattern_0045
Fra:1 Mem:27.19M (Peak 27.19M) | Time:00:00.01 | Mem:0.00M, Peak:0.00M | Scene, ViewLayer | Synchronizing object | 05_layer_3_mineral_backing_0047
Fra:1 Mem:27.20M (Peak 27.20M) | Time:00:00.01 | Mem:0.00M, Peak:0.00M | Scene, ViewLayer | Synchronizing object | 05_layer_3_mineral_backing_0048
Fra:1 Mem:27.20M (Peak 27.20M) | Time:00:00.01 | Mem:0.00M, Peak:0.00M | Scene, ViewLayer | Synchronizing object | 05_layer_3_mineral_backing_0050
Fra:1 Mem:27.20M (Peak 27.20M) | Time:00:00.01 | Mem:0.00M, Peak:0.00M | Scene, ViewLayer | Synchronizing object | 05_layer_3_mineral_backing_0051
Fra:1 Mem:27.20M (Peak 27.21M) | Time:00:00.01 | Mem:0.00M, Peak:0.00M | Scene, ViewLayer | Synchronizing object | 06_layer_3_stone_ground_pattern_0052
Fra:1 Mem:27.21M (Peak 27.21M) | Time:00:00.01 | Mem:0.00M, Peak:0.00M | Scene, ViewLayer | Synchronizing object | 06_layer_3_stone_ground_pattern_0054
Fra:1 Mem:27.21M (Peak 27.21M) | Time:00:00.01 | Mem:0.00M, Peak:0.00M | Scene, ViewLayer | Synchronizing object | 05_layer_3_mineral_backing_0055
Fra:1 Mem:27.21M (Peak 27.21M) | Time:00:00.01 | Mem:0.00M, Peak:0.00M | Scene, ViewLayer | Synchronizing object | 06_layer_3_stone_ground_pattern_0056
Fra:1 Mem:27.22M (Peak 27.22M) | Time:00:00.01 | Mem:0.00M, Peak:0.00M | Scene, ViewLayer | Synchronizing object | 05_layer_3_mineral_backing_0058
Fra:1 Mem:27.22M (Peak 27.22M) | Time:00:00.01 | Mem:0.00M, Peak:0.00M | Scene, ViewLayer | Synchronizing object | 06_layer_3_stone_ground_pattern_0060
Fra:1 Mem:27.22M (Peak 27.22M) | Time:00:00.01 | Mem:0.00M, Peak:0.00M | Scene, ViewLayer | Synchronizing object | 05_layer_3_mineral_backing_0061
Fra:1 Mem:27.22M (Peak 27.23M) | Time:00:00.01 | Mem:0.00M, Peak:0.00M | Scene, ViewLayer | Synchronizing object | 08_layer_2_lower_rail_0062
Fra:1 Mem:27.23M (Peak 27.23M) | Time:00:00.01 | Mem:0.00M, Peak:0.00M | Scene, ViewLayer | Synchronizing object | 01_basalt_foundation_0063
Fra:1 Mem:27.23M (Peak 27.23M) | Time:00:00.01 | Mem:0.00M, Peak:0.00M | Scene, ViewLayer | Synchronizing object | 02_calcite_lower_shell_0065
Fra:1 Mem:27.24M (Peak 27.24M) | Time:00:00.01 | Mem:0.00M, Peak:0.00M | Scene, ViewLayer | Synchronizing object | 08_layer_2_lower_rail_0066
Fra:1 Mem:27.24M (Peak 27.24M) | Time:00:00.01 | Mem:0.00M, Peak:0.00M | Scene, ViewLayer | Synchronizing object | 08_layer_2_lower_rail_0067
Fra:1 Mem:27.24M (Peak 27.24M) | Time:00:00.01 | Mem:0.00M, Peak:0.00M | Scene, ViewLayer | Synchronizing object | 05_layer_3_mineral_backing_0070
Fra:1 Mem:27.25M (Peak 27.25M) | Time:00:00.01 | Mem:0.00M, Peak:0.00M | Scene, ViewLayer | Synchronizing object | 05_layer_3_mineral_backing_0073
Fra:1 Mem:27.25M (Peak 27.25M) | Time:00:00.01 | Mem:0.00M, Peak:0.00M | Scene, ViewLayer | Synchronizing object | 05_layer_3_mineral_backing_0074
Fra:1 Mem:27.25M (Peak 27.25M) | Time:00:00.01 | Mem:0.00M, Peak:0.00M | Scene, ViewLayer | Synchronizing object | 05_layer_3_mineral_backing_0075
Fra:1 Mem:27.25M (Peak 27.25M) | Time:00:00.01 | Mem:0.00M, Peak:0.00M | Scene, ViewLayer | Synchronizing object | 05_layer_3_mineral_backing_0076
Fra:1 Mem:27.26M (Peak 27.26M) | Time:00:00.01 | Mem:0.00M, Peak:0.00M | Scene, ViewLayer | Synchronizing object | 05_layer_3_mineral_backing_0078
Fra:1 Mem:27.26M (Peak 27.26M) | Time:00:00.01 | Mem:0.00M, Peak:0.00M | Scene, ViewLayer | Synchronizing object | 05_layer_3_mineral_backing_0079
Fra:1 Mem:27.26M (Peak 27.26M) | Time:00:00.01 | Mem:0.00M, Peak:0.00M | Scene, ViewLayer | Synchronizing object | 04_geode_inner_lining_0081
Fra:1 Mem:27.26M (Peak 27.26M) | Time:00:00.01 | Mem:0.00M, Peak:0.00M | Scene, ViewLayer | Synchronizing object | 05_layer_3_mineral_backing_0082
Fra:1 Mem:27.27M (Peak 27.27M) | Time:00:00.01 | Mem:0.00M, Peak:0.00M | Scene, ViewLayer | Synchronizing object | 05_layer_3_mineral_backing_0083
Fra:1 Mem:27.27M (Peak 27.27M) | Time:00:00.01 | Mem:0.00M, Peak:0.00M | Scene, ViewLayer | Synchronizing object | 05_layer_3_mineral_backing_0084
Fra:1 Mem:27.27M (Peak 27.27M) | Time:00:00.01 | Mem:0.00M, Peak:0.00M | Scene, ViewLayer | Synchronizing object | 05_layer_3_mineral_backing_0085
Fra:1 Mem:27.27M (Peak 27.27M) | Time:00:00.01 | Mem:0.00M, Peak:0.00M | Scene, ViewLayer | Synchronizing object | 06_layer_3_stone_ground_pattern_0086
Fra:1 Mem:27.28M (Peak 27.28M) | Time:00:00.01 | Mem:0.00M, Peak:0.00M | Scene, ViewLayer | Synchronizing object | 05_layer_3_mineral_backing_0087
Fra:1 Mem:27.28M (Peak 27.28M) | Time:00:00.01 | Mem:0.00M, Peak:0.00M | Scene, ViewLayer | Synchronizing object | 06_layer_3_stone_ground_pattern_0088
Fra:1 Mem:27.28M (Peak 27.28M) | Time:00:00.01 | Mem:0.00M, Peak:0.00M | Scene, ViewLayer | Synchronizing object | 07_layer_2_crystal_relief_0090
Fra:1 Mem:27.28M (Peak 27.28M) | Time:00:00.01 | Mem:0.00M, Peak:0.00M | Scene, ViewLayer | Synchronizing object | 06_layer_3_stone_ground_pattern_0091
Fra:1 Mem:27.28M (Peak 27.28M) | Time:00:00.01 | Mem:0.00M, Peak:0.00M | Scene, ViewLayer | Synchronizing object | 06_layer_3_stone_ground_pattern_0093
Fra:1 Mem:27.29M (Peak 27.29M) | Time:00:00.01 | Mem:0.00M, Peak:0.00M | Scene, ViewLayer | Synchronizing object | 05_layer_3_mineral_backing_0094
Fra:1 Mem:27.29M (Peak 27.29M) | Time:00:00.01 | Mem:0.00M, Peak:0.00M | Scene, ViewLayer | Synchronizing object | 09_layer_2_crown_rim_0098
Fra:1 Mem:27.30M (Peak 27.30M) | Time:00:00.01 | Mem:0.00M, Peak:0.00M | Scene, ViewLayer | Synchronizing object | 09_calcite_crown_rim_0099
Fra:1 Mem:27.30M (Peak 27.30M) | Time:00:00.01 | Mem:0.00M, Peak:0.00M | Scene, ViewLayer | Synchronizing object | 06_layer_3_stone_ground_pattern_0101
Fra:1 Mem:27.31M (Peak 27.31M) | Time:00:00.01 | Mem:0.00M, Peak:0.00M | Scene, ViewLayer | Synchronizing object | 05_layer_3_mineral_backing_0102
Fra:1 Mem:27.31M (Peak 27.31M) | Time:00:00.01 | Mem:0.00M, Peak:0.00M | Scene, ViewLayer | Synchronizing object | 06_layer_3_stone_ground_pattern_0103
Fra:1 Mem:27.31M (Peak 27.31M) | Time:00:00.01 | Mem:0.00M, Peak:0.00M | Scene, ViewLayer | Synchronizing object | 07_layer_2_crystal_relief_0104
Fra:1 Mem:27.31M (Peak 27.31M) | Time:00:00.01 | Mem:0.00M, Peak:0.00M | Scene, ViewLayer | Synchronizing object | 05_layer_3_mineral_backing_0107
Fra:1 Mem:27.32M (Peak 27.32M) | Time:00:00.01 | Mem:0.00M, Peak:0.00M | Scene, ViewLayer | Synchronizing object | 07_layer_2_crystal_relief_0108
Fra:1 Mem:27.32M (Peak 27.32M) | Time:00:00.01 | Mem:0.00M, Peak:0.00M | Scene, ViewLayer | Synchronizing object | 07_layer_2_crystal_relief_0109
Fra:1 Mem:27.32M (Peak 27.32M) | Time:00:00.01 | Mem:0.00M, Peak:0.00M | Scene, ViewLayer | Synchronizing object | 05_layer_3_mineral_backing_0111
Fra:1 Mem:27.32M (Peak 27.32M) | Time:00:00.01 | Mem:0.00M, Peak:0.00M | Scene, ViewLayer | Synchronizing object | 12_geode_growth_core_0112
Fra:1 Mem:27.33M (Peak 27.33M) | Time:00:00.01 | Mem:0.00M, Peak:0.00M | Scene, ViewLayer | Synchronizing object | 06_layer_3_stone_ground_pattern_0113
Fra:1 Mem:27.33M (Peak 27.33M) | Time:00:00.01 | Mem:0.00M, Peak:0.00M | Scene, ViewLayer | Synchronizing object | 12_geode_growth_core_0114
Fra:1 Mem:27.33M (Peak 27.33M) | Time:00:00.01 | Mem:0.00M, Peak:0.00M | Scene, ViewLayer | Synchronizing object | 12_geode_growth_core_0115
Fra:1 Mem:27.34M (Peak 27.34M) | Time:00:00.01 | Mem:0.00M, Peak:0.00M | Scene, ViewLayer | Synchronizing object | 05_layer_3_mineral_backing_0117
Fra:1 Mem:27.34M (Peak 27.34M) | Time:00:00.01 | Mem:0.00M, Peak:0.00M | Scene, ViewLayer | Synchronizing object | 06_layer_3_stone_ground_pattern_0118
Fra:1 Mem:27.34M (Peak 27.34M) | Time:00:00.01 | Mem:0.00M, Peak:0.00M | Scene, ViewLayer | Synchronizing object | 07_layer_2_crystal_relief_0119
Fra:1 Mem:27.34M (Peak 27.34M) | Time:00:00.01 | Mem:0.00M, Peak:0.00M | Scene, ViewLayer | Synchronizing object | 07_layer_2_crystal_relief_0120
Fra:1 Mem:27.35M (Peak 27.35M) | Time:00:00.01 | Mem:0.00M, Peak:0.00M | Scene, ViewLayer | Synchronizing object | 05_layer_3_mineral_backing_0122
Fra:1 Mem:27.35M (Peak 27.35M) | Time:00:00.01 | Mem:0.00M, Peak:0.00M | Scene, ViewLayer | Synchronizing object | 05_layer_3_mineral_backing_0123
Fra:1 Mem:27.35M (Peak 27.35M) | Time:00:00.01 | Mem:0.00M, Peak:0.00M | Scene, ViewLayer | Synchronizing object | 12_geode_growth_core_0125
Fra:1 Mem:27.35M (Peak 27.35M) | Time:00:00.01 | Mem:0.00M, Peak:0.00M | Scene, ViewLayer | Synchronizing object | 12_geode_growth_core_0126
Fra:1 Mem:27.36M (Peak 27.36M) | Time:00:00.01 | Mem:0.00M, Peak:0.00M | Scene, ViewLayer | Synchronizing object | 12_geode_growth_core_0127
Fra:1 Mem:27.36M (Peak 27.36M) | Time:00:00.01 | Mem:0.00M, Peak:0.00M | Scene, ViewLayer | Synchronizing object | 12_geode_growth_core_0128
Fra:1 Mem:27.36M (Peak 27.36M) | Time:00:00.01 | Mem:0.00M, Peak:0.00M | Scene, ViewLayer | Synchronizing object | 06_layer_3_stone_ground_pattern_0129
Fra:1 Mem:27.37M (Peak 27.37M) | Time:00:00.01 | Mem:0.00M, Peak:0.00M | Scene, ViewLayer | Synchronizing object | 07_layer_2_crystal_relief_0132
Fra:1 Mem:27.37M (Peak 27.37M) | Time:00:00.01 | Mem:0.00M, Peak:0.00M | Scene, ViewLayer | Synchronizing object | 07_layer_2_crystal_relief_0133
Fra:1 Mem:27.37M (Peak 27.37M) | Time:00:00.01 | Mem:0.00M, Peak:0.00M | Scene, ViewLayer | Synchronizing object | 07_layer_2_crystal_relief_0134
Fra:1 Mem:27.37M (Peak 27.37M) | Time:00:00.01 | Mem:0.00M, Peak:0.00M | Scene, ViewLayer | Synchronizing object | 07_layer_2_crystal_relief_0135
Fra:1 Mem:27.37M (Peak 27.37M) | Time:00:00.01 | Mem:0.00M, Peak:0.00M | Scene, ViewLayer | Synchronizing object | 07_layer_2_crystal_relief_0137
Fra:1 Mem:27.38M (Peak 27.38M) | Time:00:00.01 | Mem:0.00M, Peak:0.00M | Scene, ViewLayer | Synchronizing object | 05_layer_3_mineral_backing_0138
Fra:1 Mem:27.38M (Peak 27.38M) | Time:00:00.01 | Mem:0.00M, Peak:0.00M | Scene, ViewLayer | Synchronizing object | 05_layer_3_mineral_backing_0139
Fra:1 Mem:27.38M (Peak 27.38M) | Time:00:00.01 | Mem:0.00M, Peak:0.00M | Scene, ViewLayer | Synchronizing object | 12_geode_growth_core_0140
Fra:1 Mem:27.38M (Peak 27.38M) | Time:00:00.01 | Mem:0.00M, Peak:0.00M | Scene, ViewLayer | Synchronizing object | 12_geode_growth_core_0141
Fra:1 Mem:27.38M (Peak 27.38M) | Time:00:00.01 | Mem:0.00M, Peak:0.00M | Scene, ViewLayer | Synchronizing object | 12_geode_growth_core_0142
Fra:1 Mem:27.39M (Peak 27.39M) | Time:00:00.01 | Mem:0.00M, Peak:0.00M | Scene, ViewLayer | Synchronizing object | 12_geode_growth_core_0143
Fra:1 Mem:27.39M (Peak 27.39M) | Time:00:00.01 | Mem:0.00M, Peak:0.00M | Scene, ViewLayer | Synchronizing object | 12_geode_growth_core_0145
Fra:1 Mem:27.39M (Peak 27.39M) | Time:00:00.01 | Mem:0.00M, Peak:0.00M | Scene, ViewLayer | Synchronizing object | 05_layer_3_mineral_backing_0146
Fra:1 Mem:27.39M (Peak 27.39M) | Time:00:00.01 | Mem:0.00M, Peak:0.00M | Scene, ViewLayer | Synchronizing object | 05_layer_3_mineral_backing_0147
Fra:1 Mem:27.39M (Peak 27.39M) | Time:00:00.01 | Mem:0.00M, Peak:0.00M | Scene, ViewLayer | Synchronizing object | 06_layer_3_stone_ground_pattern_0149
Fra:1 Mem:27.40M (Peak 27.40M) | Time:00:00.01 | Mem:0.00M, Peak:0.00M | Scene, ViewLayer | Synchronizing object | 05_layer_3_mineral_backing_0150
Fra:1 Mem:27.40M (Peak 27.40M) | Time:00:00.01 | Mem:0.00M, Peak:0.00M | Scene, ViewLayer | Synchronizing object | 05_layer_3_mineral_backing_0151
Fra:1 Mem:27.40M (Peak 27.40M) | Time:00:00.01 | Mem:0.00M, Peak:0.00M | Scene, ViewLayer | Synchronizing object | 06_layer_3_stone_ground_pattern_0152
Fra:1 Mem:27.40M (Peak 27.40M) | Time:00:00.01 | Mem:0.00M, Peak:0.00M | Scene, ViewLayer | Synchronizing object | 12_geode_growth_core_0154
Fra:1 Mem:27.41M (Peak 27.41M) | Time:00:00.01 | Mem:0.00M, Peak:0.00M | Scene, ViewLayer | Synchronizing object | 12_geode_growth_core_0155
Fra:1 Mem:27.41M (Peak 27.41M) | Time:00:00.01 | Mem:0.00M, Peak:0.00M | Scene, ViewLayer | Synchronizing object | 05_layer_3_mineral_backing_0156
Fra:1 Mem:27.41M (Peak 27.41M) | Time:00:00.01 | Mem:0.00M, Peak:0.00M | Scene, ViewLayer | Synchronizing object | 05_layer_3_mineral_backing_0157
Fra:1 Mem:27.41M (Peak 27.41M) | Time:00:00.01 | Mem:0.00M, Peak:0.00M | Scene, ViewLayer | Synchronizing object | 06_layer_3_stone_ground_pattern_0158
Fra:1 Mem:27.41M (Peak 27.41M) | Time:00:00.01 | Mem:0.00M, Peak:0.00M | Scene, ViewLayer | Synchronizing object | 06_layer_3_stone_ground_pattern_0159
Fra:1 Mem:27.41M (Peak 27.41M) | Time:00:00.01 | Mem:0.00M, Peak:0.00M | Scene, ViewLayer | Synchronizing object | 07_layer_2_crystal_relief_0160
Fra:1 Mem:27.41M (Peak 27.41M) | Time:00:00.01 | Mem:0.00M, Peak:0.00M | Scene, ViewLayer | Synchronizing object | 07_layer_2_crystal_relief_0161
Fra:1 Mem:27.42M (Peak 27.42M) | Time:00:00.01 | Mem:0.00M, Peak:0.00M | Scene, ViewLayer | Synchronizing object | 05_layer_3_mineral_backing_0162
Fra:1 Mem:27.42M (Peak 27.42M) | Time:00:00.01 | Mem:0.00M, Peak:0.00M | Scene, ViewLayer | Synchronizing object | 07_layer_2_crystal_relief_0164
Fra:1 Mem:27.42M (Peak 27.42M) | Time:00:00.01 | Mem:0.00M, Peak:0.00M | Scene, ViewLayer | Synchronizing object | 07_layer_2_crystal_relief_0165
Fra:1 Mem:27.43M (Peak 27.43M) | Time:00:00.01 | Mem:0.00M, Peak:0.00M | Scene, ViewLayer | Synchronizing object | 12_geode_growth_core_0167
Fra:1 Mem:27.43M (Peak 27.43M) | Time:00:00.01 | Mem:0.00M, Peak:0.00M | Scene, ViewLayer | Synchronizing object | 05_layer_3_mineral_backing_0168
Fra:1 Mem:27.43M (Peak 27.43M) | Time:00:00.01 | Mem:0.00M, Peak:0.00M | Scene, ViewLayer | Synchronizing object | 06_layer_3_stone_ground_pattern_0170
Fra:1 Mem:27.43M (Peak 27.43M) | Time:00:00.01 | Mem:0.00M, Peak:0.00M | Scene, ViewLayer | Synchronizing object | 06_layer_3_stone_ground_pattern_0171
Fra:1 Mem:27.44M (Peak 27.44M) | Time:00:00.01 | Mem:0.00M, Peak:0.00M | Scene, ViewLayer | Synchronizing object | 07_layer_2_crystal_relief_0173
Fra:1 Mem:27.44M (Peak 27.44M) | Time:00:00.01 | Mem:0.00M, Peak:0.00M | Scene, ViewLayer | Synchronizing object | 06_layer_3_stone_ground_pattern_0174
Fra:1 Mem:27.44M (Peak 27.44M) | Time:00:00.01 | Mem:0.00M, Peak:0.00M | Scene, ViewLayer | Synchronizing object | 06_layer_3_stone_ground_pattern_0175
Fra:1 Mem:27.44M (Peak 27.44M) | Time:00:00.01 | Mem:0.00M, Peak:0.00M | Scene, ViewLayer | Synchronizing object | 05_layer_3_mineral_backing_0176
Fra:1 Mem:27.44M (Peak 27.44M) | Time:00:00.01 | Mem:0.00M, Peak:0.00M | Scene, ViewLayer | Synchronizing object | 05_layer_3_mineral_backing_0178
Fra:1 Mem:27.44M (Peak 27.44M) | Time:00:00.01 | Mem:0.00M, Peak:0.00M | Scene, ViewLayer | Synchronizing object | 05_layer_3_mineral_backing_0179
Fra:1 Mem:27.45M (Peak 27.45M) | Time:00:00.01 | Mem:0.00M, Peak:0.00M | Scene, ViewLayer | Synchronizing object | 05_layer_3_mineral_backing_0180
Fra:1 Mem:27.45M (Peak 27.45M) | Time:00:00.01 | Mem:0.00M, Peak:0.00M | Scene, ViewLayer | Synchronizing object | 05_layer_3_mineral_backing_0182
Fra:1 Mem:27.45M (Peak 27.45M) | Time:00:00.01 | Mem:0.00M, Peak:0.00M | Scene, ViewLayer | Synchronizing object | 05_layer_3_mineral_backing_0183
Fra:1 Mem:27.46M (Peak 27.46M) | Time:00:00.01 | Mem:0.00M, Peak:0.00M | Scene, ViewLayer | Synchronizing object | 05_layer_3_mineral_backing_0184
Fra:1 Mem:27.46M (Peak 27.46M) | Time:00:00.01 | Mem:0.00M, Peak:0.00M | Scene, ViewLayer | Synchronizing object | 05_layer_3_mineral_backing_0186
Fra:1 Mem:27.46M (Peak 27.46M) | Time:00:00.01 | Mem:0.00M, Peak:0.00M | Scene, ViewLayer | Synchronizing object | 06_layer_3_stone_ground_pattern_0187
Fra:1 Mem:27.46M (Peak 27.46M) | Time:00:00.01 | Mem:0.00M, Peak:0.00M | Scene, ViewLayer | Synchronizing object | 10_calcite_corner_shoulders_0189
Fra:1 Mem:27.47M (Peak 27.47M) | Time:00:00.01 | Mem:0.00M, Peak:0.00M | Scene, ViewLayer | Synchronizing object | 09_layer_2_crown_rim_0191
Fra:1 Mem:27.47M (Peak 27.47M) | Time:00:00.01 | Mem:0.00M, Peak:0.00M | Scene, ViewLayer | Synchronizing object | 10_calcite_corner_shoulders_0192
Fra:1 Mem:27.47M (Peak 27.47M) | Time:00:00.01 | Mem:0.00M, Peak:0.00M | Scene, ViewLayer | Synchronizing object | 10_calcite_corner_shoulders_0193
Fra:1 Mem:27.47M (Peak 27.47M) | Time:00:00.01 | Mem:0.00M, Peak:0.00M | Scene, ViewLayer | Synchronizing object | 01_basalt_corner_guards_0194
Fra:1 Mem:27.48M (Peak 27.48M) | Time:00:00.01 | Mem:0.00M, Peak:0.00M | Scene, ViewLayer | Synchronizing object | 08_layer_2_lower_rail_0195
Fra:1 Mem:27.48M (Peak 27.48M) | Time:00:00.01 | Mem:0.00M, Peak:0.00M | Scene, ViewLayer | Synchronizing object | 08_layer_2_lower_rail_0197
Fra:1 Mem:27.48M (Peak 27.48M) | Time:00:00.01 | Mem:0.00M, Peak:0.00M | Scene, ViewLayer | Synchronizing object | 06_layer_3_stone_ground_pattern_0198
Fra:1 Mem:27.48M (Peak 27.48M) | Time:00:00.01 | Mem:0.00M, Peak:0.00M | Scene, ViewLayer | Synchronizing object | 06_layer_3_stone_ground_pattern_0200
Fra:1 Mem:27.48M (Peak 27.48M) | Time:00:00.01 | Mem:0.00M, Peak:0.00M | Scene, ViewLayer | Synchronizing object | 07_layer_2_crystal_relief_0201
Fra:1 Mem:27.49M (Peak 27.49M) | Time:00:00.01 | Mem:0.00M, Peak:0.00M | Scene, ViewLayer | Synchronizing object | 05_layer_3_mineral_backing_0203
Fra:1 Mem:27.49M (Peak 27.49M) | Time:00:00.01 | Mem:0.00M, Peak:0.00M | Scene, ViewLayer | Synchronizing object | 06_layer_3_stone_ground_pattern_0204
Fra:1 Mem:27.49M (Peak 27.49M) | Time:00:00.01 | Mem:0.00M, Peak:0.00M | Scene, ViewLayer | Synchronizing object | 07_layer_2_crystal_relief_0206
Fra:1 Mem:27.49M (Peak 27.49M) | Time:00:00.01 | Mem:0.00M, Peak:0.00M | Scene, ViewLayer | Synchronizing object | 06_layer_3_stone_ground_pattern_0207
Fra:1 Mem:27.49M (Peak 27.49M) | Time:00:00.01 | Mem:0.00M, Peak:0.00M | Scene, ViewLayer | Synchronizing object | 11_corner_crystal_buds_0237
Fra:1 Mem:27.50M (Peak 27.50M) | Time:00:00.01 | Mem:0.00M, Peak:0.00M | Scene, ViewLayer | Synchronizing object | 05_layer_3_mineral_backing_0208
Fra:1 Mem:27.50M (Peak 27.50M) | Time:00:00.01 | Mem:0.00M, Peak:0.00M | Scene, ViewLayer | Synchronizing object | 06_layer_3_stone_ground_pattern_0209
Fra:1 Mem:27.50M (Peak 27.50M) | Time:00:00.01 | Mem:0.00M, Peak:0.00M | Scene, ViewLayer | Synchronizing object | 05_layer_3_mineral_backing_0211
Fra:1 Mem:27.51M (Peak 27.51M) | Time:00:00.01 | Mem:0.00M, Peak:0.00M | Scene, ViewLayer | Synchronizing object | 05_layer_3_mineral_backing_0213
Fra:1 Mem:27.51M (Peak 27.51M) | Time:00:00.01 | Mem:0.00M, Peak:0.00M | Scene, ViewLayer | Synchronizing object | 07_layer_2_crystal_relief_0214
Fra:1 Mem:27.51M (Peak 27.51M) | Time:00:00.01 | Mem:0.00M, Peak:0.00M | Scene, ViewLayer | Synchronizing object | 06_layer_3_stone_ground_pattern_0216
Fra:1 Mem:27.51M (Peak 27.51M) | Time:00:00.01 | Mem:0.00M, Peak:0.00M | Scene, ViewLayer | Synchronizing object | 07_layer_2_crystal_relief_0217
Fra:1 Mem:27.51M (Peak 27.51M) | Time:00:00.01 | Mem:0.00M, Peak:0.00M | Scene, ViewLayer | Synchronizing object | 05_layer_3_mineral_backing_0220
Fra:1 Mem:27.52M (Peak 27.52M) | Time:00:00.02 | Mem:0.00M, Peak:0.00M | Scene, ViewLayer | Synchronizing object | 07_layer_2_crystal_relief_0221
Fra:1 Mem:27.52M (Peak 27.52M) | Time:00:00.02 | Mem:0.00M, Peak:0.00M | Scene, ViewLayer | Synchronizing object | 05_layer_3_mineral_backing_0222
Fra:1 Mem:27.53M (Peak 27.53M) | Time:00:00.02 | Mem:0.00M, Peak:0.00M | Scene, ViewLayer | Synchronizing object | 05_layer_3_mineral_backing_0225
Fra:1 Mem:27.53M (Peak 27.53M) | Time:00:00.02 | Mem:0.00M, Peak:0.00M | Scene, ViewLayer | Synchronizing object | 07_layer_2_crystal_relief_0226
Fra:1 Mem:27.53M (Peak 27.53M) | Time:00:00.02 | Mem:0.00M, Peak:0.00M | Scene, ViewLayer | Synchronizing object | 06_layer_3_stone_ground_pattern_0227
Fra:1 Mem:27.53M (Peak 27.53M) | Time:00:00.02 | Mem:0.00M, Peak:0.00M | Scene, ViewLayer | Synchronizing object | 06_layer_3_stone_ground_pattern_0229
Fra:1 Mem:27.53M (Peak 27.53M) | Time:00:00.02 | Mem:0.00M, Peak:0.00M | Scene, ViewLayer | Synchronizing object | 06_layer_3_stone_ground_pattern_0230
Fra:1 Mem:27.54M (Peak 27.54M) | Time:00:00.02 | Mem:0.00M, Peak:0.00M | Scene, ViewLayer | Synchronizing object | 05_layer_3_mineral_backing_0231
Fra:1 Mem:27.54M (Peak 27.54M) | Time:00:00.02 | Mem:0.00M, Peak:0.00M | Scene, ViewLayer | Synchronizing object | 09_calcite_crown_rim_0232
Fra:1 Mem:27.54M (Peak 27.54M) | Time:00:00.02 | Mem:0.00M, Peak:0.00M | Scene, ViewLayer | Synchronizing object | 11_corner_crystal_buds_0234
Fra:1 Mem:27.55M (Peak 27.55M) | Time:00:00.02 | Mem:0.00M, Peak:0.00M | Scene, ViewLayer | Synchronizing object | 11_corner_crystal_buds_0236
Fra:1 Mem:27.57M (Peak 27.57M) | Time:00:00.02 | Mem:0.00M, Peak:0.00M | Scene, ViewLayer | Initializing
Fra:1 Mem:19.24M (Peak 27.57M) | Time:00:00.02 | Mem:0.00M, Peak:0.00M | Scene, ViewLayer | Waiting for render to start
Fra:1 Mem:19.24M (Peak 27.57M) | Time:00:00.02 | Mem:0.00M, Peak:0.00M | Scene, ViewLayer | Loading render kernels (may take a few minutes the first time)
Fra:1 Mem:19.24M (Peak 27.57M) | Time:00:00.02 | Mem:0.00M, Peak:0.00M | Scene, ViewLayer | Updating Scene
Fra:1 Mem:19.24M (Peak 27.57M) | Time:00:00.02 | Mem:0.00M, Peak:0.00M | Scene, ViewLayer | Updating Shaders
Fra:1 Mem:19.51M (Peak 27.57M) | Time:00:00.08 | Mem:0.01M, Peak:0.01M | Scene, ViewLayer | Updating Procedurals
Fra:1 Mem:19.51M (Peak 27.57M) | Time:00:00.08 | Mem:0.01M, Peak:0.01M | Scene, ViewLayer | Updating Background
Fra:1 Mem:19.51M (Peak 27.57M) | Time:00:00.08 | Mem:0.01M, Peak:0.01M | Scene, ViewLayer | Updating Camera
Fra:1 Mem:19.51M (Peak 27.57M) | Time:00:00.08 | Mem:0.01M, Peak:0.01M | Scene, ViewLayer | Updating Meshes Flags
Fra:1 Mem:19.51M (Peak 27.57M) | Time:00:00.08 | Mem:0.01M, Peak:0.01M | Scene, ViewLayer | Updating Objects
Fra:1 Mem:19.51M (Peak 27.57M) | Time:00:00.08 | Mem:0.01M, Peak:0.01M | Scene, ViewLayer | Updating Objects | Copying Transformations to device
Fra:1 Mem:19.56M (Peak 27.57M) | Time:00:00.08 | Mem:0.06M, Peak:0.06M | Scene, ViewLayer | Updating Objects | Applying Static Transformations
Fra:1 Mem:19.56M (Peak 27.57M) | Time:00:00.08 | Mem:0.06M, Peak:0.06M | Scene, ViewLayer | Updating Particle Systems
Fra:1 Mem:19.56M (Peak 27.57M) | Time:00:00.08 | Mem:0.06M, Peak:0.06M | Scene, ViewLayer | Updating Particle Systems | Copying Particles to device
Fra:1 Mem:19.56M (Peak 27.57M) | Time:00:00.08 | Mem:0.06M, Peak:0.06M | Scene, ViewLayer | Updating Meshes
Fra:1 Mem:19.60M (Peak 27.57M) | Time:00:00.08 | Mem:0.06M, Peak:0.06M | Scene, ViewLayer | Updating Mesh | Computing attributes
Fra:1 Mem:19.93M (Peak 27.57M) | Time:00:00.08 | Mem:0.10M, Peak:0.10M | Scene, ViewLayer | Updating Mesh | Copying Attributes to device
Fra:1 Mem:19.85M (Peak 27.57M) | Time:00:00.08 | Mem:0.32M, Peak:0.32M | Scene, ViewLayer | Updating Geometry BVH Cube.001 1/239 | Building BVH
Fra:1 Mem:19.85M (Peak 27.57M) | Time:00:00.08 | Mem:0.32M, Peak:0.32M | Scene, ViewLayer | Updating Geometry BVH Cube.007 7/239 | Building BVH
Fra:1 Mem:19.85M (Peak 27.57M) | Time:00:00.08 | Mem:0.32M, Peak:0.32M | Scene, ViewLayer | Updating Geometry BVH Cube.013 13/239 | Building BVH
Fra:1 Mem:19.85M (Peak 27.57M) | Time:00:00.08 | Mem:0.32M, Peak:0.32M | Scene, ViewLayer | Updating Geometry BVH Cube.239 239/239 | Building BVH 0%
Fra:1 Mem:19.85M (Peak 27.57M) | Time:00:00.08 | Mem:0.32M, Peak:0.32M | Scene, ViewLayer | Updating Geometry BVH Cube.239 239/239 | Building BVH
Fra:1 Mem:19.85M (Peak 27.57M) | Time:00:00.08 | Mem:0.32M, Peak:0.32M | Scene, ViewLayer | Updating Geometry BVH Cube.016 16/239 | Building BVH
Fra:1 Mem:19.85M (Peak 27.57M) | Time:00:00.08 | Mem:0.32M, Peak:0.32M | Scene, ViewLayer | Updating Geometry BVH Cube.017 17/239 | Building BVH
Fra:1 Mem:19.85M (Peak 27.57M) | Time:00:00.08 | Mem:0.32M, Peak:0.32M | Scene, ViewLayer | Updating Geometry BVH Cube.018 18/239 | Building BVH
Fra:1 Mem:19.85M (Peak 27.57M) | Time:00:00.08 | Mem:0.32M, Peak:0.32M | Scene, ViewLayer | Updating Geometry BVH Cube.019 19/239 | Building BVH
Fra:1 Mem:19.85M (Peak 27.57M) | Time:00:00.08 | Mem:0.32M, Peak:0.33M | Scene, ViewLayer | Updating Geometry BVH Cube.021 21/239 | Building BVH
Fra:1 Mem:19.85M (Peak 27.57M) | Time:00:00.08 | Mem:0.33M, Peak:0.33M | Scene, ViewLayer | Updating Geometry BVH Cube.022 22/239 | Building BVH
Fra:1 Mem:19.85M (Peak 27.57M) | Time:00:00.08 | Mem:0.33M, Peak:0.33M | Scene, ViewLayer | Updating Geometry BVH Cube.023 23/239 | Building BVH
Fra:1 Mem:19.85M (Peak 27.57M) | Time:00:00.08 | Mem:0.33M, Peak:0.33M | Scene, ViewLayer | Updating Geometry BVH Cube.024 24/239 | Building BVH
Fra:1 Mem:19.85M (Peak 27.57M) | Time:00:00.08 | Mem:0.33M, Peak:0.33M | Scene, ViewLayer | Updating Geometry BVH Cube.025 25/239 | Building BVH
Fra:1 Mem:19.85M (Peak 27.57M) | Time:00:00.08 | Mem:0.33M, Peak:0.33M | Scene, ViewLayer | Updating Geometry BVH Cube.026 26/239 | Building BVH
Fra:1 Mem:19.85M (Peak 27.57M) | Time:00:00.08 | Mem:0.33M, Peak:0.33M | Scene, ViewLayer | Updating Geometry BVH Cube.027 27/239 | Building BVH
Fra:1 Mem:19.85M (Peak 27.57M) | Time:00:00.08 | Mem:0.33M, Peak:0.33M | Scene, ViewLayer | Updating Geometry BVH Cube.028 28/239 | Building BVH
Fra:1 Mem:19.85M (Peak 27.57M) | Time:00:00.08 | Mem:0.34M, Peak:0.34M | Scene, ViewLayer | Updating Geometry BVH Cube.238 238/239 | Building BVH
Fra:1 Mem:19.85M (Peak 27.57M) | Time:00:00.08 | Mem:0.34M, Peak:0.34M | Scene, ViewLayer | Updating Geometry BVH Cube.029 29/239 | Building BVH
Fra:1 Mem:19.85M (Peak 27.57M) | Time:00:00.08 | Mem:0.34M, Peak:0.34M | Scene, ViewLayer | Updating Geometry BVH Cube.030 30/239 | Building BVH
Fra:1 Mem:19.85M (Peak 27.57M) | Time:00:00.08 | Mem:0.34M, Peak:0.34M | Scene, ViewLayer | Updating Geometry BVH Cube.237 237/239 | Building BVH
Fra:1 Mem:19.85M (Peak 27.57M) | Time:00:00.08 | Mem:0.34M, Peak:0.34M | Scene, ViewLayer | Updating Geometry BVH Cube.031 31/239 | Building BVH
Fra:1 Mem:19.85M (Peak 27.57M) | Time:00:00.08 | Mem:0.34M, Peak:0.34M | Scene, ViewLayer | Updating Geometry BVH Cube.033 33/239 | Building BVH
Fra:1 Mem:19.85M (Peak 27.57M) | Time:00:00.08 | Mem:0.34M, Peak:0.35M | Scene, ViewLayer | Updating Geometry BVH Cube.034 34/239 | Building BVH
Fra:1 Mem:19.85M (Peak 27.57M) | Time:00:00.08 | Mem:0.35M, Peak:0.35M | Scene, ViewLayer | Updating Geometry BVH Cube.035 35/239 | Building BVH
Fra:1 Mem:19.85M (Peak 27.57M) | Time:00:00.08 | Mem:0.35M, Peak:0.35M | Scene, ViewLayer | Updating Geometry BVH Cube.036 36/239 | Building BVH
Fra:1 Mem:19.85M (Peak 27.57M) | Time:00:00.08 | Mem:0.35M, Peak:0.35M | Scene, ViewLayer | Updating Geometry BVH Cube.037 37/239 | Building BVH
Fra:1 Mem:19.85M (Peak 27.57M) | Time:00:00.08 | Mem:0.35M, Peak:0.35M | Scene, ViewLayer | Updating Geometry BVH Cube.236 236/239 | Building BVH
Fra:1 Mem:19.85M (Peak 27.57M) | Time:00:00.08 | Mem:0.35M, Peak:0.35M | Scene, ViewLayer | Updating Geometry BVH Cube.235 235/239 | Building BVH
Fra:1 Mem:19.85M (Peak 27.57M) | Time:00:00.08 | Mem:0.36M, Peak:0.36M | Scene, ViewLayer | Updating Geometry BVH Cube.040 40/239 | Building BVH
Fra:1 Mem:19.85M (Peak 27.57M) | Time:00:00.08 | Mem:0.36M, Peak:0.36M | Scene, ViewLayer | Updating Geometry BVH Cube.041 41/239 | Building BVH
Fra:1 Mem:19.85M (Peak 27.57M) | Time:00:00.08 | Mem:0.36M, Peak:0.36M | Scene, ViewLayer | Updating Geometry BVH Cube.042 42/239 | Building BVH
Fra:1 Mem:19.85M (Peak 27.57M) | Time:00:00.08 | Mem:0.36M, Peak:0.36M | Scene, ViewLayer | Updating Geometry BVH Cube.044 44/239 | Building BVH
Fra:1 Mem:19.85M (Peak 27.57M) | Time:00:00.08 | Mem:0.36M, Peak:0.36M | Scene, ViewLayer | Updating Geometry BVH Cube.045 45/239 | Building BVH
Fra:1 Mem:19.85M (Peak 27.57M) | Time:00:00.08 | Mem:0.37M, Peak:0.37M | Scene, ViewLayer | Updating Geometry BVH Cube.046 46/239 | Building BVH
Fra:1 Mem:19.86M (Peak 27.57M) | Time:00:00.08 | Mem:0.37M, Peak:0.37M | Scene, ViewLayer | Updating Geometry BVH Cube.047 47/239 | Building BVH
Fra:1 Mem:19.86M (Peak 27.57M) | Time:00:00.08 | Mem:0.37M, Peak:0.37M | Scene, ViewLayer | Updating Geometry BVH Cube.048 48/239 | Building BVH
Fra:1 Mem:19.86M (Peak 27.57M) | Time:00:00.08 | Mem:0.37M, Peak:0.37M | Scene, ViewLayer | Updating Geometry BVH Cube.049 49/239 | Building BVH
Fra:1 Mem:19.86M (Peak 27.57M) | Time:00:00.08 | Mem:0.37M, Peak:0.37M | Scene, ViewLayer | Updating Geometry BVH Cube.051 51/239 | Building BVH
Fra:1 Mem:19.86M (Peak 27.57M) | Time:00:00.08 | Mem:0.37M, Peak:0.37M | Scene, ViewLayer | Updating Geometry BVH Cube.052 52/239 | Building BVH
Fra:1 Mem:19.86M (Peak 27.57M) | Time:00:00.08 | Mem:0.37M, Peak:0.37M | Scene, ViewLayer | Updating Geometry BVH Cube.053 53/239 | Building BVH
Fra:1 Mem:19.86M (Peak 27.57M) | Time:00:00.08 | Mem:0.37M, Peak:0.37M | Scene, ViewLayer | Updating Geometry BVH Cube.054 54/239 | Building BVH
Fra:1 Mem:19.86M (Peak 27.57M) | Time:00:00.08 | Mem:0.38M, Peak:0.38M | Scene, ViewLayer | Updating Geometry BVH Cube.055 55/239 | Building BVH
Fra:1 Mem:19.86M (Peak 27.57M) | Time:00:00.08 | Mem:0.38M, Peak:0.38M | Scene, ViewLayer | Updating Geometry BVH Cube.057 57/239 | Building BVH
Fra:1 Mem:19.86M (Peak 27.57M) | Time:00:00.08 | Mem:0.38M, Peak:0.38M | Scene, ViewLayer | Updating Geometry BVH Cube.058 58/239 | Building BVH
Fra:1 Mem:19.86M (Peak 27.57M) | Time:00:00.08 | Mem:0.38M, Peak:0.38M | Scene, ViewLayer | Updating Geometry BVH Cube.059 59/239 | Building BVH
Fra:1 Mem:19.86M (Peak 27.57M) | Time:00:00.08 | Mem:0.38M, Peak:0.38M | Scene, ViewLayer | Updating Geometry BVH Cube.060 60/239 | Building BVH
Fra:1 Mem:19.86M (Peak 27.57M) | Time:00:00.08 | Mem:0.38M, Peak:0.38M | Scene, ViewLayer | Updating Geometry BVH Cube.061 61/239 | Building BVH
Fra:1 Mem:19.86M (Peak 27.57M) | Time:00:00.08 | Mem:0.38M, Peak:0.39M | Scene, ViewLayer | Updating Geometry BVH Cube.062 62/239 | Building BVH
Fra:1 Mem:19.86M (Peak 27.57M) | Time:00:00.08 | Mem:0.39M, Peak:0.39M | Scene, ViewLayer | Updating Geometry BVH Cube.063 63/239 | Building BVH
Fra:1 Mem:19.86M (Peak 27.57M) | Time:00:00.08 | Mem:0.39M, Peak:0.39M | Scene, ViewLayer | Updating Geometry BVH Cube.064 64/239 | Building BVH
Fra:1 Mem:19.86M (Peak 27.57M) | Time:00:00.08 | Mem:0.39M, Peak:0.39M | Scene, ViewLayer | Updating Geometry BVH Cube.065 65/239 | Building BVH
Fra:1 Mem:19.86M (Peak 27.57M) | Time:00:00.08 | Mem:0.39M, Peak:0.39M | Scene, ViewLayer | Updating Geometry BVH Cube.066 66/239 | Building BVH
Fra:1 Mem:19.86M (Peak 27.57M) | Time:00:00.08 | Mem:0.39M, Peak:0.39M | Scene, ViewLayer | Updating Geometry BVH Cube.067 67/239 | Building BVH
Fra:1 Mem:19.86M (Peak 27.57M) | Time:00:00.08 | Mem:0.39M, Peak:0.39M | Scene, ViewLayer | Updating Geometry BVH Cube.068 68/239 | Building BVH
Fra:1 Mem:19.86M (Peak 27.57M) | Time:00:00.08 | Mem:0.39M, Peak:0.39M | Scene, ViewLayer | Updating Geometry BVH Cube.069 69/239 | Building BVH
Fra:1 Mem:19.86M (Peak 27.57M) | Time:00:00.08 | Mem:0.40M, Peak:0.40M | Scene, ViewLayer | Updating Geometry BVH Cube.070 70/239 | Building BVH
Fra:1 Mem:19.86M (Peak 27.57M) | Time:00:00.08 | Mem:0.40M, Peak:0.40M | Scene, ViewLayer | Updating Geometry BVH Cube.072 72/239 | Building BVH
Fra:1 Mem:19.86M (Peak 27.57M) | Time:00:00.08 | Mem:0.40M, Peak:0.40M | Scene, ViewLayer | Updating Geometry BVH Cube.073 73/239 | Building BVH
Fra:1 Mem:19.86M (Peak 27.57M) | Time:00:00.08 | Mem:0.40M, Peak:0.40M | Scene, ViewLayer | Updating Geometry BVH Cube.074 74/239 | Building BVH
Fra:1 Mem:19.86M (Peak 27.57M) | Time:00:00.08 | Mem:0.40M, Peak:0.40M | Scene, ViewLayer | Updating Geometry BVH Cube.075 75/239 | Building BVH
Fra:1 Mem:19.86M (Peak 27.57M) | Time:00:00.08 | Mem:0.41M, Peak:0.41M | Scene, ViewLayer | Updating Geometry BVH Cube.077 77/239 | Building BVH
Fra:1 Mem:19.86M (Peak 27.57M) | Time:00:00.08 | Mem:0.41M, Peak:0.41M | Scene, ViewLayer | Updating Geometry BVH Cube.078 78/239 | Building BVH
Fra:1 Mem:19.86M (Peak 27.57M) | Time:00:00.08 | Mem:0.41M, Peak:0.41M | Scene, ViewLayer | Updating Geometry BVH Cube.079 79/239 | Building BVH
Fra:1 Mem:19.86M (Peak 27.57M) | Time:00:00.08 | Mem:0.41M, Peak:0.41M | Scene, ViewLayer | Updating Geometry BVH Cube.080 80/239 | Building BVH
Fra:1 Mem:19.86M (Peak 27.57M) | Time:00:00.08 | Mem:0.41M, Peak:0.41M | Scene, ViewLayer | Updating Geometry BVH Cube.081 81/239 | Building BVH
Fra:1 Mem:19.86M (Peak 27.57M) | Time:00:00.08 | Mem:0.41M, Peak:0.41M | Scene, ViewLayer | Updating Geometry BVH Cube.082 82/239 | Building BVH
Fra:1 Mem:19.86M (Peak 27.57M) | Time:00:00.08 | Mem:0.41M, Peak:0.41M | Scene, ViewLayer | Updating Geometry BVH Cube.083 83/239 | Building BVH
Fra:1 Mem:19.86M (Peak 27.57M) | Time:00:00.08 | Mem:0.41M, Peak:0.41M | Scene, ViewLayer | Updating Geometry BVH Cube.084 84/239 | Building BVH
Fra:1 Mem:19.86M (Peak 27.57M) | Time:00:00.08 | Mem:0.42M, Peak:0.42M | Scene, ViewLayer | Updating Geometry BVH Cube.085 85/239 | Building BVH
Fra:1 Mem:19.86M (Peak 27.57M) | Time:00:00.08 | Mem:0.42M, Peak:0.42M | Scene, ViewLayer | Updating Geometry BVH Cube.086 86/239 | Building BVH
Fra:1 Mem:19.86M (Peak 27.57M) | Time:00:00.08 | Mem:0.42M, Peak:0.42M | Scene, ViewLayer | Updating Geometry BVH Cube.087 87/239 | Building BVH
Fra:1 Mem:19.86M (Peak 27.57M) | Time:00:00.08 | Mem:0.42M, Peak:0.42M | Scene, ViewLayer | Updating Geometry BVH Cube.088 88/239 | Building BVH
Fra:1 Mem:19.86M (Peak 27.57M) | Time:00:00.08 | Mem:0.42M, Peak:0.42M | Scene, ViewLayer | Updating Geometry BVH Cube.090 90/239 | Building BVH
Fra:1 Mem:19.86M (Peak 27.57M) | Time:00:00.08 | Mem:0.43M, Peak:0.43M | Scene, ViewLayer | Updating Geometry BVH Cube.091 91/239 | Building BVH
Fra:1 Mem:19.86M (Peak 27.57M) | Time:00:00.08 | Mem:0.43M, Peak:0.43M | Scene, ViewLayer | Updating Geometry BVH Cube.092 92/239 | Building BVH
Fra:1 Mem:19.86M (Peak 27.57M) | Time:00:00.08 | Mem:0.43M, Peak:0.43M | Scene, ViewLayer | Updating Geometry BVH Cube.094 94/239 | Building BVH
Fra:1 Mem:19.86M (Peak 27.57M) | Time:00:00.08 | Mem:0.43M, Peak:0.43M | Scene, ViewLayer | Updating Geometry BVH Cube.234 234/239 | Building BVH
Fra:1 Mem:19.86M (Peak 27.57M) | Time:00:00.08 | Mem:0.43M, Peak:0.43M | Scene, ViewLayer | Updating Geometry BVH Cube.095 95/239 | Building BVH
Fra:1 Mem:19.86M (Peak 27.57M) | Time:00:00.08 | Mem:0.43M, Peak:0.43M | Scene, ViewLayer | Updating Geometry BVH Cube.096 96/239 | Building BVH
Fra:1 Mem:19.86M (Peak 27.57M) | Time:00:00.08 | Mem:0.43M, Peak:0.44M | Scene, ViewLayer | Updating Geometry BVH Cube.097 97/239 | Building BVH
Fra:1 Mem:19.86M (Peak 27.57M) | Time:00:00.08 | Mem:0.44M, Peak:0.44M | Scene, ViewLayer | Updating Geometry BVH Cube.098 98/239 | Building BVH
Fra:1 Mem:19.86M (Peak 27.57M) | Time:00:00.08 | Mem:0.44M, Peak:0.44M | Scene, ViewLayer | Updating Geometry BVH Cube.100 100/239 | Building BVH
Fra:1 Mem:19.86M (Peak 27.57M) | Time:00:00.08 | Mem:0.44M, Peak:0.44M | Scene, ViewLayer | Updating Geometry BVH Cube.101 101/239 | Building BVH
Fra:1 Mem:19.86M (Peak 27.57M) | Time:00:00.08 | Mem:0.44M, Peak:0.44M | Scene, ViewLayer | Updating Geometry BVH Cube.102 102/239 | Building BVH
Fra:1 Mem:19.86M (Peak 27.57M) | Time:00:00.08 | Mem:0.44M, Peak:0.44M | Scene, ViewLayer | Updating Geometry BVH Cube.103 103/239 | Building BVH
Fra:1 Mem:19.86M (Peak 27.57M) | Time:00:00.08 | Mem:0.45M, Peak:0.45M | Scene, ViewLayer | Updating Geometry BVH Cube.105 105/239 | Building BVH
Fra:1 Mem:19.86M (Peak 27.57M) | Time:00:00.08 | Mem:0.45M, Peak:0.45M | Scene, ViewLayer | Updating Geometry BVH Cube.106 106/239 | Building BVH
Fra:1 Mem:19.86M (Peak 27.57M) | Time:00:00.08 | Mem:0.45M, Peak:0.45M | Scene, ViewLayer | Updating Geometry BVH Cube.107 107/239 | Building BVH
Fra:1 Mem:19.86M (Peak 27.57M) | Time:00:00.08 | Mem:0.45M, Peak:0.45M | Scene, ViewLayer | Updating Geometry BVH Cube.108 108/239 | Building BVH
Fra:1 Mem:19.86M (Peak 27.57M) | Time:00:00.08 | Mem:0.45M, Peak:0.45M | Scene, ViewLayer | Updating Geometry BVH Cube.232 232/239 | Building BVH
Fra:1 Mem:19.86M (Peak 27.57M) | Time:00:00.08 | Mem:0.45M, Peak:0.45M | Scene, ViewLayer | Updating Geometry BVH Cube.109 109/239 | Building BVH
Fra:1 Mem:19.86M (Peak 27.57M) | Time:00:00.08 | Mem:0.45M, Peak:0.45M | Scene, ViewLayer | Updating Geometry BVH Cube.231 231/239 | Building BVH
Fra:1 Mem:19.86M (Peak 27.57M) | Time:00:00.08 | Mem:0.45M, Peak:0.46M | Scene, ViewLayer | Updating Geometry BVH Cube.230 230/239 | Building BVH
Fra:1 Mem:19.86M (Peak 27.57M) | Time:00:00.08 | Mem:0.46M, Peak:0.46M | Scene, ViewLayer | Updating Geometry BVH Cube.110 110/239 | Building BVH
Fra:1 Mem:19.86M (Peak 27.57M) | Time:00:00.08 | Mem:0.46M, Peak:0.46M | Scene, ViewLayer | Updating Geometry BVH Cube.112 112/239 | Building BVH
Fra:1 Mem:19.86M (Peak 27.57M) | Time:00:00.08 | Mem:0.46M, Peak:0.46M | Scene, ViewLayer | Updating Geometry BVH Cube.113 113/239 | Building BVH
Fra:1 Mem:19.86M (Peak 27.57M) | Time:00:00.08 | Mem:0.46M, Peak:0.47M | Scene, ViewLayer | Updating Geometry BVH Cube.114 114/239 | Building BVH
Fra:1 Mem:19.86M (Peak 27.57M) | Time:00:00.08 | Mem:0.47M, Peak:0.47M | Scene, ViewLayer | Updating Geometry BVH Cube.117 117/239 | Building BVH
Fra:1 Mem:19.86M (Peak 27.57M) | Time:00:00.08 | Mem:0.47M, Peak:0.47M | Scene, ViewLayer | Updating Geometry BVH Cube.118 118/239 | Building BVH
Fra:1 Mem:19.86M (Peak 27.57M) | Time:00:00.08 | Mem:0.47M, Peak:0.47M | Scene, ViewLayer | Updating Geometry BVH Cube.120 120/239 | Building BVH
Fra:1 Mem:19.86M (Peak 27.57M) | Time:00:00.08 | Mem:0.47M, Peak:0.47M | Scene, ViewLayer | Updating Geometry BVH Cube.121 121/239 | Building BVH
Fra:1 Mem:19.86M (Peak 27.57M) | Time:00:00.08 | Mem:0.47M, Peak:0.47M | Scene, ViewLayer | Updating Geometry BVH Cube.122 122/239 | Building BVH
Fra:1 Mem:19.86M (Peak 27.57M) | Time:00:00.08 | Mem:0.47M, Peak:0.47M | Scene, ViewLayer | Updating Geometry BVH Cube.123 123/239 | Building BVH
Fra:1 Mem:19.86M (Peak 27.57M) | Time:00:00.08 | Mem:0.48M, Peak:0.48M | Scene, ViewLayer | Updating Geometry BVH Cube.124 124/239 | Building BVH
Fra:1 Mem:19.86M (Peak 27.57M) | Time:00:00.08 | Mem:0.48M, Peak:0.48M | Scene, ViewLayer | Updating Geometry BVH Cube.229 229/239 | Building BVH
Fra:1 Mem:19.86M (Peak 27.57M) | Time:00:00.08 | Mem:0.48M, Peak:0.48M | Scene, ViewLayer | Updating Geometry BVH Cube.125 125/239 | Building BVH
Fra:1 Mem:19.86M (Peak 27.57M) | Time:00:00.08 | Mem:0.48M, Peak:0.48M | Scene, ViewLayer | Updating Geometry BVH Cube.126 126/239 | Building BVH
Fra:1 Mem:19.86M (Peak 27.57M) | Time:00:00.08 | Mem:0.48M, Peak:0.49M | Scene, ViewLayer | Updating Geometry BVH Cube.128 128/239 | Building BVH
Fra:1 Mem:19.86M (Peak 27.57M) | Time:00:00.08 | Mem:0.48M, Peak:0.49M | Scene, ViewLayer | Updating Geometry BVH Cube.130 130/239 | Building BVH
Fra:1 Mem:19.86M (Peak 27.57M) | Time:00:00.08 | Mem:0.49M, Peak:0.49M | Scene, ViewLayer | Updating Geometry BVH Cube.131 131/239 | Building BVH
Fra:1 Mem:19.86M (Peak 27.57M) | Time:00:00.08 | Mem:0.49M, Peak:0.49M | Scene, ViewLayer | Updating Geometry BVH Cube.132 132/239 | Building BVH
Fra:1 Mem:19.86M (Peak 27.57M) | Time:00:00.08 | Mem:0.49M, Peak:0.49M | Scene, ViewLayer | Updating Geometry BVH Cube.133 133/239 | Building BVH
Fra:1 Mem:19.86M (Peak 27.57M) | Time:00:00.08 | Mem:0.49M, Peak:0.49M | Scene, ViewLayer | Updating Geometry BVH Cube.134 134/239 | Building BVH
Fra:1 Mem:19.86M (Peak 27.57M) | Time:00:00.08 | Mem:0.49M, Peak:0.49M | Scene, ViewLayer | Updating Geometry BVH Cube.136 136/239 | Building BVH
Fra:1 Mem:19.86M (Peak 27.57M) | Time:00:00.08 | Mem:0.49M, Peak:0.49M | Scene, ViewLayer | Updating Geometry BVH Cube.135 135/239 | Building BVH
Fra:1 Mem:19.86M (Peak 27.57M) | Time:00:00.08 | Mem:0.49M, Peak:0.49M | Scene, ViewLayer | Updating Geometry BVH Cube.137 137/239 | Building BVH
Fra:1 Mem:19.86M (Peak 27.57M) | Time:00:00.08 | Mem:0.50M, Peak:0.50M | Scene, ViewLayer | Updating Geometry BVH Cube.140 140/239 | Building BVH
Fra:1 Mem:19.86M (Peak 27.57M) | Time:00:00.08 | Mem:0.50M, Peak:0.50M | Scene, ViewLayer | Updating Geometry BVH Cube.141 141/239 | Building BVH
Fra:1 Mem:19.86M (Peak 27.57M) | Time:00:00.08 | Mem:0.50M, Peak:0.50M | Scene, ViewLayer | Updating Geometry BVH Cube.142 142/239 | Building BVH
Fra:1 Mem:19.86M (Peak 27.57M) | Time:00:00.08 | Mem:0.50M, Peak:0.50M | Scene, ViewLayer | Updating Geometry BVH Cube.143 143/239 | Building BVH
Fra:1 Mem:19.86M (Peak 27.57M) | Time:00:00.08 | Mem:0.50M, Peak:0.50M | Scene, ViewLayer | Updating Geometry BVH Cube.144 144/239 | Building BVH
Fra:1 Mem:19.86M (Peak 27.57M) | Time:00:00.08 | Mem:0.51M, Peak:0.51M | Scene, ViewLayer | Updating Geometry BVH Cube.146 146/239 | Building BVH
Fra:1 Mem:19.86M (Peak 27.57M) | Time:00:00.08 | Mem:0.51M, Peak:0.51M | Scene, ViewLayer | Updating Geometry BVH Cube.147 147/239 | Building BVH
Fra:1 Mem:19.86M (Peak 27.57M) | Time:00:00.08 | Mem:0.51M, Peak:0.51M | Scene, ViewLayer | Updating Geometry BVH Cube.228 228/239 | Building BVH
Fra:1 Mem:19.86M (Peak 27.57M) | Time:00:00.08 | Mem:0.51M, Peak:0.51M | Scene, ViewLayer | Updating Geometry BVH Cube.227 227/239 | Building BVH
Fra:1 Mem:19.86M (Peak 27.57M) | Time:00:00.08 | Mem:0.51M, Peak:0.51M | Scene, ViewLayer | Updating Geometry BVH Cube.148 148/239 | Building BVH
Fra:1 Mem:19.86M (Peak 27.57M) | Time:00:00.08 | Mem:0.51M, Peak:0.51M | Scene, ViewLayer | Updating Geometry BVH Cube.149 149/239 | Building BVH
Fra:1 Mem:19.86M (Peak 27.57M) | Time:00:00.08 | Mem:0.52M, Peak:0.52M | Scene, ViewLayer | Updating Geometry BVH Cube.150 150/239 | Building BVH
Fra:1 Mem:19.86M (Peak 27.57M) | Time:00:00.08 | Mem:0.52M, Peak:0.52M | Scene, ViewLayer | Updating Geometry BVH Cube.151 151/239 | Building BVH
Fra:1 Mem:19.86M (Peak 27.57M) | Time:00:00.08 | Mem:0.52M, Peak:0.52M | Scene, ViewLayer | Updating Geometry BVH Cube.152 152/239 | Building BVH
Fra:1 Mem:19.86M (Peak 27.57M) | Time:00:00.08 | Mem:0.52M, Peak:0.52M | Scene, ViewLayer | Updating Geometry BVH Cube.153 153/239 | Building BVH
Fra:1 Mem:19.86M (Peak 27.57M) | Time:00:00.08 | Mem:0.52M, Peak:0.52M | Scene, ViewLayer | Updating Geometry BVH Cube.155 155/239 | Building BVH
Fra:1 Mem:19.86M (Peak 27.57M) | Time:00:00.08 | Mem:0.52M, Peak:0.52M | Scene, ViewLayer | Updating Geometry BVH Cube.156 156/239 | Building BVH
Fra:1 Mem:19.86M (Peak 27.57M) | Time:00:00.08 | Mem:0.52M, Peak:0.52M | Scene, ViewLayer | Updating Geometry BVH Cube.157 157/239 | Building BVH
Fra:1 Mem:19.86M (Peak 27.57M) | Time:00:00.08 | Mem:0.53M, Peak:0.53M | Scene, ViewLayer | Updating Geometry BVH Cube.158 158/239 | Building BVH
Fra:1 Mem:19.86M (Peak 27.57M) | Time:00:00.08 | Mem:0.53M, Peak:0.53M | Scene, ViewLayer | Updating Geometry BVH Cube.159 159/239 | Building BVH
Fra:1 Mem:19.86M (Peak 27.57M) | Time:00:00.08 | Mem:0.53M, Peak:0.53M | Scene, ViewLayer | Updating Geometry BVH Cube.160 160/239 | Building BVH
Fra:1 Mem:19.86M (Peak 27.57M) | Time:00:00.08 | Mem:0.53M, Peak:0.53M | Scene, ViewLayer | Updating Geometry BVH Cube.161 161/239 | Building BVH
Fra:1 Mem:19.86M (Peak 27.57M) | Time:00:00.08 | Mem:0.53M, Peak:0.53M | Scene, ViewLayer | Updating Geometry BVH Cube.163 163/239 | Building BVH
Fra:1 Mem:19.86M (Peak 27.57M) | Time:00:00.08 | Mem:0.53M, Peak:0.53M | Scene, ViewLayer | Updating Geometry BVH Cube.164 164/239 | Building BVH
Fra:1 Mem:19.86M (Peak 27.57M) | Time:00:00.08 | Mem:0.53M, Peak:0.53M | Scene, ViewLayer | Updating Geometry BVH Cube.165 165/239 | Building BVH
Fra:1 Mem:19.86M (Peak 27.57M) | Time:00:00.08 | Mem:0.54M, Peak:0.54M | Scene, ViewLayer | Updating Geometry BVH Cube.166 166/239 | Building BVH
Fra:1 Mem:19.86M (Peak 27.57M) | Time:00:00.08 | Mem:0.54M, Peak:0.54M | Scene, ViewLayer | Updating Geometry BVH Cube.167 167/239 | Building BVH
Fra:1 Mem:19.86M (Peak 27.57M) | Time:00:00.08 | Mem:0.54M, Peak:0.54M | Scene, ViewLayer | Updating Geometry BVH Cube.168 168/239 | Building BVH
Fra:1 Mem:19.86M (Peak 27.57M) | Time:00:00.08 | Mem:0.54M, Peak:0.54M | Scene, ViewLayer | Updating Geometry BVH Cube.226 226/239 | Building BVH
Fra:1 Mem:19.86M (Peak 27.57M) | Time:00:00.08 | Mem:0.54M, Peak:0.54M | Scene, ViewLayer | Updating Geometry BVH Cube.170 170/239 | Building BVH
Fra:1 Mem:19.86M (Peak 27.57M) | Time:00:00.08 | Mem:0.54M, Peak:0.55M | Scene, ViewLayer | Updating Geometry BVH Cube.171 171/239 | Building BVH
Fra:1 Mem:19.86M (Peak 27.57M) | Time:00:00.08 | Mem:0.55M, Peak:0.55M | Scene, ViewLayer | Updating Geometry BVH Cube.173 173/239 | Building BVH
Fra:1 Mem:19.86M (Peak 27.57M) | Time:00:00.08 | Mem:0.55M, Peak:0.55M | Scene, ViewLayer | Updating Geometry BVH Cube.175 175/239 | Building BVH
Fra:1 Mem:19.86M (Peak 27.57M) | Time:00:00.08 | Mem:0.55M, Peak:0.55M | Scene, ViewLayer | Updating Geometry BVH Cube.176 176/239 | Building BVH
Fra:1 Mem:19.86M (Peak 27.57M) | Time:00:00.08 | Mem:0.55M, Peak:0.55M | Scene, ViewLayer | Updating Geometry BVH Cube.177 177/239 | Building BVH
Fra:1 Mem:19.86M (Peak 27.57M) | Time:00:00.08 | Mem:0.55M, Peak:0.55M | Scene, ViewLayer | Updating Geometry BVH Cube.178 178/239 | Building BVH
Fra:1 Mem:19.86M (Peak 27.57M) | Time:00:00.08 | Mem:0.56M, Peak:0.56M | Scene, ViewLayer | Updating Geometry BVH Cube.180 180/239 | Building BVH
Fra:1 Mem:19.86M (Peak 27.57M) | Time:00:00.08 | Mem:0.56M, Peak:0.56M | Scene, ViewLayer | Updating Geometry BVH Cube.181 181/239 | Building BVH
Fra:1 Mem:19.86M (Peak 27.57M) | Time:00:00.08 | Mem:0.56M, Peak:0.56M | Scene, ViewLayer | Updating Geometry BVH Cube.182 182/239 | Building BVH
Fra:1 Mem:19.86M (Peak 27.57M) | Time:00:00.08 | Mem:0.56M, Peak:0.56M | Scene, ViewLayer | Updating Geometry BVH Cube.183 183/239 | Building BVH
Fra:1 Mem:19.86M (Peak 27.57M) | Time:00:00.08 | Mem:0.56M, Peak:0.56M | Scene, ViewLayer | Updating Geometry BVH Cube.184 184/239 | Building BVH
Fra:1 Mem:19.86M (Peak 27.57M) | Time:00:00.08 | Mem:0.56M, Peak:0.56M | Scene, ViewLayer | Updating Geometry BVH Cube.185 185/239 | Building BVH
Fra:1 Mem:19.86M (Peak 27.57M) | Time:00:00.08 | Mem:0.56M, Peak:0.56M | Scene, ViewLayer | Updating Geometry BVH Cube.186 186/239 | Building BVH
Fra:1 Mem:19.86M (Peak 27.57M) | Time:00:00.08 | Mem:0.56M, Peak:0.57M | Scene, ViewLayer | Updating Geometry BVH Cube.187 187/239 | Building BVH
Fra:1 Mem:19.86M (Peak 27.57M) | Time:00:00.08 | Mem:0.57M, Peak:0.57M | Scene, ViewLayer | Updating Geometry BVH Cube.188 188/239 | Building BVH
Fra:1 Mem:19.86M (Peak 27.57M) | Time:00:00.08 | Mem:0.57M, Peak:0.57M | Scene, ViewLayer | Updating Geometry BVH Cube.189 189/239 | Building BVH
Fra:1 Mem:19.86M (Peak 27.57M) | Time:00:00.08 | Mem:0.57M, Peak:0.57M | Scene, ViewLayer | Updating Geometry BVH Cube.191 191/239 | Building BVH
Fra:1 Mem:19.86M (Peak 27.57M) | Time:00:00.08 | Mem:0.57M, Peak:0.57M | Scene, ViewLayer | Updating Geometry BVH Cube.192 192/239 | Building BVH
Fra:1 Mem:19.86M (Peak 27.57M) | Time:00:00.08 | Mem:0.57M, Peak:0.57M | Scene, ViewLayer | Updating Geometry BVH Cube.193 193/239 | Building BVH
Fra:1 Mem:19.86M (Peak 27.57M) | Time:00:00.08 | Mem:0.58M, Peak:0.58M | Scene, ViewLayer | Updating Geometry BVH Cube.196 196/239 | Building BVH
Fra:1 Mem:19.86M (Peak 27.57M) | Time:00:00.08 | Mem:0.58M, Peak:0.58M | Scene, ViewLayer | Updating Geometry BVH Cube.197 197/239 | Building BVH
Fra:1 Mem:19.86M (Peak 27.57M) | Time:00:00.08 | Mem:0.58M, Peak:0.58M | Scene, ViewLayer | Updating Geometry BVH Cube.198 198/239 | Building BVH
Fra:1 Mem:19.86M (Peak 27.57M) | Time:00:00.08 | Mem:0.58M, Peak:0.58M | Scene, ViewLayer | Updating Geometry BVH Cube.199 199/239 | Building BVH
Fra:1 Mem:19.86M (Peak 27.57M) | Time:00:00.08 | Mem:0.58M, Peak:0.58M | Scene, ViewLayer | Updating Geometry BVH Cube.200 200/239 | Building BVH
Fra:1 Mem:19.86M (Peak 27.57M) | Time:00:00.08 | Mem:0.58M, Peak:0.58M | Scene, ViewLayer | Updating Geometry BVH Cube.201 201/239 | Building BVH
Fra:1 Mem:19.86M (Peak 27.57M) | Time:00:00.08 | Mem:0.59M, Peak:0.59M | Scene, ViewLayer | Updating Geometry BVH Cube.202 202/239 | Building BVH
Fra:1 Mem:19.86M (Peak 27.57M) | Time:00:00.08 | Mem:0.59M, Peak:0.59M | Scene, ViewLayer | Updating Geometry BVH Cube.203 203/239 | Building BVH
Fra:1 Mem:19.86M (Peak 27.57M) | Time:00:00.08 | Mem:0.59M, Peak:0.59M | Scene, ViewLayer | Updating Geometry BVH Cube.204 204/239 | Building BVH
Fra:1 Mem:19.86M (Peak 27.57M) | Time:00:00.08 | Mem:0.59M, Peak:0.59M | Scene, ViewLayer | Updating Geometry BVH Cube.205 205/239 | Building BVH
Fra:1 Mem:19.86M (Peak 27.57M) | Time:00:00.08 | Mem:0.59M, Peak:0.59M | Scene, ViewLayer | Updating Geometry BVH Cube.225 225/239 | Building BVH
Fra:1 Mem:19.86M (Peak 27.57M) | Time:00:00.08 | Mem:0.59M, Peak:0.59M | Scene, ViewLayer | Updating Geometry BVH Cube.206 206/239 | Building BVH
Fra:1 Mem:19.86M (Peak 27.57M) | Time:00:00.08 | Mem:0.59M, Peak:0.59M | Scene, ViewLayer | Updating Geometry BVH Cube.207 207/239 | Building BVH
Fra:1 Mem:19.86M (Peak 27.57M) | Time:00:00.08 | Mem:0.60M, Peak:0.60M | Scene, ViewLayer | Updating Geometry BVH Cube.209 209/239 | Building BVH
Fra:1 Mem:19.86M (Peak 27.57M) | Time:00:00.08 | Mem:0.60M, Peak:0.60M | Scene, ViewLayer | Updating Geometry BVH Cube.210 210/239 | Building BVH
Fra:1 Mem:19.86M (Peak 27.57M) | Time:00:00.08 | Mem:0.60M, Peak:0.60M | Scene, ViewLayer | Updating Geometry BVH Cube.211 211/239 | Building BVH
Fra:1 Mem:19.86M (Peak 27.57M) | Time:00:00.08 | Mem:0.60M, Peak:0.60M | Scene, ViewLayer | Updating Geometry BVH Cube.212 212/239 | Building BVH
Fra:1 Mem:19.86M (Peak 27.57M) | Time:00:00.08 | Mem:0.60M, Peak:0.60M | Scene, ViewLayer | Updating Geometry BVH Cube.213 213/239 | Building BVH
Fra:1 Mem:19.86M (Peak 27.57M) | Time:00:00.08 | Mem:0.61M, Peak:0.61M | Scene, ViewLayer | Updating Geometry BVH Cube.215 215/239 | Building BVH
Fra:1 Mem:19.86M (Peak 27.57M) | Time:00:00.08 | Mem:0.61M, Peak:0.61M | Scene, ViewLayer | Updating Geometry BVH Cube.224 224/239 | Building BVH
Fra:1 Mem:19.86M (Peak 27.57M) | Time:00:00.08 | Mem:0.61M, Peak:0.61M | Scene, ViewLayer | Updating Geometry BVH Cube.216 216/239 | Building BVH
Fra:1 Mem:19.86M (Peak 27.57M) | Time:00:00.08 | Mem:0.61M, Peak:0.61M | Scene, ViewLayer | Updating Geometry BVH Cube.218 218/239 | Building BVH
Fra:1 Mem:19.86M (Peak 27.57M) | Time:00:00.08 | Mem:0.61M, Peak:0.61M | Scene, ViewLayer | Updating Geometry BVH Cube.219 219/239 | Building BVH
Fra:1 Mem:19.86M (Peak 27.57M) | Time:00:00.08 | Mem:0.61M, Peak:0.61M | Scene, ViewLayer | Updating Geometry BVH Cube.220 220/239 | Building BVH
Fra:1 Mem:19.86M (Peak 27.57M) | Time:00:00.08 | Mem:0.61M, Peak:0.61M | Scene, ViewLayer | Updating Geometry BVH Cube.221 221/239 | Building BVH
Fra:1 Mem:19.86M (Peak 27.57M) | Time:00:00.08 | Mem:0.62M, Peak:0.62M | Scene, ViewLayer | Updating Geometry BVH Cube.222 222/239 | Building BVH
Fra:1 Mem:19.86M (Peak 27.57M) | Time:00:00.08 | Mem:0.62M, Peak:0.62M | Scene, ViewLayer | Updating Geometry BVH Cube.223 223/239 | Building BVH
Fra:1 Mem:19.86M (Peak 27.57M) | Time:00:00.08 | Mem:0.64M, Peak:0.64M | Scene, ViewLayer | Updating Scene BVH | Building
Fra:1 Mem:19.86M (Peak 27.57M) | Time:00:00.08 | Mem:0.64M, Peak:0.64M | Scene, ViewLayer | Updating Scene BVH | Building BVH
Fra:1 Mem:19.86M (Peak 27.57M) | Time:00:00.08 | Mem:0.66M, Peak:0.67M | Scene, ViewLayer | Updating Scene BVH | Copying BVH to device
Fra:1 Mem:19.86M (Peak 27.57M) | Time:00:00.08 | Mem:0.66M, Peak:0.67M | Scene, ViewLayer | Updating Mesh | Computing normals
Fra:1 Mem:20.06M (Peak 27.57M) | Time:00:00.08 | Mem:0.66M, Peak:0.67M | Scene, ViewLayer | Updating Mesh | Copying Mesh to device
Fra:1 Mem:20.06M (Peak 27.57M) | Time:00:00.08 | Mem:0.86M, Peak:0.86M | Scene, ViewLayer | Updating Objects Flags
Fra:1 Mem:20.06M (Peak 27.57M) | Time:00:00.08 | Mem:0.86M, Peak:0.86M | Scene, ViewLayer | Updating Primitive Offsets
Fra:1 Mem:20.06M (Peak 27.57M) | Time:00:00.08 | Mem:0.86M, Peak:0.86M | Scene, ViewLayer | Updating Images
Fra:1 Mem:20.06M (Peak 27.57M) | Time:00:00.08 | Mem:0.86M, Peak:0.86M | Scene, ViewLayer | Updating Images | Loading engraved_glint_normal_preview.png
Fra:1 Mem:20.06M (Peak 27.57M) | Time:00:00.08 | Mem:0.86M, Peak:0.86M | Scene, ViewLayer | Updating Images | Loading calcite_emission.png
Fra:1 Mem:20.09M (Peak 27.57M) | Time:00:00.09 | Mem:0.86M, Peak:0.86M | Scene, ViewLayer | Updating Images | Loading basalt_emission.png
Fra:1 Mem:20.09M (Peak 27.57M) | Time:00:00.09 | Mem:0.86M, Peak:0.86M | Scene, ViewLayer | Updating Images | Loading lining_light_emission.png
Fra:1 Mem:20.09M (Peak 27.57M) | Time:00:00.09 | Mem:0.86M, Peak:0.86M | Scene, ViewLayer | Updating Images | Loading basalt_dark_emission.png
Fra:1 Mem:20.09M (Peak 27.57M) | Time:00:00.09 | Mem:0.86M, Peak:0.86M | Scene, ViewLayer | Updating Images | Loading engraved_amethyst_emission.png
Fra:1 Mem:20.09M (Peak 27.57M) | Time:00:00.09 | Mem:0.86M, Peak:0.86M | Scene, ViewLayer | Updating Images | Loading calcite_shadow_emission.png
Fra:1 Mem:20.09M (Peak 27.57M) | Time:00:00.09 | Mem:0.87M, Peak:0.87M | Scene, ViewLayer | Updating Images | Loading bud_lilac_emission.png
Fra:1 Mem:20.09M (Peak 27.57M) | Time:00:00.09 | Mem:0.87M, Peak:0.87M | Scene, ViewLayer | Updating Images | Loading bud_silver_emission.png
Fra:1 Mem:20.09M (Peak 27.57M) | Time:00:00.09 | Mem:0.87M, Peak:0.87M | Scene, ViewLayer | Updating Images | Loading side_relief_emission.png
Fra:1 Mem:20.09M (Peak 27.57M) | Time:00:00.09 | Mem:0.87M, Peak:0.87M | Scene, ViewLayer | Updating Images | Loading side_backing_emission.png
Fra:1 Mem:20.09M (Peak 27.57M) | Time:00:00.09 | Mem:0.87M, Peak:0.87M | Scene, ViewLayer | Updating Images | Loading calcite_light_emission.png
Fra:1 Mem:20.09M (Peak 27.57M) | Time:00:00.09 | Mem:0.87M, Peak:0.87M | Scene, ViewLayer | Updating Images | Loading lining_emission.png
Fra:1 Mem:20.09M (Peak 27.57M) | Time:00:00.09 | Mem:0.87M, Peak:0.87M | Scene, ViewLayer | Updating Images | Loading basalt_metal.png
Fra:1 Mem:20.09M (Peak 27.57M) | Time:00:00.09 | Mem:0.87M, Peak:0.87M | Scene, ViewLayer | Updating Images | Loading calcite_metal.png
Fra:1 Mem:20.09M (Peak 27.57M) | Time:00:00.10 | Mem:0.88M, Peak:0.88M | Scene, ViewLayer | Updating Images | Loading lining_light_metal.png
Fra:1 Mem:20.09M (Peak 27.57M) | Time:00:00.10 | Mem:0.88M, Peak:0.88M | Scene, ViewLayer | Updating Images | Loading basalt_dark_metal.png
Fra:1 Mem:20.09M (Peak 27.57M) | Time:00:00.10 | Mem:0.88M, Peak:0.88M | Scene, ViewLayer | Updating Images | Loading engraved_amethyst_metal.png
Fra:1 Mem:20.09M (Peak 27.57M) | Time:00:00.10 | Mem:0.88M, Peak:0.88M | Scene, ViewLayer | Updating Images | Loading calcite_shadow_metal.png
Fra:1 Mem:20.09M (Peak 27.57M) | Time:00:00.10 | Mem:0.88M, Peak:0.88M | Scene, ViewLayer | Updating Images | Loading bud_lilac_metal.png
Fra:1 Mem:20.10M (Peak 27.57M) | Time:00:00.10 | Mem:0.88M, Peak:0.88M | Scene, ViewLayer | Updating Images | Loading bud_pink_metal.png
Fra:1 Mem:20.10M (Peak 27.57M) | Time:00:00.10 | Mem:0.88M, Peak:0.88M | Scene, ViewLayer | Updating Images | Loading side_relief_metal.png
Fra:1 Mem:20.10M (Peak 27.57M) | Time:00:00.10 | Mem:0.88M, Peak:0.88M | Scene, ViewLayer | Updating Images | Loading side_backing_metal.png
Fra:1 Mem:20.10M (Peak 27.57M) | Time:00:00.10 | Mem:0.88M, Peak:0.88M | Scene, ViewLayer | Updating Images | Loading bud_silver_metal.png
Fra:1 Mem:20.10M (Peak 27.57M) | Time:00:00.10 | Mem:0.88M, Peak:0.88M | Scene, ViewLayer | Updating Images | Loading lining_metal.png
Fra:1 Mem:20.10M (Peak 27.57M) | Time:00:00.10 | Mem:0.88M, Peak:0.88M | Scene, ViewLayer | Updating Images | Loading calcite_light_metal.png
Fra:1 Mem:20.10M (Peak 27.57M) | Time:00:00.10 | Mem:0.88M, Peak:0.88M | Scene, ViewLayer | Updating Images | Loading engraved_glint_metal.png
Fra:1 Mem:20.10M (Peak 27.57M) | Time:00:00.10 | Mem:0.88M, Peak:0.88M | Scene, ViewLayer | Updating Images | Loading basalt_sss.png
Fra:1 Mem:20.10M (Peak 27.57M) | Time:00:00.10 | Mem:0.88M, Peak:0.88M | Scene, ViewLayer | Updating Images | Loading lining_light_sss.png
Fra:1 Mem:20.10M (Peak 27.57M) | Time:00:00.10 | Mem:0.88M, Peak:0.88M | Scene, ViewLayer | Updating Images | Loading calcite_sss.png
Fra:1 Mem:20.10M (Peak 27.57M) | Time:00:00.10 | Mem:0.88M, Peak:0.88M | Scene, ViewLayer | Updating Images | Loading lining_normal_preview.png
Fra:1 Mem:20.10M (Peak 27.57M) | Time:00:00.11 | Mem:0.88M, Peak:0.88M | Scene, ViewLayer | Updating Images | Loading basalt_dark_sss.png
Fra:1 Mem:20.10M (Peak 27.57M) | Time:00:00.11 | Mem:0.88M, Peak:0.88M | Scene, ViewLayer | Updating Images | Loading engraved_amethyst_sss.png
Fra:1 Mem:20.10M (Peak 27.57M) | Time:00:00.11 | Mem:0.88M, Peak:0.88M | Scene, ViewLayer | Updating Images | Loading calcite_shadow_sss.png
Fra:1 Mem:20.10M (Peak 27.57M) | Time:00:00.11 | Mem:0.88M, Peak:0.88M | Scene, ViewLayer | Updating Images | Loading bud_lilac_sss.png
Fra:1 Mem:20.10M (Peak 27.57M) | Time:00:00.11 | Mem:0.88M, Peak:0.88M | Scene, ViewLayer | Updating Images | Loading bud_pink_sss.png
Fra:1 Mem:20.10M (Peak 27.57M) | Time:00:00.11 | Mem:0.88M, Peak:0.88M | Scene, ViewLayer | Updating Images | Loading side_relief_sss.png
Fra:1 Mem:20.10M (Peak 27.57M) | Time:00:00.11 | Mem:0.88M, Peak:0.88M | Scene, ViewLayer | Updating Images | Loading bud_silver_sss.png
Fra:1 Mem:20.10M (Peak 27.57M) | Time:00:00.11 | Mem:0.88M, Peak:0.88M | Scene, ViewLayer | Updating Images | Loading side_backing_sss.png
Fra:1 Mem:20.10M (Peak 27.57M) | Time:00:00.11 | Mem:0.88M, Peak:0.88M | Scene, ViewLayer | Updating Images | Loading calcite_light_sss.png
Fra:1 Mem:20.10M (Peak 27.57M) | Time:00:00.11 | Mem:0.88M, Peak:0.88M | Scene, ViewLayer | Updating Images | Loading engraved_glint_sss.png
Fra:1 Mem:20.10M (Peak 27.57M) | Time:00:00.11 | Mem:0.88M, Peak:0.88M | Scene, ViewLayer | Updating Images | Loading lining_sss.png
Fra:1 Mem:20.10M (Peak 27.57M) | Time:00:00.11 | Mem:0.88M, Peak:0.88M | Scene, ViewLayer | Updating Images | Loading basalt_roughness.png
Fra:1 Mem:20.10M (Peak 27.57M) | Time:00:00.11 | Mem:0.88M, Peak:0.88M | Scene, ViewLayer | Updating Images | Loading basalt_dark_roughness.png
Fra:1 Mem:20.10M (Peak 27.57M) | Time:00:00.11 | Mem:0.88M, Peak:0.88M | Scene, ViewLayer | Updating Images | Loading calcite_roughness.png
Fra:1 Mem:20.10M (Peak 27.57M) | Time:00:00.11 | Mem:0.88M, Peak:0.88M | Scene, ViewLayer | Updating Images | Loading bud_silver_normal_preview.png
Fra:1 Mem:20.10M (Peak 27.57M) | Time:00:00.11 | Mem:0.88M, Peak:0.88M | Scene, ViewLayer | Updating Images | Loading engraved_amethyst_roughness.png
Fra:1 Mem:20.10M (Peak 27.57M) | Time:00:00.12 | Mem:0.88M, Peak:0.88M | Scene, ViewLayer | Updating Images | Loading lining_light_roughness.png
Fra:1 Mem:20.10M (Peak 27.57M) | Time:00:00.12 | Mem:0.88M, Peak:0.88M | Scene, ViewLayer | Updating Images | Loading calcite_shadow_roughness.png
Fra:1 Mem:20.10M (Peak 27.57M) | Time:00:00.12 | Mem:0.88M, Peak:0.88M | Scene, ViewLayer | Updating Images | Loading bud_pink_roughness.png
Fra:1 Mem:20.10M (Peak 27.57M) | Time:00:00.12 | Mem:0.89M, Peak:0.89M | Scene, ViewLayer | Updating Images | Loading bud_lilac_roughness.png
Fra:1 Mem:20.10M (Peak 27.57M) | Time:00:00.12 | Mem:0.89M, Peak:0.89M | Scene, ViewLayer | Updating Images | Loading side_relief_roughness.png
Fra:1 Mem:20.10M (Peak 27.57M) | Time:00:00.12 | Mem:0.89M, Peak:0.89M | Scene, ViewLayer | Updating Images | Loading bud_silver_roughness.png
Fra:1 Mem:20.10M (Peak 27.57M) | Time:00:00.12 | Mem:0.89M, Peak:0.89M | Scene, ViewLayer | Updating Images | Loading side_backing_roughness.png
Fra:1 Mem:20.10M (Peak 27.57M) | Time:00:00.12 | Mem:0.89M, Peak:0.89M | Scene, ViewLayer | Updating Images | Loading calcite_light_roughness.png
Fra:1 Mem:20.11M (Peak 27.57M) | Time:00:00.12 | Mem:0.89M, Peak:0.89M | Scene, ViewLayer | Updating Images | Loading engraved_glint_roughness.png
Fra:1 Mem:20.11M (Peak 27.57M) | Time:00:00.12 | Mem:0.89M, Peak:0.89M | Scene, ViewLayer | Updating Images | Loading lining_roughness.png
Fra:1 Mem:20.11M (Peak 27.57M) | Time:00:00.12 | Mem:0.89M, Peak:0.89M | Scene, ViewLayer | Updating Images | Loading calcite_normal_preview.png
Fra:1 Mem:20.11M (Peak 27.57M) | Time:00:00.12 | Mem:0.89M, Peak:0.89M | Scene, ViewLayer | Updating Images | Loading basalt_normal_preview.png
Fra:1 Mem:20.11M (Peak 27.57M) | Time:00:00.12 | Mem:0.89M, Peak:0.89M | Scene, ViewLayer | Updating Images | Loading lining_light_normal_preview.png
Fra:1 Mem:20.11M (Peak 27.57M) | Time:00:00.12 | Mem:0.89M, Peak:0.89M | Scene, ViewLayer | Updating Images | Loading engraved_amethyst_normal_preview.png
Fra:1 Mem:20.11M (Peak 27.57M) | Time:00:00.12 | Mem:0.89M, Peak:0.89M | Scene, ViewLayer | Updating Images | Loading bud_pink_normal_preview.png
Fra:1 Mem:20.11M (Peak 27.57M) | Time:00:00.13 | Mem:0.89M, Peak:0.89M | Scene, ViewLayer | Updating Images | Loading calcite_shadow_normal_preview.png
Fra:1 Mem:20.11M (Peak 27.57M) | Time:00:00.13 | Mem:0.89M, Peak:0.89M | Scene, ViewLayer | Updating Images | Loading bud_lilac_normal_preview.png
Fra:1 Mem:20.11M (Peak 27.57M) | Time:00:00.13 | Mem:0.89M, Peak:0.89M | Scene, ViewLayer | Updating Images | Loading calcite_light_normal_preview.png
Fra:1 Mem:20.11M (Peak 27.57M) | Time:00:00.13 | Mem:0.89M, Peak:0.89M | Scene, ViewLayer | Updating Images | Loading side_relief_normal_preview.png
Fra:1 Mem:20.12M (Peak 27.57M) | Time:00:00.14 | Mem:0.90M, Peak:0.90M | Scene, ViewLayer | Updating Camera Volume
Fra:1 Mem:20.12M (Peak 27.57M) | Time:00:00.14 | Mem:0.90M, Peak:0.90M | Scene, ViewLayer | Updating Lookup Tables
Fra:1 Mem:20.12M (Peak 27.57M) | Time:00:00.14 | Mem:1.15M, Peak:1.15M | Scene, ViewLayer | Updating Lights
Fra:1 Mem:20.12M (Peak 27.57M) | Time:00:00.14 | Mem:1.15M, Peak:1.15M | Scene, ViewLayer | Updating Lights | Computing distribution
Fra:1 Mem:20.16M (Peak 27.57M) | Time:00:00.14 | Mem:1.20M, Peak:1.20M | Scene, ViewLayer | Updating Integrator
Fra:1 Mem:20.17M (Peak 27.57M) | Time:00:00.14 | Mem:1.20M, Peak:1.20M | Scene, ViewLayer | Updating Film
Fra:1 Mem:20.17M (Peak 27.57M) | Time:00:00.14 | Mem:0.95M, Peak:1.20M | Scene, ViewLayer | Updating Lookup Tables
Fra:1 Mem:20.17M (Peak 27.57M) | Time:00:00.14 | Mem:1.21M, Peak:1.21M | Scene, ViewLayer | Updating Baking
Fra:1 Mem:20.17M (Peak 27.57M) | Time:00:00.14 | Mem:1.21M, Peak:1.21M | Scene, ViewLayer | Updating Device | Writing constant memory
Fra:1 Mem:20.18M (Peak 27.57M) | Time:00:00.14 | Mem:1.21M, Peak:1.21M | Scene, ViewLayer | Sample 0/48
Fra:1 Mem:92.70M (Peak 92.70M) | Time:00:00.52 | Remaining:00:17.80 | Mem:73.70M, Peak:73.70M | Scene, ViewLayer | Sample 1/48
Fra:1 Mem:123.22M (Peak 169.00M) | Time:00:19.51 | Mem:73.70M, Peak:73.70M | Scene, ViewLayer | Sample 48/48
Fra:1 Mem:123.22M (Peak 169.00M) | Time:00:19.51 | Mem:73.70M, Peak:73.70M | Scene, ViewLayer | Finished
Saved: 'D:\Desktop\Document\Coding\FULL STACK\ConvertTable\assets\geode_prototype\geode_dark.png'
 Time: 00:19.62 (Saving: 00:00.09)

GEODE_VERIFY_OK {"status": "PASS", "blender_version": "3.2.1", "reopened_blend": "D:\\Desktop\\Document\\Coding\\FULL STACK\\ConvertTable\\assets\\geode_prototype\\mother_rock_geode_16px.blend", "editable_parts": 239, "connected_voxels": 2229, "world_min": [-0.5, -0.5, 0.0], "world_max": [0.5, 0.5, 1.0], "integer_pixel_grid": true, "overlapping_voxels": false, "floating_components": false, "rendered": ["D:\\Desktop\\Document\\Coding\\FULL STACK\\ConvertTable\\assets\\geode_prototype\\geode_front.png", "D:\\Desktop\\Document\\Coding\\FULL STACK\\ConvertTable\\assets\\geode_prototype\\geode_side.png", "D:\\Desktop\\Document\\Coding\\FULL STACK\\ConvertTable\\assets\\geode_prototype\\geode_three_quarter.png", "D:\\Desktop\\Document\\Coding\\FULL STACK\\ConvertTable\\assets\\geode_prototype\\geode_dark.png"]}

Blender quit
