TBBmalloc: skip allocation functions replacement in ucrtbase.dll: unknown prologue for function _msize
Blender 3.2.1 (hash a2d59b2dac9e built 2022-07-06 07:45:50)
Read blend: D:\Desktop\Document\Coding\FULL STACK\ConvertTable\assets\geode_prototype\mother_rock_geode_16px.blend
Fra:1 Mem:23.70M (Peak 23.71M) | Time:00:00.01 | Mem:0.00M, Peak:0.00M | Scene, ViewLayer | Synchronizing object | 01_basalt_corner_guards_0000
Fra:1 Mem:23.70M (Peak 23.71M) | Time:00:00.01 | Mem:0.00M, Peak:0.00M | Scene, ViewLayer | Synchronizing object | 10_black_corner_shoulders_0004
Fra:1 Mem:23.70M (Peak 23.71M) | Time:00:00.01 | Mem:0.00M, Peak:0.00M | Scene, ViewLayer | Synchronizing object | 08_layer_2_lower_rail_0007
Fra:1 Mem:23.71M (Peak 23.71M) | Time:00:00.01 | Mem:0.00M, Peak:0.00M | Scene, ViewLayer | Synchronizing object | 07_layer_2_crystal_relief_0012
Fra:1 Mem:23.71M (Peak 23.71M) | Time:00:00.01 | Mem:0.00M, Peak:0.00M | Scene, ViewLayer | Synchronizing object | 07_layer_2_crystal_relief_0013
Fra:1 Mem:23.71M (Peak 23.71M) | Time:00:00.01 | Mem:0.00M, Peak:0.00M | Scene, ViewLayer | Synchronizing object | 07_layer_2_crystal_relief_0014
Fra:1 Mem:23.72M (Peak 23.73M) | Time:00:00.01 | Mem:0.00M, Peak:0.00M | Scene, ViewLayer | Synchronizing object | 07_layer_2_crystal_relief_0016
Fra:1 Mem:23.73M (Peak 23.73M) | Time:00:00.01 | Mem:0.00M, Peak:0.00M | Scene, ViewLayer | Synchronizing object | 09_layer_2_crown_rim_0019
Fra:1 Mem:23.73M (Peak 23.73M) | Time:00:00.01 | Mem:0.00M, Peak:0.00M | Scene, ViewLayer | Synchronizing object | 09_calcite_crown_rim_0020
Fra:1 Mem:23.73M (Peak 23.73M) | Time:00:00.01 | Mem:0.00M, Peak:0.00M | Scene, ViewLayer | Synchronizing object | 11_corner_crystal_buds_0026
Fra:1 Mem:23.74M (Peak 23.74M) | Time:00:00.01 | Mem:0.00M, Peak:0.00M | Scene, ViewLayer | Synchronizing object | 05_layer_3_mineral_backing_0028
Fra:1 Mem:23.74M (Peak 23.74M) | Time:00:00.01 | Mem:0.00M, Peak:0.00M | Scene, ViewLayer | Synchronizing object | 05_layer_3_mineral_backing_0030
Fra:1 Mem:23.75M (Peak 23.75M) | Time:00:00.01 | Mem:0.00M, Peak:0.00M | Scene, ViewLayer | Synchronizing object | 05_layer_3_mineral_backing_0031
Fra:1 Mem:23.75M (Peak 23.75M) | Time:00:00.01 | Mem:0.00M, Peak:0.00M | Scene, ViewLayer | Synchronizing object | 05_layer_3_mineral_backing_0034
Fra:1 Mem:23.75M (Peak 23.75M) | Time:00:00.01 | Mem:0.00M, Peak:0.00M | Scene, ViewLayer | Synchronizing object | 05_layer_3_mineral_backing_0038
Fra:1 Mem:23.76M (Peak 23.76M) | Time:00:00.01 | Mem:0.00M, Peak:0.00M | Scene, ViewLayer | Synchronizing object | 05_layer_3_mineral_backing_0040
Fra:1 Mem:23.76M (Peak 23.76M) | Time:00:00.01 | Mem:0.00M, Peak:0.00M | Scene, ViewLayer | Synchronizing object | 05_layer_3_mineral_backing_0041
Fra:1 Mem:23.76M (Peak 23.76M) | Time:00:00.01 | Mem:0.00M, Peak:0.00M | Scene, ViewLayer | Synchronizing object | 05_layer_3_mineral_backing_0042
Fra:1 Mem:23.76M (Peak 23.76M) | Time:00:00.01 | Mem:0.00M, Peak:0.00M | Scene, ViewLayer | Synchronizing object | 05_layer_3_mineral_backing_0043
Fra:1 Mem:23.77M (Peak 23.77M) | Time:00:00.01 | Mem:0.00M, Peak:0.00M | Scene, ViewLayer | Synchronizing object | 05_layer_3_mineral_backing_0044
Fra:1 Mem:23.77M (Peak 23.77M) | Time:00:00.01 | Mem:0.00M, Peak:0.00M | Scene, ViewLayer | Synchronizing object | 08_layer_2_lower_rail_0045
Fra:1 Mem:23.78M (Peak 23.78M) | Time:00:00.01 | Mem:0.00M, Peak:0.00M | Scene, ViewLayer | Synchronizing object | 08_layer_2_lower_rail_0047
Fra:1 Mem:23.78M (Peak 23.78M) | Time:00:00.01 | Mem:0.00M, Peak:0.00M | Scene, ViewLayer | Synchronizing object | 05_layer_3_mineral_backing_0052
Fra:1 Mem:23.79M (Peak 23.79M) | Time:00:00.01 | Mem:0.00M, Peak:0.00M | Scene, ViewLayer | Synchronizing object | 05_layer_3_mineral_backing_0054
Fra:1 Mem:23.79M (Peak 23.79M) | Time:00:00.01 | Mem:0.00M, Peak:0.00M | Scene, ViewLayer | Synchronizing object | 05_layer_3_mineral_backing_0055
Fra:1 Mem:23.79M (Peak 23.79M) | Time:00:00.01 | Mem:0.00M, Peak:0.00M | Scene, ViewLayer | Synchronizing object | 07_layer_2_crystal_relief_0057
Fra:1 Mem:23.79M (Peak 23.79M) | Time:00:00.01 | Mem:0.00M, Peak:0.00M | Scene, ViewLayer | Synchronizing object | 05_layer_3_mineral_backing_0058
Fra:1 Mem:23.80M (Peak 23.80M) | Time:00:00.01 | Mem:0.00M, Peak:0.00M | Scene, ViewLayer | Synchronizing object | 05_layer_3_mineral_backing_0059
Fra:1 Mem:23.80M (Peak 23.80M) | Time:00:00.01 | Mem:0.00M, Peak:0.00M | Scene, ViewLayer | Synchronizing object | 07_layer_2_crystal_relief_0060
Fra:1 Mem:23.80M (Peak 23.80M) | Time:00:00.01 | Mem:0.00M, Peak:0.00M | Scene, ViewLayer | Synchronizing object | 05_layer_3_mineral_backing_0062
Fra:1 Mem:23.80M (Peak 23.80M) | Time:00:00.01 | Mem:0.00M, Peak:0.00M | Scene, ViewLayer | Synchronizing object | 05_layer_3_mineral_backing_0064
Fra:1 Mem:23.81M (Peak 23.81M) | Time:00:00.01 | Mem:0.00M, Peak:0.00M | Scene, ViewLayer | Synchronizing object | 05_layer_3_mineral_backing_0065
Fra:1 Mem:23.81M (Peak 23.81M) | Time:00:00.01 | Mem:0.00M, Peak:0.00M | Scene, ViewLayer | Synchronizing object | 04_geode_inner_lining_0066
Fra:1 Mem:23.81M (Peak 23.81M) | Time:00:00.01 | Mem:0.00M, Peak:0.00M | Scene, ViewLayer | Synchronizing object | 07_layer_2_crystal_relief_0068
Fra:1 Mem:23.82M (Peak 23.82M) | Time:00:00.01 | Mem:0.00M, Peak:0.00M | Scene, ViewLayer | Synchronizing object | 07_layer_2_crystal_relief_0069
Fra:1 Mem:23.82M (Peak 23.82M) | Time:00:00.01 | Mem:0.00M, Peak:0.00M | Scene, ViewLayer | Synchronizing object | 05_layer_3_mineral_backing_0071
Fra:1 Mem:23.82M (Peak 23.82M) | Time:00:00.01 | Mem:0.00M, Peak:0.00M | Scene, ViewLayer | Synchronizing object | 05_layer_3_mineral_backing_0072
Fra:1 Mem:23.82M (Peak 23.82M) | Time:00:00.01 | Mem:0.00M, Peak:0.00M | Scene, ViewLayer | Synchronizing object | 05_layer_3_mineral_backing_0073
Fra:1 Mem:23.83M (Peak 23.83M) | Time:00:00.01 | Mem:0.00M, Peak:0.00M | Scene, ViewLayer | Synchronizing object | 04_geode_inner_lining_0074
Fra:1 Mem:23.83M (Peak 23.83M) | Time:00:00.01 | Mem:0.00M, Peak:0.00M | Scene, ViewLayer | Synchronizing object | 05_layer_3_mineral_backing_0075
Fra:1 Mem:23.83M (Peak 23.83M) | Time:00:00.01 | Mem:0.00M, Peak:0.00M | Scene, ViewLayer | Synchronizing object | 09_layer_2_crown_rim_0078
Fra:1 Mem:23.84M (Peak 23.84M) | Time:00:00.01 | Mem:0.00M, Peak:0.00M | Scene, ViewLayer | Synchronizing object | 09_calcite_crown_rim_0079
Fra:1 Mem:23.84M (Peak 23.84M) | Time:00:00.01 | Mem:0.00M, Peak:0.00M | Scene, ViewLayer | Synchronizing object | 09_calcite_crown_rim_0080
Fra:1 Mem:23.84M (Peak 23.84M) | Time:00:00.01 | Mem:0.00M, Peak:0.00M | Scene, ViewLayer | Synchronizing object | 05_layer_3_mineral_backing_0082
Fra:1 Mem:23.84M (Peak 23.84M) | Time:00:00.01 | Mem:0.00M, Peak:0.00M | Scene, ViewLayer | Synchronizing object | 06_layer_3_stone_ground_pattern_0083
Fra:1 Mem:23.84M (Peak 23.84M) | Time:00:00.01 | Mem:0.00M, Peak:0.00M | Scene, ViewLayer | Synchronizing object | 07_layer_2_crystal_relief_0084
Fra:1 Mem:23.85M (Peak 23.85M) | Time:00:00.01 | Mem:0.00M, Peak:0.00M | Scene, ViewLayer | Synchronizing object | 05_layer_3_mineral_backing_0085
Fra:1 Mem:23.85M (Peak 23.85M) | Time:00:00.01 | Mem:0.00M, Peak:0.00M | Scene, ViewLayer | Synchronizing object | 12_geode_growth_core_0087
Fra:1 Mem:23.85M (Peak 23.85M) | Time:00:00.01 | Mem:0.00M, Peak:0.00M | Scene, ViewLayer | Synchronizing object | 12_geode_growth_core_0088
Fra:1 Mem:23.85M (Peak 23.86M) | Time:00:00.01 | Mem:0.00M, Peak:0.00M | Scene, ViewLayer | Synchronizing object | 05_layer_3_mineral_backing_0089
Fra:1 Mem:23.86M (Peak 23.86M) | Time:00:00.01 | Mem:0.00M, Peak:0.00M | Scene, ViewLayer | Synchronizing object | 05_layer_3_mineral_backing_0091
Fra:1 Mem:23.86M (Peak 23.86M) | Time:00:00.01 | Mem:0.00M, Peak:0.00M | Scene, ViewLayer | Synchronizing object | 05_layer_3_mineral_backing_0092
Fra:1 Mem:23.87M (Peak 23.87M) | Time:00:00.01 | Mem:0.00M, Peak:0.00M | Scene, ViewLayer | Synchronizing object | 07_layer_2_crystal_relief_0095
Fra:1 Mem:23.87M (Peak 23.87M) | Time:00:00.01 | Mem:0.00M, Peak:0.00M | Scene, ViewLayer | Synchronizing object | 07_layer_2_crystal_relief_0096
Fra:1 Mem:23.87M (Peak 23.87M) | Time:00:00.01 | Mem:0.00M, Peak:0.00M | Scene, ViewLayer | Synchronizing object | 05_layer_3_mineral_backing_0098
Fra:1 Mem:23.87M (Peak 23.87M) | Time:00:00.01 | Mem:0.00M, Peak:0.00M | Scene, ViewLayer | Synchronizing object | 12_geode_growth_core_0099
Fra:1 Mem:23.87M (Peak 23.87M) | Time:00:00.01 | Mem:0.00M, Peak:0.00M | Scene, ViewLayer | Synchronizing object | 12_geode_growth_core_0100
Fra:1 Mem:23.88M (Peak 23.88M) | Time:00:00.01 | Mem:0.00M, Peak:0.00M | Scene, ViewLayer | Synchronizing object | 12_geode_growth_core_0102
Fra:1 Mem:23.88M (Peak 23.88M) | Time:00:00.01 | Mem:0.00M, Peak:0.00M | Scene, ViewLayer | Synchronizing object | 05_layer_3_mineral_backing_0103
Fra:1 Mem:23.88M (Peak 23.88M) | Time:00:00.01 | Mem:0.00M, Peak:0.00M | Scene, ViewLayer | Synchronizing object | 05_layer_3_mineral_backing_0104
Fra:1 Mem:23.88M (Peak 23.88M) | Time:00:00.01 | Mem:0.00M, Peak:0.00M | Scene, ViewLayer | Synchronizing object | 07_layer_2_crystal_relief_0105
Fra:1 Mem:23.89M (Peak 23.89M) | Time:00:00.01 | Mem:0.00M, Peak:0.00M | Scene, ViewLayer | Synchronizing object | 05_layer_3_mineral_backing_0106
Fra:1 Mem:23.89M (Peak 23.89M) | Time:00:00.01 | Mem:0.00M, Peak:0.00M | Scene, ViewLayer | Synchronizing object | 12_geode_growth_core_0107
Fra:1 Mem:23.89M (Peak 23.89M) | Time:00:00.01 | Mem:0.00M, Peak:0.00M | Scene, ViewLayer | Synchronizing object | 12_geode_growth_core_0108
Fra:1 Mem:23.89M (Peak 23.89M) | Time:00:00.01 | Mem:0.00M, Peak:0.00M | Scene, ViewLayer | Synchronizing object | 12_geode_growth_core_0109
Fra:1 Mem:23.90M (Peak 23.90M) | Time:00:00.01 | Mem:0.00M, Peak:0.00M | Scene, ViewLayer | Synchronizing object | 07_layer_2_crystal_relief_0110
Fra:1 Mem:23.90M (Peak 23.90M) | Time:00:00.01 | Mem:0.00M, Peak:0.00M | Scene, ViewLayer | Synchronizing object | 07_layer_2_crystal_relief_0111
Fra:1 Mem:23.90M (Peak 23.90M) | Time:00:00.01 | Mem:0.00M, Peak:0.00M | Scene, ViewLayer | Synchronizing object | 12_geode_growth_core_0113
Fra:1 Mem:23.90M (Peak 23.90M) | Time:00:00.01 | Mem:0.00M, Peak:0.00M | Scene, ViewLayer | Synchronizing object | 12_geode_growth_core_0115
Fra:1 Mem:23.91M (Peak 23.91M) | Time:00:00.01 | Mem:0.00M, Peak:0.00M | Scene, ViewLayer | Synchronizing object | 07_layer_2_crystal_relief_0117
Fra:1 Mem:23.91M (Peak 23.91M) | Time:00:00.01 | Mem:0.00M, Peak:0.00M | Scene, ViewLayer | Synchronizing object | 05_layer_3_mineral_backing_0118
Fra:1 Mem:23.91M (Peak 23.91M) | Time:00:00.01 | Mem:0.00M, Peak:0.00M | Scene, ViewLayer | Synchronizing object | 07_layer_2_crystal_relief_0120
Fra:1 Mem:23.92M (Peak 23.92M) | Time:00:00.01 | Mem:0.00M, Peak:0.00M | Scene, ViewLayer | Synchronizing object | 05_layer_3_mineral_backing_0122
Fra:1 Mem:23.92M (Peak 23.92M) | Time:00:00.01 | Mem:0.00M, Peak:0.00M | Scene, ViewLayer | Synchronizing object | 06_layer_3_stone_ground_pattern_0123
Fra:1 Mem:23.92M (Peak 23.92M) | Time:00:00.01 | Mem:0.00M, Peak:0.00M | Scene, ViewLayer | Synchronizing object | 12_geode_growth_core_0124
Fra:1 Mem:23.92M (Peak 23.92M) | Time:00:00.01 | Mem:0.00M, Peak:0.00M | Scene, ViewLayer | Synchronizing object | 12_geode_growth_core_0125
Fra:1 Mem:23.93M (Peak 23.93M) | Time:00:00.01 | Mem:0.00M, Peak:0.00M | Scene, ViewLayer | Synchronizing object | 05_layer_3_mineral_backing_0126
Fra:1 Mem:23.93M (Peak 23.93M) | Time:00:00.01 | Mem:0.00M, Peak:0.00M | Scene, ViewLayer | Synchronizing object | 07_layer_2_crystal_relief_0127
Fra:1 Mem:23.93M (Peak 23.93M) | Time:00:00.01 | Mem:0.00M, Peak:0.00M | Scene, ViewLayer | Synchronizing object | 05_layer_3_mineral_backing_0130
Fra:1 Mem:23.93M (Peak 23.94M) | Time:00:00.01 | Mem:0.00M, Peak:0.00M | Scene, ViewLayer | Synchronizing object | 12_geode_growth_core_0132
Fra:1 Mem:23.94M (Peak 23.94M) | Time:00:00.01 | Mem:0.00M, Peak:0.00M | Scene, ViewLayer | Synchronizing object | 12_geode_growth_core_0133
Fra:1 Mem:23.94M (Peak 23.94M) | Time:00:00.01 | Mem:0.00M, Peak:0.00M | Scene, ViewLayer | Synchronizing object | 06_layer_3_stone_ground_pattern_0135
Fra:1 Mem:23.94M (Peak 23.94M) | Time:00:00.01 | Mem:0.00M, Peak:0.00M | Scene, ViewLayer | Synchronizing object | 05_layer_3_mineral_backing_0136
Fra:1 Mem:23.95M (Peak 23.95M) | Time:00:00.01 | Mem:0.00M, Peak:0.00M | Scene, ViewLayer | Synchronizing object | 07_layer_2_crystal_relief_0138
Fra:1 Mem:23.95M (Peak 23.95M) | Time:00:00.01 | Mem:0.00M, Peak:0.00M | Scene, ViewLayer | Synchronizing object | 05_layer_3_mineral_backing_0140
Fra:1 Mem:23.95M (Peak 23.95M) | Time:00:00.01 | Mem:0.00M, Peak:0.00M | Scene, ViewLayer | Synchronizing object | 05_layer_3_mineral_backing_0141
Fra:1 Mem:23.95M (Peak 23.95M) | Time:00:00.01 | Mem:0.00M, Peak:0.00M | Scene, ViewLayer | Synchronizing object | 07_layer_2_crystal_relief_0142
Fra:1 Mem:23.96M (Peak 23.96M) | Time:00:00.01 | Mem:0.00M, Peak:0.00M | Scene, ViewLayer | Synchronizing object | 05_layer_3_mineral_backing_0143
Fra:1 Mem:23.96M (Peak 23.96M) | Time:00:00.01 | Mem:0.00M, Peak:0.00M | Scene, ViewLayer | Synchronizing object | 05_layer_3_mineral_backing_0144
Fra:1 Mem:23.96M (Peak 23.96M) | Time:00:00.01 | Mem:0.00M, Peak:0.00M | Scene, ViewLayer | Synchronizing object | 10_black_corner_shoulders_0146
Fra:1 Mem:23.96M (Peak 23.96M) | Time:00:00.01 | Mem:0.00M, Peak:0.00M | Scene, ViewLayer | Synchronizing object | 10_black_corner_shoulders_0148
Fra:1 Mem:23.97M (Peak 23.97M) | Time:00:00.01 | Mem:0.00M, Peak:0.00M | Scene, ViewLayer | Synchronizing object | 10_black_corner_shoulders_0149
Fra:1 Mem:23.97M (Peak 23.97M) | Time:00:00.01 | Mem:0.00M, Peak:0.00M | Scene, ViewLayer | Synchronizing object | 08_layer_2_lower_rail_0151
Fra:1 Mem:23.97M (Peak 23.97M) | Time:00:00.01 | Mem:0.00M, Peak:0.00M | Scene, ViewLayer | Synchronizing object | 08_layer_2_lower_rail_0153
Fra:1 Mem:23.98M (Peak 23.98M) | Time:00:00.01 | Mem:0.00M, Peak:0.00M | Scene, ViewLayer | Synchronizing object | 03_black_wrapped_corner_pillars_0154
Fra:1 Mem:23.98M (Peak 23.98M) | Time:00:00.01 | Mem:0.00M, Peak:0.00M | Scene, ViewLayer | Synchronizing object | 05_layer_3_mineral_backing_0157
Fra:1 Mem:23.98M (Peak 23.98M) | Time:00:00.01 | Mem:0.00M, Peak:0.00M | Scene, ViewLayer | Synchronizing object | 03_black_wrapped_corner_pillars_0158
Fra:1 Mem:23.98M (Peak 23.98M) | Time:00:00.01 | Mem:0.00M, Peak:0.00M | Scene, ViewLayer | Synchronizing object | 07_layer_2_crystal_relief_0159
Fra:1 Mem:23.99M (Peak 23.99M) | Time:00:00.01 | Mem:0.00M, Peak:0.00M | Scene, ViewLayer | Synchronizing object | 06_layer_3_stone_ground_pattern_0161
Fra:1 Mem:23.99M (Peak 23.99M) | Time:00:00.01 | Mem:0.00M, Peak:0.00M | Scene, ViewLayer | Synchronizing object | 07_layer_2_crystal_relief_0162
Fra:1 Mem:23.99M (Peak 23.99M) | Time:00:00.01 | Mem:0.00M, Peak:0.00M | Scene, ViewLayer | Synchronizing object | 05_layer_3_mineral_backing_0163
Fra:1 Mem:23.99M (Peak 23.99M) | Time:00:00.01 | Mem:0.00M, Peak:0.00M | Scene, ViewLayer | Synchronizing object | 05_layer_3_mineral_backing_0165
Fra:1 Mem:24.00M (Peak 24.00M) | Time:00:00.01 | Mem:0.00M, Peak:0.00M | Scene, ViewLayer | Synchronizing object | 07_layer_2_crystal_relief_0166
Fra:1 Mem:24.00M (Peak 24.00M) | Time:00:00.01 | Mem:0.00M, Peak:0.00M | Scene, ViewLayer | Synchronizing object | 07_layer_2_crystal_relief_0167
Fra:1 Mem:24.00M (Peak 24.00M) | Time:00:00.01 | Mem:0.00M, Peak:0.00M | Scene, ViewLayer | Synchronizing object | 05_layer_3_mineral_backing_0169
Fra:1 Mem:24.00M (Peak 24.00M) | Time:00:00.01 | Mem:0.00M, Peak:0.00M | Scene, ViewLayer | Synchronizing object | 07_layer_2_crystal_relief_0170
Fra:1 Mem:24.01M (Peak 24.01M) | Time:00:00.01 | Mem:0.00M, Peak:0.00M | Scene, ViewLayer | Synchronizing object | 05_layer_3_mineral_backing_0171
Fra:1 Mem:24.01M (Peak 24.01M) | Time:00:00.01 | Mem:0.00M, Peak:0.00M | Scene, ViewLayer | Synchronizing object | 07_layer_2_crystal_relief_0172
Fra:1 Mem:24.01M (Peak 24.01M) | Time:00:00.01 | Mem:0.00M, Peak:0.00M | Scene, ViewLayer | Synchronizing object | 07_layer_2_crystal_relief_0175
Fra:1 Mem:24.01M (Peak 24.01M) | Time:00:00.01 | Mem:0.00M, Peak:0.00M | Scene, ViewLayer | Synchronizing object | 07_layer_2_crystal_relief_0176
Fra:1 Mem:24.01M (Peak 24.01M) | Time:00:00.01 | Mem:0.00M, Peak:0.00M | Scene, ViewLayer | Synchronizing object | 05_layer_3_mineral_backing_0177
Fra:1 Mem:24.01M (Peak 24.01M) | Time:00:00.01 | Mem:0.00M, Peak:0.00M | Scene, ViewLayer | Synchronizing object | 11_corner_crystal_buds_0190
Fra:1 Mem:24.02M (Peak 24.02M) | Time:00:00.01 | Mem:0.00M, Peak:0.00M | Scene, ViewLayer | Synchronizing object | 05_layer_3_mineral_backing_0178
Fra:1 Mem:24.02M (Peak 24.02M) | Time:00:00.01 | Mem:0.00M, Peak:0.00M | Scene, ViewLayer | Synchronizing object | 05_layer_3_mineral_backing_0180
Fra:1 Mem:24.02M (Peak 24.02M) | Time:00:00.01 | Mem:0.00M, Peak:0.00M | Scene, ViewLayer | Synchronizing object | 07_layer_2_crystal_relief_0181
Fra:1 Mem:24.03M (Peak 24.03M) | Time:00:00.01 | Mem:0.00M, Peak:0.00M | Scene, ViewLayer | Synchronizing object | 05_layer_3_mineral_backing_0182
Fra:1 Mem:24.03M (Peak 24.03M) | Time:00:00.01 | Mem:0.00M, Peak:0.00M | Scene, ViewLayer | Synchronizing object | 05_layer_3_mineral_backing_0183
Fra:1 Mem:24.03M (Peak 24.03M) | Time:00:00.01 | Mem:0.00M, Peak:0.00M | Scene, ViewLayer | Synchronizing object | 09_calcite_crown_rim_0184
Fra:1 Mem:24.03M (Peak 24.03M) | Time:00:00.01 | Mem:0.00M, Peak:0.00M | Scene, ViewLayer | Synchronizing object | 11_corner_crystal_buds_0186
Fra:1 Mem:24.03M (Peak 24.03M) | Time:00:00.01 | Mem:0.00M, Peak:0.00M | Scene, ViewLayer | Synchronizing object | 11_corner_crystal_buds_0187
Fra:1 Mem:24.04M (Peak 24.04M) | Time:00:00.01 | Mem:0.00M, Peak:0.00M | Scene, ViewLayer | Synchronizing object | 11_corner_crystal_buds_0189
Fra:1 Mem:24.06M (Peak 24.06M) | Time:00:00.01 | Mem:0.00M, Peak:0.00M | Scene, ViewLayer | Initializing
Fra:1 Mem:17.20M (Peak 24.06M) | Time:00:00.02 | Mem:0.00M, Peak:0.00M | Scene, ViewLayer | Waiting for render to start
Fra:1 Mem:17.20M (Peak 24.06M) | Time:00:00.02 | Mem:0.00M, Peak:0.00M | Scene, ViewLayer | Loading render kernels (may take a few minutes the first time)
Fra:1 Mem:17.20M (Peak 24.06M) | Time:00:00.02 | Mem:0.00M, Peak:0.00M | Scene, ViewLayer | Updating Scene
Fra:1 Mem:17.20M (Peak 24.06M) | Time:00:00.02 | Mem:0.00M, Peak:0.00M | Scene, ViewLayer | Updating Shaders
Fra:1 Mem:17.72M (Peak 24.06M) | Time:00:00.14 | Mem:0.01M, Peak:0.01M | Scene, ViewLayer | Updating Procedurals
Fra:1 Mem:17.72M (Peak 24.06M) | Time:00:00.14 | Mem:0.01M, Peak:0.01M | Scene, ViewLayer | Updating Background
Fra:1 Mem:17.72M (Peak 24.06M) | Time:00:00.14 | Mem:0.01M, Peak:0.01M | Scene, ViewLayer | Updating Camera
Fra:1 Mem:17.72M (Peak 24.06M) | Time:00:00.14 | Mem:0.01M, Peak:0.01M | Scene, ViewLayer | Updating Meshes Flags
Fra:1 Mem:17.72M (Peak 24.06M) | Time:00:00.14 | Mem:0.01M, Peak:0.01M | Scene, ViewLayer | Updating Objects
Fra:1 Mem:17.72M (Peak 24.06M) | Time:00:00.14 | Mem:0.01M, Peak:0.01M | Scene, ViewLayer | Updating Objects | Copying Transformations to device
Fra:1 Mem:17.76M (Peak 24.06M) | Time:00:00.14 | Mem:0.05M, Peak:0.05M | Scene, ViewLayer | Updating Objects | Applying Static Transformations
Fra:1 Mem:17.76M (Peak 24.06M) | Time:00:00.14 | Mem:0.05M, Peak:0.05M | Scene, ViewLayer | Updating Particle Systems
Fra:1 Mem:17.76M (Peak 24.06M) | Time:00:00.14 | Mem:0.05M, Peak:0.05M | Scene, ViewLayer | Updating Particle Systems | Copying Particles to device
Fra:1 Mem:17.76M (Peak 24.06M) | Time:00:00.14 | Mem:0.05M, Peak:0.05M | Scene, ViewLayer | Updating Meshes
Fra:1 Mem:17.79M (Peak 24.06M) | Time:00:00.14 | Mem:0.05M, Peak:0.05M | Scene, ViewLayer | Updating Mesh | Computing attributes
Fra:1 Mem:18.06M (Peak 24.06M) | Time:00:00.14 | Mem:0.08M, Peak:0.08M | Scene, ViewLayer | Updating Mesh | Copying Attributes to device
Fra:1 Mem:18.00M (Peak 24.06M) | Time:00:00.14 | Mem:0.26M, Peak:0.26M | Scene, ViewLayer | Updating Geometry BVH Cube.001 1/191 | Building BVH
Fra:1 Mem:18.00M (Peak 24.06M) | Time:00:00.14 | Mem:0.26M, Peak:0.26M | Scene, ViewLayer | Updating Geometry BVH Cube.012 12/191 | Building BVH
Fra:1 Mem:18.00M (Peak 24.06M) | Time:00:00.14 | Mem:0.26M, Peak:0.26M | Scene, ViewLayer | Updating Geometry BVH Cube.014 14/191 | Building BVH
Fra:1 Mem:18.00M (Peak 24.06M) | Time:00:00.14 | Mem:0.26M, Peak:0.26M | Scene, ViewLayer | Updating Geometry BVH Cube.191 191/191 | Building BVH
Fra:1 Mem:18.00M (Peak 24.06M) | Time:00:00.14 | Mem:0.26M, Peak:0.26M | Scene, ViewLayer | Updating Geometry BVH Cube.015 15/191 | Building BVH
Fra:1 Mem:18.00M (Peak 24.06M) | Time:00:00.14 | Mem:0.26M, Peak:0.26M | Scene, ViewLayer | Updating Geometry BVH Cube.015 15/191 | Building BVH 0%
Fra:1 Mem:18.00M (Peak 24.06M) | Time:00:00.14 | Mem:0.27M, Peak:0.27M | Scene, ViewLayer | Updating Geometry BVH Cube.015 15/191 | Building BVH
Fra:1 Mem:18.00M (Peak 24.06M) | Time:00:00.14 | Mem:0.28M, Peak:0.28M | Scene, ViewLayer | Updating Geometry BVH Cube.016 16/191 | Building BVH
Fra:1 Mem:18.00M (Peak 24.06M) | Time:00:00.14 | Mem:0.28M, Peak:0.28M | Scene, ViewLayer | Updating Geometry BVH Cube.028 28/191 | Building BVH
Fra:1 Mem:18.00M (Peak 24.06M) | Time:00:00.14 | Mem:0.28M, Peak:0.28M | Scene, ViewLayer | Updating Geometry BVH Cube.030 30/191 | Building BVH
Fra:1 Mem:18.00M (Peak 24.06M) | Time:00:00.14 | Mem:0.28M, Peak:0.28M | Scene, ViewLayer | Updating Geometry BVH Cube.031 31/191 | Building BVH
Fra:1 Mem:18.00M (Peak 24.06M) | Time:00:00.14 | Mem:0.28M, Peak:0.28M | Scene, ViewLayer | Updating Geometry BVH Cube.032 32/191 | Building BVH
Fra:1 Mem:18.00M (Peak 24.06M) | Time:00:00.14 | Mem:0.28M, Peak:0.28M | Scene, ViewLayer | Updating Geometry BVH Cube.033 33/191 | Building BVH
Fra:1 Mem:18.00M (Peak 24.06M) | Time:00:00.14 | Mem:0.28M, Peak:0.28M | Scene, ViewLayer | Updating Geometry BVH Cube.034 34/191 | Building BVH
Fra:1 Mem:18.00M (Peak 24.06M) | Time:00:00.14 | Mem:0.29M, Peak:0.29M | Scene, ViewLayer | Updating Geometry BVH Cube.189 189/191 | Building BVH
Fra:1 Mem:18.00M (Peak 24.06M) | Time:00:00.14 | Mem:0.29M, Peak:0.29M | Scene, ViewLayer | Updating Geometry BVH Cube.036 36/191 | Building BVH
Fra:1 Mem:18.00M (Peak 24.06M) | Time:00:00.14 | Mem:0.29M, Peak:0.29M | Scene, ViewLayer | Updating Geometry BVH Cube.037 37/191 | Building BVH
Fra:1 Mem:18.00M (Peak 24.06M) | Time:00:00.14 | Mem:0.29M, Peak:0.29M | Scene, ViewLayer | Updating Geometry BVH Cube.038 38/191 | Building BVH
Fra:1 Mem:18.00M (Peak 24.06M) | Time:00:00.14 | Mem:0.29M, Peak:0.29M | Scene, ViewLayer | Updating Geometry BVH Cube.039 39/191 | Building BVH
Fra:1 Mem:18.00M (Peak 24.06M) | Time:00:00.14 | Mem:0.29M, Peak:0.29M | Scene, ViewLayer | Updating Geometry BVH Cube.040 40/191 | Building BVH
Fra:1 Mem:18.00M (Peak 24.06M) | Time:00:00.14 | Mem:0.29M, Peak:0.30M | Scene, ViewLayer | Updating Geometry BVH Cube.041 41/191 | Building BVH
Fra:1 Mem:18.00M (Peak 24.06M) | Time:00:00.14 | Mem:0.30M, Peak:0.30M | Scene, ViewLayer | Updating Geometry BVH Cube.043 43/191 | Building BVH
Fra:1 Mem:18.00M (Peak 24.06M) | Time:00:00.14 | Mem:0.30M, Peak:0.30M | Scene, ViewLayer | Updating Geometry BVH Cube.044 44/191 | Building BVH
Fra:1 Mem:18.00M (Peak 24.06M) | Time:00:00.14 | Mem:0.30M, Peak:0.30M | Scene, ViewLayer | Updating Geometry BVH Cube.045 45/191 | Building BVH
Fra:1 Mem:18.00M (Peak 24.06M) | Time:00:00.14 | Mem:0.30M, Peak:0.30M | Scene, ViewLayer | Updating Geometry BVH Cube.047 47/191 | Building BVH
Fra:1 Mem:18.00M (Peak 24.06M) | Time:00:00.14 | Mem:0.30M, Peak:0.30M | Scene, ViewLayer | Updating Geometry BVH Cube.048 48/191 | Building BVH
Fra:1 Mem:18.00M (Peak 24.06M) | Time:00:00.14 | Mem:0.30M, Peak:0.30M | Scene, ViewLayer | Updating Geometry BVH Cube.049 49/191 | Building BVH
Fra:1 Mem:18.00M (Peak 24.06M) | Time:00:00.14 | Mem:0.31M, Peak:0.31M | Scene, ViewLayer | Updating Geometry BVH Cube.050 50/191 | Building BVH
Fra:1 Mem:18.00M (Peak 24.06M) | Time:00:00.14 | Mem:0.31M, Peak:0.31M | Scene, ViewLayer | Updating Geometry BVH Cube.051 51/191 | Building BVH
Fra:1 Mem:18.00M (Peak 24.06M) | Time:00:00.14 | Mem:0.31M, Peak:0.31M | Scene, ViewLayer | Updating Geometry BVH Cube.052 52/191 | Building BVH
Fra:1 Mem:18.00M (Peak 24.06M) | Time:00:00.14 | Mem:0.31M, Peak:0.31M | Scene, ViewLayer | Updating Geometry BVH Cube.053 53/191 | Building BVH
Fra:1 Mem:18.00M (Peak 24.06M) | Time:00:00.14 | Mem:0.31M, Peak:0.31M | Scene, ViewLayer | Updating Geometry BVH Cube.054 54/191 | Building BVH
Fra:1 Mem:18.00M (Peak 24.06M) | Time:00:00.14 | Mem:0.32M, Peak:0.32M | Scene, ViewLayer | Updating Geometry BVH Cube.188 188/191 | Building BVH
Fra:1 Mem:18.00M (Peak 24.06M) | Time:00:00.14 | Mem:0.32M, Peak:0.32M | Scene, ViewLayer | Updating Geometry BVH Cube.055 55/191 | Building BVH
Fra:1 Mem:18.00M (Peak 24.06M) | Time:00:00.14 | Mem:0.32M, Peak:0.32M | Scene, ViewLayer | Updating Geometry BVH Cube.057 57/191 | Building BVH
Fra:1 Mem:18.00M (Peak 24.06M) | Time:00:00.14 | Mem:0.32M, Peak:0.32M | Scene, ViewLayer | Updating Geometry BVH Cube.059 59/191 | Building BVH
Fra:1 Mem:18.00M (Peak 24.06M) | Time:00:00.14 | Mem:0.32M, Peak:0.32M | Scene, ViewLayer | Updating Geometry BVH Cube.060 60/191 | Building BVH
Fra:1 Mem:18.00M (Peak 24.06M) | Time:00:00.14 | Mem:0.32M, Peak:0.32M | Scene, ViewLayer | Updating Geometry BVH Cube.061 61/191 | Building BVH
Fra:1 Mem:18.00M (Peak 24.06M) | Time:00:00.14 | Mem:0.32M, Peak:0.32M | Scene, ViewLayer | Updating Geometry BVH Cube.063 63/191 | Building BVH
Fra:1 Mem:18.00M (Peak 24.06M) | Time:00:00.14 | Mem:0.33M, Peak:0.33M | Scene, ViewLayer | Updating Geometry BVH Cube.064 64/191 | Building BVH
Fra:1 Mem:18.00M (Peak 24.06M) | Time:00:00.14 | Mem:0.33M, Peak:0.33M | Scene, ViewLayer | Updating Geometry BVH Cube.065 65/191 | Building BVH
Fra:1 Mem:18.00M (Peak 24.06M) | Time:00:00.14 | Mem:0.33M, Peak:0.33M | Scene, ViewLayer | Updating Geometry BVH Cube.066 66/191 | Building BVH
Fra:1 Mem:18.00M (Peak 24.06M) | Time:00:00.14 | Mem:0.33M, Peak:0.33M | Scene, ViewLayer | Updating Geometry BVH Cube.067 67/191 | Building BVH
Fra:1 Mem:18.00M (Peak 24.06M) | Time:00:00.14 | Mem:0.33M, Peak:0.33M | Scene, ViewLayer | Updating Geometry BVH Cube.068 68/191 | Building BVH
Fra:1 Mem:18.00M (Peak 24.06M) | Time:00:00.14 | Mem:0.33M, Peak:0.33M | Scene, ViewLayer | Updating Geometry BVH Cube.069 69/191 | Building BVH
Fra:1 Mem:18.00M (Peak 24.06M) | Time:00:00.14 | Mem:0.33M, Peak:0.34M | Scene, ViewLayer | Updating Geometry BVH Cube.071 71/191 | Building BVH
Fra:1 Mem:18.00M (Peak 24.06M) | Time:00:00.14 | Mem:0.34M, Peak:0.34M | Scene, ViewLayer | Updating Geometry BVH Cube.072 72/191 | Building BVH
Fra:1 Mem:18.00M (Peak 24.06M) | Time:00:00.14 | Mem:0.34M, Peak:0.34M | Scene, ViewLayer | Updating Geometry BVH Cube.073 73/191 | Building BVH
Fra:1 Mem:18.00M (Peak 24.06M) | Time:00:00.14 | Mem:0.34M, Peak:0.34M | Scene, ViewLayer | Updating Geometry BVH Cube.074 74/191 | Building BVH
Fra:1 Mem:18.00M (Peak 24.06M) | Time:00:00.14 | Mem:0.34M, Peak:0.34M | Scene, ViewLayer | Updating Geometry BVH Cube.075 75/191 | Building BVH
Fra:1 Mem:18.00M (Peak 24.06M) | Time:00:00.14 | Mem:0.34M, Peak:0.34M | Scene, ViewLayer | Updating Geometry BVH Cube.076 76/191 | Building BVH
Fra:1 Mem:18.00M (Peak 24.06M) | Time:00:00.14 | Mem:0.34M, Peak:0.34M | Scene, ViewLayer | Updating Geometry BVH Cube.078 78/191 | Building BVH
Fra:1 Mem:18.00M (Peak 24.06M) | Time:00:00.14 | Mem:0.35M, Peak:0.35M | Scene, ViewLayer | Updating Geometry BVH Cube.079 79/191 | Building BVH
Fra:1 Mem:18.00M (Peak 24.06M) | Time:00:00.14 | Mem:0.35M, Peak:0.35M | Scene, ViewLayer | Updating Geometry BVH Cube.082 82/191 | Building BVH
Fra:1 Mem:18.00M (Peak 24.06M) | Time:00:00.14 | Mem:0.35M, Peak:0.35M | Scene, ViewLayer | Updating Geometry BVH Cube.084 84/191 | Building BVH
Fra:1 Mem:18.00M (Peak 24.06M) | Time:00:00.14 | Mem:0.35M, Peak:0.35M | Scene, ViewLayer | Updating Geometry BVH Cube.187 187/191 | Building BVH
Fra:1 Mem:18.00M (Peak 24.06M) | Time:00:00.14 | Mem:0.36M, Peak:0.36M | Scene, ViewLayer | Updating Geometry BVH Cube.085 85/191 | Building BVH
Fra:1 Mem:18.00M (Peak 24.06M) | Time:00:00.14 | Mem:0.36M, Peak:0.36M | Scene, ViewLayer | Updating Geometry BVH Cube.086 86/191 | Building BVH
Fra:1 Mem:18.00M (Peak 24.06M) | Time:00:00.14 | Mem:0.36M, Peak:0.36M | Scene, ViewLayer | Updating Geometry BVH Cube.087 87/191 | Building BVH
Fra:1 Mem:18.00M (Peak 24.06M) | Time:00:00.14 | Mem:0.36M, Peak:0.36M | Scene, ViewLayer | Updating Geometry BVH Cube.088 88/191 | Building BVH
Fra:1 Mem:18.00M (Peak 24.06M) | Time:00:00.14 | Mem:0.36M, Peak:0.36M | Scene, ViewLayer | Updating Geometry BVH Cube.089 89/191 | Building BVH
Fra:1 Mem:18.00M (Peak 24.06M) | Time:00:00.14 | Mem:0.36M, Peak:0.36M | Scene, ViewLayer | Updating Geometry BVH Cube.090 90/191 | Building BVH
Fra:1 Mem:18.00M (Peak 24.06M) | Time:00:00.14 | Mem:0.36M, Peak:0.36M | Scene, ViewLayer | Updating Geometry BVH Cube.091 91/191 | Building BVH
Fra:1 Mem:18.00M (Peak 24.06M) | Time:00:00.14 | Mem:0.36M, Peak:0.36M | Scene, ViewLayer | Updating Geometry BVH Cube.092 92/191 | Building BVH
Fra:1 Mem:18.00M (Peak 24.06M) | Time:00:00.14 | Mem:0.37M, Peak:0.37M | Scene, ViewLayer | Updating Geometry BVH Cube.093 93/191 | Building BVH
Fra:1 Mem:18.00M (Peak 24.06M) | Time:00:00.14 | Mem:0.37M, Peak:0.37M | Scene, ViewLayer | Updating Geometry BVH Cube.094 94/191 | Building BVH
Fra:1 Mem:18.00M (Peak 24.06M) | Time:00:00.14 | Mem:0.37M, Peak:0.37M | Scene, ViewLayer | Updating Geometry BVH Cube.095 95/191 | Building BVH
Fra:1 Mem:18.00M (Peak 24.06M) | Time:00:00.14 | Mem:0.37M, Peak:0.37M | Scene, ViewLayer | Updating Geometry BVH Cube.096 96/191 | Building BVH
Fra:1 Mem:18.00M (Peak 24.06M) | Time:00:00.14 | Mem:0.37M, Peak:0.37M | Scene, ViewLayer | Updating Geometry BVH Cube.097 97/191 | Building BVH
Fra:1 Mem:18.00M (Peak 24.06M) | Time:00:00.14 | Mem:0.37M, Peak:0.37M | Scene, ViewLayer | Updating Geometry BVH Cube.098 98/191 | Building BVH
Fra:1 Mem:18.00M (Peak 24.06M) | Time:00:00.14 | Mem:0.38M, Peak:0.38M | Scene, ViewLayer | Updating Geometry BVH Cube.099 99/191 | Building BVH
Fra:1 Mem:18.00M (Peak 24.06M) | Time:00:00.14 | Mem:0.38M, Peak:0.38M | Scene, ViewLayer | Updating Geometry BVH Cube.100 100/191 | Building BVH
Fra:1 Mem:18.00M (Peak 24.06M) | Time:00:00.14 | Mem:0.38M, Peak:0.38M | Scene, ViewLayer | Updating Geometry BVH Cube.101 101/191 | Building BVH
Fra:1 Mem:18.00M (Peak 24.06M) | Time:00:00.14 | Mem:0.38M, Peak:0.38M | Scene, ViewLayer | Updating Geometry BVH Cube.102 102/191 | Building BVH
Fra:1 Mem:18.00M (Peak 24.06M) | Time:00:00.14 | Mem:0.38M, Peak:0.38M | Scene, ViewLayer | Updating Geometry BVH Cube.104 104/191 | Building BVH
Fra:1 Mem:18.00M (Peak 24.06M) | Time:00:00.14 | Mem:0.38M, Peak:0.38M | Scene, ViewLayer | Updating Geometry BVH Cube.105 105/191 | Building BVH
Fra:1 Mem:18.00M (Peak 24.06M) | Time:00:00.14 | Mem:0.39M, Peak:0.39M | Scene, ViewLayer | Updating Geometry BVH Cube.107 107/191 | Building BVH
Fra:1 Mem:18.00M (Peak 24.06M) | Time:00:00.14 | Mem:0.39M, Peak:0.39M | Scene, ViewLayer | Updating Geometry BVH Cube.108 108/191 | Building BVH
Fra:1 Mem:18.00M (Peak 24.06M) | Time:00:00.14 | Mem:0.39M, Peak:0.39M | Scene, ViewLayer | Updating Geometry BVH Cube.109 109/191 | Building BVH
Fra:1 Mem:18.00M (Peak 24.06M) | Time:00:00.14 | Mem:0.39M, Peak:0.39M | Scene, ViewLayer | Updating Geometry BVH Cube.111 111/191 | Building BVH
Fra:1 Mem:18.00M (Peak 24.06M) | Time:00:00.14 | Mem:0.39M, Peak:0.39M | Scene, ViewLayer | Updating Geometry BVH Cube.112 112/191 | Building BVH
Fra:1 Mem:18.00M (Peak 24.06M) | Time:00:00.14 | Mem:0.39M, Peak:0.39M | Scene, ViewLayer | Updating Geometry BVH Cube.113 113/191 | Building BVH
Fra:1 Mem:18.00M (Peak 24.06M) | Time:00:00.14 | Mem:0.39M, Peak:0.39M | Scene, ViewLayer | Updating Geometry BVH Cube.114 114/191 | Building BVH
Fra:1 Mem:18.00M (Peak 24.06M) | Time:00:00.14 | Mem:0.40M, Peak:0.40M | Scene, ViewLayer | Updating Geometry BVH Cube.115 115/191 | Building BVH
Fra:1 Mem:18.00M (Peak 24.06M) | Time:00:00.14 | Mem:0.40M, Peak:0.40M | Scene, ViewLayer | Updating Geometry BVH Cube.116 116/191 | Building BVH
Fra:1 Mem:18.00M (Peak 24.06M) | Time:00:00.14 | Mem:0.40M, Peak:0.40M | Scene, ViewLayer | Updating Geometry BVH Cube.117 117/191 | Building BVH
Fra:1 Mem:18.00M (Peak 24.06M) | Time:00:00.14 | Mem:0.40M, Peak:0.40M | Scene, ViewLayer | Updating Geometry BVH Cube.119 119/191 | Building BVH
Fra:1 Mem:18.00M (Peak 24.06M) | Time:00:00.14 | Mem:0.40M, Peak:0.40M | Scene, ViewLayer | Updating Geometry BVH Cube.186 186/191 | Building BVH
Fra:1 Mem:18.00M (Peak 24.06M) | Time:00:00.14 | Mem:0.40M, Peak:0.40M | Scene, ViewLayer | Updating Geometry BVH Cube.120 120/191 | Building BVH
Fra:1 Mem:18.00M (Peak 24.06M) | Time:00:00.14 | Mem:0.40M, Peak:0.41M | Scene, ViewLayer | Updating Geometry BVH Cube.121 121/191 | Building BVH
Fra:1 Mem:18.00M (Peak 24.06M) | Time:00:00.14 | Mem:0.41M, Peak:0.41M | Scene, ViewLayer | Updating Geometry BVH Cube.122 122/191 | Building BVH
Fra:1 Mem:18.00M (Peak 24.06M) | Time:00:00.14 | Mem:0.41M, Peak:0.41M | Scene, ViewLayer | Updating Geometry BVH Cube.124 124/191 | Building BVH
Fra:1 Mem:18.00M (Peak 24.06M) | Time:00:00.14 | Mem:0.41M, Peak:0.41M | Scene, ViewLayer | Updating Geometry BVH Cube.125 125/191 | Building BVH
Fra:1 Mem:18.00M (Peak 24.06M) | Time:00:00.14 | Mem:0.41M, Peak:0.41M | Scene, ViewLayer | Updating Geometry BVH Cube.126 126/191 | Building BVH
Fra:1 Mem:18.00M (Peak 24.06M) | Time:00:00.14 | Mem:0.41M, Peak:0.41M | Scene, ViewLayer | Updating Geometry BVH Cube.185 185/191 | Building BVH
Fra:1 Mem:18.00M (Peak 24.06M) | Time:00:00.14 | Mem:0.42M, Peak:0.42M | Scene, ViewLayer | Updating Geometry BVH Cube.127 127/191 | Building BVH
Fra:1 Mem:18.00M (Peak 24.06M) | Time:00:00.14 | Mem:0.42M, Peak:0.42M | Scene, ViewLayer | Updating Geometry BVH Cube.128 128/191 | Building BVH
Fra:1 Mem:18.00M (Peak 24.06M) | Time:00:00.14 | Mem:0.42M, Peak:0.42M | Scene, ViewLayer | Updating Geometry BVH Cube.129 129/191 | Building BVH
Fra:1 Mem:18.00M (Peak 24.06M) | Time:00:00.14 | Mem:0.42M, Peak:0.42M | Scene, ViewLayer | Updating Geometry BVH Cube.130 130/191 | Building BVH
Fra:1 Mem:18.00M (Peak 24.06M) | Time:00:00.14 | Mem:0.42M, Peak:0.42M | Scene, ViewLayer | Updating Geometry BVH Cube.131 131/191 | Building BVH
Fra:1 Mem:18.00M (Peak 24.06M) | Time:00:00.14 | Mem:0.42M, Peak:0.42M | Scene, ViewLayer | Updating Geometry BVH Cube.132 132/191 | Building BVH
Fra:1 Mem:18.00M (Peak 24.06M) | Time:00:00.14 | Mem:0.42M, Peak:0.42M | Scene, ViewLayer | Updating Geometry BVH Cube.134 134/191 | Building BVH
Fra:1 Mem:18.00M (Peak 24.06M) | Time:00:00.14 | Mem:0.43M, Peak:0.43M | Scene, ViewLayer | Updating Geometry BVH Cube.135 135/191 | Building BVH
Fra:1 Mem:18.00M (Peak 24.06M) | Time:00:00.14 | Mem:0.43M, Peak:0.43M | Scene, ViewLayer | Updating Geometry BVH Cube.136 136/191 | Building BVH
Fra:1 Mem:18.00M (Peak 24.06M) | Time:00:00.14 | Mem:0.43M, Peak:0.43M | Scene, ViewLayer | Updating Geometry BVH Cube.137 137/191 | Building BVH
Fra:1 Mem:18.00M (Peak 24.06M) | Time:00:00.14 | Mem:0.43M, Peak:0.43M | Scene, ViewLayer | Updating Geometry BVH Cube.138 138/191 | Building BVH
Fra:1 Mem:18.00M (Peak 24.06M) | Time:00:00.14 | Mem:0.43M, Peak:0.43M | Scene, ViewLayer | Updating Geometry BVH Cube.139 139/191 | Building BVH
Fra:1 Mem:18.00M (Peak 24.06M) | Time:00:00.14 | Mem:0.43M, Peak:0.43M | Scene, ViewLayer | Updating Geometry BVH Cube.141 141/191 | Building BVH
Fra:1 Mem:18.00M (Peak 24.06M) | Time:00:00.14 | Mem:0.43M, Peak:0.43M | Scene, ViewLayer | Updating Geometry BVH Cube.142 142/191 | Building BVH
Fra:1 Mem:18.00M (Peak 24.06M) | Time:00:00.14 | Mem:0.44M, Peak:0.44M | Scene, ViewLayer | Updating Geometry BVH Cube.143 143/191 | Building BVH
Fra:1 Mem:18.00M (Peak 24.06M) | Time:00:00.14 | Mem:0.44M, Peak:0.44M | Scene, ViewLayer | Updating Geometry BVH Cube.144 144/191 | Building BVH
Fra:1 Mem:18.00M (Peak 24.06M) | Time:00:00.14 | Mem:0.44M, Peak:0.44M | Scene, ViewLayer | Updating Geometry BVH Cube.145 145/191 | Building BVH
Fra:1 Mem:18.00M (Peak 24.06M) | Time:00:00.14 | Mem:0.44M, Peak:0.44M | Scene, ViewLayer | Updating Geometry BVH Cube.146 146/191 | Building BVH
Fra:1 Mem:18.00M (Peak 24.06M) | Time:00:00.14 | Mem:0.44M, Peak:0.44M | Scene, ViewLayer | Updating Geometry BVH Cube.147 147/191 | Building BVH
Fra:1 Mem:18.00M (Peak 24.06M) | Time:00:00.14 | Mem:0.44M, Peak:0.44M | Scene, ViewLayer | Updating Geometry BVH Cube.148 148/191 | Building BVH
Fra:1 Mem:18.00M (Peak 24.06M) | Time:00:00.14 | Mem:0.45M, Peak:0.45M | Scene, ViewLayer | Updating Geometry BVH Cube.150 150/191 | Building BVH
Fra:1 Mem:18.00M (Peak 24.06M) | Time:00:00.14 | Mem:0.45M, Peak:0.45M | Scene, ViewLayer | Updating Geometry BVH Cube.151 151/191 | Building BVH
Fra:1 Mem:18.00M (Peak 24.06M) | Time:00:00.14 | Mem:0.45M, Peak:0.45M | Scene, ViewLayer | Updating Geometry BVH Cube.152 152/191 | Building BVH
Fra:1 Mem:18.00M (Peak 24.06M) | Time:00:00.14 | Mem:0.45M, Peak:0.45M | Scene, ViewLayer | Updating Geometry BVH Cube.153 153/191 | Building BVH
Fra:1 Mem:18.00M (Peak 24.06M) | Time:00:00.14 | Mem:0.45M, Peak:0.45M | Scene, ViewLayer | Updating Geometry BVH Cube.154 154/191 | Building BVH
Fra:1 Mem:18.00M (Peak 24.06M) | Time:00:00.14 | Mem:0.45M, Peak:0.45M | Scene, ViewLayer | Updating Geometry BVH Cube.155 155/191 | Building BVH
Fra:1 Mem:18.00M (Peak 24.06M) | Time:00:00.14 | Mem:0.46M, Peak:0.46M | Scene, ViewLayer | Updating Geometry BVH Cube.157 157/191 | Building BVH
Fra:1 Mem:18.00M (Peak 24.06M) | Time:00:00.14 | Mem:0.46M, Peak:0.46M | Scene, ViewLayer | Updating Geometry BVH Cube.158 158/191 | Building BVH
Fra:1 Mem:18.00M (Peak 24.06M) | Time:00:00.14 | Mem:0.46M, Peak:0.46M | Scene, ViewLayer | Updating Geometry BVH Cube.160 160/191 | Building BVH
Fra:1 Mem:18.00M (Peak 24.06M) | Time:00:00.14 | Mem:0.46M, Peak:0.46M | Scene, ViewLayer | Updating Geometry BVH Cube.162 162/191 | Building BVH
Fra:1 Mem:18.00M (Peak 24.06M) | Time:00:00.14 | Mem:0.46M, Peak:0.46M | Scene, ViewLayer | Updating Geometry BVH Cube.163 163/191 | Building BVH
Fra:1 Mem:18.00M (Peak 24.06M) | Time:00:00.14 | Mem:0.47M, Peak:0.47M | Scene, ViewLayer | Updating Geometry BVH Cube.164 164/191 | Building BVH
Fra:1 Mem:18.00M (Peak 24.06M) | Time:00:00.14 | Mem:0.47M, Peak:0.47M | Scene, ViewLayer | Updating Geometry BVH Cube.165 165/191 | Building BVH
Fra:1 Mem:18.00M (Peak 24.06M) | Time:00:00.14 | Mem:0.47M, Peak:0.47M | Scene, ViewLayer | Updating Geometry BVH Cube.166 166/191 | Building BVH
Fra:1 Mem:18.00M (Peak 24.06M) | Time:00:00.14 | Mem:0.47M, Peak:0.47M | Scene, ViewLayer | Updating Geometry BVH Cube.167 167/191 | Building BVH
Fra:1 Mem:18.00M (Peak 24.06M) | Time:00:00.14 | Mem:0.47M, Peak:0.47M | Scene, ViewLayer | Updating Geometry BVH Cube.168 168/191 | Building BVH
Fra:1 Mem:18.00M (Peak 24.06M) | Time:00:00.14 | Mem:0.47M, Peak:0.47M | Scene, ViewLayer | Updating Geometry BVH Cube.169 169/191 | Building BVH
Fra:1 Mem:18.00M (Peak 24.06M) | Time:00:00.14 | Mem:0.47M, Peak:0.47M | Scene, ViewLayer | Updating Geometry BVH Cube.170 170/191 | Building BVH
Fra:1 Mem:18.00M (Peak 24.06M) | Time:00:00.14 | Mem:0.47M, Peak:0.48M | Scene, ViewLayer | Updating Geometry BVH Cube.171 171/191 | Building BVH
Fra:1 Mem:18.00M (Peak 24.06M) | Time:00:00.14 | Mem:0.48M, Peak:0.48M | Scene, ViewLayer | Updating Geometry BVH Cube.172 172/191 | Building BVH
Fra:1 Mem:18.00M (Peak 24.06M) | Time:00:00.14 | Mem:0.48M, Peak:0.48M | Scene, ViewLayer | Updating Geometry BVH Cube.173 173/191 | Building BVH
Fra:1 Mem:18.00M (Peak 24.06M) | Time:00:00.14 | Mem:0.48M, Peak:0.48M | Scene, ViewLayer | Updating Geometry BVH Cube.174 174/191 | Building BVH
Fra:1 Mem:18.00M (Peak 24.06M) | Time:00:00.14 | Mem:0.48M, Peak:0.48M | Scene, ViewLayer | Updating Geometry BVH Cube.175 175/191 | Building BVH
Fra:1 Mem:18.00M (Peak 24.06M) | Time:00:00.14 | Mem:0.48M, Peak:0.48M | Scene, ViewLayer | Updating Geometry BVH Cube.176 176/191 | Building BVH
Fra:1 Mem:18.00M (Peak 24.06M) | Time:00:00.14 | Mem:0.48M, Peak:0.48M | Scene, ViewLayer | Updating Geometry BVH Cube.177 177/191 | Building BVH
Fra:1 Mem:18.00M (Peak 24.06M) | Time:00:00.14 | Mem:0.48M, Peak:0.48M | Scene, ViewLayer | Updating Geometry BVH Cube.178 178/191 | Building BVH
Fra:1 Mem:18.00M (Peak 24.06M) | Time:00:00.14 | Mem:0.49M, Peak:0.49M | Scene, ViewLayer | Updating Geometry BVH Cube.180 180/191 | Building BVH
Fra:1 Mem:18.00M (Peak 24.06M) | Time:00:00.14 | Mem:0.49M, Peak:0.49M | Scene, ViewLayer | Updating Geometry BVH Cube.181 181/191 | Building BVH
Fra:1 Mem:18.00M (Peak 24.06M) | Time:00:00.14 | Mem:0.49M, Peak:0.49M | Scene, ViewLayer | Updating Geometry BVH Cube.183 183/191 | Building BVH
Fra:1 Mem:18.00M (Peak 24.06M) | Time:00:00.14 | Mem:0.51M, Peak:0.51M | Scene, ViewLayer | Updating Scene BVH | Building
Fra:1 Mem:18.00M (Peak 24.06M) | Time:00:00.14 | Mem:0.51M, Peak:0.51M | Scene, ViewLayer | Updating Scene BVH | Building BVH
Fra:1 Mem:18.00M (Peak 24.06M) | Time:00:00.14 | Mem:0.53M, Peak:0.54M | Scene, ViewLayer | Updating Scene BVH | Copying BVH to device
Fra:1 Mem:18.00M (Peak 24.06M) | Time:00:00.14 | Mem:0.53M, Peak:0.54M | Scene, ViewLayer | Updating Mesh | Computing normals
Fra:1 Mem:18.16M (Peak 24.06M) | Time:00:00.14 | Mem:0.53M, Peak:0.54M | Scene, ViewLayer | Updating Mesh | Copying Mesh to device
Fra:1 Mem:18.16M (Peak 24.06M) | Time:00:00.14 | Mem:0.69M, Peak:0.69M | Scene, ViewLayer | Updating Objects Flags
Fra:1 Mem:18.16M (Peak 24.06M) | Time:00:00.14 | Mem:0.69M, Peak:0.69M | Scene, ViewLayer | Updating Primitive Offsets
Fra:1 Mem:18.16M (Peak 24.06M) | Time:00:00.14 | Mem:0.69M, Peak:0.69M | Scene, ViewLayer | Updating Images
Fra:1 Mem:18.16M (Peak 24.06M) | Time:00:00.14 | Mem:0.69M, Peak:0.69M | Scene, ViewLayer | Updating Images | Loading geode_calcite_light_normal_preview.png
Fra:1 Mem:18.16M (Peak 24.06M) | Time:00:00.14 | Mem:0.69M, Peak:0.69M | Scene, ViewLayer | Updating Images | Loading geode_basalt_dark.png
Fra:1 Mem:18.17M (Peak 24.06M) | Time:00:00.14 | Mem:0.69M, Peak:0.69M | Scene, ViewLayer | Updating Images | Loading bud_silver_emission.png
Fra:1 Mem:18.19M (Peak 24.06M) | Time:00:00.15 | Mem:0.69M, Peak:0.69M | Scene, ViewLayer | Updating Images | Loading geode_basalt_dark_emission.png
Fra:1 Mem:18.19M (Peak 24.06M) | Time:00:00.15 | Mem:0.69M, Peak:0.69M | Scene, ViewLayer | Updating Images | Loading geode_lining_light_normal_preview.png
Fra:1 Mem:18.19M (Peak 24.06M) | Time:00:00.15 | Mem:0.69M, Peak:0.69M | Scene, ViewLayer | Updating Images | Loading geode_calcite_shadow_emission.png
Fra:1 Mem:18.19M (Peak 24.06M) | Time:00:00.15 | Mem:0.70M, Peak:0.70M | Scene, ViewLayer | Updating Images | Loading side_relief_emission.png
Fra:1 Mem:18.19M (Peak 24.06M) | Time:00:00.15 | Mem:0.70M, Peak:0.70M | Scene, ViewLayer | Updating Images | Loading side_backing_emission.png
Fra:1 Mem:18.19M (Peak 24.06M) | Time:00:00.15 | Mem:0.70M, Peak:0.70M | Scene, ViewLayer | Updating Images | Loading bud_pink_emission.png
Fra:1 Mem:18.19M (Peak 24.06M) | Time:00:00.15 | Mem:0.70M, Peak:0.70M | Scene, ViewLayer | Updating Images | Loading bud_lilac_emission.png
Fra:1 Mem:18.19M (Peak 24.06M) | Time:00:00.15 | Mem:0.70M, Peak:0.70M | Scene, ViewLayer | Updating Images | Loading geode_lining_light_emission.png
Fra:1 Mem:18.19M (Peak 24.06M) | Time:00:00.15 | Mem:0.70M, Peak:0.70M | Scene, ViewLayer | Updating Images | Loading geode_calcite_emission.png
Fra:1 Mem:18.19M (Peak 24.06M) | Time:00:00.15 | Mem:0.70M, Peak:0.70M | Scene, ViewLayer | Updating Images | Loading geode_calcite_light_emission.png
Fra:1 Mem:18.19M (Peak 24.06M) | Time:00:00.15 | Mem:0.70M, Peak:0.70M | Scene, ViewLayer | Updating Images | Loading engraved_amethyst_emission.png
Fra:1 Mem:18.19M (Peak 24.06M) | Time:00:00.15 | Mem:0.70M, Peak:0.70M | Scene, ViewLayer | Updating Images | Loading engraved_glint_emission.png
Fra:1 Mem:18.19M (Peak 24.06M) | Time:00:00.15 | Mem:0.70M, Peak:0.70M | Scene, ViewLayer | Updating Images | Loading bud_silver_metal.png
Fra:1 Mem:18.19M (Peak 24.06M) | Time:00:00.15 | Mem:0.71M, Peak:0.71M | Scene, ViewLayer | Updating Images | Loading bud_pink_metal.png
Fra:1 Mem:18.19M (Peak 24.06M) | Time:00:00.16 | Mem:0.71M, Peak:0.71M | Scene, ViewLayer | Updating Images | Loading bud_lilac_metal.png
Fra:1 Mem:18.19M (Peak 24.06M) | Time:00:00.16 | Mem:0.71M, Peak:0.71M | Scene, ViewLayer | Updating Images | Loading side_backing_normal_preview.png
Fra:1 Mem:18.20M (Peak 24.06M) | Time:00:00.16 | Mem:0.71M, Peak:0.71M | Scene, ViewLayer | Updating Images | Loading geode_basalt_metal.png
Fra:1 Mem:18.20M (Peak 24.06M) | Time:00:00.16 | Mem:0.71M, Peak:0.71M | Scene, ViewLayer | Updating Images | Loading geode_lining_metal.png
Fra:1 Mem:18.20M (Peak 24.06M) | Time:00:00.16 | Mem:0.71M, Peak:0.71M | Scene, ViewLayer | Updating Images | Loading geode_calcite_shadow_metal.png
Fra:1 Mem:18.20M (Peak 24.06M) | Time:00:00.16 | Mem:0.71M, Peak:0.71M | Scene, ViewLayer | Updating Images | Loading side_relief_metal.png
Fra:1 Mem:18.20M (Peak 24.06M) | Time:00:00.16 | Mem:0.71M, Peak:0.71M | Scene, ViewLayer | Updating Images | Loading engraved_glint_metal.png
Fra:1 Mem:18.20M (Peak 24.06M) | Time:00:00.16 | Mem:0.71M, Peak:0.71M | Scene, ViewLayer | Updating Images | Loading geode_basalt_dark_metal.png
Fra:1 Mem:18.20M (Peak 24.06M) | Time:00:00.16 | Mem:0.71M, Peak:0.71M | Scene, ViewLayer | Updating Images | Loading geode_lining_light_metal.png
Fra:1 Mem:18.20M (Peak 24.06M) | Time:00:00.16 | Mem:0.71M, Peak:0.71M | Scene, ViewLayer | Updating Images | Loading side_backing_metal.png
Fra:1 Mem:18.20M (Peak 24.06M) | Time:00:00.16 | Mem:0.71M, Peak:0.71M | Scene, ViewLayer | Updating Images | Loading geode_calcite_light_metal.png
Fra:1 Mem:18.20M (Peak 24.06M) | Time:00:00.16 | Mem:0.71M, Peak:0.71M | Scene, ViewLayer | Updating Images | Loading bud_silver_sss.png
Fra:1 Mem:18.20M (Peak 24.06M) | Time:00:00.16 | Mem:0.71M, Peak:0.71M | Scene, ViewLayer | Updating Images | Loading bud_pink_sss.png
Fra:1 Mem:18.20M (Peak 24.06M) | Time:00:00.16 | Mem:0.71M, Peak:0.71M | Scene, ViewLayer | Updating Images | Loading bud_lilac_sss.png
Fra:1 Mem:18.20M (Peak 24.06M) | Time:00:00.17 | Mem:0.71M, Peak:0.71M | Scene, ViewLayer | Updating Images | Loading side_relief_normal_preview.png
Fra:1 Mem:18.20M (Peak 24.06M) | Time:00:00.17 | Mem:0.71M, Peak:0.71M | Scene, ViewLayer | Updating Images | Loading geode_lining_sss.png
Fra:1 Mem:18.20M (Peak 24.06M) | Time:00:00.17 | Mem:0.71M, Peak:0.71M | Scene, ViewLayer | Updating Images | Loading geode_basalt_sss.png
Fra:1 Mem:18.20M (Peak 24.06M) | Time:00:00.17 | Mem:0.71M, Peak:0.71M | Scene, ViewLayer | Updating Images | Loading geode_calcite_shadow_sss.png
Fra:1 Mem:18.20M (Peak 24.06M) | Time:00:00.17 | Mem:0.71M, Peak:0.71M | Scene, ViewLayer | Updating Images | Loading side_relief_sss.png
Fra:1 Mem:18.20M (Peak 24.06M) | Time:00:00.17 | Mem:0.71M, Peak:0.71M | Scene, ViewLayer | Updating Images | Loading geode_calcite_sss.png
Fra:1 Mem:18.20M (Peak 24.06M) | Time:00:00.17 | Mem:0.71M, Peak:0.71M | Scene, ViewLayer | Updating Images | Loading geode_basalt_dark_sss.png
Fra:1 Mem:18.20M (Peak 24.06M) | Time:00:00.17 | Mem:0.71M, Peak:0.71M | Scene, ViewLayer | Updating Images | Loading engraved_glint_sss.png
Fra:1 Mem:18.20M (Peak 24.06M) | Time:00:00.17 | Mem:0.71M, Peak:0.71M | Scene, ViewLayer | Updating Images | Loading geode_lining_light_sss.png
Fra:1 Mem:18.20M (Peak 24.06M) | Time:00:00.17 | Mem:0.71M, Peak:0.71M | Scene, ViewLayer | Updating Images | Loading side_backing_sss.png
Fra:1 Mem:18.20M (Peak 24.06M) | Time:00:00.17 | Mem:0.71M, Peak:0.71M | Scene, ViewLayer | Updating Images | Loading geode_calcite_light_sss.png
Fra:1 Mem:18.20M (Peak 24.06M) | Time:00:00.17 | Mem:0.71M, Peak:0.71M | Scene, ViewLayer | Updating Images | Loading bud_pink_roughness.png
Fra:1 Mem:18.20M (Peak 24.06M) | Time:00:00.17 | Mem:0.71M, Peak:0.71M | Scene, ViewLayer | Updating Images | Loading engraved_amethyst_roughness.png
Fra:1 Mem:18.20M (Peak 24.06M) | Time:00:00.18 | Mem:0.72M, Peak:0.72M | Scene, ViewLayer | Updating Images | Loading geode_calcite_normal_preview.png
Fra:1 Mem:18.20M (Peak 24.06M) | Time:00:00.18 | Mem:0.72M, Peak:0.72M | Scene, ViewLayer | Updating Images | Loading geode_lining_roughness.png
Fra:1 Mem:18.20M (Peak 24.06M) | Time:00:00.18 | Mem:0.72M, Peak:0.72M | Scene, ViewLayer | Updating Images | Loading geode_basalt_roughness.png
Fra:1 Mem:18.21M (Peak 24.06M) | Time:00:00.18 | Mem:0.72M, Peak:0.72M | Scene, ViewLayer | Updating Images | Loading geode_calcite_shadow_roughness.png
Fra:1 Mem:18.21M (Peak 24.06M) | Time:00:00.18 | Mem:0.72M, Peak:0.72M | Scene, ViewLayer | Updating Images | Loading geode_calcite_roughness.png
Fra:1 Mem:18.21M (Peak 24.06M) | Time:00:00.18 | Mem:0.72M, Peak:0.72M | Scene, ViewLayer | Updating Images | Loading side_relief_roughness.png
Fra:1 Mem:18.21M (Peak 24.06M) | Time:00:00.18 | Mem:0.72M, Peak:0.72M | Scene, ViewLayer | Updating Images | Loading geode_basalt_dark_roughness.png
Fra:1 Mem:18.21M (Peak 24.06M) | Time:00:00.18 | Mem:0.72M, Peak:0.72M | Scene, ViewLayer | Updating Images | Loading side_backing_roughness.png
Fra:1 Mem:18.21M (Peak 24.06M) | Time:00:00.18 | Mem:0.72M, Peak:0.72M | Scene, ViewLayer | Updating Images | Loading engraved_glint_roughness.png
Fra:1 Mem:18.21M (Peak 24.06M) | Time:00:00.18 | Mem:0.72M, Peak:0.72M | Scene, ViewLayer | Updating Images | Loading geode_lining_light_roughness.png
Fra:1 Mem:18.21M (Peak 24.06M) | Time:00:00.18 | Mem:0.72M, Peak:0.72M | Scene, ViewLayer | Updating Images | Loading bud_silver_normal_preview.png
Fra:1 Mem:18.21M (Peak 24.06M) | Time:00:00.18 | Mem:0.72M, Peak:0.72M | Scene, ViewLayer | Updating Images | Loading bud_lilac_normal_preview.png
Fra:1 Mem:18.21M (Peak 24.06M) | Time:00:00.18 | Mem:0.72M, Peak:0.72M | Scene, ViewLayer | Updating Images | Loading bud_pink_normal_preview.png
Fra:1 Mem:18.21M (Peak 24.06M) | Time:00:00.18 | Mem:0.72M, Peak:0.72M | Scene, ViewLayer | Updating Images | Loading geode_lining_normal_preview.png
Fra:1 Mem:18.21M (Peak 24.06M) | Time:00:00.18 | Mem:0.72M, Peak:0.72M | Scene, ViewLayer | Updating Images | Loading engraved_amethyst_normal_preview.png
Fra:1 Mem:18.21M (Peak 24.06M) | Time:00:00.19 | Mem:0.72M, Peak:0.72M | Scene, ViewLayer | Updating Images | Loading engraved_glint_normal_preview.png
Fra:1 Mem:18.21M (Peak 24.06M) | Time:00:00.19 | Mem:0.72M, Peak:0.72M | Scene, ViewLayer | Updating Images | Loading geode_basalt_normal_preview.png
Fra:1 Mem:18.21M (Peak 24.06M) | Time:00:00.19 | Mem:0.72M, Peak:0.72M | Scene, ViewLayer | Updating Images | Loading geode_calcite_shadow_normal_preview.png
Fra:1 Mem:18.21M (Peak 24.06M) | Time:00:00.19 | Mem:0.72M, Peak:0.72M | Scene, ViewLayer | Updating Images | Loading geode_basalt_dark_normal_preview.png
Fra:1 Mem:18.22M (Peak 24.06M) | Time:00:00.19 | Mem:0.73M, Peak:0.73M | Scene, ViewLayer | Updating Camera Volume
Fra:1 Mem:18.22M (Peak 24.06M) | Time:00:00.19 | Mem:0.73M, Peak:0.73M | Scene, ViewLayer | Updating Lookup Tables
Fra:1 Mem:18.22M (Peak 24.06M) | Time:00:00.19 | Mem:0.98M, Peak:0.98M | Scene, ViewLayer | Updating Lights
Fra:1 Mem:18.22M (Peak 24.06M) | Time:00:00.19 | Mem:0.98M, Peak:0.98M | Scene, ViewLayer | Updating Lights | Computing distribution
Fra:1 Mem:18.25M (Peak 24.06M) | Time:00:00.19 | Mem:1.02M, Peak:1.02M | Scene, ViewLayer | Updating Integrator
Fra:1 Mem:18.26M (Peak 24.06M) | Time:00:00.19 | Mem:1.03M, Peak:1.03M | Scene, ViewLayer | Updating Film
Fra:1 Mem:18.26M (Peak 24.06M) | Time:00:00.19 | Mem:0.78M, Peak:1.03M | Scene, ViewLayer | Updating Lookup Tables
Fra:1 Mem:18.26M (Peak 24.06M) | Time:00:00.19 | Mem:1.03M, Peak:1.03M | Scene, ViewLayer | Updating Baking
Fra:1 Mem:18.26M (Peak 24.06M) | Time:00:00.19 | Mem:1.03M, Peak:1.03M | Scene, ViewLayer | Updating Device | Writing constant memory
Fra:1 Mem:18.27M (Peak 24.06M) | Time:00:00.19 | Mem:1.03M, Peak:1.03M | Scene, ViewLayer | Sample 0/48
Fra:1 Mem:90.79M (Peak 90.79M) | Time:00:00.43 | Remaining:00:10.90 | Mem:73.52M, Peak:73.52M | Scene, ViewLayer | Sample 1/48
Fra:1 Mem:121.31M (Peak 167.09M) | Time:00:12.05 | Mem:73.52M, Peak:73.52M | Scene, ViewLayer | Sample 48/48
Fra:1 Mem:121.31M (Peak 167.09M) | Time:00:12.05 | Mem:73.52M, Peak:73.52M | Scene, ViewLayer | Finished
Saved: 'D:\Desktop\Document\Coding\FULL STACK\ConvertTable\assets\geode_prototype\geode_front.png'
 Time: 00:12.22 (Saving: 00:00.16)

Fra:1 Mem:23.95M (Peak 23.96M) | Time:00:00.01 | Mem:0.00M, Peak:0.00M | Scene, ViewLayer | Synchronizing object | 01_basalt_corner_guards_0000
Fra:1 Mem:23.95M (Peak 23.96M) | Time:00:00.01 | Mem:0.00M, Peak:0.00M | Scene, ViewLayer | Synchronizing object | 10_black_corner_shoulders_0005
Fra:1 Mem:23.96M (Peak 23.96M) | Time:00:00.01 | Mem:0.00M, Peak:0.00M | Scene, ViewLayer | Synchronizing object | 08_layer_2_lower_rail_0007
Fra:1 Mem:23.96M (Peak 23.96M) | Time:00:00.01 | Mem:0.00M, Peak:0.00M | Scene, ViewLayer | Synchronizing object | 07_layer_2_crystal_relief_0009
Fra:1 Mem:23.96M (Peak 23.96M) | Time:00:00.01 | Mem:0.00M, Peak:0.00M | Scene, ViewLayer | Synchronizing object | 07_layer_2_crystal_relief_0013
Fra:1 Mem:23.96M (Peak 23.96M) | Time:00:00.01 | Mem:0.00M, Peak:0.00M | Scene, ViewLayer | Synchronizing object | 07_layer_2_crystal_relief_0016
Fra:1 Mem:23.97M (Peak 23.97M) | Time:00:00.01 | Mem:0.00M, Peak:0.00M | Scene, ViewLayer | Synchronizing object | 07_layer_2_crystal_relief_0017
Fra:1 Mem:23.97M (Peak 23.97M) | Time:00:00.01 | Mem:0.00M, Peak:0.00M | Scene, ViewLayer | Synchronizing object | 07_layer_2_crystal_relief_0018
Fra:1 Mem:23.97M (Peak 23.97M) | Time:00:00.01 | Mem:0.00M, Peak:0.00M | Scene, ViewLayer | Synchronizing object | 09_layer_2_crown_rim_0019
Fra:1 Mem:23.97M (Peak 23.97M) | Time:00:00.01 | Mem:0.00M, Peak:0.00M | Scene, ViewLayer | Synchronizing object | 09_calcite_crown_rim_0020
Fra:1 Mem:23.97M (Peak 23.97M) | Time:00:00.01 | Mem:0.00M, Peak:0.00M | Scene, ViewLayer | Synchronizing object | 11_corner_crystal_buds_0021
Fra:1 Mem:23.98M (Peak 23.98M) | Time:00:00.01 | Mem:0.00M, Peak:0.00M | Scene, ViewLayer | Synchronizing object | 11_corner_crystal_buds_0022
Fra:1 Mem:23.98M (Peak 23.98M) | Time:00:00.01 | Mem:0.00M, Peak:0.00M | Scene, ViewLayer | Synchronizing object | 11_corner_crystal_buds_0023
Fra:1 Mem:23.98M (Peak 23.98M) | Time:00:00.01 | Mem:0.00M, Peak:0.00M | Scene, ViewLayer | Synchronizing object | 11_corner_crystal_buds_0024
Fra:1 Mem:23.98M (Peak 23.98M) | Time:00:00.01 | Mem:0.00M, Peak:0.00M | Scene, ViewLayer | Synchronizing object | 11_corner_crystal_buds_0025
Fra:1 Mem:23.99M (Peak 23.99M) | Time:00:00.01 | Mem:0.00M, Peak:0.00M | Scene, ViewLayer | Synchronizing object | 05_layer_3_mineral_backing_0027
Fra:1 Mem:23.99M (Peak 23.99M) | Time:00:00.01 | Mem:0.00M, Peak:0.00M | Scene, ViewLayer | Synchronizing object | 05_layer_3_mineral_backing_0028
Fra:1 Mem:23.99M (Peak 23.99M) | Time:00:00.01 | Mem:0.00M, Peak:0.00M | Scene, ViewLayer | Synchronizing object | 05_layer_3_mineral_backing_0029
Fra:1 Mem:23.99M (Peak 23.99M) | Time:00:00.01 | Mem:0.00M, Peak:0.00M | Scene, ViewLayer | Synchronizing object | 05_layer_3_mineral_backing_0031
Fra:1 Mem:24.00M (Peak 24.00M) | Time:00:00.01 | Mem:0.00M, Peak:0.00M | Scene, ViewLayer | Synchronizing object | 05_layer_3_mineral_backing_0033
Fra:1 Mem:24.00M (Peak 24.00M) | Time:00:00.01 | Mem:0.00M, Peak:0.00M | Scene, ViewLayer | Synchronizing object | 05_layer_3_mineral_backing_0035
Fra:1 Mem:24.00M (Peak 24.01M) | Time:00:00.01 | Mem:0.00M, Peak:0.00M | Scene, ViewLayer | Synchronizing object | 05_layer_3_mineral_backing_0036
Fra:1 Mem:24.01M (Peak 24.01M) | Time:00:00.01 | Mem:0.00M, Peak:0.00M | Scene, ViewLayer | Synchronizing object | 05_layer_3_mineral_backing_0038
Fra:1 Mem:24.01M (Peak 24.01M) | Time:00:00.01 | Mem:0.00M, Peak:0.00M | Scene, ViewLayer | Synchronizing object | 05_layer_3_mineral_backing_0039
Fra:1 Mem:24.01M (Peak 24.01M) | Time:00:00.01 | Mem:0.00M, Peak:0.00M | Scene, ViewLayer | Synchronizing object | 05_layer_3_mineral_backing_0040
Fra:1 Mem:24.02M (Peak 24.02M) | Time:00:00.01 | Mem:0.00M, Peak:0.00M | Scene, ViewLayer | Synchronizing object | 05_layer_3_mineral_backing_0041
Fra:1 Mem:24.02M (Peak 24.02M) | Time:00:00.01 | Mem:0.00M, Peak:0.00M | Scene, ViewLayer | Synchronizing object | 05_layer_3_mineral_backing_0042
Fra:1 Mem:24.02M (Peak 24.02M) | Time:00:00.01 | Mem:0.00M, Peak:0.00M | Scene, ViewLayer | Synchronizing object | 05_layer_3_mineral_backing_0044
Fra:1 Mem:24.02M (Peak 24.02M) | Time:00:00.01 | Mem:0.00M, Peak:0.00M | Scene, ViewLayer | Synchronizing object | 08_layer_2_lower_rail_0045
Fra:1 Mem:24.03M (Peak 24.03M) | Time:00:00.01 | Mem:0.00M, Peak:0.00M | Scene, ViewLayer | Synchronizing object | 01_basalt_foundation_0046
Fra:1 Mem:24.03M (Peak 24.03M) | Time:00:00.01 | Mem:0.00M, Peak:0.00M | Scene, ViewLayer | Synchronizing object | 08_layer_2_lower_rail_0047
Fra:1 Mem:24.03M (Peak 24.03M) | Time:00:00.01 | Mem:0.00M, Peak:0.00M | Scene, ViewLayer | Synchronizing object | 02_calcite_lower_shell_0048
Fra:1 Mem:24.03M (Peak 24.03M) | Time:00:00.01 | Mem:0.00M, Peak:0.00M | Scene, ViewLayer | Synchronizing object | 08_layer_2_lower_rail_0050
Fra:1 Mem:24.04M (Peak 24.04M) | Time:00:00.01 | Mem:0.00M, Peak:0.00M | Scene, ViewLayer | Synchronizing object | 05_layer_3_mineral_backing_0052
Fra:1 Mem:24.04M (Peak 24.04M) | Time:00:00.01 | Mem:0.00M, Peak:0.00M | Scene, ViewLayer | Synchronizing object | 05_layer_3_mineral_backing_0053
Fra:1 Mem:24.04M (Peak 24.04M) | Time:00:00.01 | Mem:0.00M, Peak:0.00M | Scene, ViewLayer | Synchronizing object | 05_layer_3_mineral_backing_0054
Fra:1 Mem:24.04M (Peak 24.04M) | Time:00:00.01 | Mem:0.00M, Peak:0.00M | Scene, ViewLayer | Synchronizing object | 05_layer_3_mineral_backing_0055
Fra:1 Mem:24.05M (Peak 24.05M) | Time:00:00.01 | Mem:0.00M, Peak:0.00M | Scene, ViewLayer | Synchronizing object | 07_layer_2_crystal_relief_0056
Fra:1 Mem:24.05M (Peak 24.05M) | Time:00:00.01 | Mem:0.00M, Peak:0.00M | Scene, ViewLayer | Synchronizing object | 05_layer_3_mineral_backing_0058
Fra:1 Mem:24.05M (Peak 24.05M) | Time:00:00.01 | Mem:0.00M, Peak:0.00M | Scene, ViewLayer | Synchronizing object | 07_layer_2_crystal_relief_0060
Fra:1 Mem:24.06M (Peak 24.06M) | Time:00:00.01 | Mem:0.00M, Peak:0.00M | Scene, ViewLayer | Synchronizing object | 05_layer_3_mineral_backing_0061
Fra:1 Mem:24.06M (Peak 24.06M) | Time:00:00.01 | Mem:0.00M, Peak:0.00M | Scene, ViewLayer | Synchronizing object | 05_layer_3_mineral_backing_0062
Fra:1 Mem:24.06M (Peak 24.06M) | Time:00:00.01 | Mem:0.00M, Peak:0.00M | Scene, ViewLayer | Synchronizing object | 05_layer_3_mineral_backing_0063
Fra:1 Mem:24.07M (Peak 24.07M) | Time:00:00.01 | Mem:0.00M, Peak:0.00M | Scene, ViewLayer | Synchronizing object | 05_layer_3_mineral_backing_0065
Fra:1 Mem:24.07M (Peak 24.07M) | Time:00:00.01 | Mem:0.00M, Peak:0.00M | Scene, ViewLayer | Synchronizing object | 05_layer_3_mineral_backing_0067
Fra:1 Mem:24.07M (Peak 24.07M) | Time:00:00.01 | Mem:0.00M, Peak:0.00M | Scene, ViewLayer | Synchronizing object | 07_layer_2_crystal_relief_0068
Fra:1 Mem:24.07M (Peak 24.07M) | Time:00:00.01 | Mem:0.00M, Peak:0.00M | Scene, ViewLayer | Synchronizing object | 07_layer_2_crystal_relief_0069
Fra:1 Mem:24.08M (Peak 24.08M) | Time:00:00.01 | Mem:0.00M, Peak:0.00M | Scene, ViewLayer | Synchronizing object | 05_layer_3_mineral_backing_0071
Fra:1 Mem:24.08M (Peak 24.08M) | Time:00:00.01 | Mem:0.00M, Peak:0.00M | Scene, ViewLayer | Synchronizing object | 05_layer_3_mineral_backing_0072
Fra:1 Mem:24.08M (Peak 24.08M) | Time:00:00.01 | Mem:0.00M, Peak:0.00M | Scene, ViewLayer | Synchronizing object | 05_layer_3_mineral_backing_0073
Fra:1 Mem:24.08M (Peak 24.08M) | Time:00:00.01 | Mem:0.00M, Peak:0.00M | Scene, ViewLayer | Synchronizing object | 04_geode_inner_lining_0074
Fra:1 Mem:24.09M (Peak 24.09M) | Time:00:00.01 | Mem:0.00M, Peak:0.00M | Scene, ViewLayer | Synchronizing object | 05_layer_3_mineral_backing_0075
Fra:1 Mem:24.09M (Peak 24.09M) | Time:00:00.01 | Mem:0.00M, Peak:0.00M | Scene, ViewLayer | Synchronizing object | 05_layer_3_mineral_backing_0076
Fra:1 Mem:24.09M (Peak 24.09M) | Time:00:00.01 | Mem:0.00M, Peak:0.00M | Scene, ViewLayer | Synchronizing object | 09_layer_2_crown_rim_0077
Fra:1 Mem:24.09M (Peak 24.09M) | Time:00:00.01 | Mem:0.00M, Peak:0.00M | Scene, ViewLayer | Synchronizing object | 09_layer_2_crown_rim_0078
Fra:1 Mem:24.09M (Peak 24.09M) | Time:00:00.01 | Mem:0.00M, Peak:0.00M | Scene, ViewLayer | Synchronizing object | 07_layer_2_crystal_relief_0081
Fra:1 Mem:24.10M (Peak 24.10M) | Time:00:00.01 | Mem:0.00M, Peak:0.00M | Scene, ViewLayer | Synchronizing object | 05_layer_3_mineral_backing_0082
Fra:1 Mem:24.10M (Peak 24.10M) | Time:00:00.01 | Mem:0.00M, Peak:0.00M | Scene, ViewLayer | Synchronizing object | 07_layer_2_crystal_relief_0084
Fra:1 Mem:24.11M (Peak 24.11M) | Time:00:00.01 | Mem:0.00M, Peak:0.00M | Scene, ViewLayer | Synchronizing object | 05_layer_3_mineral_backing_0085
Fra:1 Mem:24.11M (Peak 24.11M) | Time:00:00.01 | Mem:0.00M, Peak:0.00M | Scene, ViewLayer | Synchronizing object | 12_geode_growth_core_0086
Fra:1 Mem:24.11M (Peak 24.11M) | Time:00:00.01 | Mem:0.00M, Peak:0.00M | Scene, ViewLayer | Synchronizing object | 05_layer_3_mineral_backing_0089
Fra:1 Mem:24.11M (Peak 24.11M) | Time:00:00.01 | Mem:0.00M, Peak:0.00M | Scene, ViewLayer | Synchronizing object | 06_layer_3_stone_ground_pattern_0090
Fra:1 Mem:24.12M (Peak 24.12M) | Time:00:00.01 | Mem:0.00M, Peak:0.00M | Scene, ViewLayer | Synchronizing object | 05_layer_3_mineral_backing_0091
Fra:1 Mem:24.12M (Peak 24.12M) | Time:00:00.01 | Mem:0.00M, Peak:0.00M | Scene, ViewLayer | Synchronizing object | 05_layer_3_mineral_backing_0092
Fra:1 Mem:24.12M (Peak 24.12M) | Time:00:00.01 | Mem:0.00M, Peak:0.00M | Scene, ViewLayer | Synchronizing object | 07_layer_2_crystal_relief_0093
Fra:1 Mem:24.12M (Peak 24.12M) | Time:00:00.01 | Mem:0.00M, Peak:0.00M | Scene, ViewLayer | Synchronizing object | 07_layer_2_crystal_relief_0095
Fra:1 Mem:24.12M (Peak 24.13M) | Time:00:00.01 | Mem:0.00M, Peak:0.00M | Scene, ViewLayer | Synchronizing object | 07_layer_2_crystal_relief_0096
Fra:1 Mem:24.13M (Peak 24.13M) | Time:00:00.01 | Mem:0.00M, Peak:0.00M | Scene, ViewLayer | Synchronizing object | 05_layer_3_mineral_backing_0097
Fra:1 Mem:24.13M (Peak 24.13M) | Time:00:00.01 | Mem:0.00M, Peak:0.00M | Scene, ViewLayer | Synchronizing object | 05_layer_3_mineral_backing_0098
Fra:1 Mem:24.13M (Peak 24.13M) | Time:00:00.01 | Mem:0.00M, Peak:0.00M | Scene, ViewLayer | Synchronizing object | 12_geode_growth_core_0099
Fra:1 Mem:24.13M (Peak 24.13M) | Time:00:00.01 | Mem:0.00M, Peak:0.00M | Scene, ViewLayer | Synchronizing object | 12_geode_growth_core_0100
Fra:1 Mem:24.14M (Peak 24.14M) | Time:00:00.01 | Mem:0.00M, Peak:0.00M | Scene, ViewLayer | Synchronizing object | 12_geode_growth_core_0102
Fra:1 Mem:24.14M (Peak 24.14M) | Time:00:00.01 | Mem:0.00M, Peak:0.00M | Scene, ViewLayer | Synchronizing object | 05_layer_3_mineral_backing_0103
Fra:1 Mem:24.14M (Peak 24.14M) | Time:00:00.01 | Mem:0.00M, Peak:0.00M | Scene, ViewLayer | Synchronizing object | 05_layer_3_mineral_backing_0104
Fra:1 Mem:24.14M (Peak 24.14M) | Time:00:00.01 | Mem:0.00M, Peak:0.00M | Scene, ViewLayer | Synchronizing object | 07_layer_2_crystal_relief_0105
Fra:1 Mem:24.15M (Peak 24.15M) | Time:00:00.01 | Mem:0.00M, Peak:0.00M | Scene, ViewLayer | Synchronizing object | 12_geode_growth_core_0107
Fra:1 Mem:24.15M (Peak 24.15M) | Time:00:00.01 | Mem:0.00M, Peak:0.00M | Scene, ViewLayer | Synchronizing object | 12_geode_growth_core_0108
Fra:1 Mem:24.15M (Peak 24.15M) | Time:00:00.01 | Mem:0.00M, Peak:0.00M | Scene, ViewLayer | Synchronizing object | 11_corner_crystal_buds_0190
Fra:1 Mem:24.15M (Peak 24.15M) | Time:00:00.01 | Mem:0.00M, Peak:0.00M | Scene, ViewLayer | Synchronizing object | 07_layer_2_crystal_relief_0110
Fra:1 Mem:24.15M (Peak 24.15M) | Time:00:00.01 | Mem:0.00M, Peak:0.00M | Scene, ViewLayer | Synchronizing object | 07_layer_2_crystal_relief_0111
Fra:1 Mem:24.15M (Peak 24.15M) | Time:00:00.01 | Mem:0.00M, Peak:0.00M | Scene, ViewLayer | Synchronizing object | 12_geode_growth_core_0113
Fra:1 Mem:24.16M (Peak 24.16M) | Time:00:00.01 | Mem:0.00M, Peak:0.00M | Scene, ViewLayer | Synchronizing object | 07_layer_2_crystal_relief_0114
Fra:1 Mem:24.16M (Peak 24.16M) | Time:00:00.01 | Mem:0.00M, Peak:0.00M | Scene, ViewLayer | Synchronizing object | 12_geode_growth_core_0115
Fra:1 Mem:24.17M (Peak 24.17M) | Time:00:00.01 | Mem:0.00M, Peak:0.00M | Scene, ViewLayer | Synchronizing object | 07_layer_2_crystal_relief_0117
Fra:1 Mem:24.17M (Peak 24.17M) | Time:00:00.01 | Mem:0.00M, Peak:0.00M | Scene, ViewLayer | Synchronizing object | 06_layer_3_stone_ground_pattern_0119
Fra:1 Mem:24.17M (Peak 24.17M) | Time:00:00.01 | Mem:0.00M, Peak:0.00M | Scene, ViewLayer | Synchronizing object | 07_layer_2_crystal_relief_0120
Fra:1 Mem:24.17M (Peak 24.17M) | Time:00:00.01 | Mem:0.00M, Peak:0.00M | Scene, ViewLayer | Synchronizing object | 07_layer_2_crystal_relief_0121
Fra:1 Mem:24.17M (Peak 24.17M) | Time:00:00.01 | Mem:0.00M, Peak:0.00M | Scene, ViewLayer | Synchronizing object | 05_layer_3_mineral_backing_0122
Fra:1 Mem:24.17M (Peak 24.17M) | Time:00:00.01 | Mem:0.00M, Peak:0.00M | Scene, ViewLayer | Synchronizing object | 06_layer_3_stone_ground_pattern_0123
Fra:1 Mem:24.18M (Peak 24.18M) | Time:00:00.01 | Mem:0.00M, Peak:0.00M | Scene, ViewLayer | Synchronizing object | 12_geode_growth_core_0124
Fra:1 Mem:24.18M (Peak 24.18M) | Time:00:00.01 | Mem:0.00M, Peak:0.00M | Scene, ViewLayer | Synchronizing object | 05_layer_3_mineral_backing_0126
Fra:1 Mem:24.18M (Peak 24.18M) | Time:00:00.01 | Mem:0.00M, Peak:0.00M | Scene, ViewLayer | Synchronizing object | 07_layer_2_crystal_relief_0127
Fra:1 Mem:24.18M (Peak 24.18M) | Time:00:00.01 | Mem:0.00M, Peak:0.00M | Scene, ViewLayer | Synchronizing object | 07_layer_2_crystal_relief_0129
Fra:1 Mem:24.19M (Peak 24.19M) | Time:00:00.01 | Mem:0.00M, Peak:0.00M | Scene, ViewLayer | Synchronizing object | 05_layer_3_mineral_backing_0130
Fra:1 Mem:24.19M (Peak 24.19M) | Time:00:00.01 | Mem:0.00M, Peak:0.00M | Scene, ViewLayer | Synchronizing object | 07_layer_2_crystal_relief_0131
Fra:1 Mem:24.19M (Peak 24.19M) | Time:00:00.01 | Mem:0.00M, Peak:0.00M | Scene, ViewLayer | Synchronizing object | 12_geode_growth_core_0133
Fra:1 Mem:24.19M (Peak 24.19M) | Time:00:00.01 | Mem:0.00M, Peak:0.00M | Scene, ViewLayer | Synchronizing object | 06_layer_3_stone_ground_pattern_0135
Fra:1 Mem:24.20M (Peak 24.20M) | Time:00:00.01 | Mem:0.00M, Peak:0.00M | Scene, ViewLayer | Synchronizing object | 07_layer_2_crystal_relief_0138
Fra:1 Mem:24.20M (Peak 24.20M) | Time:00:00.01 | Mem:0.00M, Peak:0.00M | Scene, ViewLayer | Synchronizing object | 05_layer_3_mineral_backing_0139
Fra:1 Mem:24.20M (Peak 24.20M) | Time:00:00.01 | Mem:0.00M, Peak:0.00M | Scene, ViewLayer | Synchronizing object | 05_layer_3_mineral_backing_0140
Fra:1 Mem:24.21M (Peak 24.21M) | Time:00:00.01 | Mem:0.00M, Peak:0.00M | Scene, ViewLayer | Synchronizing object | 07_layer_2_crystal_relief_0142
Fra:1 Mem:24.21M (Peak 24.21M) | Time:00:00.01 | Mem:0.00M, Peak:0.00M | Scene, ViewLayer | Synchronizing object | 10_black_corner_shoulders_0145
Fra:1 Mem:24.21M (Peak 24.21M) | Time:00:00.01 | Mem:0.00M, Peak:0.00M | Scene, ViewLayer | Synchronizing object | 10_black_corner_shoulders_0146
Fra:1 Mem:24.22M (Peak 24.22M) | Time:00:00.01 | Mem:0.00M, Peak:0.00M | Scene, ViewLayer | Synchronizing object | 09_layer_2_crown_rim_0147
Fra:1 Mem:24.22M (Peak 24.22M) | Time:00:00.01 | Mem:0.00M, Peak:0.00M | Scene, ViewLayer | Synchronizing object | 10_black_corner_shoulders_0149
Fra:1 Mem:24.22M (Peak 24.22M) | Time:00:00.01 | Mem:0.00M, Peak:0.00M | Scene, ViewLayer | Synchronizing object | 10_black_corner_shoulders_0148
Fra:1 Mem:24.22M (Peak 24.22M) | Time:00:00.01 | Mem:0.00M, Peak:0.00M | Scene, ViewLayer | Synchronizing object | 08_layer_2_lower_rail_0151
Fra:1 Mem:24.22M (Peak 24.22M) | Time:00:00.01 | Mem:0.00M, Peak:0.00M | Scene, ViewLayer | Synchronizing object | 08_layer_2_lower_rail_0153
Fra:1 Mem:24.23M (Peak 24.23M) | Time:00:00.01 | Mem:0.00M, Peak:0.00M | Scene, ViewLayer | Synchronizing object | 03_black_wrapped_corner_pillars_0154
Fra:1 Mem:24.23M (Peak 24.23M) | Time:00:00.01 | Mem:0.00M, Peak:0.00M | Scene, ViewLayer | Synchronizing object | 07_layer_2_crystal_relief_0155
Fra:1 Mem:24.23M (Peak 24.23M) | Time:00:00.01 | Mem:0.00M, Peak:0.00M | Scene, ViewLayer | Synchronizing object | 06_layer_3_stone_ground_pattern_0156
Fra:1 Mem:24.23M (Peak 24.23M) | Time:00:00.01 | Mem:0.00M, Peak:0.00M | Scene, ViewLayer | Synchronizing object | 05_layer_3_mineral_backing_0157
Fra:1 Mem:24.23M (Peak 24.23M) | Time:00:00.01 | Mem:0.00M, Peak:0.00M | Scene, ViewLayer | Synchronizing object | 03_black_wrapped_corner_pillars_0158
Fra:1 Mem:24.24M (Peak 24.24M) | Time:00:00.01 | Mem:0.00M, Peak:0.00M | Scene, ViewLayer | Synchronizing object | 07_layer_2_crystal_relief_0159
Fra:1 Mem:24.24M (Peak 24.24M) | Time:00:00.01 | Mem:0.00M, Peak:0.00M | Scene, ViewLayer | Synchronizing object | 05_layer_3_mineral_backing_0160
Fra:1 Mem:24.24M (Peak 24.24M) | Time:00:00.01 | Mem:0.00M, Peak:0.00M | Scene, ViewLayer | Synchronizing object | 06_layer_3_stone_ground_pattern_0161
Fra:1 Mem:24.24M (Peak 24.24M) | Time:00:00.01 | Mem:0.00M, Peak:0.00M | Scene, ViewLayer | Synchronizing object | 11_corner_crystal_buds_0189
Fra:1 Mem:24.24M (Peak 24.24M) | Time:00:00.01 | Mem:0.00M, Peak:0.00M | Scene, ViewLayer | Synchronizing object | 05_layer_3_mineral_backing_0163
Fra:1 Mem:24.25M (Peak 24.25M) | Time:00:00.01 | Mem:0.00M, Peak:0.00M | Scene, ViewLayer | Synchronizing object | 07_layer_2_crystal_relief_0164
Fra:1 Mem:24.25M (Peak 24.25M) | Time:00:00.01 | Mem:0.00M, Peak:0.00M | Scene, ViewLayer | Synchronizing object | 05_layer_3_mineral_backing_0165
Fra:1 Mem:24.25M (Peak 24.25M) | Time:00:00.01 | Mem:0.00M, Peak:0.00M | Scene, ViewLayer | Synchronizing object | 07_layer_2_crystal_relief_0167
Fra:1 Mem:24.25M (Peak 24.25M) | Time:00:00.01 | Mem:0.00M, Peak:0.00M | Scene, ViewLayer | Synchronizing object | 05_layer_3_mineral_backing_0168
Fra:1 Mem:24.26M (Peak 24.26M) | Time:00:00.01 | Mem:0.00M, Peak:0.00M | Scene, ViewLayer | Synchronizing object | 05_layer_3_mineral_backing_0169
Fra:1 Mem:24.26M (Peak 24.26M) | Time:00:00.01 | Mem:0.00M, Peak:0.00M | Scene, ViewLayer | Synchronizing object | 07_layer_2_crystal_relief_0170
Fra:1 Mem:24.26M (Peak 24.26M) | Time:00:00.01 | Mem:0.00M, Peak:0.00M | Scene, ViewLayer | Synchronizing object | 07_layer_2_crystal_relief_0172
Fra:1 Mem:24.26M (Peak 24.26M) | Time:00:00.01 | Mem:0.00M, Peak:0.00M | Scene, ViewLayer | Synchronizing object | 07_layer_2_crystal_relief_0173
Fra:1 Mem:24.27M (Peak 24.27M) | Time:00:00.01 | Mem:0.00M, Peak:0.00M | Scene, ViewLayer | Synchronizing object | 06_layer_3_stone_ground_pattern_0174
Fra:1 Mem:24.27M (Peak 24.27M) | Time:00:00.01 | Mem:0.00M, Peak:0.00M | Scene, ViewLayer | Synchronizing object | 07_layer_2_crystal_relief_0176
Fra:1 Mem:24.27M (Peak 24.27M) | Time:00:00.01 | Mem:0.00M, Peak:0.00M | Scene, ViewLayer | Synchronizing object | 05_layer_3_mineral_backing_0178
Fra:1 Mem:24.27M (Peak 24.27M) | Time:00:00.01 | Mem:0.00M, Peak:0.00M | Scene, ViewLayer | Synchronizing object | 07_layer_2_crystal_relief_0179
Fra:1 Mem:24.28M (Peak 24.28M) | Time:00:00.01 | Mem:0.00M, Peak:0.00M | Scene, ViewLayer | Synchronizing object | 05_layer_3_mineral_backing_0180
Fra:1 Mem:24.28M (Peak 24.28M) | Time:00:00.01 | Mem:0.00M, Peak:0.00M | Scene, ViewLayer | Synchronizing object | 07_layer_2_crystal_relief_0181
Fra:1 Mem:24.28M (Peak 24.28M) | Time:00:00.01 | Mem:0.00M, Peak:0.00M | Scene, ViewLayer | Synchronizing object | 05_layer_3_mineral_backing_0183
Fra:1 Mem:24.28M (Peak 24.29M) | Time:00:00.01 | Mem:0.00M, Peak:0.00M | Scene, ViewLayer | Synchronizing object | 09_calcite_crown_rim_0184
Fra:1 Mem:24.29M (Peak 24.29M) | Time:00:00.01 | Mem:0.00M, Peak:0.00M | Scene, ViewLayer | Synchronizing object | 11_corner_crystal_buds_0186
Fra:1 Mem:24.31M (Peak 24.31M) | Time:00:00.01 | Mem:0.00M, Peak:0.00M | Scene, ViewLayer | Initializing
Fra:1 Mem:17.45M (Peak 24.31M) | Time:00:00.02 | Mem:0.00M, Peak:0.00M | Scene, ViewLayer | Waiting for render to start
Fra:1 Mem:17.45M (Peak 24.31M) | Time:00:00.02 | Mem:0.00M, Peak:0.00M | Scene, ViewLayer | Loading render kernels (may take a few minutes the first time)
Fra:1 Mem:17.45M (Peak 24.31M) | Time:00:00.02 | Mem:0.00M, Peak:0.00M | Scene, ViewLayer | Updating Scene
Fra:1 Mem:17.45M (Peak 24.31M) | Time:00:00.02 | Mem:0.00M, Peak:0.00M | Scene, ViewLayer | Updating Shaders
Fra:1 Mem:17.72M (Peak 24.31M) | Time:00:00.07 | Mem:0.01M, Peak:0.01M | Scene, ViewLayer | Updating Procedurals
Fra:1 Mem:17.72M (Peak 24.31M) | Time:00:00.07 | Mem:0.01M, Peak:0.01M | Scene, ViewLayer | Updating Background
Fra:1 Mem:17.72M (Peak 24.31M) | Time:00:00.07 | Mem:0.01M, Peak:0.01M | Scene, ViewLayer | Updating Camera
Fra:1 Mem:17.72M (Peak 24.31M) | Time:00:00.07 | Mem:0.01M, Peak:0.01M | Scene, ViewLayer | Updating Meshes Flags
Fra:1 Mem:17.72M (Peak 24.31M) | Time:00:00.07 | Mem:0.01M, Peak:0.01M | Scene, ViewLayer | Updating Objects
Fra:1 Mem:17.72M (Peak 24.31M) | Time:00:00.07 | Mem:0.01M, Peak:0.01M | Scene, ViewLayer | Updating Objects | Copying Transformations to device
Fra:1 Mem:17.76M (Peak 24.31M) | Time:00:00.07 | Mem:0.05M, Peak:0.05M | Scene, ViewLayer | Updating Objects | Applying Static Transformations
Fra:1 Mem:17.76M (Peak 24.31M) | Time:00:00.07 | Mem:0.05M, Peak:0.05M | Scene, ViewLayer | Updating Particle Systems
Fra:1 Mem:17.76M (Peak 24.31M) | Time:00:00.07 | Mem:0.05M, Peak:0.05M | Scene, ViewLayer | Updating Particle Systems | Copying Particles to device
Fra:1 Mem:17.76M (Peak 24.31M) | Time:00:00.07 | Mem:0.05M, Peak:0.05M | Scene, ViewLayer | Updating Meshes
Fra:1 Mem:17.79M (Peak 24.31M) | Time:00:00.07 | Mem:0.05M, Peak:0.05M | Scene, ViewLayer | Updating Mesh | Computing attributes
Fra:1 Mem:18.06M (Peak 24.31M) | Time:00:00.07 | Mem:0.08M, Peak:0.08M | Scene, ViewLayer | Updating Mesh | Copying Attributes to device
Fra:1 Mem:18.00M (Peak 24.31M) | Time:00:00.07 | Mem:0.26M, Peak:0.26M | Scene, ViewLayer | Updating Geometry BVH Cube.001 1/191 | Building BVH
Fra:1 Mem:18.00M (Peak 24.31M) | Time:00:00.07 | Mem:0.26M, Peak:0.26M | Scene, ViewLayer | Updating Geometry BVH Cube.013 13/191 | Building BVH
Fra:1 Mem:18.00M (Peak 24.31M) | Time:00:00.07 | Mem:0.26M, Peak:0.26M | Scene, ViewLayer | Updating Geometry BVH Cube.014 14/191 | Building BVH
Fra:1 Mem:18.00M (Peak 24.31M) | Time:00:00.07 | Mem:0.26M, Peak:0.26M | Scene, ViewLayer | Updating Geometry BVH Cube.191 191/191 | Building BVH
Fra:1 Mem:18.00M (Peak 24.31M) | Time:00:00.07 | Mem:0.26M, Peak:0.26M | Scene, ViewLayer | Updating Geometry BVH Cube.191 191/191 | Building BVH 0%
Fra:1 Mem:18.00M (Peak 24.31M) | Time:00:00.07 | Mem:0.26M, Peak:0.26M | Scene, ViewLayer | Updating Geometry BVH Cube.191 191/191 | Building BVH
Fra:1 Mem:18.00M (Peak 24.31M) | Time:00:00.07 | Mem:0.26M, Peak:0.26M | Scene, ViewLayer | Updating Geometry BVH Cube.191 191/191 | Building BVH 0%
Fra:1 Mem:18.00M (Peak 24.31M) | Time:00:00.07 | Mem:0.26M, Peak:0.26M | Scene, ViewLayer | Updating Geometry BVH Cube.191 191/191 | Building BVH
Fra:1 Mem:18.00M (Peak 24.31M) | Time:00:00.07 | Mem:0.26M, Peak:0.26M | Scene, ViewLayer | Updating Geometry BVH Cube.016 16/191 | Building BVH
Fra:1 Mem:18.00M (Peak 24.31M) | Time:00:00.07 | Mem:0.26M, Peak:0.26M | Scene, ViewLayer | Updating Geometry BVH Cube.017 17/191 | Building BVH
Fra:1 Mem:18.00M (Peak 24.31M) | Time:00:00.07 | Mem:0.26M, Peak:0.26M | Scene, ViewLayer | Updating Geometry BVH Cube.018 18/191 | Building BVH
Fra:1 Mem:18.00M (Peak 24.31M) | Time:00:00.07 | Mem:0.26M, Peak:0.26M | Scene, ViewLayer | Updating Geometry BVH Cube.019 19/191 | Building BVH
Fra:1 Mem:18.00M (Peak 24.31M) | Time:00:00.07 | Mem:0.27M, Peak:0.27M | Scene, ViewLayer | Updating Geometry BVH Cube.020 20/191 | Building BVH
Fra:1 Mem:18.00M (Peak 24.31M) | Time:00:00.07 | Mem:0.27M, Peak:0.27M | Scene, ViewLayer | Updating Geometry BVH Cube.021 21/191 | Building BVH
Fra:1 Mem:18.00M (Peak 24.31M) | Time:00:00.07 | Mem:0.27M, Peak:0.27M | Scene, ViewLayer | Updating Geometry BVH Cube.022 22/191 | Building BVH
Fra:1 Mem:18.00M (Peak 24.31M) | Time:00:00.07 | Mem:0.27M, Peak:0.27M | Scene, ViewLayer | Updating Geometry BVH Cube.024 24/191 | Building BVH
Fra:1 Mem:18.00M (Peak 24.31M) | Time:00:00.07 | Mem:0.27M, Peak:0.27M | Scene, ViewLayer | Updating Geometry BVH Cube.025 25/191 | Building BVH
Fra:1 Mem:18.00M (Peak 24.31M) | Time:00:00.07 | Mem:0.27M, Peak:0.27M | Scene, ViewLayer | Updating Geometry BVH Cube.026 26/191 | Building BVH
Fra:1 Mem:18.00M (Peak 24.31M) | Time:00:00.07 | Mem:0.27M, Peak:0.27M | Scene, ViewLayer | Updating Geometry BVH Cube.027 27/191 | Building BVH
Fra:1 Mem:18.00M (Peak 24.31M) | Time:00:00.07 | Mem:0.28M, Peak:0.28M | Scene, ViewLayer | Updating Geometry BVH Cube.028 28/191 | Building BVH
Fra:1 Mem:18.00M (Peak 24.31M) | Time:00:00.07 | Mem:0.28M, Peak:0.28M | Scene, ViewLayer | Updating Geometry BVH Cube.029 29/191 | Building BVH
Fra:1 Mem:18.00M (Peak 24.31M) | Time:00:00.07 | Mem:0.28M, Peak:0.28M | Scene, ViewLayer | Updating Geometry BVH Cube.030 30/191 | Building BVH
Fra:1 Mem:18.00M (Peak 24.31M) | Time:00:00.07 | Mem:0.28M, Peak:0.28M | Scene, ViewLayer | Updating Geometry BVH Cube.031 31/191 | Building BVH
Fra:1 Mem:18.00M (Peak 24.31M) | Time:00:00.07 | Mem:0.28M, Peak:0.28M | Scene, ViewLayer | Updating Geometry BVH Cube.032 32/191 | Building BVH
Fra:1 Mem:18.00M (Peak 24.31M) | Time:00:00.07 | Mem:0.28M, Peak:0.28M | Scene, ViewLayer | Updating Geometry BVH Cube.034 34/191 | Building BVH
Fra:1 Mem:18.00M (Peak 24.31M) | Time:00:00.07 | Mem:0.29M, Peak:0.29M | Scene, ViewLayer | Updating Geometry BVH Cube.036 36/191 | Building BVH
Fra:1 Mem:18.00M (Peak 24.31M) | Time:00:00.07 | Mem:0.29M, Peak:0.29M | Scene, ViewLayer | Updating Geometry BVH Cube.037 37/191 | Building BVH
Fra:1 Mem:18.00M (Peak 24.31M) | Time:00:00.07 | Mem:0.29M, Peak:0.29M | Scene, ViewLayer | Updating Geometry BVH Cube.038 38/191 | Building BVH
Fra:1 Mem:18.00M (Peak 24.31M) | Time:00:00.07 | Mem:0.29M, Peak:0.29M | Scene, ViewLayer | Updating Geometry BVH Cube.039 39/191 | Building BVH
Fra:1 Mem:18.00M (Peak 24.31M) | Time:00:00.07 | Mem:0.29M, Peak:0.29M | Scene, ViewLayer | Updating Geometry BVH Cube.040 40/191 | Building BVH
Fra:1 Mem:18.00M (Peak 24.31M) | Time:00:00.07 | Mem:0.29M, Peak:0.29M | Scene, ViewLayer | Updating Geometry BVH Cube.041 41/191 | Building BVH
Fra:1 Mem:18.00M (Peak 24.31M) | Time:00:00.07 | Mem:0.29M, Peak:0.29M | Scene, ViewLayer | Updating Geometry BVH Cube.042 42/191 | Building BVH
Fra:1 Mem:18.00M (Peak 24.31M) | Time:00:00.07 | Mem:0.29M, Peak:0.30M | Scene, ViewLayer | Updating Geometry BVH Cube.043 43/191 | Building BVH
Fra:1 Mem:18.00M (Peak 24.31M) | Time:00:00.07 | Mem:0.30M, Peak:0.30M | Scene, ViewLayer | Updating Geometry BVH Cube.044 44/191 | Building BVH
Fra:1 Mem:18.00M (Peak 24.31M) | Time:00:00.07 | Mem:0.30M, Peak:0.30M | Scene, ViewLayer | Updating Geometry BVH Cube.046 46/191 | Building BVH
Fra:1 Mem:18.00M (Peak 24.31M) | Time:00:00.07 | Mem:0.30M, Peak:0.30M | Scene, ViewLayer | Updating Geometry BVH Cube.047 47/191 | Building BVH
Fra:1 Mem:18.00M (Peak 24.31M) | Time:00:00.07 | Mem:0.30M, Peak:0.30M | Scene, ViewLayer | Updating Geometry BVH Cube.190 190/191 | Building BVH
Fra:1 Mem:18.00M (Peak 24.31M) | Time:00:00.07 | Mem:0.30M, Peak:0.30M | Scene, ViewLayer | Updating Geometry BVH Cube.048 48/191 | Building BVH
Fra:1 Mem:18.00M (Peak 24.31M) | Time:00:00.07 | Mem:0.30M, Peak:0.30M | Scene, ViewLayer | Updating Geometry BVH Cube.049 49/191 | Building BVH
Fra:1 Mem:18.00M (Peak 24.31M) | Time:00:00.07 | Mem:0.30M, Peak:0.30M | Scene, ViewLayer | Updating Geometry BVH Cube.189 189/191 | Building BVH
Fra:1 Mem:18.00M (Peak 24.31M) | Time:00:00.07 | Mem:0.31M, Peak:0.31M | Scene, ViewLayer | Updating Geometry BVH Cube.050 50/191 | Building BVH
Fra:1 Mem:18.00M (Peak 24.31M) | Time:00:00.07 | Mem:0.31M, Peak:0.31M | Scene, ViewLayer | Updating Geometry BVH Cube.051 51/191 | Building BVH
Fra:1 Mem:18.00M (Peak 24.31M) | Time:00:00.07 | Mem:0.31M, Peak:0.31M | Scene, ViewLayer | Updating Geometry BVH Cube.052 52/191 | Building BVH
Fra:1 Mem:18.00M (Peak 24.31M) | Time:00:00.07 | Mem:0.31M, Peak:0.31M | Scene, ViewLayer | Updating Geometry BVH Cube.053 53/191 | Building BVH
Fra:1 Mem:18.00M (Peak 24.31M) | Time:00:00.07 | Mem:0.31M, Peak:0.31M | Scene, ViewLayer | Updating Geometry BVH Cube.054 54/191 | Building BVH
Fra:1 Mem:18.00M (Peak 24.31M) | Time:00:00.07 | Mem:0.31M, Peak:0.31M | Scene, ViewLayer | Updating Geometry BVH Cube.055 55/191 | Building BVH
Fra:1 Mem:18.00M (Peak 24.31M) | Time:00:00.07 | Mem:0.31M, Peak:0.31M | Scene, ViewLayer | Updating Geometry BVH Cube.056 56/191 | Building BVH
Fra:1 Mem:18.00M (Peak 24.31M) | Time:00:00.07 | Mem:0.32M, Peak:0.32M | Scene, ViewLayer | Updating Geometry BVH Cube.057 57/191 | Building BVH
Fra:1 Mem:18.00M (Peak 24.31M) | Time:00:00.07 | Mem:0.32M, Peak:0.32M | Scene, ViewLayer | Updating Geometry BVH Cube.058 58/191 | Building BVH
Fra:1 Mem:18.00M (Peak 24.31M) | Time:00:00.07 | Mem:0.32M, Peak:0.32M | Scene, ViewLayer | Updating Geometry BVH Cube.059 59/191 | Building BVH
Fra:1 Mem:18.00M (Peak 24.31M) | Time:00:00.07 | Mem:0.32M, Peak:0.32M | Scene, ViewLayer | Updating Geometry BVH Cube.060 60/191 | Building BVH
Fra:1 Mem:18.00M (Peak 24.31M) | Time:00:00.07 | Mem:0.32M, Peak:0.32M | Scene, ViewLayer | Updating Geometry BVH Cube.061 61/191 | Building BVH
Fra:1 Mem:18.00M (Peak 24.31M) | Time:00:00.07 | Mem:0.32M, Peak:0.32M | Scene, ViewLayer | Updating Geometry BVH Cube.062 62/191 | Building BVH
Fra:1 Mem:18.00M (Peak 24.31M) | Time:00:00.07 | Mem:0.32M, Peak:0.32M | Scene, ViewLayer | Updating Geometry BVH Cube.188 188/191 | Building BVH
Fra:1 Mem:18.00M (Peak 24.31M) | Time:00:00.07 | Mem:0.33M, Peak:0.33M | Scene, ViewLayer | Updating Geometry BVH Cube.063 63/191 | Building BVH
Fra:1 Mem:18.00M (Peak 24.31M) | Time:00:00.07 | Mem:0.33M, Peak:0.33M | Scene, ViewLayer | Updating Geometry BVH Cube.187 187/191 | Building BVH
Fra:1 Mem:18.00M (Peak 24.31M) | Time:00:00.07 | Mem:0.33M, Peak:0.33M | Scene, ViewLayer | Updating Geometry BVH Cube.064 64/191 | Building BVH
Fra:1 Mem:18.00M (Peak 24.31M) | Time:00:00.07 | Mem:0.33M, Peak:0.33M | Scene, ViewLayer | Updating Geometry BVH Cube.065 65/191 | Building BVH
Fra:1 Mem:18.00M (Peak 24.31M) | Time:00:00.07 | Mem:0.33M, Peak:0.33M | Scene, ViewLayer | Updating Geometry BVH Cube.066 66/191 | Building BVH
Fra:1 Mem:18.00M (Peak 24.31M) | Time:00:00.07 | Mem:0.33M, Peak:0.33M | Scene, ViewLayer | Updating Geometry BVH Cube.067 67/191 | Building BVH
Fra:1 Mem:18.00M (Peak 24.31M) | Time:00:00.07 | Mem:0.33M, Peak:0.33M | Scene, ViewLayer | Updating Geometry BVH Cube.068 68/191 | Building BVH
Fra:1 Mem:18.00M (Peak 24.31M) | Time:00:00.07 | Mem:0.34M, Peak:0.34M | Scene, ViewLayer | Updating Geometry BVH Cube.069 69/191 | Building BVH
Fra:1 Mem:18.00M (Peak 24.31M) | Time:00:00.07 | Mem:0.34M, Peak:0.34M | Scene, ViewLayer | Updating Geometry BVH Cube.071 71/191 | Building BVH
Fra:1 Mem:18.00M (Peak 24.31M) | Time:00:00.07 | Mem:0.34M, Peak:0.34M | Scene, ViewLayer | Updating Geometry BVH Cube.072 72/191 | Building BVH
Fra:1 Mem:18.00M (Peak 24.31M) | Time:00:00.07 | Mem:0.34M, Peak:0.34M | Scene, ViewLayer | Updating Geometry BVH Cube.073 73/191 | Building BVH
Fra:1 Mem:18.00M (Peak 24.31M) | Time:00:00.07 | Mem:0.34M, Peak:0.34M | Scene, ViewLayer | Updating Geometry BVH Cube.074 74/191 | Building BVH
Fra:1 Mem:18.00M (Peak 24.31M) | Time:00:00.07 | Mem:0.34M, Peak:0.34M | Scene, ViewLayer | Updating Geometry BVH Cube.075 75/191 | Building BVH
Fra:1 Mem:18.00M (Peak 24.31M) | Time:00:00.07 | Mem:0.34M, Peak:0.35M | Scene, ViewLayer | Updating Geometry BVH Cube.076 76/191 | Building BVH
Fra:1 Mem:18.00M (Peak 24.31M) | Time:00:00.07 | Mem:0.35M, Peak:0.35M | Scene, ViewLayer | Updating Geometry BVH Cube.186 186/191 | Building BVH
Fra:1 Mem:18.00M (Peak 24.31M) | Time:00:00.07 | Mem:0.35M, Peak:0.35M | Scene, ViewLayer | Updating Geometry BVH Cube.078 78/191 | Building BVH
Fra:1 Mem:18.00M (Peak 24.31M) | Time:00:00.07 | Mem:0.35M, Peak:0.35M | Scene, ViewLayer | Updating Geometry BVH Cube.079 79/191 | Building BVH
Fra:1 Mem:18.00M (Peak 24.31M) | Time:00:00.07 | Mem:0.35M, Peak:0.35M | Scene, ViewLayer | Updating Geometry BVH Cube.080 80/191 | Building BVH
Fra:1 Mem:18.00M (Peak 24.31M) | Time:00:00.07 | Mem:0.35M, Peak:0.35M | Scene, ViewLayer | Updating Geometry BVH Cube.081 81/191 | Building BVH
Fra:1 Mem:18.00M (Peak 24.31M) | Time:00:00.07 | Mem:0.35M, Peak:0.35M | Scene, ViewLayer | Updating Geometry BVH Cube.083 83/191 | Building BVH
Fra:1 Mem:18.00M (Peak 24.31M) | Time:00:00.07 | Mem:0.36M, Peak:0.36M | Scene, ViewLayer | Updating Geometry BVH Cube.084 84/191 | Building BVH
Fra:1 Mem:18.00M (Peak 24.31M) | Time:00:00.07 | Mem:0.36M, Peak:0.36M | Scene, ViewLayer | Updating Geometry BVH Cube.085 85/191 | Building BVH
Fra:1 Mem:18.00M (Peak 24.31M) | Time:00:00.07 | Mem:0.36M, Peak:0.36M | Scene, ViewLayer | Updating Geometry BVH Cube.086 86/191 | Building BVH
Fra:1 Mem:18.00M (Peak 24.31M) | Time:00:00.07 | Mem:0.36M, Peak:0.36M | Scene, ViewLayer | Updating Geometry BVH Cube.087 87/191 | Building BVH
Fra:1 Mem:18.00M (Peak 24.31M) | Time:00:00.07 | Mem:0.36M, Peak:0.36M | Scene, ViewLayer | Updating Geometry BVH Cube.088 88/191 | Building BVH
Fra:1 Mem:18.00M (Peak 24.31M) | Time:00:00.07 | Mem:0.36M, Peak:0.36M | Scene, ViewLayer | Updating Geometry BVH Cube.089 89/191 | Building BVH
Fra:1 Mem:18.00M (Peak 24.31M) | Time:00:00.07 | Mem:0.36M, Peak:0.36M | Scene, ViewLayer | Updating Geometry BVH Cube.091 91/191 | Building BVH
Fra:1 Mem:18.00M (Peak 24.31M) | Time:00:00.07 | Mem:0.37M, Peak:0.37M | Scene, ViewLayer | Updating Geometry BVH Cube.092 92/191 | Building BVH
Fra:1 Mem:18.00M (Peak 24.31M) | Time:00:00.07 | Mem:0.37M, Peak:0.37M | Scene, ViewLayer | Updating Geometry BVH Cube.093 93/191 | Building BVH
Fra:1 Mem:18.00M (Peak 24.31M) | Time:00:00.07 | Mem:0.37M, Peak:0.37M | Scene, ViewLayer | Updating Geometry BVH Cube.095 95/191 | Building BVH
Fra:1 Mem:18.00M (Peak 24.31M) | Time:00:00.07 | Mem:0.37M, Peak:0.37M | Scene, ViewLayer | Updating Geometry BVH Cube.097 97/191 | Building BVH
Fra:1 Mem:18.00M (Peak 24.31M) | Time:00:00.07 | Mem:0.37M, Peak:0.37M | Scene, ViewLayer | Updating Geometry BVH Cube.098 98/191 | Building BVH
Fra:1 Mem:18.00M (Peak 24.31M) | Time:00:00.07 | Mem:0.38M, Peak:0.38M | Scene, ViewLayer | Updating Geometry BVH Cube.099 99/191 | Building BVH
Fra:1 Mem:18.00M (Peak 24.31M) | Time:00:00.07 | Mem:0.38M, Peak:0.38M | Scene, ViewLayer | Updating Geometry BVH Cube.185 185/191 | Building BVH
Fra:1 Mem:18.00M (Peak 24.31M) | Time:00:00.07 | Mem:0.38M, Peak:0.38M | Scene, ViewLayer | Updating Geometry BVH Cube.100 100/191 | Building BVH
Fra:1 Mem:18.00M (Peak 24.31M) | Time:00:00.07 | Mem:0.38M, Peak:0.38M | Scene, ViewLayer | Updating Geometry BVH Cube.101 101/191 | Building BVH
Fra:1 Mem:18.00M (Peak 24.31M) | Time:00:00.07 | Mem:0.38M, Peak:0.38M | Scene, ViewLayer | Updating Geometry BVH Cube.102 102/191 | Building BVH
Fra:1 Mem:18.00M (Peak 24.31M) | Time:00:00.07 | Mem:0.38M, Peak:0.38M | Scene, ViewLayer | Updating Geometry BVH Cube.103 103/191 | Building BVH
Fra:1 Mem:18.00M (Peak 24.31M) | Time:00:00.07 | Mem:0.38M, Peak:0.38M | Scene, ViewLayer | Updating Geometry BVH Cube.104 104/191 | Building BVH
Fra:1 Mem:18.00M (Peak 24.31M) | Time:00:00.07 | Mem:0.38M, Peak:0.39M | Scene, ViewLayer | Updating Geometry BVH Cube.105 105/191 | Building BVH
Fra:1 Mem:18.00M (Peak 24.31M) | Time:00:00.07 | Mem:0.39M, Peak:0.39M | Scene, ViewLayer | Updating Geometry BVH Cube.106 106/191 | Building BVH
Fra:1 Mem:18.00M (Peak 24.31M) | Time:00:00.07 | Mem:0.39M, Peak:0.39M | Scene, ViewLayer | Updating Geometry BVH Cube.107 107/191 | Building BVH
Fra:1 Mem:18.00M (Peak 24.31M) | Time:00:00.07 | Mem:0.39M, Peak:0.39M | Scene, ViewLayer | Updating Geometry BVH Cube.108 108/191 | Building BVH
Fra:1 Mem:18.00M (Peak 24.31M) | Time:00:00.07 | Mem:0.39M, Peak:0.39M | Scene, ViewLayer | Updating Geometry BVH Cube.109 109/191 | Building BVH
Fra:1 Mem:18.00M (Peak 24.31M) | Time:00:00.07 | Mem:0.39M, Peak:0.39M | Scene, ViewLayer | Updating Geometry BVH Cube.110 110/191 | Building BVH
Fra:1 Mem:18.00M (Peak 24.31M) | Time:00:00.07 | Mem:0.39M, Peak:0.39M | Scene, ViewLayer | Updating Geometry BVH Cube.111 111/191 | Building BVH
Fra:1 Mem:18.00M (Peak 24.31M) | Time:00:00.07 | Mem:0.39M, Peak:0.39M | Scene, ViewLayer | Updating Geometry BVH Cube.112 112/191 | Building BVH
Fra:1 Mem:18.00M (Peak 24.31M) | Time:00:00.07 | Mem:0.40M, Peak:0.40M | Scene, ViewLayer | Updating Geometry BVH Cube.113 113/191 | Building BVH
Fra:1 Mem:18.00M (Peak 24.31M) | Time:00:00.07 | Mem:0.40M, Peak:0.40M | Scene, ViewLayer | Updating Geometry BVH Cube.114 114/191 | Building BVH
Fra:1 Mem:18.00M (Peak 24.31M) | Time:00:00.07 | Mem:0.40M, Peak:0.40M | Scene, ViewLayer | Updating Geometry BVH Cube.115 115/191 | Building BVH
Fra:1 Mem:18.00M (Peak 24.31M) | Time:00:00.07 | Mem:0.40M, Peak:0.40M | Scene, ViewLayer | Updating Geometry BVH Cube.116 116/191 | Building BVH
Fra:1 Mem:18.00M (Peak 24.31M) | Time:00:00.07 | Mem:0.40M, Peak:0.40M | Scene, ViewLayer | Updating Geometry BVH Cube.117 117/191 | Building BVH
Fra:1 Mem:18.00M (Peak 24.31M) | Time:00:00.07 | Mem:0.40M, Peak:0.40M | Scene, ViewLayer | Updating Geometry BVH Cube.118 118/191 | Building BVH
Fra:1 Mem:18.00M (Peak 24.31M) | Time:00:00.07 | Mem:0.40M, Peak:0.41M | Scene, ViewLayer | Updating Geometry BVH Cube.119 119/191 | Building BVH
Fra:1 Mem:18.00M (Peak 24.31M) | Time:00:00.07 | Mem:0.41M, Peak:0.41M | Scene, ViewLayer | Updating Geometry BVH Cube.120 120/191 | Building BVH
Fra:1 Mem:18.00M (Peak 24.31M) | Time:00:00.07 | Mem:0.41M, Peak:0.41M | Scene, ViewLayer | Updating Geometry BVH Cube.121 121/191 | Building BVH
Fra:1 Mem:18.00M (Peak 24.31M) | Time:00:00.07 | Mem:0.41M, Peak:0.41M | Scene, ViewLayer | Updating Geometry BVH Cube.122 122/191 | Building BVH
Fra:1 Mem:18.00M (Peak 24.31M) | Time:00:00.07 | Mem:0.41M, Peak:0.41M | Scene, ViewLayer | Updating Geometry BVH Cube.123 123/191 | Building BVH
Fra:1 Mem:18.00M (Peak 24.31M) | Time:00:00.07 | Mem:0.41M, Peak:0.41M | Scene, ViewLayer | Updating Geometry BVH Cube.124 124/191 | Building BVH
Fra:1 Mem:18.00M (Peak 24.31M) | Time:00:00.07 | Mem:0.41M, Peak:0.41M | Scene, ViewLayer | Updating Geometry BVH Cube.184 184/191 | Building BVH
Fra:1 Mem:18.00M (Peak 24.31M) | Time:00:00.07 | Mem:0.41M, Peak:0.41M | Scene, ViewLayer | Updating Geometry BVH Cube.125 125/191 | Building BVH
Fra:1 Mem:18.00M (Peak 24.31M) | Time:00:00.07 | Mem:0.42M, Peak:0.42M | Scene, ViewLayer | Updating Geometry BVH Cube.126 126/191 | Building BVH
Fra:1 Mem:18.00M (Peak 24.31M) | Time:00:00.07 | Mem:0.42M, Peak:0.42M | Scene, ViewLayer | Updating Geometry BVH Cube.127 127/191 | Building BVH
Fra:1 Mem:18.00M (Peak 24.31M) | Time:00:00.07 | Mem:0.42M, Peak:0.42M | Scene, ViewLayer | Updating Geometry BVH Cube.128 128/191 | Building BVH
Fra:1 Mem:18.00M (Peak 24.31M) | Time:00:00.07 | Mem:0.42M, Peak:0.42M | Scene, ViewLayer | Updating Geometry BVH Cube.129 129/191 | Building BVH
Fra:1 Mem:18.00M (Peak 24.31M) | Time:00:00.07 | Mem:0.42M, Peak:0.42M | Scene, ViewLayer | Updating Geometry BVH Cube.130 130/191 | Building BVH
Fra:1 Mem:18.00M (Peak 24.31M) | Time:00:00.07 | Mem:0.42M, Peak:0.42M | Scene, ViewLayer | Updating Geometry BVH Cube.131 131/191 | Building BVH
Fra:1 Mem:18.00M (Peak 24.31M) | Time:00:00.07 | Mem:0.42M, Peak:0.42M | Scene, ViewLayer | Updating Geometry BVH Cube.133 133/191 | Building BVH
Fra:1 Mem:18.00M (Peak 24.31M) | Time:00:00.07 | Mem:0.42M, Peak:0.43M | Scene, ViewLayer | Updating Geometry BVH Cube.134 134/191 | Building BVH
Fra:1 Mem:18.00M (Peak 24.31M) | Time:00:00.07 | Mem:0.43M, Peak:0.43M | Scene, ViewLayer | Updating Geometry BVH Cube.135 135/191 | Building BVH
Fra:1 Mem:18.00M (Peak 24.31M) | Time:00:00.07 | Mem:0.43M, Peak:0.43M | Scene, ViewLayer | Updating Geometry BVH Cube.136 136/191 | Building BVH
Fra:1 Mem:18.00M (Peak 24.31M) | Time:00:00.07 | Mem:0.43M, Peak:0.43M | Scene, ViewLayer | Updating Geometry BVH Cube.137 137/191 | Building BVH
Fra:1 Mem:18.00M (Peak 24.31M) | Time:00:00.07 | Mem:0.43M, Peak:0.43M | Scene, ViewLayer | Updating Geometry BVH Cube.138 138/191 | Building BVH
Fra:1 Mem:18.00M (Peak 24.31M) | Time:00:00.07 | Mem:0.43M, Peak:0.43M | Scene, ViewLayer | Updating Geometry BVH Cube.140 140/191 | Building BVH
Fra:1 Mem:18.00M (Peak 24.31M) | Time:00:00.07 | Mem:0.43M, Peak:0.43M | Scene, ViewLayer | Updating Geometry BVH Cube.141 141/191 | Building BVH
Fra:1 Mem:18.00M (Peak 24.31M) | Time:00:00.07 | Mem:0.44M, Peak:0.44M | Scene, ViewLayer | Updating Geometry BVH Cube.142 142/191 | Building BVH
Fra:1 Mem:18.00M (Peak 24.31M) | Time:00:00.07 | Mem:0.44M, Peak:0.44M | Scene, ViewLayer | Updating Geometry BVH Cube.143 143/191 | Building BVH
Fra:1 Mem:18.00M (Peak 24.31M) | Time:00:00.07 | Mem:0.44M, Peak:0.44M | Scene, ViewLayer | Updating Geometry BVH Cube.144 144/191 | Building BVH
Fra:1 Mem:18.00M (Peak 24.31M) | Time:00:00.07 | Mem:0.44M, Peak:0.44M | Scene, ViewLayer | Updating Geometry BVH Cube.145 145/191 | Building BVH
Fra:1 Mem:18.00M (Peak 24.31M) | Time:00:00.07 | Mem:0.44M, Peak:0.44M | Scene, ViewLayer | Updating Geometry BVH Cube.146 146/191 | Building BVH
Fra:1 Mem:18.00M (Peak 24.31M) | Time:00:00.07 | Mem:0.44M, Peak:0.44M | Scene, ViewLayer | Updating Geometry BVH Cube.147 147/191 | Building BVH
Fra:1 Mem:18.00M (Peak 24.31M) | Time:00:00.07 | Mem:0.45M, Peak:0.45M | Scene, ViewLayer | Updating Geometry BVH Cube.148 148/191 | Building BVH
Fra:1 Mem:18.00M (Peak 24.31M) | Time:00:00.07 | Mem:0.45M, Peak:0.45M | Scene, ViewLayer | Updating Geometry BVH Cube.149 149/191 | Building BVH
Fra:1 Mem:18.00M (Peak 24.31M) | Time:00:00.07 | Mem:0.45M, Peak:0.45M | Scene, ViewLayer | Updating Geometry BVH Cube.150 150/191 | Building BVH
Fra:1 Mem:18.00M (Peak 24.31M) | Time:00:00.07 | Mem:0.45M, Peak:0.45M | Scene, ViewLayer | Updating Geometry BVH Cube.151 151/191 | Building BVH
Fra:1 Mem:18.00M (Peak 24.31M) | Time:00:00.07 | Mem:0.45M, Peak:0.45M | Scene, ViewLayer | Updating Geometry BVH Cube.152 152/191 | Building BVH
Fra:1 Mem:18.00M (Peak 24.31M) | Time:00:00.07 | Mem:0.45M, Peak:0.45M | Scene, ViewLayer | Updating Geometry BVH Cube.153 153/191 | Building BVH
Fra:1 Mem:18.00M (Peak 24.31M) | Time:00:00.07 | Mem:0.45M, Peak:0.45M | Scene, ViewLayer | Updating Geometry BVH Cube.154 154/191 | Building BVH
Fra:1 Mem:18.00M (Peak 24.31M) | Time:00:00.07 | Mem:0.45M, Peak:0.45M | Scene, ViewLayer | Updating Geometry BVH Cube.155 155/191 | Building BVH
Fra:1 Mem:18.00M (Peak 24.31M) | Time:00:00.07 | Mem:0.46M, Peak:0.46M | Scene, ViewLayer | Updating Geometry BVH Cube.156 156/191 | Building BVH
Fra:1 Mem:18.00M (Peak 24.31M) | Time:00:00.07 | Mem:0.46M, Peak:0.46M | Scene, ViewLayer | Updating Geometry BVH Cube.157 157/191 | Building BVH
Fra:1 Mem:18.00M (Peak 24.31M) | Time:00:00.07 | Mem:0.46M, Peak:0.46M | Scene, ViewLayer | Updating Geometry BVH Cube.158 158/191 | Building BVH
Fra:1 Mem:18.00M (Peak 24.31M) | Time:00:00.07 | Mem:0.46M, Peak:0.46M | Scene, ViewLayer | Updating Geometry BVH Cube.159 159/191 | Building BVH
Fra:1 Mem:18.00M (Peak 24.31M) | Time:00:00.07 | Mem:0.46M, Peak:0.46M | Scene, ViewLayer | Updating Geometry BVH Cube.160 160/191 | Building BVH
Fra:1 Mem:18.00M (Peak 24.31M) | Time:00:00.07 | Mem:0.46M, Peak:0.46M | Scene, ViewLayer | Updating Geometry BVH Cube.161 161/191 | Building BVH
Fra:1 Mem:18.00M (Peak 24.31M) | Time:00:00.07 | Mem:0.47M, Peak:0.47M | Scene, ViewLayer | Updating Geometry BVH Cube.163 163/191 | Building BVH
Fra:1 Mem:18.00M (Peak 24.31M) | Time:00:00.07 | Mem:0.47M, Peak:0.47M | Scene, ViewLayer | Updating Geometry BVH Cube.165 165/191 | Building BVH
Fra:1 Mem:18.00M (Peak 24.31M) | Time:00:00.07 | Mem:0.47M, Peak:0.47M | Scene, ViewLayer | Updating Geometry BVH Cube.183 183/191 | Building BVH
Fra:1 Mem:18.00M (Peak 24.31M) | Time:00:00.07 | Mem:0.47M, Peak:0.47M | Scene, ViewLayer | Updating Geometry BVH Cube.166 166/191 | Building BVH
Fra:1 Mem:18.00M (Peak 24.31M) | Time:00:00.07 | Mem:0.47M, Peak:0.47M | Scene, ViewLayer | Updating Geometry BVH Cube.168 168/191 | Building BVH
Fra:1 Mem:18.00M (Peak 24.31M) | Time:00:00.07 | Mem:0.47M, Peak:0.47M | Scene, ViewLayer | Updating Geometry BVH Cube.169 169/191 | Building BVH
Fra:1 Mem:18.00M (Peak 24.31M) | Time:00:00.07 | Mem:0.47M, Peak:0.48M | Scene, ViewLayer | Updating Geometry BVH Cube.170 170/191 | Building BVH
Fra:1 Mem:18.00M (Peak 24.31M) | Time:00:00.07 | Mem:0.48M, Peak:0.48M | Scene, ViewLayer | Updating Geometry BVH Cube.171 171/191 | Building BVH
Fra:1 Mem:18.00M (Peak 24.31M) | Time:00:00.07 | Mem:0.48M, Peak:0.48M | Scene, ViewLayer | Updating Geometry BVH Cube.172 172/191 | Building BVH
Fra:1 Mem:18.00M (Peak 24.31M) | Time:00:00.07 | Mem:0.48M, Peak:0.48M | Scene, ViewLayer | Updating Geometry BVH Cube.173 173/191 | Building BVH
Fra:1 Mem:18.00M (Peak 24.31M) | Time:00:00.07 | Mem:0.48M, Peak:0.48M | Scene, ViewLayer | Updating Geometry BVH Cube.174 174/191 | Building BVH
Fra:1 Mem:18.00M (Peak 24.31M) | Time:00:00.07 | Mem:0.48M, Peak:0.48M | Scene, ViewLayer | Updating Geometry BVH Cube.175 175/191 | Building BVH
Fra:1 Mem:18.00M (Peak 24.31M) | Time:00:00.07 | Mem:0.48M, Peak:0.48M | Scene, ViewLayer | Updating Geometry BVH Cube.176 176/191 | Building BVH
Fra:1 Mem:18.00M (Peak 24.31M) | Time:00:00.07 | Mem:0.49M, Peak:0.49M | Scene, ViewLayer | Updating Geometry BVH Cube.178 178/191 | Building BVH
Fra:1 Mem:18.00M (Peak 24.31M) | Time:00:00.07 | Mem:0.49M, Peak:0.49M | Scene, ViewLayer | Updating Geometry BVH Cube.179 179/191 | Building BVH
Fra:1 Mem:18.00M (Peak 24.31M) | Time:00:00.07 | Mem:0.49M, Peak:0.49M | Scene, ViewLayer | Updating Geometry BVH Cube.180 180/191 | Building BVH
Fra:1 Mem:18.00M (Peak 24.31M) | Time:00:00.07 | Mem:0.49M, Peak:0.49M | Scene, ViewLayer | Updating Geometry BVH Cube.182 182/191 | Building BVH
Fra:1 Mem:18.00M (Peak 24.31M) | Time:00:00.07 | Mem:0.51M, Peak:0.51M | Scene, ViewLayer | Updating Scene BVH | Building
Fra:1 Mem:18.00M (Peak 24.31M) | Time:00:00.07 | Mem:0.51M, Peak:0.51M | Scene, ViewLayer | Updating Scene BVH | Building BVH
Fra:1 Mem:18.00M (Peak 24.31M) | Time:00:00.07 | Mem:0.53M, Peak:0.54M | Scene, ViewLayer | Updating Scene BVH | Copying BVH to device
Fra:1 Mem:18.00M (Peak 24.31M) | Time:00:00.07 | Mem:0.53M, Peak:0.54M | Scene, ViewLayer | Updating Mesh | Computing normals
Fra:1 Mem:18.16M (Peak 24.31M) | Time:00:00.07 | Mem:0.53M, Peak:0.54M | Scene, ViewLayer | Updating Mesh | Copying Mesh to device
Fra:1 Mem:18.16M (Peak 24.31M) | Time:00:00.07 | Mem:0.69M, Peak:0.69M | Scene, ViewLayer | Updating Objects Flags
Fra:1 Mem:18.16M (Peak 24.31M) | Time:00:00.07 | Mem:0.69M, Peak:0.69M | Scene, ViewLayer | Updating Primitive Offsets
Fra:1 Mem:18.16M (Peak 24.31M) | Time:00:00.07 | Mem:0.69M, Peak:0.69M | Scene, ViewLayer | Updating Images
Fra:1 Mem:18.16M (Peak 24.31M) | Time:00:00.07 | Mem:0.69M, Peak:0.69M | Scene, ViewLayer | Updating Images | Loading geode_calcite_normal_preview.png
Fra:1 Mem:18.16M (Peak 24.31M) | Time:00:00.07 | Mem:0.69M, Peak:0.69M | Scene, ViewLayer | Updating Images | Loading geode_lining.png
Fra:1 Mem:18.17M (Peak 24.31M) | Time:00:00.07 | Mem:0.69M, Peak:0.69M | Scene, ViewLayer | Updating Images | Loading geode_basalt_emission.png
Fra:1 Mem:18.20M (Peak 24.31M) | Time:00:00.08 | Mem:0.69M, Peak:0.69M | Scene, ViewLayer | Updating Images | Loading geode_calcite_shadow_normal_preview.png
Fra:1 Mem:18.20M (Peak 24.31M) | Time:00:00.08 | Mem:0.69M, Peak:0.69M | Scene, ViewLayer | Updating Images | Loading bud_silver_emission.png
Fra:1 Mem:18.20M (Peak 24.31M) | Time:00:00.08 | Mem:0.69M, Peak:0.69M | Scene, ViewLayer | Updating Images | Loading engraved_amethyst_emission.png
Fra:1 Mem:18.20M (Peak 24.31M) | Time:00:00.08 | Mem:0.69M, Peak:0.69M | Scene, ViewLayer | Updating Images | Loading geode_calcite_shadow_emission.png
Fra:1 Mem:18.20M (Peak 24.31M) | Time:00:00.08 | Mem:0.70M, Peak:0.70M | Scene, ViewLayer | Updating Images | Loading geode_basalt_dark_emission.png
Fra:1 Mem:18.20M (Peak 24.31M) | Time:00:00.08 | Mem:0.70M, Peak:0.70M | Scene, ViewLayer | Updating Images | Loading engraved_glint_emission.png
Fra:1 Mem:18.20M (Peak 24.31M) | Time:00:00.08 | Mem:0.70M, Peak:0.70M | Scene, ViewLayer | Updating Images | Loading geode_lining_emission.png
Fra:1 Mem:18.20M (Peak 24.31M) | Time:00:00.08 | Mem:0.70M, Peak:0.70M | Scene, ViewLayer | Updating Images | Loading side_backing_emission.png
Fra:1 Mem:18.20M (Peak 24.31M) | Time:00:00.08 | Mem:0.70M, Peak:0.70M | Scene, ViewLayer | Updating Images | Loading side_relief_emission.png
Fra:1 Mem:18.20M (Peak 24.31M) | Time:00:00.08 | Mem:0.70M, Peak:0.70M | Scene, ViewLayer | Updating Images | Loading bud_pink_emission.png
Fra:1 Mem:18.20M (Peak 24.31M) | Time:00:00.08 | Mem:0.70M, Peak:0.70M | Scene, ViewLayer | Updating Images | Loading bud_silver_metal.png
Fra:1 Mem:18.20M (Peak 24.31M) | Time:00:00.08 | Mem:0.71M, Peak:0.71M | Scene, ViewLayer | Updating Images | Loading geode_basalt_metal.png
Fra:1 Mem:18.20M (Peak 24.31M) | Time:00:00.09 | Mem:0.71M, Peak:0.71M | Scene, ViewLayer | Updating Images | Loading engraved_amethyst_metal.png
Fra:1 Mem:18.20M (Peak 24.31M) | Time:00:00.09 | Mem:0.71M, Peak:0.71M | Scene, ViewLayer | Updating Images | Loading side_relief_normal_preview.png
Fra:1 Mem:18.20M (Peak 24.31M) | Time:00:00.09 | Mem:0.71M, Peak:0.71M | Scene, ViewLayer | Updating Images | Loading geode_basalt_dark_metal.png
Fra:1 Mem:18.20M (Peak 24.31M) | Time:00:00.09 | Mem:0.71M, Peak:0.71M | Scene, ViewLayer | Updating Images | Loading bud_pink_metal.png
Fra:1 Mem:18.20M (Peak 24.31M) | Time:00:00.09 | Mem:0.71M, Peak:0.71M | Scene, ViewLayer | Updating Images | Loading geode_lining_metal.png
Fra:1 Mem:18.20M (Peak 24.31M) | Time:00:00.09 | Mem:0.71M, Peak:0.71M | Scene, ViewLayer | Updating Images | Loading side_backing_metal.png
Fra:1 Mem:18.20M (Peak 24.31M) | Time:00:00.09 | Mem:0.71M, Peak:0.71M | Scene, ViewLayer | Updating Images | Loading engraved_glint_metal.png
Fra:1 Mem:18.20M (Peak 24.31M) | Time:00:00.09 | Mem:0.71M, Peak:0.71M | Scene, ViewLayer | Updating Images | Loading geode_calcite_light_metal.png
Fra:1 Mem:18.20M (Peak 24.31M) | Time:00:00.09 | Mem:0.71M, Peak:0.71M | Scene, ViewLayer | Updating Images | Loading geode_lining_light_metal.png
Fra:1 Mem:18.21M (Peak 24.31M) | Time:00:00.09 | Mem:0.71M, Peak:0.71M | Scene, ViewLayer | Updating Images | Loading side_relief_metal.png
Fra:1 Mem:18.21M (Peak 24.31M) | Time:00:00.09 | Mem:0.71M, Peak:0.71M | Scene, ViewLayer | Updating Images | Loading geode_calcite_metal.png
Fra:1 Mem:18.21M (Peak 24.31M) | Time:00:00.09 | Mem:0.71M, Peak:0.71M | Scene, ViewLayer | Updating Images | Loading geode_calcite_shadow_metal.png
Fra:1 Mem:18.21M (Peak 24.31M) | Time:00:00.09 | Mem:0.71M, Peak:0.71M | Scene, ViewLayer | Updating Images | Loading bud_lilac_metal.png
Fra:1 Mem:18.21M (Peak 24.31M) | Time:00:00.09 | Mem:0.71M, Peak:0.71M | Scene, ViewLayer | Updating Images | Loading geode_basalt_sss.png
Fra:1 Mem:18.21M (Peak 24.31M) | Time:00:00.09 | Mem:0.71M, Peak:0.71M | Scene, ViewLayer | Updating Images | Loading bud_silver_sss.png
Fra:1 Mem:18.21M (Peak 24.31M) | Time:00:00.09 | Mem:0.71M, Peak:0.71M | Scene, ViewLayer | Updating Images | Loading engraved_amethyst_sss.png
Fra:1 Mem:18.21M (Peak 24.31M) | Time:00:00.10 | Mem:0.71M, Peak:0.71M | Scene, ViewLayer | Updating Images | Loading geode_basalt_dark_sss.png
Fra:1 Mem:18.21M (Peak 24.31M) | Time:00:00.10 | Mem:0.71M, Peak:0.71M | Scene, ViewLayer | Updating Images | Loading geode_lining_light_normal_preview.png
Fra:1 Mem:18.21M (Peak 24.31M) | Time:00:00.10 | Mem:0.71M, Peak:0.71M | Scene, ViewLayer | Updating Images | Loading bud_pink_sss.png
Fra:1 Mem:18.21M (Peak 24.31M) | Time:00:00.10 | Mem:0.71M, Peak:0.71M | Scene, ViewLayer | Updating Images | Loading geode_lining_sss.png
Fra:1 Mem:18.21M (Peak 24.31M) | Time:00:00.10 | Mem:0.71M, Peak:0.71M | Scene, ViewLayer | Updating Images | Loading engraved_glint_sss.png
Fra:1 Mem:18.21M (Peak 24.31M) | Time:00:00.10 | Mem:0.71M, Peak:0.71M | Scene, ViewLayer | Updating Images | Loading side_backing_sss.png
Fra:1 Mem:18.21M (Peak 24.31M) | Time:00:00.10 | Mem:0.71M, Peak:0.71M | Scene, ViewLayer | Updating Images | Loading geode_calcite_light_sss.png
Fra:1 Mem:18.21M (Peak 24.31M) | Time:00:00.10 | Mem:0.71M, Peak:0.71M | Scene, ViewLayer | Updating Images | Loading geode_lining_light_sss.png
Fra:1 Mem:18.21M (Peak 24.31M) | Time:00:00.10 | Mem:0.71M, Peak:0.71M | Scene, ViewLayer | Updating Images | Loading geode_calcite_sss.png
Fra:1 Mem:18.21M (Peak 24.31M) | Time:00:00.10 | Mem:0.71M, Peak:0.71M | Scene, ViewLayer | Updating Images | Loading side_relief_sss.png
Fra:1 Mem:18.21M (Peak 24.31M) | Time:00:00.10 | Mem:0.71M, Peak:0.71M | Scene, ViewLayer | Updating Images | Loading geode_calcite_shadow_sss.png
Fra:1 Mem:18.21M (Peak 24.31M) | Time:00:00.10 | Mem:0.71M, Peak:0.71M | Scene, ViewLayer | Updating Images | Loading bud_lilac_sss.png
Fra:1 Mem:18.21M (Peak 24.31M) | Time:00:00.10 | Mem:0.71M, Peak:0.71M | Scene, ViewLayer | Updating Images | Loading geode_basalt_roughness.png
Fra:1 Mem:18.21M (Peak 24.31M) | Time:00:00.10 | Mem:0.71M, Peak:0.71M | Scene, ViewLayer | Updating Images | Loading bud_silver_roughness.png
Fra:1 Mem:18.21M (Peak 24.31M) | Time:00:00.10 | Mem:0.71M, Peak:0.71M | Scene, ViewLayer | Updating Images | Loading engraved_amethyst_roughness.png
Fra:1 Mem:18.21M (Peak 24.31M) | Time:00:00.10 | Mem:0.71M, Peak:0.71M | Scene, ViewLayer | Updating Images | Loading geode_basalt_dark_roughness.png
Fra:1 Mem:18.21M (Peak 24.31M) | Time:00:00.11 | Mem:0.72M, Peak:0.72M | Scene, ViewLayer | Updating Images | Loading bud_pink_roughness.png
Fra:1 Mem:18.21M (Peak 24.31M) | Time:00:00.11 | Mem:0.72M, Peak:0.72M | Scene, ViewLayer | Updating Images | Loading geode_lining_roughness.png
Fra:1 Mem:18.21M (Peak 24.31M) | Time:00:00.11 | Mem:0.72M, Peak:0.72M | Scene, ViewLayer | Updating Images | Loading bud_lilac_normal_preview.png
Fra:1 Mem:18.21M (Peak 24.31M) | Time:00:00.11 | Mem:0.72M, Peak:0.72M | Scene, ViewLayer | Updating Images | Loading engraved_glint_roughness.png
Fra:1 Mem:18.21M (Peak 24.31M) | Time:00:00.11 | Mem:0.72M, Peak:0.72M | Scene, ViewLayer | Updating Images | Loading side_backing_roughness.png
Fra:1 Mem:18.21M (Peak 24.31M) | Time:00:00.11 | Mem:0.72M, Peak:0.72M | Scene, ViewLayer | Updating Images | Loading geode_calcite_light_roughness.png
Fra:1 Mem:18.21M (Peak 24.31M) | Time:00:00.11 | Mem:0.72M, Peak:0.72M | Scene, ViewLayer | Updating Images | Loading geode_lining_light_roughness.png
Fra:1 Mem:18.21M (Peak 24.31M) | Time:00:00.11 | Mem:0.72M, Peak:0.72M | Scene, ViewLayer | Updating Images | Loading bud_lilac_roughness.png
Fra:1 Mem:18.21M (Peak 24.31M) | Time:00:00.11 | Mem:0.72M, Peak:0.72M | Scene, ViewLayer | Updating Images | Loading side_relief_roughness.png
Fra:1 Mem:18.21M (Peak 24.31M) | Time:00:00.11 | Mem:0.72M, Peak:0.72M | Scene, ViewLayer | Updating Images | Loading geode_calcite_roughness.png
Fra:1 Mem:18.21M (Peak 24.31M) | Time:00:00.11 | Mem:0.72M, Peak:0.72M | Scene, ViewLayer | Updating Images | Loading geode_calcite_shadow_roughness.png
Fra:1 Mem:18.21M (Peak 24.31M) | Time:00:00.11 | Mem:0.72M, Peak:0.72M | Scene, ViewLayer | Updating Images | Loading geode_basalt_normal_preview.png
Fra:1 Mem:18.22M (Peak 24.31M) | Time:00:00.11 | Mem:0.72M, Peak:0.72M | Scene, ViewLayer | Updating Images | Loading bud_silver_normal_preview.png
Fra:1 Mem:18.22M (Peak 24.31M) | Time:00:00.11 | Mem:0.72M, Peak:0.72M | Scene, ViewLayer | Updating Images | Loading engraved_amethyst_normal_preview.png
Fra:1 Mem:18.22M (Peak 24.31M) | Time:00:00.11 | Mem:0.72M, Peak:0.72M | Scene, ViewLayer | Updating Images | Loading geode_basalt_dark_normal_preview.png
Fra:1 Mem:18.22M (Peak 24.31M) | Time:00:00.11 | Mem:0.72M, Peak:0.72M | Scene, ViewLayer | Updating Images | Loading bud_pink_normal_preview.png
Fra:1 Mem:18.22M (Peak 24.31M) | Time:00:00.12 | Mem:0.72M, Peak:0.72M | Scene, ViewLayer | Updating Images | Loading geode_lining_normal_preview.png
Fra:1 Mem:18.22M (Peak 24.31M) | Time:00:00.12 | Mem:0.72M, Peak:0.72M | Scene, ViewLayer | Updating Images | Loading side_backing_normal_preview.png
Fra:1 Mem:18.22M (Peak 24.31M) | Time:00:00.12 | Mem:0.72M, Peak:0.72M | Scene, ViewLayer | Updating Images | Loading engraved_glint_normal_preview.png
Fra:1 Mem:18.22M (Peak 24.31M) | Time:00:00.12 | Mem:0.72M, Peak:0.72M | Scene, ViewLayer | Updating Images | Loading geode_calcite_light_normal_preview.png
Fra:1 Mem:18.22M (Peak 24.31M) | Time:00:00.12 | Mem:0.73M, Peak:0.73M | Scene, ViewLayer | Updating Camera Volume
Fra:1 Mem:18.22M (Peak 24.31M) | Time:00:00.12 | Mem:0.73M, Peak:0.73M | Scene, ViewLayer | Updating Lookup Tables
Fra:1 Mem:18.22M (Peak 24.31M) | Time:00:00.12 | Mem:0.98M, Peak:0.98M | Scene, ViewLayer | Updating Lights
Fra:1 Mem:18.22M (Peak 24.31M) | Time:00:00.12 | Mem:0.98M, Peak:0.98M | Scene, ViewLayer | Updating Lights | Computing distribution
Fra:1 Mem:18.26M (Peak 24.31M) | Time:00:00.12 | Mem:1.02M, Peak:1.02M | Scene, ViewLayer | Updating Integrator
Fra:1 Mem:18.27M (Peak 24.31M) | Time:00:00.12 | Mem:1.03M, Peak:1.03M | Scene, ViewLayer | Updating Film
Fra:1 Mem:18.27M (Peak 24.31M) | Time:00:00.12 | Mem:0.78M, Peak:1.03M | Scene, ViewLayer | Updating Lookup Tables
Fra:1 Mem:18.27M (Peak 24.31M) | Time:00:00.12 | Mem:1.03M, Peak:1.03M | Scene, ViewLayer | Updating Baking
Fra:1 Mem:18.27M (Peak 24.31M) | Time:00:00.12 | Mem:1.03M, Peak:1.03M | Scene, ViewLayer | Updating Device | Writing constant memory
Fra:1 Mem:18.27M (Peak 24.31M) | Time:00:00.12 | Mem:1.03M, Peak:1.03M | Scene, ViewLayer | Sample 0/48
Fra:1 Mem:90.80M (Peak 90.80M) | Time:00:00.37 | Remaining:00:11.52 | Mem:73.53M, Peak:73.53M | Scene, ViewLayer | Sample 1/48
Fra:1 Mem:121.32M (Peak 167.10M) | Time:00:11.78 | Mem:73.53M, Peak:73.53M | Scene, ViewLayer | Sample 48/48
Fra:1 Mem:121.32M (Peak 167.10M) | Time:00:11.78 | Mem:73.53M, Peak:73.53M | Scene, ViewLayer | Finished
Saved: 'D:\Desktop\Document\Coding\FULL STACK\ConvertTable\assets\geode_prototype\geode_side.png'
 Time: 00:11.87 (Saving: 00:00.08)

Fra:1 Mem:23.95M (Peak 23.96M) | Time:00:00.01 | Mem:0.00M, Peak:0.00M | Scene, ViewLayer | Synchronizing object | 01_basalt_corner_guards_0000
Fra:1 Mem:23.95M (Peak 23.96M) | Time:00:00.01 | Mem:0.00M, Peak:0.00M | Scene, ViewLayer | Synchronizing object | 10_black_corner_shoulders_0004
Fra:1 Mem:23.96M (Peak 23.96M) | Time:00:00.01 | Mem:0.00M, Peak:0.00M | Scene, ViewLayer | Synchronizing object | 08_layer_2_lower_rail_0006
Fra:1 Mem:23.96M (Peak 23.96M) | Time:00:00.01 | Mem:0.00M, Peak:0.00M | Scene, ViewLayer | Synchronizing object | 03_black_wrapped_corner_pillars_0008
Fra:1 Mem:23.96M (Peak 23.96M) | Time:00:00.01 | Mem:0.00M, Peak:0.00M | Scene, ViewLayer | Synchronizing object | 07_layer_2_crystal_relief_0010
Fra:1 Mem:23.96M (Peak 23.96M) | Time:00:00.01 | Mem:0.00M, Peak:0.00M | Scene, ViewLayer | Synchronizing object | 07_layer_2_crystal_relief_0012
Fra:1 Mem:23.96M (Peak 23.96M) | Time:00:00.01 | Mem:0.00M, Peak:0.00M | Scene, ViewLayer | Synchronizing object | 07_layer_2_crystal_relief_0014
Fra:1 Mem:23.97M (Peak 23.97M) | Time:00:00.01 | Mem:0.00M, Peak:0.00M | Scene, ViewLayer | Synchronizing object | 07_layer_2_crystal_relief_0017
Fra:1 Mem:23.97M (Peak 23.97M) | Time:00:00.01 | Mem:0.00M, Peak:0.00M | Scene, ViewLayer | Synchronizing object | 07_layer_2_crystal_relief_0018
Fra:1 Mem:23.97M (Peak 23.97M) | Time:00:00.01 | Mem:0.00M, Peak:0.00M | Scene, ViewLayer | Synchronizing object | 11_corner_crystal_buds_0021
Fra:1 Mem:23.97M (Peak 23.97M) | Time:00:00.01 | Mem:0.00M, Peak:0.00M | Scene, ViewLayer | Synchronizing object | 11_corner_crystal_buds_0022
Fra:1 Mem:23.98M (Peak 23.98M) | Time:00:00.01 | Mem:0.00M, Peak:0.00M | Scene, ViewLayer | Synchronizing object | 11_corner_crystal_buds_0024
Fra:1 Mem:23.98M (Peak 23.98M) | Time:00:00.01 | Mem:0.00M, Peak:0.00M | Scene, ViewLayer | Synchronizing object | 11_corner_crystal_buds_0025
Fra:1 Mem:23.98M (Peak 23.98M) | Time:00:00.01 | Mem:0.00M, Peak:0.00M | Scene, ViewLayer | Synchronizing object | 11_corner_crystal_buds_0026
Fra:1 Mem:23.99M (Peak 23.99M) | Time:00:00.01 | Mem:0.00M, Peak:0.00M | Scene, ViewLayer | Synchronizing object | 05_layer_3_mineral_backing_0027
Fra:1 Mem:23.99M (Peak 23.99M) | Time:00:00.01 | Mem:0.00M, Peak:0.00M | Scene, ViewLayer | Synchronizing object | 05_layer_3_mineral_backing_0029
Fra:1 Mem:23.99M (Peak 23.99M) | Time:00:00.01 | Mem:0.00M, Peak:0.00M | Scene, ViewLayer | Synchronizing object | 05_layer_3_mineral_backing_0030
Fra:1 Mem:23.99M (Peak 23.99M) | Time:00:00.01 | Mem:0.00M, Peak:0.00M | Scene, ViewLayer | Synchronizing object | 06_layer_3_stone_ground_pattern_0032
Fra:1 Mem:24.00M (Peak 24.00M) | Time:00:00.01 | Mem:0.00M, Peak:0.00M | Scene, ViewLayer | Synchronizing object | 05_layer_3_mineral_backing_0033
Fra:1 Mem:24.00M (Peak 24.00M) | Time:00:00.01 | Mem:0.00M, Peak:0.00M | Scene, ViewLayer | Synchronizing object | 05_layer_3_mineral_backing_0034
Fra:1 Mem:24.00M (Peak 24.00M) | Time:00:00.01 | Mem:0.00M, Peak:0.00M | Scene, ViewLayer | Synchronizing object | 05_layer_3_mineral_backing_0035
Fra:1 Mem:24.01M (Peak 24.01M) | Time:00:00.01 | Mem:0.00M, Peak:0.00M | Scene, ViewLayer | Synchronizing object | 05_layer_3_mineral_backing_0036
Fra:1 Mem:24.01M (Peak 24.01M) | Time:00:00.01 | Mem:0.00M, Peak:0.00M | Scene, ViewLayer | Synchronizing object | 05_layer_3_mineral_backing_0038
Fra:1 Mem:24.01M (Peak 24.01M) | Time:00:00.01 | Mem:0.00M, Peak:0.00M | Scene, ViewLayer | Synchronizing object | 05_layer_3_mineral_backing_0040
Fra:1 Mem:24.02M (Peak 24.02M) | Time:00:00.01 | Mem:0.00M, Peak:0.00M | Scene, ViewLayer | Synchronizing object | 05_layer_3_mineral_backing_0041
Fra:1 Mem:24.02M (Peak 24.02M) | Time:00:00.01 | Mem:0.00M, Peak:0.00M | Scene, ViewLayer | Synchronizing object | 05_layer_3_mineral_backing_0043
Fra:1 Mem:24.02M (Peak 24.02M) | Time:00:00.01 | Mem:0.00M, Peak:0.00M | Scene, ViewLayer | Synchronizing object | 01_basalt_foundation_0046
Fra:1 Mem:24.03M (Peak 24.03M) | Time:00:00.01 | Mem:0.00M, Peak:0.00M | Scene, ViewLayer | Synchronizing object | 08_layer_2_lower_rail_0047
Fra:1 Mem:24.03M (Peak 24.03M) | Time:00:00.01 | Mem:0.00M, Peak:0.00M | Scene, ViewLayer | Synchronizing object | 08_layer_2_lower_rail_0049
Fra:1 Mem:24.03M (Peak 24.03M) | Time:00:00.01 | Mem:0.00M, Peak:0.00M | Scene, ViewLayer | Synchronizing object | 08_layer_2_lower_rail_0050
Fra:1 Mem:24.04M (Peak 24.04M) | Time:00:00.01 | Mem:0.00M, Peak:0.00M | Scene, ViewLayer | Synchronizing object | 05_layer_3_mineral_backing_0052
Fra:1 Mem:24.04M (Peak 24.04M) | Time:00:00.01 | Mem:0.00M, Peak:0.00M | Scene, ViewLayer | Synchronizing object | 05_layer_3_mineral_backing_0054
Fra:1 Mem:24.04M (Peak 24.04M) | Time:00:00.01 | Mem:0.00M, Peak:0.00M | Scene, ViewLayer | Synchronizing object | 05_layer_3_mineral_backing_0055
Fra:1 Mem:24.05M (Peak 24.05M) | Time:00:00.01 | Mem:0.00M, Peak:0.00M | Scene, ViewLayer | Synchronizing object | 07_layer_2_crystal_relief_0057
Fra:1 Mem:24.05M (Peak 24.05M) | Time:00:00.01 | Mem:0.00M, Peak:0.00M | Scene, ViewLayer | Synchronizing object | 05_layer_3_mineral_backing_0059
Fra:1 Mem:24.05M (Peak 24.05M) | Time:00:00.01 | Mem:0.00M, Peak:0.00M | Scene, ViewLayer | Synchronizing object | 07_layer_2_crystal_relief_0060
Fra:1 Mem:24.05M (Peak 24.05M) | Time:00:00.01 | Mem:0.00M, Peak:0.00M | Scene, ViewLayer | Synchronizing object | 05_layer_3_mineral_backing_0061
Fra:1 Mem:24.05M (Peak 24.05M) | Time:00:00.01 | Mem:0.00M, Peak:0.00M | Scene, ViewLayer | Synchronizing object | 05_layer_3_mineral_backing_0063
Fra:1 Mem:24.06M (Peak 24.06M) | Time:00:00.01 | Mem:0.00M, Peak:0.00M | Scene, ViewLayer | Synchronizing object | 05_layer_3_mineral_backing_0064
Fra:1 Mem:24.06M (Peak 24.06M) | Time:00:00.01 | Mem:0.00M, Peak:0.00M | Scene, ViewLayer | Synchronizing object | 05_layer_3_mineral_backing_0065
Fra:1 Mem:24.06M (Peak 24.06M) | Time:00:00.01 | Mem:0.00M, Peak:0.00M | Scene, ViewLayer | Synchronizing object | 04_geode_inner_lining_0066
Fra:1 Mem:24.06M (Peak 24.06M) | Time:00:00.01 | Mem:0.00M, Peak:0.00M | Scene, ViewLayer | Synchronizing object | 05_layer_3_mineral_backing_0067
Fra:1 Mem:24.07M (Peak 24.07M) | Time:00:00.01 | Mem:0.00M, Peak:0.00M | Scene, ViewLayer | Synchronizing object | 07_layer_2_crystal_relief_0068
Fra:1 Mem:24.07M (Peak 24.07M) | Time:00:00.01 | Mem:0.00M, Peak:0.00M | Scene, ViewLayer | Synchronizing object | 07_layer_2_crystal_relief_0070
Fra:1 Mem:24.07M (Peak 24.07M) | Time:00:00.01 | Mem:0.00M, Peak:0.00M | Scene, ViewLayer | Synchronizing object | 05_layer_3_mineral_backing_0071
Fra:1 Mem:24.07M (Peak 24.07M) | Time:00:00.01 | Mem:0.00M, Peak:0.00M | Scene, ViewLayer | Synchronizing object | 05_layer_3_mineral_backing_0073
Fra:1 Mem:24.08M (Peak 24.08M) | Time:00:00.01 | Mem:0.00M, Peak:0.00M | Scene, ViewLayer | Synchronizing object | 04_geode_inner_lining_0074
Fra:1 Mem:24.08M (Peak 24.08M) | Time:00:00.01 | Mem:0.00M, Peak:0.00M | Scene, ViewLayer | Synchronizing object | 05_layer_3_mineral_backing_0075
Fra:1 Mem:24.08M (Peak 24.08M) | Time:00:00.01 | Mem:0.00M, Peak:0.00M | Scene, ViewLayer | Synchronizing object | 05_layer_3_mineral_backing_0076
Fra:1 Mem:24.08M (Peak 24.08M) | Time:00:00.01 | Mem:0.00M, Peak:0.00M | Scene, ViewLayer | Synchronizing object | 09_layer_2_crown_rim_0078
Fra:1 Mem:24.09M (Peak 24.09M) | Time:00:00.01 | Mem:0.00M, Peak:0.00M | Scene, ViewLayer | Synchronizing object | 09_calcite_crown_rim_0079
Fra:1 Mem:24.09M (Peak 24.09M) | Time:00:00.01 | Mem:0.00M, Peak:0.00M | Scene, ViewLayer | Synchronizing object | 09_calcite_crown_rim_0080
Fra:1 Mem:24.09M (Peak 24.09M) | Time:00:00.01 | Mem:0.00M, Peak:0.00M | Scene, ViewLayer | Synchronizing object | 05_layer_3_mineral_backing_0082
Fra:1 Mem:24.10M (Peak 24.10M) | Time:00:00.01 | Mem:0.00M, Peak:0.00M | Scene, ViewLayer | Synchronizing object | 06_layer_3_stone_ground_pattern_0083
Fra:1 Mem:24.10M (Peak 24.10M) | Time:00:00.01 | Mem:0.00M, Peak:0.00M | Scene, ViewLayer | Synchronizing object | 05_layer_3_mineral_backing_0085
Fra:1 Mem:24.10M (Peak 24.10M) | Time:00:00.01 | Mem:0.00M, Peak:0.00M | Scene, ViewLayer | Synchronizing object | 12_geode_growth_core_0087
Fra:1 Mem:24.10M (Peak 24.10M) | Time:00:00.01 | Mem:0.00M, Peak:0.00M | Scene, ViewLayer | Synchronizing object | 12_geode_growth_core_0088
Fra:1 Mem:24.11M (Peak 24.11M) | Time:00:00.01 | Mem:0.00M, Peak:0.00M | Scene, ViewLayer | Synchronizing object | 06_layer_3_stone_ground_pattern_0090
Fra:1 Mem:24.11M (Peak 24.11M) | Time:00:00.01 | Mem:0.00M, Peak:0.00M | Scene, ViewLayer | Synchronizing object | 05_layer_3_mineral_backing_0091
Fra:1 Mem:24.11M (Peak 24.11M) | Time:00:00.01 | Mem:0.00M, Peak:0.00M | Scene, ViewLayer | Synchronizing object | 05_layer_3_mineral_backing_0092
Fra:1 Mem:24.11M (Peak 24.11M) | Time:00:00.01 | Mem:0.00M, Peak:0.00M | Scene, ViewLayer | Synchronizing object | 07_layer_2_crystal_relief_0093
Fra:1 Mem:24.12M (Peak 24.12M) | Time:00:00.01 | Mem:0.00M, Peak:0.00M | Scene, ViewLayer | Synchronizing object | 07_layer_2_crystal_relief_0094
Fra:1 Mem:24.12M (Peak 24.12M) | Time:00:00.01 | Mem:0.00M, Peak:0.00M | Scene, ViewLayer | Synchronizing object | 07_layer_2_crystal_relief_0095
Fra:1 Mem:24.12M (Peak 24.12M) | Time:00:00.01 | Mem:0.00M, Peak:0.00M | Scene, ViewLayer | Synchronizing object | 05_layer_3_mineral_backing_0097
Fra:1 Mem:24.12M (Peak 24.13M) | Time:00:00.01 | Mem:0.00M, Peak:0.00M | Scene, ViewLayer | Synchronizing object | 05_layer_3_mineral_backing_0098
Fra:1 Mem:24.13M (Peak 24.13M) | Time:00:00.01 | Mem:0.00M, Peak:0.00M | Scene, ViewLayer | Synchronizing object | 12_geode_growth_core_0099
Fra:1 Mem:24.13M (Peak 24.13M) | Time:00:00.01 | Mem:0.00M, Peak:0.00M | Scene, ViewLayer | Synchronizing object | 12_geode_growth_core_0100
Fra:1 Mem:24.13M (Peak 24.13M) | Time:00:00.01 | Mem:0.00M, Peak:0.00M | Scene, ViewLayer | Synchronizing object | 05_layer_3_mineral_backing_0103
Fra:1 Mem:24.14M (Peak 24.14M) | Time:00:00.01 | Mem:0.00M, Peak:0.00M | Scene, ViewLayer | Synchronizing object | 05_layer_3_mineral_backing_0104
Fra:1 Mem:24.14M (Peak 24.14M) | Time:00:00.01 | Mem:0.00M, Peak:0.00M | Scene, ViewLayer | Synchronizing object | 07_layer_2_crystal_relief_0105
Fra:1 Mem:24.14M (Peak 24.14M) | Time:00:00.01 | Mem:0.00M, Peak:0.00M | Scene, ViewLayer | Synchronizing object | 05_layer_3_mineral_backing_0106
Fra:1 Mem:24.15M (Peak 24.15M) | Time:00:00.01 | Mem:0.00M, Peak:0.00M | Scene, ViewLayer | Synchronizing object | 12_geode_growth_core_0107
Fra:1 Mem:24.15M (Peak 24.15M) | Time:00:00.01 | Mem:0.00M, Peak:0.00M | Scene, ViewLayer | Synchronizing object | 07_layer_2_crystal_relief_0110
Fra:1 Mem:24.15M (Peak 24.15M) | Time:00:00.01 | Mem:0.00M, Peak:0.00M | Scene, ViewLayer | Synchronizing object | 05_layer_3_mineral_backing_0112
Fra:1 Mem:24.15M (Peak 24.15M) | Time:00:00.01 | Mem:0.00M, Peak:0.00M | Scene, ViewLayer | Synchronizing object | 12_geode_growth_core_0113
Fra:1 Mem:24.16M (Peak 24.16M) | Time:00:00.01 | Mem:0.00M, Peak:0.00M | Scene, ViewLayer | Synchronizing object | 07_layer_2_crystal_relief_0114
Fra:1 Mem:24.16M (Peak 24.16M) | Time:00:00.01 | Mem:0.00M, Peak:0.00M | Scene, ViewLayer | Synchronizing object | 12_geode_growth_core_0115
Fra:1 Mem:24.16M (Peak 24.16M) | Time:00:00.01 | Mem:0.00M, Peak:0.00M | Scene, ViewLayer | Synchronizing object | 12_geode_growth_core_0116
Fra:1 Mem:24.16M (Peak 24.16M) | Time:00:00.01 | Mem:0.00M, Peak:0.00M | Scene, ViewLayer | Synchronizing object | 07_layer_2_crystal_relief_0117
Fra:1 Mem:24.16M (Peak 24.16M) | Time:00:00.01 | Mem:0.00M, Peak:0.00M | Scene, ViewLayer | Synchronizing object | 06_layer_3_stone_ground_pattern_0119
Fra:1 Mem:24.17M (Peak 24.17M) | Time:00:00.01 | Mem:0.00M, Peak:0.00M | Scene, ViewLayer | Synchronizing object | 07_layer_2_crystal_relief_0120
Fra:1 Mem:24.17M (Peak 24.17M) | Time:00:00.01 | Mem:0.00M, Peak:0.00M | Scene, ViewLayer | Synchronizing object | 07_layer_2_crystal_relief_0121
Fra:1 Mem:24.17M (Peak 24.17M) | Time:00:00.01 | Mem:0.00M, Peak:0.00M | Scene, ViewLayer | Synchronizing object | 05_layer_3_mineral_backing_0122
Fra:1 Mem:24.17M (Peak 24.17M) | Time:00:00.01 | Mem:0.00M, Peak:0.00M | Scene, ViewLayer | Synchronizing object | 06_layer_3_stone_ground_pattern_0123
Fra:1 Mem:24.18M (Peak 24.18M) | Time:00:00.01 | Mem:0.00M, Peak:0.00M | Scene, ViewLayer | Synchronizing object | 12_geode_growth_core_0124
Fra:1 Mem:24.18M (Peak 24.18M) | Time:00:00.01 | Mem:0.00M, Peak:0.00M | Scene, ViewLayer | Synchronizing object | 05_layer_3_mineral_backing_0126
Fra:1 Mem:24.18M (Peak 24.18M) | Time:00:00.01 | Mem:0.00M, Peak:0.00M | Scene, ViewLayer | Synchronizing object | 07_layer_2_crystal_relief_0127
Fra:1 Mem:24.18M (Peak 24.18M) | Time:00:00.01 | Mem:0.00M, Peak:0.00M | Scene, ViewLayer | Synchronizing object | 07_layer_2_crystal_relief_0128
Fra:1 Mem:24.18M (Peak 24.18M) | Time:00:00.01 | Mem:0.00M, Peak:0.00M | Scene, ViewLayer | Synchronizing object | 07_layer_2_crystal_relief_0129
Fra:1 Mem:24.19M (Peak 24.19M) | Time:00:00.01 | Mem:0.00M, Peak:0.00M | Scene, ViewLayer | Synchronizing object | 05_layer_3_mineral_backing_0130
Fra:1 Mem:24.19M (Peak 24.19M) | Time:00:00.01 | Mem:0.00M, Peak:0.00M | Scene, ViewLayer | Synchronizing object | 07_layer_2_crystal_relief_0131
Fra:1 Mem:24.19M (Peak 24.19M) | Time:00:00.01 | Mem:0.00M, Peak:0.00M | Scene, ViewLayer | Synchronizing object | 12_geode_growth_core_0132
Fra:1 Mem:24.19M (Peak 24.19M) | Time:00:00.01 | Mem:0.00M, Peak:0.00M | Scene, ViewLayer | Synchronizing object | 12_geode_growth_core_0133
Fra:1 Mem:24.19M (Peak 24.19M) | Time:00:00.01 | Mem:0.00M, Peak:0.00M | Scene, ViewLayer | Synchronizing object | 07_layer_2_crystal_relief_0134
Fra:1 Mem:24.19M (Peak 24.19M) | Time:00:00.01 | Mem:0.00M, Peak:0.00M | Scene, ViewLayer | Synchronizing object | 06_layer_3_stone_ground_pattern_0135
Fra:1 Mem:24.20M (Peak 24.20M) | Time:00:00.01 | Mem:0.00M, Peak:0.00M | Scene, ViewLayer | Synchronizing object | 07_layer_2_crystal_relief_0137
Fra:1 Mem:24.20M (Peak 24.20M) | Time:00:00.01 | Mem:0.00M, Peak:0.00M | Scene, ViewLayer | Synchronizing object | 07_layer_2_crystal_relief_0138
Fra:1 Mem:24.20M (Peak 24.20M) | Time:00:00.01 | Mem:0.00M, Peak:0.00M | Scene, ViewLayer | Synchronizing object | 05_layer_3_mineral_backing_0139
Fra:1 Mem:24.21M (Peak 24.21M) | Time:00:00.01 | Mem:0.00M, Peak:0.00M | Scene, ViewLayer | Synchronizing object | 05_layer_3_mineral_backing_0140
Fra:1 Mem:24.21M (Peak 24.21M) | Time:00:00.01 | Mem:0.00M, Peak:0.00M | Scene, ViewLayer | Synchronizing object | 05_layer_3_mineral_backing_0141
Fra:1 Mem:24.21M (Peak 24.21M) | Time:00:00.01 | Mem:0.00M, Peak:0.00M | Scene, ViewLayer | Synchronizing object | 05_layer_3_mineral_backing_0143
Fra:1 Mem:24.21M (Peak 24.21M) | Time:00:00.01 | Mem:0.00M, Peak:0.00M | Scene, ViewLayer | Synchronizing object | 10_black_corner_shoulders_0146
Fra:1 Mem:24.21M (Peak 24.21M) | Time:00:00.01 | Mem:0.00M, Peak:0.00M | Scene, ViewLayer | Synchronizing object | 11_corner_crystal_buds_0190
Fra:1 Mem:24.22M (Peak 24.22M) | Time:00:00.01 | Mem:0.00M, Peak:0.00M | Scene, ViewLayer | Synchronizing object | 09_layer_2_crown_rim_0147
Fra:1 Mem:24.22M (Peak 24.22M) | Time:00:00.01 | Mem:0.00M, Peak:0.00M | Scene, ViewLayer | Synchronizing object | 10_black_corner_shoulders_0148
Fra:1 Mem:24.22M (Peak 24.22M) | Time:00:00.01 | Mem:0.00M, Peak:0.00M | Scene, ViewLayer | Synchronizing object | 11_corner_crystal_buds_0189
Fra:1 Mem:24.22M (Peak 24.22M) | Time:00:00.01 | Mem:0.00M, Peak:0.00M | Scene, ViewLayer | Synchronizing object | 08_layer_2_lower_rail_0151
Fra:1 Mem:24.23M (Peak 24.23M) | Time:00:00.01 | Mem:0.00M, Peak:0.00M | Scene, ViewLayer | Synchronizing object | 01_basalt_corner_guards_0152
Fra:1 Mem:24.23M (Peak 24.23M) | Time:00:00.01 | Mem:0.00M, Peak:0.00M | Scene, ViewLayer | Synchronizing object | 11_corner_crystal_buds_0188
Fra:1 Mem:24.23M (Peak 24.23M) | Time:00:00.01 | Mem:0.00M, Peak:0.00M | Scene, ViewLayer | Synchronizing object | 03_black_wrapped_corner_pillars_0154
Fra:1 Mem:24.23M (Peak 24.23M) | Time:00:00.01 | Mem:0.00M, Peak:0.00M | Scene, ViewLayer | Synchronizing object | 07_layer_2_crystal_relief_0155
Fra:1 Mem:24.24M (Peak 24.24M) | Time:00:00.01 | Mem:0.00M, Peak:0.00M | Scene, ViewLayer | Synchronizing object | 06_layer_3_stone_ground_pattern_0156
Fra:1 Mem:24.24M (Peak 24.24M) | Time:00:00.01 | Mem:0.00M, Peak:0.00M | Scene, ViewLayer | Synchronizing object | 05_layer_3_mineral_backing_0157
Fra:1 Mem:24.24M (Peak 24.24M) | Time:00:00.01 | Mem:0.00M, Peak:0.00M | Scene, ViewLayer | Synchronizing object | 05_layer_3_mineral_backing_0160
Fra:1 Mem:24.24M (Peak 24.24M) | Time:00:00.01 | Mem:0.00M, Peak:0.00M | Scene, ViewLayer | Synchronizing object | 06_layer_3_stone_ground_pattern_0161
Fra:1 Mem:24.24M (Peak 24.24M) | Time:00:00.01 | Mem:0.00M, Peak:0.00M | Scene, ViewLayer | Synchronizing object | 07_layer_2_crystal_relief_0162
Fra:1 Mem:24.25M (Peak 24.25M) | Time:00:00.01 | Mem:0.00M, Peak:0.00M | Scene, ViewLayer | Synchronizing object | 05_layer_3_mineral_backing_0163
Fra:1 Mem:24.25M (Peak 24.25M) | Time:00:00.01 | Mem:0.00M, Peak:0.00M | Scene, ViewLayer | Synchronizing object | 05_layer_3_mineral_backing_0165
Fra:1 Mem:24.25M (Peak 24.25M) | Time:00:00.01 | Mem:0.00M, Peak:0.00M | Scene, ViewLayer | Synchronizing object | 07_layer_2_crystal_relief_0166
Fra:1 Mem:24.25M (Peak 24.25M) | Time:00:00.01 | Mem:0.00M, Peak:0.00M | Scene, ViewLayer | Synchronizing object | 11_corner_crystal_buds_0187
Fra:1 Mem:24.26M (Peak 24.26M) | Time:00:00.01 | Mem:0.00M, Peak:0.00M | Scene, ViewLayer | Synchronizing object | 05_layer_3_mineral_backing_0169
Fra:1 Mem:24.26M (Peak 24.26M) | Time:00:00.01 | Mem:0.00M, Peak:0.00M | Scene, ViewLayer | Synchronizing object | 07_layer_2_crystal_relief_0170
Fra:1 Mem:24.26M (Peak 24.26M) | Time:00:00.01 | Mem:0.00M, Peak:0.00M | Scene, ViewLayer | Synchronizing object | 11_corner_crystal_buds_0186
Fra:1 Mem:24.26M (Peak 24.26M) | Time:00:00.01 | Mem:0.00M, Peak:0.00M | Scene, ViewLayer | Synchronizing object | 05_layer_3_mineral_backing_0171
Fra:1 Mem:24.27M (Peak 24.27M) | Time:00:00.01 | Mem:0.00M, Peak:0.00M | Scene, ViewLayer | Synchronizing object | 07_layer_2_crystal_relief_0172
Fra:1 Mem:24.27M (Peak 24.27M) | Time:00:00.01 | Mem:0.00M, Peak:0.00M | Scene, ViewLayer | Synchronizing object | 07_layer_2_crystal_relief_0173
Fra:1 Mem:24.27M (Peak 24.27M) | Time:00:00.01 | Mem:0.00M, Peak:0.00M | Scene, ViewLayer | Synchronizing object | 07_layer_2_crystal_relief_0175
Fra:1 Mem:24.27M (Peak 24.27M) | Time:00:00.01 | Mem:0.00M, Peak:0.00M | Scene, ViewLayer | Synchronizing object | 07_layer_2_crystal_relief_0176
Fra:1 Mem:24.27M (Peak 24.27M) | Time:00:00.01 | Mem:0.00M, Peak:0.00M | Scene, ViewLayer | Synchronizing object | 05_layer_3_mineral_backing_0178
Fra:1 Mem:24.27M (Peak 24.27M) | Time:00:00.01 | Mem:0.00M, Peak:0.00M | Scene, ViewLayer | Synchronizing object | 07_layer_2_crystal_relief_0179
Fra:1 Mem:24.28M (Peak 24.28M) | Time:00:00.01 | Mem:0.00M, Peak:0.00M | Scene, ViewLayer | Synchronizing object | 05_layer_3_mineral_backing_0180
Fra:1 Mem:24.28M (Peak 24.28M) | Time:00:00.01 | Mem:0.00M, Peak:0.00M | Scene, ViewLayer | Synchronizing object | 07_layer_2_crystal_relief_0181
Fra:1 Mem:24.28M (Peak 24.28M) | Time:00:00.01 | Mem:0.00M, Peak:0.00M | Scene, ViewLayer | Synchronizing object | 05_layer_3_mineral_backing_0183
Fra:1 Mem:24.29M (Peak 24.29M) | Time:00:00.01 | Mem:0.00M, Peak:0.00M | Scene, ViewLayer | Synchronizing object | 11_corner_crystal_buds_0185
Fra:1 Mem:24.31M (Peak 24.31M) | Time:00:00.01 | Mem:0.00M, Peak:0.00M | Scene, ViewLayer | Initializing
Fra:1 Mem:17.45M (Peak 24.31M) | Time:00:00.02 | Mem:0.00M, Peak:0.00M | Scene, ViewLayer | Waiting for render to start
Fra:1 Mem:17.45M (Peak 24.31M) | Time:00:00.02 | Mem:0.00M, Peak:0.00M | Scene, ViewLayer | Loading render kernels (may take a few minutes the first time)
Fra:1 Mem:17.45M (Peak 24.31M) | Time:00:00.02 | Mem:0.00M, Peak:0.00M | Scene, ViewLayer | Updating Scene
Fra:1 Mem:17.45M (Peak 24.31M) | Time:00:00.02 | Mem:0.00M, Peak:0.00M | Scene, ViewLayer | Updating Shaders
Fra:1 Mem:17.72M (Peak 24.31M) | Time:00:00.07 | Mem:0.01M, Peak:0.01M | Scene, ViewLayer | Updating Procedurals
Fra:1 Mem:17.72M (Peak 24.31M) | Time:00:00.07 | Mem:0.01M, Peak:0.01M | Scene, ViewLayer | Updating Background
Fra:1 Mem:17.72M (Peak 24.31M) | Time:00:00.07 | Mem:0.01M, Peak:0.01M | Scene, ViewLayer | Updating Camera
Fra:1 Mem:17.72M (Peak 24.31M) | Time:00:00.07 | Mem:0.01M, Peak:0.01M | Scene, ViewLayer | Updating Meshes Flags
Fra:1 Mem:17.72M (Peak 24.31M) | Time:00:00.07 | Mem:0.01M, Peak:0.01M | Scene, ViewLayer | Updating Objects
Fra:1 Mem:17.72M (Peak 24.31M) | Time:00:00.07 | Mem:0.01M, Peak:0.01M | Scene, ViewLayer | Updating Objects | Copying Transformations to device
Fra:1 Mem:17.76M (Peak 24.31M) | Time:00:00.07 | Mem:0.05M, Peak:0.05M | Scene, ViewLayer | Updating Objects | Applying Static Transformations
Fra:1 Mem:17.76M (Peak 24.31M) | Time:00:00.07 | Mem:0.05M, Peak:0.05M | Scene, ViewLayer | Updating Particle Systems
Fra:1 Mem:17.76M (Peak 24.31M) | Time:00:00.07 | Mem:0.05M, Peak:0.05M | Scene, ViewLayer | Updating Particle Systems | Copying Particles to device
Fra:1 Mem:17.76M (Peak 24.31M) | Time:00:00.07 | Mem:0.05M, Peak:0.05M | Scene, ViewLayer | Updating Meshes
Fra:1 Mem:17.79M (Peak 24.31M) | Time:00:00.07 | Mem:0.05M, Peak:0.05M | Scene, ViewLayer | Updating Mesh | Computing attributes
Fra:1 Mem:18.06M (Peak 24.31M) | Time:00:00.07 | Mem:0.08M, Peak:0.08M | Scene, ViewLayer | Updating Mesh | Copying Attributes to device
Fra:1 Mem:18.00M (Peak 24.31M) | Time:00:00.07 | Mem:0.26M, Peak:0.26M | Scene, ViewLayer | Updating Geometry BVH Cube.001 1/191 | Building BVH
Fra:1 Mem:18.00M (Peak 24.31M) | Time:00:00.07 | Mem:0.26M, Peak:0.26M | Scene, ViewLayer | Updating Geometry BVH Cube.003 3/191 | Building BVH
Fra:1 Mem:18.00M (Peak 24.31M) | Time:00:00.07 | Mem:0.26M, Peak:0.26M | Scene, ViewLayer | Updating Geometry BVH Cube.011 11/191 | Building BVH
Fra:1 Mem:18.00M (Peak 24.31M) | Time:00:00.07 | Mem:0.26M, Peak:0.26M | Scene, ViewLayer | Updating Geometry BVH Cube.013 13/191 | Building BVH
Fra:1 Mem:18.00M (Peak 24.31M) | Time:00:00.07 | Mem:0.26M, Peak:0.26M | Scene, ViewLayer | Updating Geometry BVH Cube.015 15/191 | Building BVH
Fra:1 Mem:18.00M (Peak 24.31M) | Time:00:00.07 | Mem:0.26M, Peak:0.26M | Scene, ViewLayer | Updating Geometry BVH Cube.191 191/191 | Building BVH
Fra:1 Mem:18.00M (Peak 24.31M) | Time:00:00.07 | Mem:0.26M, Peak:0.26M | Scene, ViewLayer | Updating Geometry BVH Cube.191 191/191 | Building BVH 0%
Fra:1 Mem:18.00M (Peak 24.31M) | Time:00:00.07 | Mem:0.26M, Peak:0.26M | Scene, ViewLayer | Updating Geometry BVH Cube.017 17/191 | Building BVH
Fra:1 Mem:18.00M (Peak 24.31M) | Time:00:00.07 | Mem:0.26M, Peak:0.26M | Scene, ViewLayer | Updating Geometry BVH Cube.018 18/191 | Building BVH
Fra:1 Mem:18.00M (Peak 24.31M) | Time:00:00.07 | Mem:0.26M, Peak:0.26M | Scene, ViewLayer | Updating Geometry BVH Cube.019 19/191 | Building BVH
Fra:1 Mem:18.00M (Peak 24.31M) | Time:00:00.07 | Mem:0.27M, Peak:0.27M | Scene, ViewLayer | Updating Geometry BVH Cube.020 20/191 | Building BVH
Fra:1 Mem:18.00M (Peak 24.31M) | Time:00:00.07 | Mem:0.27M, Peak:0.27M | Scene, ViewLayer | Updating Geometry BVH Cube.021 21/191 | Building BVH
Fra:1 Mem:18.00M (Peak 24.31M) | Time:00:00.07 | Mem:0.27M, Peak:0.27M | Scene, ViewLayer | Updating Geometry BVH Cube.022 22/191 | Building BVH
Fra:1 Mem:18.00M (Peak 24.31M) | Time:00:00.07 | Mem:0.27M, Peak:0.27M | Scene, ViewLayer | Updating Geometry BVH Cube.024 24/191 | Building BVH
Fra:1 Mem:18.00M (Peak 24.31M) | Time:00:00.07 | Mem:0.27M, Peak:0.27M | Scene, ViewLayer | Updating Geometry BVH Cube.025 25/191 | Building BVH
Fra:1 Mem:18.00M (Peak 24.31M) | Time:00:00.07 | Mem:0.27M, Peak:0.27M | Scene, ViewLayer | Updating Geometry BVH Cube.026 26/191 | Building BVH
Fra:1 Mem:18.00M (Peak 24.31M) | Time:00:00.07 | Mem:0.27M, Peak:0.27M | Scene, ViewLayer | Updating Geometry BVH Cube.027 27/191 | Building BVH
Fra:1 Mem:18.00M (Peak 24.31M) | Time:00:00.07 | Mem:0.28M, Peak:0.28M | Scene, ViewLayer | Updating Geometry BVH Cube.028 28/191 | Building BVH
Fra:1 Mem:18.00M (Peak 24.31M) | Time:00:00.07 | Mem:0.28M, Peak:0.28M | Scene, ViewLayer | Updating Geometry BVH Cube.029 29/191 | Building BVH
Fra:1 Mem:18.00M (Peak 24.31M) | Time:00:00.07 | Mem:0.28M, Peak:0.28M | Scene, ViewLayer | Updating Geometry BVH Cube.030 30/191 | Building BVH
Fra:1 Mem:18.00M (Peak 24.31M) | Time:00:00.07 | Mem:0.28M, Peak:0.28M | Scene, ViewLayer | Updating Geometry BVH Cube.031 31/191 | Building BVH
Fra:1 Mem:18.00M (Peak 24.31M) | Time:00:00.07 | Mem:0.28M, Peak:0.28M | Scene, ViewLayer | Updating Geometry BVH Cube.032 32/191 | Building BVH
Fra:1 Mem:18.00M (Peak 24.31M) | Time:00:00.07 | Mem:0.28M, Peak:0.28M | Scene, ViewLayer | Updating Geometry BVH Cube.033 33/191 | Building BVH
Fra:1 Mem:18.00M (Peak 24.31M) | Time:00:00.07 | Mem:0.28M, Peak:0.28M | Scene, ViewLayer | Updating Geometry BVH Cube.034 34/191 | Building BVH
Fra:1 Mem:18.00M (Peak 24.31M) | Time:00:00.07 | Mem:0.28M, Peak:0.28M | Scene, ViewLayer | Updating Geometry BVH Cube.035 35/191 | Building BVH
Fra:1 Mem:18.00M (Peak 24.31M) | Time:00:00.07 | Mem:0.29M, Peak:0.29M | Scene, ViewLayer | Updating Geometry BVH Cube.036 36/191 | Building BVH
Fra:1 Mem:18.00M (Peak 24.31M) | Time:00:00.07 | Mem:0.29M, Peak:0.29M | Scene, ViewLayer | Updating Geometry BVH Cube.037 37/191 | Building BVH
Fra:1 Mem:18.00M (Peak 24.31M) | Time:00:00.07 | Mem:0.29M, Peak:0.29M | Scene, ViewLayer | Updating Geometry BVH Cube.038 38/191 | Building BVH
Fra:1 Mem:18.00M (Peak 24.31M) | Time:00:00.07 | Mem:0.29M, Peak:0.29M | Scene, ViewLayer | Updating Geometry BVH Cube.039 39/191 | Building BVH
Fra:1 Mem:18.00M (Peak 24.31M) | Time:00:00.07 | Mem:0.29M, Peak:0.29M | Scene, ViewLayer | Updating Geometry BVH Cube.040 40/191 | Building BVH
Fra:1 Mem:18.00M (Peak 24.31M) | Time:00:00.07 | Mem:0.29M, Peak:0.29M | Scene, ViewLayer | Updating Geometry BVH Cube.041 41/191 | Building BVH
Fra:1 Mem:18.00M (Peak 24.31M) | Time:00:00.07 | Mem:0.30M, Peak:0.30M | Scene, ViewLayer | Updating Geometry BVH Cube.043 43/191 | Building BVH
Fra:1 Mem:18.00M (Peak 24.31M) | Time:00:00.07 | Mem:0.30M, Peak:0.30M | Scene, ViewLayer | Updating Geometry BVH Cube.044 44/191 | Building BVH
Fra:1 Mem:18.00M (Peak 24.31M) | Time:00:00.07 | Mem:0.30M, Peak:0.30M | Scene, ViewLayer | Updating Geometry BVH Cube.045 45/191 | Building BVH
Fra:1 Mem:18.00M (Peak 24.31M) | Time:00:00.07 | Mem:0.30M, Peak:0.30M | Scene, ViewLayer | Updating Geometry BVH Cube.046 46/191 | Building BVH
Fra:1 Mem:18.00M (Peak 24.31M) | Time:00:00.07 | Mem:0.30M, Peak:0.30M | Scene, ViewLayer | Updating Geometry BVH Cube.047 47/191 | Building BVH
Fra:1 Mem:18.00M (Peak 24.31M) | Time:00:00.07 | Mem:0.30M, Peak:0.30M | Scene, ViewLayer | Updating Geometry BVH Cube.048 48/191 | Building BVH
Fra:1 Mem:18.00M (Peak 24.31M) | Time:00:00.07 | Mem:0.31M, Peak:0.31M | Scene, ViewLayer | Updating Geometry BVH Cube.050 50/191 | Building BVH
Fra:1 Mem:18.00M (Peak 24.31M) | Time:00:00.07 | Mem:0.31M, Peak:0.31M | Scene, ViewLayer | Updating Geometry BVH Cube.051 51/191 | Building BVH
Fra:1 Mem:18.00M (Peak 24.31M) | Time:00:00.07 | Mem:0.31M, Peak:0.31M | Scene, ViewLayer | Updating Geometry BVH Cube.053 53/191 | Building BVH
Fra:1 Mem:18.00M (Peak 24.31M) | Time:00:00.07 | Mem:0.31M, Peak:0.31M | Scene, ViewLayer | Updating Geometry BVH Cube.054 54/191 | Building BVH
Fra:1 Mem:18.00M (Peak 24.31M) | Time:00:00.07 | Mem:0.31M, Peak:0.31M | Scene, ViewLayer | Updating Geometry BVH Cube.055 55/191 | Building BVH
Fra:1 Mem:18.00M (Peak 24.31M) | Time:00:00.07 | Mem:0.31M, Peak:0.31M | Scene, ViewLayer | Updating Geometry BVH Cube.056 56/191 | Building BVH
Fra:1 Mem:18.00M (Peak 24.31M) | Time:00:00.07 | Mem:0.31M, Peak:0.31M | Scene, ViewLayer | Updating Geometry BVH Cube.057 57/191 | Building BVH
Fra:1 Mem:18.00M (Peak 24.31M) | Time:00:00.07 | Mem:0.32M, Peak:0.32M | Scene, ViewLayer | Updating Geometry BVH Cube.058 58/191 | Building BVH
Fra:1 Mem:18.00M (Peak 24.31M) | Time:00:00.07 | Mem:0.32M, Peak:0.32M | Scene, ViewLayer | Updating Geometry BVH Cube.059 59/191 | Building BVH
Fra:1 Mem:18.00M (Peak 24.31M) | Time:00:00.07 | Mem:0.32M, Peak:0.32M | Scene, ViewLayer | Updating Geometry BVH Cube.060 60/191 | Building BVH
Fra:1 Mem:18.00M (Peak 24.31M) | Time:00:00.07 | Mem:0.32M, Peak:0.32M | Scene, ViewLayer | Updating Geometry BVH Cube.061 61/191 | Building BVH
Fra:1 Mem:18.00M (Peak 24.31M) | Time:00:00.07 | Mem:0.32M, Peak:0.32M | Scene, ViewLayer | Updating Geometry BVH Cube.062 62/191 | Building BVH
Fra:1 Mem:18.00M (Peak 24.31M) | Time:00:00.07 | Mem:0.32M, Peak:0.32M | Scene, ViewLayer | Updating Geometry BVH Cube.063 63/191 | Building BVH
Fra:1 Mem:18.00M (Peak 24.31M) | Time:00:00.07 | Mem:0.32M, Peak:0.32M | Scene, ViewLayer | Updating Geometry BVH Cube.064 64/191 | Building BVH
Fra:1 Mem:18.00M (Peak 24.31M) | Time:00:00.07 | Mem:0.33M, Peak:0.33M | Scene, ViewLayer | Updating Geometry BVH Cube.065 65/191 | Building BVH
Fra:1 Mem:18.00M (Peak 24.31M) | Time:00:00.07 | Mem:0.33M, Peak:0.33M | Scene, ViewLayer | Updating Geometry BVH Cube.189 189/191 | Building BVH
Fra:1 Mem:18.00M (Peak 24.31M) | Time:00:00.07 | Mem:0.33M, Peak:0.33M | Scene, ViewLayer | Updating Geometry BVH Cube.067 67/191 | Building BVH
Fra:1 Mem:18.00M (Peak 24.31M) | Time:00:00.07 | Mem:0.33M, Peak:0.33M | Scene, ViewLayer | Updating Geometry BVH Cube.068 68/191 | Building BVH
Fra:1 Mem:18.00M (Peak 24.31M) | Time:00:00.07 | Mem:0.33M, Peak:0.33M | Scene, ViewLayer | Updating Geometry BVH Cube.069 69/191 | Building BVH
Fra:1 Mem:18.00M (Peak 24.31M) | Time:00:00.07 | Mem:0.33M, Peak:0.33M | Scene, ViewLayer | Updating Geometry BVH Cube.071 71/191 | Building BVH
Fra:1 Mem:18.00M (Peak 24.31M) | Time:00:00.07 | Mem:0.34M, Peak:0.34M | Scene, ViewLayer | Updating Geometry BVH Cube.072 72/191 | Building BVH
Fra:1 Mem:18.00M (Peak 24.31M) | Time:00:00.07 | Mem:0.34M, Peak:0.34M | Scene, ViewLayer | Updating Geometry BVH Cube.073 73/191 | Building BVH
Fra:1 Mem:18.00M (Peak 24.31M) | Time:00:00.07 | Mem:0.34M, Peak:0.34M | Scene, ViewLayer | Updating Geometry BVH Cube.074 74/191 | Building BVH
Fra:1 Mem:18.00M (Peak 24.31M) | Time:00:00.07 | Mem:0.34M, Peak:0.34M | Scene, ViewLayer | Updating Geometry BVH Cube.075 75/191 | Building BVH
Fra:1 Mem:18.00M (Peak 24.31M) | Time:00:00.07 | Mem:0.34M, Peak:0.34M | Scene, ViewLayer | Updating Geometry BVH Cube.076 76/191 | Building BVH
Fra:1 Mem:18.00M (Peak 24.31M) | Time:00:00.07 | Mem:0.34M, Peak:0.34M | Scene, ViewLayer | Updating Geometry BVH Cube.077 77/191 | Building BVH
Fra:1 Mem:18.00M (Peak 24.31M) | Time:00:00.07 | Mem:0.34M, Peak:0.34M | Scene, ViewLayer | Updating Geometry BVH Cube.078 78/191 | Building BVH
Fra:1 Mem:18.00M (Peak 24.31M) | Time:00:00.07 | Mem:0.34M, Peak:0.34M | Scene, ViewLayer | Updating Geometry BVH Cube.079 79/191 | Building BVH
Fra:1 Mem:18.00M (Peak 24.31M) | Time:00:00.07 | Mem:0.35M, Peak:0.35M | Scene, ViewLayer | Updating Geometry BVH Cube.080 80/191 | Building BVH
Fra:1 Mem:18.00M (Peak 24.31M) | Time:00:00.07 | Mem:0.35M, Peak:0.35M | Scene, ViewLayer | Updating Geometry BVH Cube.188 188/191 | Building BVH
Fra:1 Mem:18.00M (Peak 24.31M) | Time:00:00.07 | Mem:0.35M, Peak:0.35M | Scene, ViewLayer | Updating Geometry BVH Cube.081 81/191 | Building BVH
Fra:1 Mem:18.00M (Peak 24.31M) | Time:00:00.07 | Mem:0.35M, Peak:0.35M | Scene, ViewLayer | Updating Geometry BVH Cube.187 187/191 | Building BVH
Fra:1 Mem:18.00M (Peak 24.31M) | Time:00:00.07 | Mem:0.35M, Peak:0.35M | Scene, ViewLayer | Updating Geometry BVH Cube.082 82/191 | Building BVH
Fra:1 Mem:18.00M (Peak 24.31M) | Time:00:00.07 | Mem:0.35M, Peak:0.35M | Scene, ViewLayer | Updating Geometry BVH Cube.083 83/191 | Building BVH
Fra:1 Mem:18.00M (Peak 24.31M) | Time:00:00.07 | Mem:0.36M, Peak:0.36M | Scene, ViewLayer | Updating Geometry BVH Cube.084 84/191 | Building BVH
Fra:1 Mem:18.00M (Peak 24.31M) | Time:00:00.07 | Mem:0.36M, Peak:0.36M | Scene, ViewLayer | Updating Geometry BVH Cube.085 85/191 | Building BVH
Fra:1 Mem:18.00M (Peak 24.31M) | Time:00:00.07 | Mem:0.36M, Peak:0.36M | Scene, ViewLayer | Updating Geometry BVH Cube.086 86/191 | Building BVH
Fra:1 Mem:18.00M (Peak 24.31M) | Time:00:00.07 | Mem:0.36M, Peak:0.36M | Scene, ViewLayer | Updating Geometry BVH Cube.087 87/191 | Building BVH
Fra:1 Mem:18.00M (Peak 24.31M) | Time:00:00.07 | Mem:0.36M, Peak:0.36M | Scene, ViewLayer | Updating Geometry BVH Cube.088 88/191 | Building BVH
Fra:1 Mem:18.00M (Peak 24.31M) | Time:00:00.07 | Mem:0.36M, Peak:0.36M | Scene, ViewLayer | Updating Geometry BVH Cube.089 89/191 | Building BVH
Fra:1 Mem:18.00M (Peak 24.31M) | Time:00:00.07 | Mem:0.36M, Peak:0.36M | Scene, ViewLayer | Updating Geometry BVH Cube.186 186/191 | Building BVH
Fra:1 Mem:18.00M (Peak 24.31M) | Time:00:00.07 | Mem:0.36M, Peak:0.36M | Scene, ViewLayer | Updating Geometry BVH Cube.090 90/191 | Building BVH
Fra:1 Mem:18.00M (Peak 24.31M) | Time:00:00.07 | Mem:0.36M, Peak:0.36M | Scene, ViewLayer | Updating Geometry BVH Cube.091 91/191 | Building BVH
Fra:1 Mem:18.00M (Peak 24.31M) | Time:00:00.07 | Mem:0.37M, Peak:0.37M | Scene, ViewLayer | Updating Geometry BVH Cube.092 92/191 | Building BVH
Fra:1 Mem:18.00M (Peak 24.31M) | Time:00:00.07 | Mem:0.37M, Peak:0.37M | Scene, ViewLayer | Updating Geometry BVH Cube.093 93/191 | Building BVH
Fra:1 Mem:18.00M (Peak 24.31M) | Time:00:00.07 | Mem:0.37M, Peak:0.37M | Scene, ViewLayer | Updating Geometry BVH Cube.094 94/191 | Building BVH
Fra:1 Mem:18.00M (Peak 24.31M) | Time:00:00.07 | Mem:0.37M, Peak:0.37M | Scene, ViewLayer | Updating Geometry BVH Cube.095 95/191 | Building BVH
Fra:1 Mem:18.00M (Peak 24.31M) | Time:00:00.07 | Mem:0.37M, Peak:0.37M | Scene, ViewLayer | Updating Geometry BVH Cube.096 96/191 | Building BVH
Fra:1 Mem:18.00M (Peak 24.31M) | Time:00:00.07 | Mem:0.37M, Peak:0.37M | Scene, ViewLayer | Updating Geometry BVH Cube.097 97/191 | Building BVH
Fra:1 Mem:18.00M (Peak 24.31M) | Time:00:00.07 | Mem:0.37M, Peak:0.37M | Scene, ViewLayer | Updating Geometry BVH Cube.098 98/191 | Building BVH
Fra:1 Mem:18.00M (Peak 24.31M) | Time:00:00.07 | Mem:0.38M, Peak:0.38M | Scene, ViewLayer | Updating Geometry BVH Cube.099 99/191 | Building BVH
Fra:1 Mem:18.00M (Peak 24.31M) | Time:00:00.07 | Mem:0.38M, Peak:0.38M | Scene, ViewLayer | Updating Geometry BVH Cube.100 100/191 | Building BVH
Fra:1 Mem:18.00M (Peak 24.31M) | Time:00:00.07 | Mem:0.38M, Peak:0.38M | Scene, ViewLayer | Updating Geometry BVH Cube.102 102/191 | Building BVH
Fra:1 Mem:18.00M (Peak 24.31M) | Time:00:00.07 | Mem:0.38M, Peak:0.38M | Scene, ViewLayer | Updating Geometry BVH Cube.185 185/191 | Building BVH
Fra:1 Mem:18.00M (Peak 24.31M) | Time:00:00.07 | Mem:0.38M, Peak:0.38M | Scene, ViewLayer | Updating Geometry BVH Cube.103 103/191 | Building BVH
Fra:1 Mem:18.00M (Peak 24.31M) | Time:00:00.07 | Mem:0.38M, Peak:0.38M | Scene, ViewLayer | Updating Geometry BVH Cube.184 184/191 | Building BVH
Fra:1 Mem:18.00M (Peak 24.31M) | Time:00:00.07 | Mem:0.38M, Peak:0.39M | Scene, ViewLayer | Updating Geometry BVH Cube.104 104/191 | Building BVH
Fra:1 Mem:18.00M (Peak 24.31M) | Time:00:00.07 | Mem:0.39M, Peak:0.39M | Scene, ViewLayer | Updating Geometry BVH Cube.105 105/191 | Building BVH
Fra:1 Mem:18.00M (Peak 24.31M) | Time:00:00.07 | Mem:0.39M, Peak:0.39M | Scene, ViewLayer | Updating Geometry BVH Cube.107 107/191 | Building BVH
Fra:1 Mem:18.00M (Peak 24.31M) | Time:00:00.07 | Mem:0.39M, Peak:0.39M | Scene, ViewLayer | Updating Geometry BVH Cube.108 108/191 | Building BVH
Fra:1 Mem:18.00M (Peak 24.31M) | Time:00:00.07 | Mem:0.39M, Peak:0.39M | Scene, ViewLayer | Updating Geometry BVH Cube.109 109/191 | Building BVH
Fra:1 Mem:18.00M (Peak 24.31M) | Time:00:00.07 | Mem:0.39M, Peak:0.39M | Scene, ViewLayer | Updating Geometry BVH Cube.110 110/191 | Building BVH
Fra:1 Mem:18.00M (Peak 24.31M) | Time:00:00.07 | Mem:0.39M, Peak:0.39M | Scene, ViewLayer | Updating Geometry BVH Cube.111 111/191 | Building BVH
Fra:1 Mem:18.00M (Peak 24.31M) | Time:00:00.07 | Mem:0.40M, Peak:0.40M | Scene, ViewLayer | Updating Geometry BVH Cube.113 113/191 | Building BVH
Fra:1 Mem:18.00M (Peak 24.31M) | Time:00:00.07 | Mem:0.40M, Peak:0.40M | Scene, ViewLayer | Updating Geometry BVH Cube.114 114/191 | Building BVH
Fra:1 Mem:18.00M (Peak 24.31M) | Time:00:00.07 | Mem:0.40M, Peak:0.40M | Scene, ViewLayer | Updating Geometry BVH Cube.115 115/191 | Building BVH
Fra:1 Mem:18.00M (Peak 24.31M) | Time:00:00.07 | Mem:0.40M, Peak:0.40M | Scene, ViewLayer | Updating Geometry BVH Cube.116 116/191 | Building BVH
Fra:1 Mem:18.00M (Peak 24.31M) | Time:00:00.07 | Mem:0.40M, Peak:0.40M | Scene, ViewLayer | Updating Geometry BVH Cube.117 117/191 | Building BVH
Fra:1 Mem:18.00M (Peak 24.31M) | Time:00:00.07 | Mem:0.40M, Peak:0.40M | Scene, ViewLayer | Updating Geometry BVH Cube.118 118/191 | Building BVH
Fra:1 Mem:18.00M (Peak 24.31M) | Time:00:00.07 | Mem:0.41M, Peak:0.41M | Scene, ViewLayer | Updating Geometry BVH Cube.119 119/191 | Building BVH
Fra:1 Mem:18.00M (Peak 24.31M) | Time:00:00.07 | Mem:0.41M, Peak:0.41M | Scene, ViewLayer | Updating Geometry BVH Cube.120 120/191 | Building BVH
Fra:1 Mem:18.00M (Peak 24.31M) | Time:00:00.07 | Mem:0.41M, Peak:0.41M | Scene, ViewLayer | Updating Geometry BVH Cube.121 121/191 | Building BVH
Fra:1 Mem:18.00M (Peak 24.31M) | Time:00:00.07 | Mem:0.41M, Peak:0.41M | Scene, ViewLayer | Updating Geometry BVH Cube.122 122/191 | Building BVH
Fra:1 Mem:18.00M (Peak 24.31M) | Time:00:00.07 | Mem:0.41M, Peak:0.41M | Scene, ViewLayer | Updating Geometry BVH Cube.123 123/191 | Building BVH
Fra:1 Mem:18.00M (Peak 24.31M) | Time:00:00.07 | Mem:0.41M, Peak:0.41M | Scene, ViewLayer | Updating Geometry BVH Cube.124 124/191 | Building BVH
Fra:1 Mem:18.00M (Peak 24.31M) | Time:00:00.07 | Mem:0.41M, Peak:0.41M | Scene, ViewLayer | Updating Geometry BVH Cube.125 125/191 | Building BVH
Fra:1 Mem:18.00M (Peak 24.31M) | Time:00:00.07 | Mem:0.41M, Peak:0.41M | Scene, ViewLayer | Updating Geometry BVH Cube.126 126/191 | Building BVH
Fra:1 Mem:18.00M (Peak 24.31M) | Time:00:00.07 | Mem:0.42M, Peak:0.42M | Scene, ViewLayer | Updating Geometry BVH Cube.127 127/191 | Building BVH
Fra:1 Mem:18.00M (Peak 24.31M) | Time:00:00.07 | Mem:0.42M, Peak:0.42M | Scene, ViewLayer | Updating Geometry BVH Cube.128 128/191 | Building BVH
Fra:1 Mem:18.00M (Peak 24.31M) | Time:00:00.07 | Mem:0.42M, Peak:0.42M | Scene, ViewLayer | Updating Geometry BVH Cube.129 129/191 | Building BVH
Fra:1 Mem:18.00M (Peak 24.31M) | Time:00:00.07 | Mem:0.42M, Peak:0.42M | Scene, ViewLayer | Updating Geometry BVH Cube.131 131/191 | Building BVH
Fra:1 Mem:18.00M (Peak 24.31M) | Time:00:00.07 | Mem:0.42M, Peak:0.42M | Scene, ViewLayer | Updating Geometry BVH Cube.132 132/191 | Building BVH
Fra:1 Mem:18.00M (Peak 24.31M) | Time:00:00.07 | Mem:0.43M, Peak:0.43M | Scene, ViewLayer | Updating Geometry BVH Cube.134 134/191 | Building BVH
Fra:1 Mem:18.00M (Peak 24.31M) | Time:00:00.07 | Mem:0.43M, Peak:0.43M | Scene, ViewLayer | Updating Geometry BVH Cube.135 135/191 | Building BVH
Fra:1 Mem:18.00M (Peak 24.31M) | Time:00:00.07 | Mem:0.43M, Peak:0.43M | Scene, ViewLayer | Updating Geometry BVH Cube.136 136/191 | Building BVH
Fra:1 Mem:18.00M (Peak 24.31M) | Time:00:00.07 | Mem:0.43M, Peak:0.43M | Scene, ViewLayer | Updating Geometry BVH Cube.137 137/191 | Building BVH
Fra:1 Mem:18.00M (Peak 24.31M) | Time:00:00.07 | Mem:0.43M, Peak:0.43M | Scene, ViewLayer | Updating Geometry BVH Cube.139 139/191 | Building BVH
Fra:1 Mem:18.00M (Peak 24.31M) | Time:00:00.07 | Mem:0.43M, Peak:0.43M | Scene, ViewLayer | Updating Geometry BVH Cube.140 140/191 | Building BVH
Fra:1 Mem:18.00M (Peak 24.31M) | Time:00:00.07 | Mem:0.44M, Peak:0.44M | Scene, ViewLayer | Updating Geometry BVH Cube.141 141/191 | Building BVH
Fra:1 Mem:18.00M (Peak 24.31M) | Time:00:00.07 | Mem:0.44M, Peak:0.44M | Scene, ViewLayer | Updating Geometry BVH Cube.183 183/191 | Building BVH
Fra:1 Mem:18.00M (Peak 24.31M) | Time:00:00.07 | Mem:0.44M, Peak:0.44M | Scene, ViewLayer | Updating Geometry BVH Cube.142 142/191 | Building BVH
Fra:1 Mem:18.00M (Peak 24.31M) | Time:00:00.07 | Mem:0.44M, Peak:0.44M | Scene, ViewLayer | Updating Geometry BVH Cube.143 143/191 | Building BVH
Fra:1 Mem:18.00M (Peak 24.31M) | Time:00:00.07 | Mem:0.44M, Peak:0.44M | Scene, ViewLayer | Updating Geometry BVH Cube.144 144/191 | Building BVH
Fra:1 Mem:18.00M (Peak 24.31M) | Time:00:00.07 | Mem:0.44M, Peak:0.44M | Scene, ViewLayer | Updating Geometry BVH Cube.145 145/191 | Building BVH
Fra:1 Mem:18.00M (Peak 24.31M) | Time:00:00.07 | Mem:0.44M, Peak:0.44M | Scene, ViewLayer | Updating Geometry BVH Cube.146 146/191 | Building BVH
Fra:1 Mem:18.00M (Peak 24.31M) | Time:00:00.07 | Mem:0.44M, Peak:0.44M | Scene, ViewLayer | Updating Geometry BVH Cube.147 147/191 | Building BVH
Fra:1 Mem:18.00M (Peak 24.31M) | Time:00:00.07 | Mem:0.45M, Peak:0.45M | Scene, ViewLayer | Updating Geometry BVH Cube.148 148/191 | Building BVH
Fra:1 Mem:18.00M (Peak 24.31M) | Time:00:00.07 | Mem:0.45M, Peak:0.45M | Scene, ViewLayer | Updating Geometry BVH Cube.182 182/191 | Building BVH
Fra:1 Mem:18.00M (Peak 24.31M) | Time:00:00.07 | Mem:0.45M, Peak:0.45M | Scene, ViewLayer | Updating Geometry BVH Cube.149 149/191 | Building BVH
Fra:1 Mem:18.00M (Peak 24.31M) | Time:00:00.07 | Mem:0.45M, Peak:0.45M | Scene, ViewLayer | Updating Geometry BVH Cube.150 150/191 | Building BVH
Fra:1 Mem:18.00M (Peak 24.31M) | Time:00:00.07 | Mem:0.45M, Peak:0.45M | Scene, ViewLayer | Updating Geometry BVH Cube.151 151/191 | Building BVH
Fra:1 Mem:18.00M (Peak 24.31M) | Time:00:00.07 | Mem:0.45M, Peak:0.45M | Scene, ViewLayer | Updating Geometry BVH Cube.152 152/191 | Building BVH
Fra:1 Mem:18.00M (Peak 24.31M) | Time:00:00.07 | Mem:0.45M, Peak:0.45M | Scene, ViewLayer | Updating Geometry BVH Cube.154 154/191 | Building BVH
Fra:1 Mem:18.00M (Peak 24.31M) | Time:00:00.07 | Mem:0.46M, Peak:0.46M | Scene, ViewLayer | Updating Geometry BVH Cube.155 155/191 | Building BVH
Fra:1 Mem:18.00M (Peak 24.31M) | Time:00:00.07 | Mem:0.46M, Peak:0.46M | Scene, ViewLayer | Updating Geometry BVH Cube.156 156/191 | Building BVH
Fra:1 Mem:18.00M (Peak 24.31M) | Time:00:00.07 | Mem:0.46M, Peak:0.46M | Scene, ViewLayer | Updating Geometry BVH Cube.158 158/191 | Building BVH
Fra:1 Mem:18.00M (Peak 24.31M) | Time:00:00.07 | Mem:0.46M, Peak:0.46M | Scene, ViewLayer | Updating Geometry BVH Cube.159 159/191 | Building BVH
Fra:1 Mem:18.00M (Peak 24.31M) | Time:00:00.07 | Mem:0.46M, Peak:0.46M | Scene, ViewLayer | Updating Geometry BVH Cube.160 160/191 | Building BVH
Fra:1 Mem:18.00M (Peak 24.31M) | Time:00:00.07 | Mem:0.46M, Peak:0.46M | Scene, ViewLayer | Updating Geometry BVH Cube.161 161/191 | Building BVH
Fra:1 Mem:18.00M (Peak 24.31M) | Time:00:00.07 | Mem:0.47M, Peak:0.47M | Scene, ViewLayer | Updating Geometry BVH Cube.162 162/191 | Building BVH
Fra:1 Mem:18.00M (Peak 24.31M) | Time:00:00.07 | Mem:0.47M, Peak:0.47M | Scene, ViewLayer | Updating Geometry BVH Cube.163 163/191 | Building BVH
Fra:1 Mem:18.00M (Peak 24.31M) | Time:00:00.07 | Mem:0.47M, Peak:0.47M | Scene, ViewLayer | Updating Geometry BVH Cube.164 164/191 | Building BVH
Fra:1 Mem:18.00M (Peak 24.31M) | Time:00:00.07 | Mem:0.47M, Peak:0.47M | Scene, ViewLayer | Updating Geometry BVH Cube.165 165/191 | Building BVH
Fra:1 Mem:18.00M (Peak 24.31M) | Time:00:00.07 | Mem:0.47M, Peak:0.47M | Scene, ViewLayer | Updating Geometry BVH Cube.166 166/191 | Building BVH
Fra:1 Mem:18.00M (Peak 24.31M) | Time:00:00.07 | Mem:0.47M, Peak:0.47M | Scene, ViewLayer | Updating Geometry BVH Cube.167 167/191 | Building BVH
Fra:1 Mem:18.00M (Peak 24.31M) | Time:00:00.07 | Mem:0.47M, Peak:0.47M | Scene, ViewLayer | Updating Geometry BVH Cube.168 168/191 | Building BVH
Fra:1 Mem:18.00M (Peak 24.31M) | Time:00:00.07 | Mem:0.48M, Peak:0.48M | Scene, ViewLayer | Updating Geometry BVH Cube.169 169/191 | Building BVH
Fra:1 Mem:18.00M (Peak 24.31M) | Time:00:00.07 | Mem:0.48M, Peak:0.48M | Scene, ViewLayer | Updating Geometry BVH Cube.170 170/191 | Building BVH
Fra:1 Mem:18.00M (Peak 24.31M) | Time:00:00.07 | Mem:0.48M, Peak:0.48M | Scene, ViewLayer | Updating Geometry BVH Cube.181 181/191 | Building BVH
Fra:1 Mem:18.00M (Peak 24.31M) | Time:00:00.07 | Mem:0.48M, Peak:0.48M | Scene, ViewLayer | Updating Geometry BVH Cube.171 171/191 | Building BVH
Fra:1 Mem:18.00M (Peak 24.31M) | Time:00:00.07 | Mem:0.48M, Peak:0.48M | Scene, ViewLayer | Updating Geometry BVH Cube.173 173/191 | Building BVH
Fra:1 Mem:18.00M (Peak 24.31M) | Time:00:00.07 | Mem:0.48M, Peak:0.48M | Scene, ViewLayer | Updating Geometry BVH Cube.174 174/191 | Building BVH
Fra:1 Mem:18.00M (Peak 24.31M) | Time:00:00.07 | Mem:0.48M, Peak:0.48M | Scene, ViewLayer | Updating Geometry BVH Cube.175 175/191 | Building BVH
Fra:1 Mem:18.00M (Peak 24.31M) | Time:00:00.07 | Mem:0.49M, Peak:0.49M | Scene, ViewLayer | Updating Geometry BVH Cube.176 176/191 | Building BVH
Fra:1 Mem:18.00M (Peak 24.31M) | Time:00:00.07 | Mem:0.49M, Peak:0.49M | Scene, ViewLayer | Updating Geometry BVH Cube.177 177/191 | Building BVH
Fra:1 Mem:18.00M (Peak 24.31M) | Time:00:00.07 | Mem:0.49M, Peak:0.49M | Scene, ViewLayer | Updating Geometry BVH Cube.178 178/191 | Building BVH
Fra:1 Mem:18.00M (Peak 24.31M) | Time:00:00.07 | Mem:0.49M, Peak:0.49M | Scene, ViewLayer | Updating Geometry BVH Cube.179 179/191 | Building BVH
Fra:1 Mem:18.00M (Peak 24.31M) | Time:00:00.07 | Mem:0.49M, Peak:0.49M | Scene, ViewLayer | Updating Geometry BVH Cube.180 180/191 | Building BVH
Fra:1 Mem:18.00M (Peak 24.31M) | Time:00:00.07 | Mem:0.51M, Peak:0.51M | Scene, ViewLayer | Updating Scene BVH | Building
Fra:1 Mem:18.00M (Peak 24.31M) | Time:00:00.07 | Mem:0.51M, Peak:0.51M | Scene, ViewLayer | Updating Scene BVH | Building BVH
Fra:1 Mem:18.00M (Peak 24.31M) | Time:00:00.07 | Mem:0.53M, Peak:0.54M | Scene, ViewLayer | Updating Scene BVH | Copying BVH to device
Fra:1 Mem:18.00M (Peak 24.31M) | Time:00:00.07 | Mem:0.53M, Peak:0.54M | Scene, ViewLayer | Updating Mesh | Computing normals
Fra:1 Mem:18.16M (Peak 24.31M) | Time:00:00.07 | Mem:0.53M, Peak:0.54M | Scene, ViewLayer | Updating Mesh | Copying Mesh to device
Fra:1 Mem:18.16M (Peak 24.31M) | Time:00:00.07 | Mem:0.69M, Peak:0.69M | Scene, ViewLayer | Updating Objects Flags
Fra:1 Mem:18.16M (Peak 24.31M) | Time:00:00.07 | Mem:0.69M, Peak:0.69M | Scene, ViewLayer | Updating Primitive Offsets
Fra:1 Mem:18.16M (Peak 24.31M) | Time:00:00.07 | Mem:0.69M, Peak:0.69M | Scene, ViewLayer | Updating Images
Fra:1 Mem:18.16M (Peak 24.31M) | Time:00:00.07 | Mem:0.69M, Peak:0.69M | Scene, ViewLayer | Updating Images | Loading geode_lining_light.png
Fra:1 Mem:18.16M (Peak 24.31M) | Time:00:00.07 | Mem:0.69M, Peak:0.69M | Scene, ViewLayer | Updating Images | Loading side_backing.png
Fra:1 Mem:18.17M (Peak 24.31M) | Time:00:00.07 | Mem:0.69M, Peak:0.69M | Scene, ViewLayer | Updating Images | Loading engraved_amethyst.png
Fra:1 Mem:18.17M (Peak 24.31M) | Time:00:00.07 | Mem:0.69M, Peak:0.69M | Scene, ViewLayer | Updating Images | Loading geode_calcite_shadow_emission.png
Fra:1 Mem:18.19M (Peak 24.31M) | Time:00:00.08 | Mem:0.69M, Peak:0.69M | Scene, ViewLayer | Updating Images | Loading geode_calcite_emission.png
Fra:1 Mem:18.19M (Peak 24.31M) | Time:00:00.08 | Mem:0.69M, Peak:0.69M | Scene, ViewLayer | Updating Images | Loading bud_lilac_emission.png
Fra:1 Mem:18.19M (Peak 24.31M) | Time:00:00.08 | Mem:0.69M, Peak:0.69M | Scene, ViewLayer | Updating Images | Loading geode_lining_light_emission.png
Fra:1 Mem:18.19M (Peak 24.31M) | Time:00:00.08 | Mem:0.70M, Peak:0.70M | Scene, ViewLayer | Updating Images | Loading side_relief_emission.png
Fra:1 Mem:18.19M (Peak 24.31M) | Time:00:00.08 | Mem:0.70M, Peak:0.70M | Scene, ViewLayer | Updating Images | Loading geode_lining_emission.png
Fra:1 Mem:18.19M (Peak 24.31M) | Time:00:00.08 | Mem:0.70M, Peak:0.70M | Scene, ViewLayer | Updating Images | Loading geode_basalt_emission.png
Fra:1 Mem:18.19M (Peak 24.31M) | Time:00:00.08 | Mem:0.70M, Peak:0.70M | Scene, ViewLayer | Updating Images | Loading geode_basalt_dark_emission.png
Fra:1 Mem:18.19M (Peak 24.31M) | Time:00:00.08 | Mem:0.70M, Peak:0.70M | Scene, ViewLayer | Updating Images | Loading engraved_glint_emission.png
Fra:1 Mem:18.19M (Peak 24.31M) | Time:00:00.08 | Mem:0.70M, Peak:0.70M | Scene, ViewLayer | Updating Images | Loading bud_pink_emission.png
Fra:1 Mem:18.19M (Peak 24.31M) | Time:00:00.08 | Mem:0.70M, Peak:0.70M | Scene, ViewLayer | Updating Images | Loading bud_silver_emission.png
Fra:1 Mem:18.19M (Peak 24.31M) | Time:00:00.08 | Mem:0.70M, Peak:0.70M | Scene, ViewLayer | Updating Images | Loading engraved_amethyst_emission.png
Fra:1 Mem:18.19M (Peak 24.31M) | Time:00:00.08 | Mem:0.71M, Peak:0.71M | Scene, ViewLayer | Updating Images | Loading geode_calcite_metal.png
Fra:1 Mem:18.19M (Peak 24.31M) | Time:00:00.09 | Mem:0.71M, Peak:0.71M | Scene, ViewLayer | Updating Images | Loading geode_calcite_light_metal.png
Fra:1 Mem:18.19M (Peak 24.31M) | Time:00:00.09 | Mem:0.71M, Peak:0.71M | Scene, ViewLayer | Updating Images | Loading side_relief_metal.png
Fra:1 Mem:18.19M (Peak 24.31M) | Time:00:00.09 | Mem:0.71M, Peak:0.71M | Scene, ViewLayer | Updating Images | Loading bud_lilac_metal.png
Fra:1 Mem:18.20M (Peak 24.31M) | Time:00:00.09 | Mem:0.71M, Peak:0.71M | Scene, ViewLayer | Updating Images | Loading geode_lining_metal.png
Fra:1 Mem:18.20M (Peak 24.31M) | Time:00:00.09 | Mem:0.71M, Peak:0.71M | Scene, ViewLayer | Updating Images | Loading geode_basalt_dark_metal.png
Fra:1 Mem:18.20M (Peak 24.31M) | Time:00:00.09 | Mem:0.71M, Peak:0.71M | Scene, ViewLayer | Updating Images | Loading geode_lining_light_metal.png
Fra:1 Mem:18.20M (Peak 24.31M) | Time:00:00.09 | Mem:0.71M, Peak:0.71M | Scene, ViewLayer | Updating Images | Loading bud_silver_metal.png
Fra:1 Mem:18.20M (Peak 24.31M) | Time:00:00.09 | Mem:0.71M, Peak:0.71M | Scene, ViewLayer | Updating Images | Loading engraved_amethyst_metal.png
Fra:1 Mem:18.20M (Peak 24.31M) | Time:00:00.09 | Mem:0.71M, Peak:0.71M | Scene, ViewLayer | Updating Images | Loading bud_pink_metal.png
Fra:1 Mem:18.20M (Peak 24.31M) | Time:00:00.09 | Mem:0.71M, Peak:0.71M | Scene, ViewLayer | Updating Images | Loading side_backing_metal.png
Fra:1 Mem:18.20M (Peak 24.31M) | Time:00:00.09 | Mem:0.71M, Peak:0.71M | Scene, ViewLayer | Updating Images | Loading engraved_glint_metal.png
Fra:1 Mem:18.20M (Peak 24.31M) | Time:00:00.09 | Mem:0.71M, Peak:0.71M | Scene, ViewLayer | Updating Images | Loading geode_basalt_metal.png
Fra:1 Mem:18.20M (Peak 24.31M) | Time:00:00.09 | Mem:0.71M, Peak:0.71M | Scene, ViewLayer | Updating Images | Loading geode_calcite_shadow_sss.png
Fra:1 Mem:18.20M (Peak 24.31M) | Time:00:00.09 | Mem:0.71M, Peak:0.71M | Scene, ViewLayer | Updating Images | Loading geode_calcite_sss.png
Fra:1 Mem:18.20M (Peak 24.31M) | Time:00:00.09 | Mem:0.71M, Peak:0.71M | Scene, ViewLayer | Updating Images | Loading geode_calcite_light_sss.png
Fra:1 Mem:18.20M (Peak 24.31M) | Time:00:00.10 | Mem:0.71M, Peak:0.71M | Scene, ViewLayer | Updating Images | Loading side_relief_sss.png
Fra:1 Mem:18.20M (Peak 24.31M) | Time:00:00.10 | Mem:0.71M, Peak:0.71M | Scene, ViewLayer | Updating Images | Loading bud_lilac_sss.png
Fra:1 Mem:18.20M (Peak 24.31M) | Time:00:00.10 | Mem:0.71M, Peak:0.71M | Scene, ViewLayer | Updating Images | Loading geode_basalt_dark_sss.png
Fra:1 Mem:18.20M (Peak 24.31M) | Time:00:00.10 | Mem:0.71M, Peak:0.71M | Scene, ViewLayer | Updating Images | Loading geode_lining_sss.png
Fra:1 Mem:18.20M (Peak 24.31M) | Time:00:00.10 | Mem:0.71M, Peak:0.71M | Scene, ViewLayer | Updating Images | Loading geode_lining_light_sss.png
Fra:1 Mem:18.20M (Peak 24.31M) | Time:00:00.10 | Mem:0.71M, Peak:0.71M | Scene, ViewLayer | Updating Images | Loading bud_silver_sss.png
Fra:1 Mem:18.20M (Peak 24.31M) | Time:00:00.10 | Mem:0.71M, Peak:0.71M | Scene, ViewLayer | Updating Images | Loading geode_basalt_sss.png
Fra:1 Mem:18.20M (Peak 24.31M) | Time:00:00.10 | Mem:0.71M, Peak:0.71M | Scene, ViewLayer | Updating Images | Loading side_backing_sss.png
Fra:1 Mem:18.20M (Peak 24.31M) | Time:00:00.10 | Mem:0.71M, Peak:0.71M | Scene, ViewLayer | Updating Images | Loading bud_pink_sss.png
Fra:1 Mem:18.20M (Peak 24.31M) | Time:00:00.10 | Mem:0.71M, Peak:0.71M | Scene, ViewLayer | Updating Images | Loading engraved_amethyst_sss.png
Fra:1 Mem:18.20M (Peak 24.31M) | Time:00:00.10 | Mem:0.71M, Peak:0.71M | Scene, ViewLayer | Updating Images | Loading engraved_glint_sss.png
Fra:1 Mem:18.20M (Peak 24.31M) | Time:00:00.10 | Mem:0.71M, Peak:0.71M | Scene, ViewLayer | Updating Images | Loading geode_calcite_roughness.png
Fra:1 Mem:18.20M (Peak 24.31M) | Time:00:00.10 | Mem:0.71M, Peak:0.71M | Scene, ViewLayer | Updating Images | Loading geode_calcite_shadow_roughness.png
Fra:1 Mem:18.20M (Peak 24.31M) | Time:00:00.10 | Mem:0.71M, Peak:0.71M | Scene, ViewLayer | Updating Images | Loading engraved_glint_normal_preview.png
Fra:1 Mem:18.20M (Peak 24.31M) | Time:00:00.11 | Mem:0.72M, Peak:0.72M | Scene, ViewLayer | Updating Images | Loading side_relief_roughness.png
Fra:1 Mem:18.20M (Peak 24.31M) | Time:00:00.11 | Mem:0.72M, Peak:0.72M | Scene, ViewLayer | Updating Images | Loading geode_basalt_dark_roughness.png
Fra:1 Mem:18.20M (Peak 24.31M) | Time:00:00.11 | Mem:0.72M, Peak:0.72M | Scene, ViewLayer | Updating Images | Loading geode_lining_light_roughness.png
Fra:1 Mem:18.20M (Peak 24.31M) | Time:00:00.11 | Mem:0.72M, Peak:0.72M | Scene, ViewLayer | Updating Images | Loading side_backing_roughness.png
Fra:1 Mem:18.21M (Peak 24.31M) | Time:00:00.11 | Mem:0.72M, Peak:0.72M | Scene, ViewLayer | Updating Images | Loading bud_pink_roughness.png
Fra:1 Mem:18.21M (Peak 24.31M) | Time:00:00.11 | Mem:0.72M, Peak:0.72M | Scene, ViewLayer | Updating Images | Loading engraved_amethyst_roughness.png
Fra:1 Mem:18.21M (Peak 24.31M) | Time:00:00.11 | Mem:0.72M, Peak:0.72M | Scene, ViewLayer | Updating Images | Loading bud_silver_roughness.png
Fra:1 Mem:18.21M (Peak 24.31M) | Time:00:00.11 | Mem:0.72M, Peak:0.72M | Scene, ViewLayer | Updating Images | Loading engraved_glint_roughness.png
Fra:1 Mem:18.21M (Peak 24.31M) | Time:00:00.11 | Mem:0.72M, Peak:0.72M | Scene, ViewLayer | Updating Images | Loading geode_calcite_normal_preview.png
Fra:1 Mem:18.21M (Peak 24.31M) | Time:00:00.11 | Mem:0.72M, Peak:0.72M | Scene, ViewLayer | Updating Images | Loading geode_calcite_light_normal_preview.png
Fra:1 Mem:18.21M (Peak 24.31M) | Time:00:00.11 | Mem:0.72M, Peak:0.72M | Scene, ViewLayer | Updating Images | Loading bud_lilac_normal_preview.png
Fra:1 Mem:18.21M (Peak 24.31M) | Time:00:00.11 | Mem:0.72M, Peak:0.72M | Scene, ViewLayer | Updating Images | Loading geode_basalt_normal_preview.png
Fra:1 Mem:18.21M (Peak 24.31M) | Time:00:00.12 | Mem:0.72M, Peak:0.72M | Scene, ViewLayer | Updating Images | Loading side_relief_normal_preview.png
Fra:1 Mem:18.21M (Peak 24.31M) | Time:00:00.12 | Mem:0.72M, Peak:0.72M | Scene, ViewLayer | Updating Images | Loading geode_lining_normal_preview.png
Fra:1 Mem:18.22M (Peak 24.31M) | Time:00:00.12 | Mem:0.72M, Peak:0.72M | Scene, ViewLayer | Updating Images | Loading geode_lining_light_normal_preview.png
Fra:1 Mem:18.22M (Peak 24.31M) | Time:00:00.12 | Mem:0.73M, Peak:0.73M | Scene, ViewLayer | Updating Camera Volume
Fra:1 Mem:18.22M (Peak 24.31M) | Time:00:00.12 | Mem:0.73M, Peak:0.73M | Scene, ViewLayer | Updating Lookup Tables
Fra:1 Mem:18.22M (Peak 24.31M) | Time:00:00.12 | Mem:0.98M, Peak:0.98M | Scene, ViewLayer | Updating Lights
Fra:1 Mem:18.22M (Peak 24.31M) | Time:00:00.12 | Mem:0.98M, Peak:0.98M | Scene, ViewLayer | Updating Lights | Computing distribution
Fra:1 Mem:18.25M (Peak 24.31M) | Time:00:00.12 | Mem:1.02M, Peak:1.02M | Scene, ViewLayer | Updating Integrator
Fra:1 Mem:18.26M (Peak 24.31M) | Time:00:00.12 | Mem:1.03M, Peak:1.03M | Scene, ViewLayer | Updating Film
Fra:1 Mem:18.26M (Peak 24.31M) | Time:00:00.13 | Mem:0.78M, Peak:1.03M | Scene, ViewLayer | Updating Lookup Tables
Fra:1 Mem:18.26M (Peak 24.31M) | Time:00:00.13 | Mem:1.03M, Peak:1.03M | Scene, ViewLayer | Updating Baking
Fra:1 Mem:18.26M (Peak 24.31M) | Time:00:00.13 | Mem:1.03M, Peak:1.03M | Scene, ViewLayer | Updating Device | Writing constant memory
Fra:1 Mem:18.27M (Peak 24.31M) | Time:00:00.13 | Mem:1.03M, Peak:1.03M | Scene, ViewLayer | Sample 0/48
Fra:1 Mem:90.79M (Peak 90.79M) | Time:00:00.52 | Remaining:00:18.67 | Mem:73.52M, Peak:73.52M | Scene, ViewLayer | Sample 1/48
Fra:1 Mem:121.31M (Peak 167.09M) | Time:00:18.61 | Mem:73.52M, Peak:73.52M | Scene, ViewLayer | Sample 48/48
Fra:1 Mem:121.31M (Peak 167.09M) | Time:00:18.61 | Mem:73.52M, Peak:73.52M | Scene, ViewLayer | Finished
Saved: 'D:\Desktop\Document\Coding\FULL STACK\ConvertTable\assets\geode_prototype\geode_three_quarter.png'
 Time: 00:18.72 (Saving: 00:00.10)

Fra:1 Mem:23.95M (Peak 23.96M) | Time:00:00.01 | Mem:0.00M, Peak:0.00M | Scene, ViewLayer | Synchronizing object | 01_basalt_corner_guards_0000
Fra:1 Mem:23.95M (Peak 23.96M) | Time:00:00.01 | Mem:0.00M, Peak:0.00M | Scene, ViewLayer | Synchronizing object | 01_basalt_corner_guards_0001
Fra:1 Mem:23.96M (Peak 23.96M) | Time:00:00.01 | Mem:0.00M, Peak:0.00M | Scene, ViewLayer | Synchronizing object | 10_black_corner_shoulders_0004
Fra:1 Mem:23.96M (Peak 23.96M) | Time:00:00.01 | Mem:0.00M, Peak:0.00M | Scene, ViewLayer | Synchronizing object | 08_layer_2_lower_rail_0007
Fra:1 Mem:23.96M (Peak 23.96M) | Time:00:00.01 | Mem:0.00M, Peak:0.00M | Scene, ViewLayer | Synchronizing object | 07_layer_2_crystal_relief_0009
Fra:1 Mem:23.96M (Peak 23.96M) | Time:00:00.01 | Mem:0.00M, Peak:0.00M | Scene, ViewLayer | Synchronizing object | 03_black_wrapped_corner_pillars_0011
Fra:1 Mem:23.96M (Peak 23.96M) | Time:00:00.01 | Mem:0.00M, Peak:0.00M | Scene, ViewLayer | Synchronizing object | 07_layer_2_crystal_relief_0013
Fra:1 Mem:23.97M (Peak 23.97M) | Time:00:00.01 | Mem:0.00M, Peak:0.00M | Scene, ViewLayer | Synchronizing object | 07_layer_2_crystal_relief_0014
Fra:1 Mem:23.97M (Peak 23.97M) | Time:00:00.01 | Mem:0.00M, Peak:0.00M | Scene, ViewLayer | Synchronizing object | 07_layer_2_crystal_relief_0015
Fra:1 Mem:23.97M (Peak 23.97M) | Time:00:00.01 | Mem:0.00M, Peak:0.00M | Scene, ViewLayer | Synchronizing object | 07_layer_2_crystal_relief_0017
Fra:1 Mem:23.97M (Peak 23.97M) | Time:00:00.01 | Mem:0.00M, Peak:0.00M | Scene, ViewLayer | Synchronizing object | 09_calcite_crown_rim_0020
Fra:1 Mem:23.97M (Peak 23.97M) | Time:00:00.01 | Mem:0.00M, Peak:0.00M | Scene, ViewLayer | Synchronizing object | 11_corner_crystal_buds_0022
Fra:1 Mem:23.98M (Peak 23.98M) | Time:00:00.01 | Mem:0.00M, Peak:0.00M | Scene, ViewLayer | Synchronizing object | 11_corner_crystal_buds_0023
Fra:1 Mem:23.98M (Peak 23.98M) | Time:00:00.01 | Mem:0.00M, Peak:0.00M | Scene, ViewLayer | Synchronizing object | 11_corner_crystal_buds_0025
Fra:1 Mem:23.98M (Peak 23.98M) | Time:00:00.01 | Mem:0.00M, Peak:0.00M | Scene, ViewLayer | Synchronizing object | 11_corner_crystal_buds_0026
Fra:1 Mem:23.99M (Peak 23.99M) | Time:00:00.01 | Mem:0.00M, Peak:0.00M | Scene, ViewLayer | Synchronizing object | 05_layer_3_mineral_backing_0028
Fra:1 Mem:23.99M (Peak 23.99M) | Time:00:00.01 | Mem:0.00M, Peak:0.00M | Scene, ViewLayer | Synchronizing object | 05_layer_3_mineral_backing_0029
Fra:1 Mem:23.99M (Peak 23.99M) | Time:00:00.01 | Mem:0.00M, Peak:0.00M | Scene, ViewLayer | Synchronizing object | 05_layer_3_mineral_backing_0030
Fra:1 Mem:24.00M (Peak 24.00M) | Time:00:00.01 | Mem:0.00M, Peak:0.00M | Scene, ViewLayer | Synchronizing object | 06_layer_3_stone_ground_pattern_0032
Fra:1 Mem:24.00M (Peak 24.00M) | Time:00:00.01 | Mem:0.00M, Peak:0.00M | Scene, ViewLayer | Synchronizing object | 05_layer_3_mineral_backing_0035
Fra:1 Mem:24.00M (Peak 24.00M) | Time:00:00.01 | Mem:0.00M, Peak:0.00M | Scene, ViewLayer | Synchronizing object | 05_layer_3_mineral_backing_0036
Fra:1 Mem:24.00M (Peak 24.00M) | Time:00:00.01 | Mem:0.00M, Peak:0.00M | Scene, ViewLayer | Synchronizing object | 06_layer_3_stone_ground_pattern_0037
Fra:1 Mem:24.01M (Peak 24.01M) | Time:00:00.01 | Mem:0.00M, Peak:0.00M | Scene, ViewLayer | Synchronizing object | 05_layer_3_mineral_backing_0038
Fra:1 Mem:24.01M (Peak 24.01M) | Time:00:00.01 | Mem:0.00M, Peak:0.00M | Scene, ViewLayer | Synchronizing object | 05_layer_3_mineral_backing_0039
Fra:1 Mem:24.01M (Peak 24.01M) | Time:00:00.01 | Mem:0.00M, Peak:0.00M | Scene, ViewLayer | Synchronizing object | 05_layer_3_mineral_backing_0041
Fra:1 Mem:24.01M (Peak 24.01M) | Time:00:00.01 | Mem:0.00M, Peak:0.00M | Scene, ViewLayer | Synchronizing object | 05_layer_3_mineral_backing_0043
Fra:1 Mem:24.02M (Peak 24.02M) | Time:00:00.01 | Mem:0.00M, Peak:0.00M | Scene, ViewLayer | Synchronizing object | 05_layer_3_mineral_backing_0044
Fra:1 Mem:24.02M (Peak 24.02M) | Time:00:00.01 | Mem:0.00M, Peak:0.00M | Scene, ViewLayer | Synchronizing object | 08_layer_2_lower_rail_0045
Fra:1 Mem:24.02M (Peak 24.02M) | Time:00:00.01 | Mem:0.00M, Peak:0.00M | Scene, ViewLayer | Synchronizing object | 08_layer_2_lower_rail_0047
Fra:1 Mem:24.02M (Peak 24.02M) | Time:00:00.01 | Mem:0.00M, Peak:0.00M | Scene, ViewLayer | Synchronizing object | 02_calcite_lower_shell_0048
Fra:1 Mem:24.03M (Peak 24.03M) | Time:00:00.01 | Mem:0.00M, Peak:0.00M | Scene, ViewLayer | Synchronizing object | 08_layer_2_lower_rail_0049
Fra:1 Mem:24.03M (Peak 24.03M) | Time:00:00.01 | Mem:0.00M, Peak:0.00M | Scene, ViewLayer | Synchronizing object | 05_layer_3_mineral_backing_0051
Fra:1 Mem:24.04M (Peak 24.04M) | Time:00:00.01 | Mem:0.00M, Peak:0.00M | Scene, ViewLayer | Synchronizing object | 05_layer_3_mineral_backing_0054
Fra:1 Mem:24.04M (Peak 24.04M) | Time:00:00.01 | Mem:0.00M, Peak:0.00M | Scene, ViewLayer | Synchronizing object | 05_layer_3_mineral_backing_0053
Fra:1 Mem:24.04M (Peak 24.04M) | Time:00:00.01 | Mem:0.00M, Peak:0.00M | Scene, ViewLayer | Synchronizing object | 05_layer_3_mineral_backing_0055
Fra:1 Mem:24.04M (Peak 24.04M) | Time:00:00.01 | Mem:0.00M, Peak:0.00M | Scene, ViewLayer | Synchronizing object | 07_layer_2_crystal_relief_0056
Fra:1 Mem:24.05M (Peak 24.05M) | Time:00:00.01 | Mem:0.00M, Peak:0.00M | Scene, ViewLayer | Synchronizing object | 07_layer_2_crystal_relief_0057
Fra:1 Mem:24.05M (Peak 24.05M) | Time:00:00.01 | Mem:0.00M, Peak:0.00M | Scene, ViewLayer | Synchronizing object | 05_layer_3_mineral_backing_0058
Fra:1 Mem:24.05M (Peak 24.05M) | Time:00:00.01 | Mem:0.00M, Peak:0.00M | Scene, ViewLayer | Synchronizing object | 07_layer_2_crystal_relief_0060
Fra:1 Mem:24.05M (Peak 24.05M) | Time:00:00.01 | Mem:0.00M, Peak:0.00M | Scene, ViewLayer | Synchronizing object | 05_layer_3_mineral_backing_0061
Fra:1 Mem:24.06M (Peak 24.06M) | Time:00:00.01 | Mem:0.00M, Peak:0.00M | Scene, ViewLayer | Synchronizing object | 05_layer_3_mineral_backing_0063
Fra:1 Mem:24.06M (Peak 24.06M) | Time:00:00.01 | Mem:0.00M, Peak:0.00M | Scene, ViewLayer | Synchronizing object | 05_layer_3_mineral_backing_0064
Fra:1 Mem:24.06M (Peak 24.06M) | Time:00:00.01 | Mem:0.00M, Peak:0.00M | Scene, ViewLayer | Synchronizing object | 05_layer_3_mineral_backing_0065
Fra:1 Mem:24.07M (Peak 24.07M) | Time:00:00.01 | Mem:0.00M, Peak:0.00M | Scene, ViewLayer | Synchronizing object | 04_geode_inner_lining_0066
Fra:1 Mem:24.07M (Peak 24.07M) | Time:00:00.01 | Mem:0.00M, Peak:0.00M | Scene, ViewLayer | Synchronizing object | 07_layer_2_crystal_relief_0068
Fra:1 Mem:24.07M (Peak 24.07M) | Time:00:00.01 | Mem:0.00M, Peak:0.00M | Scene, ViewLayer | Synchronizing object | 07_layer_2_crystal_relief_0069
Fra:1 Mem:24.07M (Peak 24.07M) | Time:00:00.01 | Mem:0.00M, Peak:0.00M | Scene, ViewLayer | Synchronizing object | 05_layer_3_mineral_backing_0071
Fra:1 Mem:24.07M (Peak 24.07M) | Time:00:00.01 | Mem:0.00M, Peak:0.00M | Scene, ViewLayer | Synchronizing object | 05_layer_3_mineral_backing_0072
Fra:1 Mem:24.07M (Peak 24.08M) | Time:00:00.01 | Mem:0.00M, Peak:0.00M | Scene, ViewLayer | Synchronizing object | 04_geode_inner_lining_0074
Fra:1 Mem:24.08M (Peak 24.08M) | Time:00:00.01 | Mem:0.00M, Peak:0.00M | Scene, ViewLayer | Synchronizing object | 05_layer_3_mineral_backing_0075
Fra:1 Mem:24.08M (Peak 24.08M) | Time:00:00.01 | Mem:0.00M, Peak:0.00M | Scene, ViewLayer | Synchronizing object | 05_layer_3_mineral_backing_0076
Fra:1 Mem:24.08M (Peak 24.08M) | Time:00:00.01 | Mem:0.00M, Peak:0.00M | Scene, ViewLayer | Synchronizing object | 09_layer_2_crown_rim_0077
Fra:1 Mem:24.08M (Peak 24.09M) | Time:00:00.01 | Mem:0.00M, Peak:0.00M | Scene, ViewLayer | Synchronizing object | 09_calcite_crown_rim_0079
Fra:1 Mem:24.09M (Peak 24.09M) | Time:00:00.01 | Mem:0.00M, Peak:0.00M | Scene, ViewLayer | Synchronizing object | 09_calcite_crown_rim_0080
Fra:1 Mem:24.09M (Peak 24.09M) | Time:00:00.01 | Mem:0.00M, Peak:0.00M | Scene, ViewLayer | Synchronizing object | 07_layer_2_crystal_relief_0081
Fra:1 Mem:24.09M (Peak 24.10M) | Time:00:00.01 | Mem:0.00M, Peak:0.00M | Scene, ViewLayer | Synchronizing object | 05_layer_3_mineral_backing_0082
Fra:1 Mem:24.10M (Peak 24.10M) | Time:00:00.01 | Mem:0.00M, Peak:0.00M | Scene, ViewLayer | Synchronizing object | 07_layer_2_crystal_relief_0084
Fra:1 Mem:24.10M (Peak 24.10M) | Time:00:00.01 | Mem:0.00M, Peak:0.00M | Scene, ViewLayer | Synchronizing object | 05_layer_3_mineral_backing_0085
Fra:1 Mem:24.10M (Peak 24.10M) | Time:00:00.01 | Mem:0.00M, Peak:0.00M | Scene, ViewLayer | Synchronizing object | 12_geode_growth_core_0086
Fra:1 Mem:24.10M (Peak 24.10M) | Time:00:00.01 | Mem:0.00M, Peak:0.00M | Scene, ViewLayer | Synchronizing object | 12_geode_growth_core_0088
Fra:1 Mem:24.11M (Peak 24.11M) | Time:00:00.01 | Mem:0.00M, Peak:0.00M | Scene, ViewLayer | Synchronizing object | 05_layer_3_mineral_backing_0089
Fra:1 Mem:24.11M (Peak 24.11M) | Time:00:00.01 | Mem:0.00M, Peak:0.00M | Scene, ViewLayer | Synchronizing object | 05_layer_3_mineral_backing_0091
Fra:1 Mem:24.11M (Peak 24.11M) | Time:00:00.01 | Mem:0.00M, Peak:0.00M | Scene, ViewLayer | Synchronizing object | 05_layer_3_mineral_backing_0092
Fra:1 Mem:24.11M (Peak 24.11M) | Time:00:00.01 | Mem:0.00M, Peak:0.00M | Scene, ViewLayer | Synchronizing object | 07_layer_2_crystal_relief_0093
Fra:1 Mem:24.12M (Peak 24.12M) | Time:00:00.01 | Mem:0.00M, Peak:0.00M | Scene, ViewLayer | Synchronizing object | 07_layer_2_crystal_relief_0094
Fra:1 Mem:24.12M (Peak 24.12M) | Time:00:00.01 | Mem:0.00M, Peak:0.00M | Scene, ViewLayer | Synchronizing object | 07_layer_2_crystal_relief_0095
Fra:1 Mem:24.12M (Peak 24.12M) | Time:00:00.01 | Mem:0.00M, Peak:0.00M | Scene, ViewLayer | Synchronizing object | 05_layer_3_mineral_backing_0097
Fra:1 Mem:24.12M (Peak 24.12M) | Time:00:00.01 | Mem:0.00M, Peak:0.00M | Scene, ViewLayer | Synchronizing object | 05_layer_3_mineral_backing_0098
Fra:1 Mem:24.13M (Peak 24.13M) | Time:00:00.01 | Mem:0.00M, Peak:0.00M | Scene, ViewLayer | Synchronizing object | 12_geode_growth_core_0099
Fra:1 Mem:24.13M (Peak 24.13M) | Time:00:00.01 | Mem:0.00M, Peak:0.00M | Scene, ViewLayer | Synchronizing object | 12_geode_growth_core_0100
Fra:1 Mem:24.13M (Peak 24.13M) | Time:00:00.01 | Mem:0.00M, Peak:0.00M | Scene, ViewLayer | Synchronizing object | 12_geode_growth_core_0102
Fra:1 Mem:24.13M (Peak 24.13M) | Time:00:00.01 | Mem:0.00M, Peak:0.00M | Scene, ViewLayer | Synchronizing object | 05_layer_3_mineral_backing_0103
Fra:1 Mem:24.14M (Peak 24.14M) | Time:00:00.01 | Mem:0.00M, Peak:0.00M | Scene, ViewLayer | Synchronizing object | 05_layer_3_mineral_backing_0104
Fra:1 Mem:24.14M (Peak 24.14M) | Time:00:00.01 | Mem:0.00M, Peak:0.00M | Scene, ViewLayer | Synchronizing object | 07_layer_2_crystal_relief_0105
Fra:1 Mem:24.14M (Peak 24.14M) | Time:00:00.01 | Mem:0.00M, Peak:0.00M | Scene, ViewLayer | Synchronizing object | 05_layer_3_mineral_backing_0106
Fra:1 Mem:24.14M (Peak 24.14M) | Time:00:00.01 | Mem:0.00M, Peak:0.00M | Scene, ViewLayer | Synchronizing object | 12_geode_growth_core_0107
Fra:1 Mem:24.15M (Peak 24.15M) | Time:00:00.01 | Mem:0.00M, Peak:0.00M | Scene, ViewLayer | Synchronizing object | 07_layer_2_crystal_relief_0110
Fra:1 Mem:24.15M (Peak 24.15M) | Time:00:00.01 | Mem:0.00M, Peak:0.00M | Scene, ViewLayer | Synchronizing object | 07_layer_2_crystal_relief_0111
Fra:1 Mem:24.16M (Peak 24.16M) | Time:00:00.01 | Mem:0.00M, Peak:0.00M | Scene, ViewLayer | Synchronizing object | 05_layer_3_mineral_backing_0112
Fra:1 Mem:24.16M (Peak 24.16M) | Time:00:00.01 | Mem:0.00M, Peak:0.00M | Scene, ViewLayer | Synchronizing object | 12_geode_growth_core_0116
Fra:1 Mem:24.16M (Peak 24.16M) | Time:00:00.01 | Mem:0.00M, Peak:0.00M | Scene, ViewLayer | Synchronizing object | 07_layer_2_crystal_relief_0117
Fra:1 Mem:24.16M (Peak 24.16M) | Time:00:00.01 | Mem:0.00M, Peak:0.00M | Scene, ViewLayer | Synchronizing object | 05_layer_3_mineral_backing_0118
Fra:1 Mem:24.16M (Peak 24.16M) | Time:00:00.01 | Mem:0.00M, Peak:0.00M | Scene, ViewLayer | Synchronizing object | 07_layer_2_crystal_relief_0120
Fra:1 Mem:24.17M (Peak 24.17M) | Time:00:00.01 | Mem:0.00M, Peak:0.00M | Scene, ViewLayer | Synchronizing object | 07_layer_2_crystal_relief_0121
Fra:1 Mem:24.17M (Peak 24.17M) | Time:00:00.01 | Mem:0.00M, Peak:0.00M | Scene, ViewLayer | Synchronizing object | 05_layer_3_mineral_backing_0122
Fra:1 Mem:24.17M (Peak 24.17M) | Time:00:00.01 | Mem:0.00M, Peak:0.00M | Scene, ViewLayer | Synchronizing object | 12_geode_growth_core_0124
Fra:1 Mem:24.18M (Peak 24.18M) | Time:00:00.01 | Mem:0.00M, Peak:0.00M | Scene, ViewLayer | Synchronizing object | 05_layer_3_mineral_backing_0126
Fra:1 Mem:24.18M (Peak 24.18M) | Time:00:00.01 | Mem:0.00M, Peak:0.00M | Scene, ViewLayer | Synchronizing object | Studio floor - excluded from game model
Fra:1 Mem:24.18M (Peak 24.18M) | Time:00:00.01 | Mem:0.00M, Peak:0.00M | Scene, ViewLayer | Synchronizing object | 07_layer_2_crystal_relief_0128
Fra:1 Mem:24.18M (Peak 24.18M) | Time:00:00.01 | Mem:0.00M, Peak:0.00M | Scene, ViewLayer | Synchronizing object | 07_layer_2_crystal_relief_0129
Fra:1 Mem:24.19M (Peak 24.19M) | Time:00:00.01 | Mem:0.00M, Peak:0.00M | Scene, ViewLayer | Synchronizing object | 05_layer_3_mineral_backing_0130
Fra:1 Mem:24.19M (Peak 24.19M) | Time:00:00.01 | Mem:0.00M, Peak:0.00M | Scene, ViewLayer | Synchronizing object | 07_layer_2_crystal_relief_0131
Fra:1 Mem:24.19M (Peak 24.19M) | Time:00:00.01 | Mem:0.00M, Peak:0.00M | Scene, ViewLayer | Synchronizing object | 12_geode_growth_core_0133
Fra:1 Mem:24.19M (Peak 24.19M) | Time:00:00.01 | Mem:0.00M, Peak:0.00M | Scene, ViewLayer | Synchronizing object | 07_layer_2_crystal_relief_0134
Fra:1 Mem:24.19M (Peak 24.19M) | Time:00:00.01 | Mem:0.00M, Peak:0.00M | Scene, ViewLayer | Synchronizing object | 06_layer_3_stone_ground_pattern_0135
Fra:1 Mem:24.20M (Peak 24.20M) | Time:00:00.01 | Mem:0.00M, Peak:0.00M | Scene, ViewLayer | Synchronizing object | 05_layer_3_mineral_backing_0136
Fra:1 Mem:24.20M (Peak 24.20M) | Time:00:00.01 | Mem:0.00M, Peak:0.00M | Scene, ViewLayer | Synchronizing object | 07_layer_2_crystal_relief_0137
Fra:1 Mem:24.20M (Peak 24.20M) | Time:00:00.01 | Mem:0.00M, Peak:0.00M | Scene, ViewLayer | Synchronizing object | 05_layer_3_mineral_backing_0139
Fra:1 Mem:24.20M (Peak 24.20M) | Time:00:00.01 | Mem:0.00M, Peak:0.00M | Scene, ViewLayer | Synchronizing object | 05_layer_3_mineral_backing_0140
Fra:1 Mem:24.20M (Peak 24.20M) | Time:00:00.01 | Mem:0.00M, Peak:0.00M | Scene, ViewLayer | Synchronizing object | 05_layer_3_mineral_backing_0141
Fra:1 Mem:24.21M (Peak 24.21M) | Time:00:00.01 | Mem:0.00M, Peak:0.00M | Scene, ViewLayer | Synchronizing object | 07_layer_2_crystal_relief_0142
Fra:1 Mem:24.21M (Peak 24.21M) | Time:00:00.01 | Mem:0.00M, Peak:0.00M | Scene, ViewLayer | Synchronizing object | 05_layer_3_mineral_backing_0144
Fra:1 Mem:24.21M (Peak 24.21M) | Time:00:00.01 | Mem:0.00M, Peak:0.00M | Scene, ViewLayer | Synchronizing object | 10_black_corner_shoulders_0145
Fra:1 Mem:24.21M (Peak 24.21M) | Time:00:00.01 | Mem:0.00M, Peak:0.00M | Scene, ViewLayer | Synchronizing object | 09_layer_2_crown_rim_0147
Fra:1 Mem:24.21M (Peak 24.21M) | Time:00:00.01 | Mem:0.00M, Peak:0.00M | Scene, ViewLayer | Synchronizing object | 10_black_corner_shoulders_0148
Fra:1 Mem:24.22M (Peak 24.22M) | Time:00:00.01 | Mem:0.00M, Peak:0.00M | Scene, ViewLayer | Synchronizing object | 10_black_corner_shoulders_0149
Fra:1 Mem:24.22M (Peak 24.22M) | Time:00:00.01 | Mem:0.00M, Peak:0.00M | Scene, ViewLayer | Synchronizing object | 01_basalt_corner_guards_0150
Fra:1 Mem:24.22M (Peak 24.22M) | Time:00:00.01 | Mem:0.00M, Peak:0.00M | Scene, ViewLayer | Synchronizing object | 08_layer_2_lower_rail_0151
Fra:1 Mem:24.23M (Peak 24.23M) | Time:00:00.01 | Mem:0.00M, Peak:0.00M | Scene, ViewLayer | Synchronizing object | 08_layer_2_lower_rail_0153
Fra:1 Mem:24.23M (Peak 24.23M) | Time:00:00.01 | Mem:0.00M, Peak:0.00M | Scene, ViewLayer | Synchronizing object | 07_layer_2_crystal_relief_0155
Fra:1 Mem:24.23M (Peak 24.23M) | Time:00:00.01 | Mem:0.00M, Peak:0.00M | Scene, ViewLayer | Synchronizing object | 11_corner_crystal_buds_0189
Fra:1 Mem:24.23M (Peak 24.23M) | Time:00:00.01 | Mem:0.00M, Peak:0.00M | Scene, ViewLayer | Synchronizing object | 06_layer_3_stone_ground_pattern_0156
Fra:1 Mem:24.23M (Peak 24.23M) | Time:00:00.01 | Mem:0.00M, Peak:0.00M | Scene, ViewLayer | Synchronizing object | 05_layer_3_mineral_backing_0157
Fra:1 Mem:24.23M (Peak 24.23M) | Time:00:00.01 | Mem:0.00M, Peak:0.00M | Scene, ViewLayer | Synchronizing object | 11_corner_crystal_buds_0188
Fra:1 Mem:24.24M (Peak 24.24M) | Time:00:00.01 | Mem:0.00M, Peak:0.00M | Scene, ViewLayer | Synchronizing object | 03_black_wrapped_corner_pillars_0158
Fra:1 Mem:24.24M (Peak 24.24M) | Time:00:00.01 | Mem:0.00M, Peak:0.00M | Scene, ViewLayer | Synchronizing object | 07_layer_2_crystal_relief_0159
Fra:1 Mem:24.24M (Peak 24.24M) | Time:00:00.01 | Mem:0.00M, Peak:0.00M | Scene, ViewLayer | Synchronizing object | 11_corner_crystal_buds_0187
Fra:1 Mem:24.25M (Peak 24.25M) | Time:00:00.01 | Mem:0.00M, Peak:0.00M | Scene, ViewLayer | Synchronizing object | 07_layer_2_crystal_relief_0162
Fra:1 Mem:24.25M (Peak 24.25M) | Time:00:00.01 | Mem:0.00M, Peak:0.00M | Scene, ViewLayer | Synchronizing object | 11_corner_crystal_buds_0186
Fra:1 Mem:24.25M (Peak 24.25M) | Time:00:00.01 | Mem:0.00M, Peak:0.00M | Scene, ViewLayer | Synchronizing object | 07_layer_2_crystal_relief_0164
Fra:1 Mem:24.25M (Peak 24.25M) | Time:00:00.01 | Mem:0.00M, Peak:0.00M | Scene, ViewLayer | Synchronizing object | 05_layer_3_mineral_backing_0165
Fra:1 Mem:24.25M (Peak 24.25M) | Time:00:00.01 | Mem:0.00M, Peak:0.00M | Scene, ViewLayer | Synchronizing object | 07_layer_2_crystal_relief_0166
Fra:1 Mem:24.26M (Peak 24.26M) | Time:00:00.01 | Mem:0.00M, Peak:0.00M | Scene, ViewLayer | Synchronizing object | 05_layer_3_mineral_backing_0168
Fra:1 Mem:24.26M (Peak 24.26M) | Time:00:00.01 | Mem:0.00M, Peak:0.00M | Scene, ViewLayer | Synchronizing object | 05_layer_3_mineral_backing_0169
Fra:1 Mem:24.26M (Peak 24.26M) | Time:00:00.01 | Mem:0.00M, Peak:0.00M | Scene, ViewLayer | Synchronizing object | 07_layer_2_crystal_relief_0170
Fra:1 Mem:24.26M (Peak 24.26M) | Time:00:00.01 | Mem:0.00M, Peak:0.00M | Scene, ViewLayer | Synchronizing object | 05_layer_3_mineral_backing_0171
Fra:1 Mem:24.26M (Peak 24.26M) | Time:00:00.01 | Mem:0.00M, Peak:0.00M | Scene, ViewLayer | Synchronizing object | 07_layer_2_crystal_relief_0172
Fra:1 Mem:24.27M (Peak 24.27M) | Time:00:00.01 | Mem:0.00M, Peak:0.00M | Scene, ViewLayer | Synchronizing object | 07_layer_2_crystal_relief_0173
Fra:1 Mem:24.27M (Peak 24.27M) | Time:00:00.01 | Mem:0.00M, Peak:0.00M | Scene, ViewLayer | Synchronizing object | 06_layer_3_stone_ground_pattern_0174
Fra:1 Mem:24.27M (Peak 24.27M) | Time:00:00.01 | Mem:0.00M, Peak:0.00M | Scene, ViewLayer | Synchronizing object | 07_layer_2_crystal_relief_0175
Fra:1 Mem:24.27M (Peak 24.27M) | Time:00:00.01 | Mem:0.00M, Peak:0.00M | Scene, ViewLayer | Synchronizing object | 05_layer_3_mineral_backing_0178
Fra:1 Mem:24.27M (Peak 24.27M) | Time:00:00.01 | Mem:0.00M, Peak:0.00M | Scene, ViewLayer | Synchronizing object | 07_layer_2_crystal_relief_0179
Fra:1 Mem:24.28M (Peak 24.28M) | Time:00:00.01 | Mem:0.00M, Peak:0.00M | Scene, ViewLayer | Synchronizing object | 05_layer_3_mineral_backing_0180
Fra:1 Mem:24.28M (Peak 24.28M) | Time:00:00.01 | Mem:0.00M, Peak:0.00M | Scene, ViewLayer | Synchronizing object | 07_layer_2_crystal_relief_0181
Fra:1 Mem:24.28M (Peak 24.28M) | Time:00:00.01 | Mem:0.00M, Peak:0.00M | Scene, ViewLayer | Synchronizing object | 05_layer_3_mineral_backing_0182
Fra:1 Mem:24.28M (Peak 24.28M) | Time:00:00.01 | Mem:0.00M, Peak:0.00M | Scene, ViewLayer | Synchronizing object | 05_layer_3_mineral_backing_0183
Fra:1 Mem:24.28M (Peak 24.28M) | Time:00:00.01 | Mem:0.00M, Peak:0.00M | Scene, ViewLayer | Synchronizing object | 09_calcite_crown_rim_0184
Fra:1 Mem:24.29M (Peak 24.29M) | Time:00:00.01 | Mem:0.00M, Peak:0.00M | Scene, ViewLayer | Synchronizing object | 11_corner_crystal_buds_0185
Fra:1 Mem:24.31M (Peak 24.31M) | Time:00:00.01 | Mem:0.00M, Peak:0.00M | Scene, ViewLayer | Initializing
Fra:1 Mem:17.45M (Peak 24.31M) | Time:00:00.02 | Mem:0.00M, Peak:0.00M | Scene, ViewLayer | Waiting for render to start
Fra:1 Mem:17.45M (Peak 24.31M) | Time:00:00.02 | Mem:0.00M, Peak:0.00M | Scene, ViewLayer | Loading render kernels (may take a few minutes the first time)
Fra:1 Mem:17.45M (Peak 24.31M) | Time:00:00.02 | Mem:0.00M, Peak:0.00M | Scene, ViewLayer | Updating Scene
Fra:1 Mem:17.45M (Peak 24.31M) | Time:00:00.02 | Mem:0.00M, Peak:0.00M | Scene, ViewLayer | Updating Shaders
Fra:1 Mem:17.72M (Peak 24.31M) | Time:00:00.08 | Mem:0.01M, Peak:0.01M | Scene, ViewLayer | Updating Procedurals
Fra:1 Mem:17.72M (Peak 24.31M) | Time:00:00.08 | Mem:0.01M, Peak:0.01M | Scene, ViewLayer | Updating Background
Fra:1 Mem:17.72M (Peak 24.31M) | Time:00:00.08 | Mem:0.01M, Peak:0.01M | Scene, ViewLayer | Updating Camera
Fra:1 Mem:17.72M (Peak 24.31M) | Time:00:00.08 | Mem:0.01M, Peak:0.01M | Scene, ViewLayer | Updating Meshes Flags
Fra:1 Mem:17.72M (Peak 24.31M) | Time:00:00.08 | Mem:0.01M, Peak:0.01M | Scene, ViewLayer | Updating Objects
Fra:1 Mem:17.72M (Peak 24.31M) | Time:00:00.08 | Mem:0.01M, Peak:0.01M | Scene, ViewLayer | Updating Objects | Copying Transformations to device
Fra:1 Mem:17.76M (Peak 24.31M) | Time:00:00.08 | Mem:0.05M, Peak:0.05M | Scene, ViewLayer | Updating Objects | Applying Static Transformations
Fra:1 Mem:17.76M (Peak 24.31M) | Time:00:00.08 | Mem:0.05M, Peak:0.05M | Scene, ViewLayer | Updating Particle Systems
Fra:1 Mem:17.76M (Peak 24.31M) | Time:00:00.08 | Mem:0.05M, Peak:0.05M | Scene, ViewLayer | Updating Particle Systems | Copying Particles to device
Fra:1 Mem:17.76M (Peak 24.31M) | Time:00:00.08 | Mem:0.05M, Peak:0.05M | Scene, ViewLayer | Updating Meshes
Fra:1 Mem:17.79M (Peak 24.31M) | Time:00:00.08 | Mem:0.05M, Peak:0.05M | Scene, ViewLayer | Updating Mesh | Computing attributes
Fra:1 Mem:18.06M (Peak 24.31M) | Time:00:00.08 | Mem:0.08M, Peak:0.08M | Scene, ViewLayer | Updating Mesh | Copying Attributes to device
Fra:1 Mem:18.00M (Peak 24.31M) | Time:00:00.08 | Mem:0.26M, Peak:0.26M | Scene, ViewLayer | Updating Geometry BVH Cube.001 1/191 | Building BVH
Fra:1 Mem:18.00M (Peak 24.31M) | Time:00:00.08 | Mem:0.26M, Peak:0.26M | Scene, ViewLayer | Updating Geometry BVH Cube.004 4/191 | Building BVH
Fra:1 Mem:18.00M (Peak 24.31M) | Time:00:00.08 | Mem:0.26M, Peak:0.26M | Scene, ViewLayer | Updating Geometry BVH Cube.012 12/191 | Building BVH
Fra:1 Mem:18.00M (Peak 24.31M) | Time:00:00.08 | Mem:0.26M, Peak:0.26M | Scene, ViewLayer | Updating Geometry BVH Cube.015 15/191 | Building BVH
Fra:1 Mem:18.00M (Peak 24.31M) | Time:00:00.08 | Mem:0.26M, Peak:0.26M | Scene, ViewLayer | Updating Geometry BVH Cube.015 15/191 | Building BVH 0%
Fra:1 Mem:18.00M (Peak 24.31M) | Time:00:00.08 | Mem:0.26M, Peak:0.26M | Scene, ViewLayer | Updating Geometry BVH Cube.015 15/191 | Building BVH
Fra:1 Mem:18.00M (Peak 24.31M) | Time:00:00.08 | Mem:0.26M, Peak:0.26M | Scene, ViewLayer | Updating Geometry BVH Cube.015 15/191 | Building BVH 0%
Fra:1 Mem:18.00M (Peak 24.31M) | Time:00:00.08 | Mem:0.26M, Peak:0.26M | Scene, ViewLayer | Updating Geometry BVH Cube.015 15/191 | Building BVH
Fra:1 Mem:18.00M (Peak 24.31M) | Time:00:00.08 | Mem:0.26M, Peak:0.26M | Scene, ViewLayer | Updating Geometry BVH Cube.016 16/191 | Building BVH
Fra:1 Mem:18.00M (Peak 24.31M) | Time:00:00.08 | Mem:0.26M, Peak:0.26M | Scene, ViewLayer | Updating Geometry BVH Cube.017 17/191 | Building BVH
Fra:1 Mem:18.00M (Peak 24.31M) | Time:00:00.08 | Mem:0.26M, Peak:0.26M | Scene, ViewLayer | Updating Geometry BVH Cube.018 18/191 | Building BVH
Fra:1 Mem:18.00M (Peak 24.31M) | Time:00:00.08 | Mem:0.26M, Peak:0.26M | Scene, ViewLayer | Updating Geometry BVH Cube.019 19/191 | Building BVH
Fra:1 Mem:18.00M (Peak 24.31M) | Time:00:00.08 | Mem:0.27M, Peak:0.27M | Scene, ViewLayer | Updating Geometry BVH Cube.020 20/191 | Building BVH
Fra:1 Mem:18.00M (Peak 24.31M) | Time:00:00.08 | Mem:0.27M, Peak:0.27M | Scene, ViewLayer | Updating Geometry BVH Cube.022 22/191 | Building BVH
Fra:1 Mem:18.00M (Peak 24.31M) | Time:00:00.08 | Mem:0.27M, Peak:0.27M | Scene, ViewLayer | Updating Geometry BVH Cube.190 190/191 | Building BVH
Fra:1 Mem:18.00M (Peak 24.31M) | Time:00:00.08 | Mem:0.27M, Peak:0.27M | Scene, ViewLayer | Updating Geometry BVH Cube.023 23/191 | Building BVH
Fra:1 Mem:18.00M (Peak 24.31M) | Time:00:00.08 | Mem:0.27M, Peak:0.27M | Scene, ViewLayer | Updating Geometry BVH Cube.024 24/191 | Building BVH
Fra:1 Mem:18.00M (Peak 24.31M) | Time:00:00.08 | Mem:0.27M, Peak:0.27M | Scene, ViewLayer | Updating Geometry BVH Cube.025 25/191 | Building BVH
Fra:1 Mem:18.00M (Peak 24.31M) | Time:00:00.08 | Mem:0.27M, Peak:0.27M | Scene, ViewLayer | Updating Geometry BVH Cube.026 26/191 | Building BVH
Fra:1 Mem:18.00M (Peak 24.31M) | Time:00:00.08 | Mem:0.28M, Peak:0.28M | Scene, ViewLayer | Updating Geometry BVH Cube.027 27/191 | Building BVH
Fra:1 Mem:18.00M (Peak 24.31M) | Time:00:00.08 | Mem:0.28M, Peak:0.28M | Scene, ViewLayer | Updating Geometry BVH Cube.028 28/191 | Building BVH
Fra:1 Mem:18.00M (Peak 24.31M) | Time:00:00.08 | Mem:0.28M, Peak:0.28M | Scene, ViewLayer | Updating Geometry BVH Cube.029 29/191 | Building BVH
Fra:1 Mem:18.00M (Peak 24.31M) | Time:00:00.08 | Mem:0.28M, Peak:0.28M | Scene, ViewLayer | Updating Geometry BVH Cube.030 30/191 | Building BVH
Fra:1 Mem:18.00M (Peak 24.31M) | Time:00:00.08 | Mem:0.28M, Peak:0.28M | Scene, ViewLayer | Updating Geometry BVH Cube.033 33/191 | Building BVH
Fra:1 Mem:18.00M (Peak 24.31M) | Time:00:00.08 | Mem:0.28M, Peak:0.28M | Scene, ViewLayer | Updating Geometry BVH Cube.034 34/191 | Building BVH
Fra:1 Mem:18.00M (Peak 24.31M) | Time:00:00.08 | Mem:0.29M, Peak:0.29M | Scene, ViewLayer | Updating Geometry BVH Cube.035 35/191 | Building BVH
Fra:1 Mem:18.00M (Peak 24.31M) | Time:00:00.08 | Mem:0.29M, Peak:0.29M | Scene, ViewLayer | Updating Geometry BVH Cube.036 36/191 | Building BVH
Fra:1 Mem:18.00M (Peak 24.31M) | Time:00:00.08 | Mem:0.29M, Peak:0.29M | Scene, ViewLayer | Updating Geometry BVH Cube.037 37/191 | Building BVH
Fra:1 Mem:18.00M (Peak 24.31M) | Time:00:00.08 | Mem:0.29M, Peak:0.29M | Scene, ViewLayer | Updating Geometry BVH Cube.038 38/191 | Building BVH
Fra:1 Mem:18.00M (Peak 24.31M) | Time:00:00.08 | Mem:0.29M, Peak:0.29M | Scene, ViewLayer | Updating Geometry BVH Cube.039 39/191 | Building BVH
Fra:1 Mem:18.00M (Peak 24.31M) | Time:00:00.08 | Mem:0.29M, Peak:0.29M | Scene, ViewLayer | Updating Geometry BVH Cube.040 40/191 | Building BVH
Fra:1 Mem:18.00M (Peak 24.31M) | Time:00:00.08 | Mem:0.29M, Peak:0.29M | Scene, ViewLayer | Updating Geometry BVH Cube.041 41/191 | Building BVH
Fra:1 Mem:18.00M (Peak 24.31M) | Time:00:00.08 | Mem:0.29M, Peak:0.30M | Scene, ViewLayer | Updating Geometry BVH Cube.042 42/191 | Building BVH
Fra:1 Mem:18.00M (Peak 24.31M) | Time:00:00.08 | Mem:0.30M, Peak:0.30M | Scene, ViewLayer | Updating Geometry BVH Cube.043 43/191 | Building BVH
Fra:1 Mem:18.00M (Peak 24.31M) | Time:00:00.08 | Mem:0.30M, Peak:0.30M | Scene, ViewLayer | Updating Geometry BVH Cube.044 44/191 | Building BVH
Fra:1 Mem:18.00M (Peak 24.31M) | Time:00:00.08 | Mem:0.30M, Peak:0.30M | Scene, ViewLayer | Updating Geometry BVH Cube.045 45/191 | Building BVH
Fra:1 Mem:18.00M (Peak 24.31M) | Time:00:00.08 | Mem:0.30M, Peak:0.30M | Scene, ViewLayer | Updating Geometry BVH Cube.046 46/191 | Building BVH
Fra:1 Mem:18.00M (Peak 24.31M) | Time:00:00.08 | Mem:0.30M, Peak:0.30M | Scene, ViewLayer | Updating Geometry BVH Cube.047 47/191 | Building BVH
Fra:1 Mem:18.00M (Peak 24.31M) | Time:00:00.08 | Mem:0.30M, Peak:0.30M | Scene, ViewLayer | Updating Geometry BVH Cube.048 48/191 | Building BVH
Fra:1 Mem:18.00M (Peak 24.31M) | Time:00:00.08 | Mem:0.31M, Peak:0.31M | Scene, ViewLayer | Updating Geometry BVH Cube.050 50/191 | Building BVH
Fra:1 Mem:18.00M (Peak 24.31M) | Time:00:00.08 | Mem:0.31M, Peak:0.31M | Scene, ViewLayer | Updating Geometry BVH Cube.051 51/191 | Building BVH
Fra:1 Mem:18.00M (Peak 24.31M) | Time:00:00.08 | Mem:0.31M, Peak:0.31M | Scene, ViewLayer | Updating Geometry BVH Cube.052 52/191 | Building BVH
Fra:1 Mem:18.00M (Peak 24.31M) | Time:00:00.08 | Mem:0.31M, Peak:0.31M | Scene, ViewLayer | Updating Geometry BVH Cube.053 53/191 | Building BVH
Fra:1 Mem:18.00M (Peak 24.31M) | Time:00:00.08 | Mem:0.31M, Peak:0.31M | Scene, ViewLayer | Updating Geometry BVH Cube.188 188/191 | Building BVH
Fra:1 Mem:18.00M (Peak 24.31M) | Time:00:00.08 | Mem:0.31M, Peak:0.31M | Scene, ViewLayer | Updating Geometry BVH Cube.054 54/191 | Building BVH
Fra:1 Mem:18.00M (Peak 24.31M) | Time:00:00.08 | Mem:0.31M, Peak:0.31M | Scene, ViewLayer | Updating Geometry BVH Cube.055 55/191 | Building BVH
Fra:1 Mem:18.00M (Peak 24.31M) | Time:00:00.08 | Mem:0.32M, Peak:0.32M | Scene, ViewLayer | Updating Geometry BVH Cube.056 56/191 | Building BVH
Fra:1 Mem:18.00M (Peak 24.31M) | Time:00:00.08 | Mem:0.32M, Peak:0.32M | Scene, ViewLayer | Updating Geometry BVH Cube.058 58/191 | Building BVH
Fra:1 Mem:18.00M (Peak 24.31M) | Time:00:00.08 | Mem:0.32M, Peak:0.32M | Scene, ViewLayer | Updating Geometry BVH Cube.059 59/191 | Building BVH
Fra:1 Mem:18.00M (Peak 24.31M) | Time:00:00.08 | Mem:0.32M, Peak:0.32M | Scene, ViewLayer | Updating Geometry BVH Cube.060 60/191 | Building BVH
Fra:1 Mem:18.00M (Peak 24.31M) | Time:00:00.08 | Mem:0.32M, Peak:0.32M | Scene, ViewLayer | Updating Geometry BVH Cube.061 61/191 | Building BVH
Fra:1 Mem:18.00M (Peak 24.31M) | Time:00:00.08 | Mem:0.33M, Peak:0.33M | Scene, ViewLayer | Updating Geometry BVH Cube.063 63/191 | Building BVH
Fra:1 Mem:18.00M (Peak 24.31M) | Time:00:00.08 | Mem:0.33M, Peak:0.33M | Scene, ViewLayer | Updating Geometry BVH Cube.065 65/191 | Building BVH
Fra:1 Mem:18.00M (Peak 24.31M) | Time:00:00.08 | Mem:0.33M, Peak:0.33M | Scene, ViewLayer | Updating Geometry BVH Cube.066 66/191 | Building BVH
Fra:1 Mem:18.00M (Peak 24.31M) | Time:00:00.08 | Mem:0.33M, Peak:0.33M | Scene, ViewLayer | Updating Geometry BVH Cube.068 68/191 | Building BVH
Fra:1 Mem:18.00M (Peak 24.31M) | Time:00:00.08 | Mem:0.33M, Peak:0.33M | Scene, ViewLayer | Updating Geometry BVH Cube.069 69/191 | Building BVH
Fra:1 Mem:18.00M (Peak 24.31M) | Time:00:00.08 | Mem:0.33M, Peak:0.33M | Scene, ViewLayer | Updating Geometry BVH Cube.070 70/191 | Building BVH
Fra:1 Mem:18.00M (Peak 24.31M) | Time:00:00.08 | Mem:0.33M, Peak:0.34M | Scene, ViewLayer | Updating Geometry BVH Cube.071 71/191 | Building BVH
Fra:1 Mem:18.00M (Peak 24.31M) | Time:00:00.08 | Mem:0.34M, Peak:0.34M | Scene, ViewLayer | Updating Geometry BVH Cube.072 72/191 | Building BVH
Fra:1 Mem:18.00M (Peak 24.31M) | Time:00:00.08 | Mem:0.34M, Peak:0.34M | Scene, ViewLayer | Updating Geometry BVH Cube.073 73/191 | Building BVH
Fra:1 Mem:18.00M (Peak 24.31M) | Time:00:00.08 | Mem:0.34M, Peak:0.34M | Scene, ViewLayer | Updating Geometry BVH Cube.074 74/191 | Building BVH
Fra:1 Mem:18.00M (Peak 24.31M) | Time:00:00.08 | Mem:0.34M, Peak:0.34M | Scene, ViewLayer | Updating Geometry BVH Cube.075 75/191 | Building BVH
Fra:1 Mem:18.00M (Peak 24.31M) | Time:00:00.08 | Mem:0.34M, Peak:0.34M | Scene, ViewLayer | Updating Geometry BVH Cube.076 76/191 | Building BVH
Fra:1 Mem:18.00M (Peak 24.31M) | Time:00:00.08 | Mem:0.34M, Peak:0.34M | Scene, ViewLayer | Updating Geometry BVH Cube.077 77/191 | Building BVH
Fra:1 Mem:18.00M (Peak 24.31M) | Time:00:00.08 | Mem:0.34M, Peak:0.34M | Scene, ViewLayer | Updating Geometry BVH Cube.078 78/191 | Building BVH
Fra:1 Mem:18.00M (Peak 24.31M) | Time:00:00.08 | Mem:0.35M, Peak:0.35M | Scene, ViewLayer | Updating Geometry BVH Cube.079 79/191 | Building BVH
Fra:1 Mem:18.00M (Peak 24.31M) | Time:00:00.08 | Mem:0.35M, Peak:0.35M | Scene, ViewLayer | Updating Geometry BVH Cube.080 80/191 | Building BVH
Fra:1 Mem:18.00M (Peak 24.31M) | Time:00:00.08 | Mem:0.35M, Peak:0.35M | Scene, ViewLayer | Updating Geometry BVH Cube.081 81/191 | Building BVH
Fra:1 Mem:18.00M (Peak 24.31M) | Time:00:00.08 | Mem:0.35M, Peak:0.35M | Scene, ViewLayer | Updating Geometry BVH Cube.082 82/191 | Building BVH
Fra:1 Mem:18.00M (Peak 24.31M) | Time:00:00.08 | Mem:0.35M, Peak:0.35M | Scene, ViewLayer | Updating Geometry BVH Cube.083 83/191 | Building BVH
Fra:1 Mem:18.00M (Peak 24.31M) | Time:00:00.08 | Mem:0.35M, Peak:0.35M | Scene, ViewLayer | Updating Geometry BVH Cube.084 84/191 | Building BVH
Fra:1 Mem:18.00M (Peak 24.31M) | Time:00:00.08 | Mem:0.36M, Peak:0.36M | Scene, ViewLayer | Updating Geometry BVH Cube.085 85/191 | Building BVH
Fra:1 Mem:18.00M (Peak 24.31M) | Time:00:00.08 | Mem:0.36M, Peak:0.36M | Scene, ViewLayer | Updating Geometry BVH Cube.087 87/191 | Building BVH
Fra:1 Mem:18.00M (Peak 24.31M) | Time:00:00.08 | Mem:0.36M, Peak:0.36M | Scene, ViewLayer | Updating Geometry BVH Cube.088 88/191 | Building BVH
Fra:1 Mem:18.00M (Peak 24.31M) | Time:00:00.08 | Mem:0.36M, Peak:0.36M | Scene, ViewLayer | Updating Geometry BVH Cube.089 89/191 | Building BVH
Fra:1 Mem:18.00M (Peak 24.31M) | Time:00:00.08 | Mem:0.36M, Peak:0.36M | Scene, ViewLayer | Updating Geometry BVH Cube.090 90/191 | Building BVH
Fra:1 Mem:18.00M (Peak 24.31M) | Time:00:00.08 | Mem:0.36M, Peak:0.36M | Scene, ViewLayer | Updating Geometry BVH Cube.092 92/191 | Building BVH
Fra:1 Mem:18.00M (Peak 24.31M) | Time:00:00.08 | Mem:0.37M, Peak:0.37M | Scene, ViewLayer | Updating Geometry BVH Cube.094 94/191 | Building BVH
Fra:1 Mem:18.00M (Peak 24.31M) | Time:00:00.08 | Mem:0.37M, Peak:0.37M | Scene, ViewLayer | Updating Geometry BVH Cube.095 95/191 | Building BVH
Fra:1 Mem:18.00M (Peak 24.31M) | Time:00:00.08 | Mem:0.37M, Peak:0.37M | Scene, ViewLayer | Updating Geometry BVH Cube.096 96/191 | Building BVH
Fra:1 Mem:18.00M (Peak 24.31M) | Time:00:00.08 | Mem:0.37M, Peak:0.37M | Scene, ViewLayer | Updating Geometry BVH Cube.187 187/191 | Building BVH
Fra:1 Mem:18.00M (Peak 24.31M) | Time:00:00.08 | Mem:0.37M, Peak:0.37M | Scene, ViewLayer | Updating Geometry BVH Cube.097 97/191 | Building BVH
Fra:1 Mem:18.00M (Peak 24.31M) | Time:00:00.08 | Mem:0.37M, Peak:0.37M | Scene, ViewLayer | Updating Geometry BVH Cube.098 98/191 | Building BVH
Fra:1 Mem:18.00M (Peak 24.31M) | Time:00:00.08 | Mem:0.38M, Peak:0.38M | Scene, ViewLayer | Updating Geometry BVH Cube.099 99/191 | Building BVH
Fra:1 Mem:18.00M (Peak 24.31M) | Time:00:00.08 | Mem:0.38M, Peak:0.38M | Scene, ViewLayer | Updating Geometry BVH Cube.102 102/191 | Building BVH
Fra:1 Mem:18.00M (Peak 24.31M) | Time:00:00.08 | Mem:0.38M, Peak:0.38M | Scene, ViewLayer | Updating Geometry BVH Cube.103 103/191 | Building BVH
Fra:1 Mem:18.00M (Peak 24.31M) | Time:00:00.08 | Mem:0.38M, Peak:0.38M | Scene, ViewLayer | Updating Geometry BVH Cube.104 104/191 | Building BVH
Fra:1 Mem:18.00M (Peak 24.31M) | Time:00:00.08 | Mem:0.38M, Peak:0.39M | Scene, ViewLayer | Updating Geometry BVH Cube.106 106/191 | Building BVH
Fra:1 Mem:18.00M (Peak 24.31M) | Time:00:00.08 | Mem:0.39M, Peak:0.39M | Scene, ViewLayer | Updating Geometry BVH Cube.107 107/191 | Building BVH
Fra:1 Mem:18.00M (Peak 24.31M) | Time:00:00.08 | Mem:0.39M, Peak:0.39M | Scene, ViewLayer | Updating Geometry BVH Cube.109 109/191 | Building BVH
Fra:1 Mem:18.00M (Peak 24.31M) | Time:00:00.08 | Mem:0.39M, Peak:0.39M | Scene, ViewLayer | Updating Geometry BVH Cube.110 110/191 | Building BVH
Fra:1 Mem:18.00M (Peak 24.31M) | Time:00:00.08 | Mem:0.39M, Peak:0.39M | Scene, ViewLayer | Updating Geometry BVH Cube.111 111/191 | Building BVH
Fra:1 Mem:18.00M (Peak 24.31M) | Time:00:00.08 | Mem:0.39M, Peak:0.39M | Scene, ViewLayer | Updating Geometry BVH Cube.186 186/191 | Building BVH
Fra:1 Mem:18.00M (Peak 24.31M) | Time:00:00.08 | Mem:0.39M, Peak:0.39M | Scene, ViewLayer | Updating Geometry BVH Cube.112 112/191 | Building BVH
Fra:1 Mem:18.00M (Peak 24.31M) | Time:00:00.08 | Mem:0.40M, Peak:0.40M | Scene, ViewLayer | Updating Geometry BVH Cube.113 113/191 | Building BVH
Fra:1 Mem:18.00M (Peak 24.31M) | Time:00:00.08 | Mem:0.40M, Peak:0.40M | Scene, ViewLayer | Updating Geometry BVH Cube.185 185/191 | Building BVH
Fra:1 Mem:18.00M (Peak 24.31M) | Time:00:00.08 | Mem:0.40M, Peak:0.40M | Scene, ViewLayer | Updating Geometry BVH Cube.114 114/191 | Building BVH
Fra:1 Mem:18.00M (Peak 24.31M) | Time:00:00.08 | Mem:0.40M, Peak:0.40M | Scene, ViewLayer | Updating Geometry BVH Cube.115 115/191 | Building BVH
Fra:1 Mem:18.00M (Peak 24.31M) | Time:00:00.08 | Mem:0.40M, Peak:0.40M | Scene, ViewLayer | Updating Geometry BVH Cube.116 116/191 | Building BVH
Fra:1 Mem:18.00M (Peak 24.31M) | Time:00:00.08 | Mem:0.40M, Peak:0.40M | Scene, ViewLayer | Updating Geometry BVH Cube.117 117/191 | Building BVH
Fra:1 Mem:18.00M (Peak 24.31M) | Time:00:00.08 | Mem:0.40M, Peak:0.40M | Scene, ViewLayer | Updating Geometry BVH Cube.118 118/191 | Building BVH
Fra:1 Mem:18.00M (Peak 24.31M) | Time:00:00.08 | Mem:0.40M, Peak:0.40M | Scene, ViewLayer | Updating Geometry BVH Cube.184 184/191 | Building BVH
Fra:1 Mem:18.00M (Peak 24.31M) | Time:00:00.08 | Mem:0.41M, Peak:0.41M | Scene, ViewLayer | Updating Geometry BVH Cube.183 183/191 | Building BVH
Fra:1 Mem:18.00M (Peak 24.31M) | Time:00:00.08 | Mem:0.41M, Peak:0.41M | Scene, ViewLayer | Updating Geometry BVH Cube.120 120/191 | Building BVH
Fra:1 Mem:18.00M (Peak 24.31M) | Time:00:00.08 | Mem:0.41M, Peak:0.41M | Scene, ViewLayer | Updating Geometry BVH Cube.121 121/191 | Building BVH
Fra:1 Mem:18.00M (Peak 24.31M) | Time:00:00.08 | Mem:0.41M, Peak:0.41M | Scene, ViewLayer | Updating Geometry BVH Cube.122 122/191 | Building BVH
Fra:1 Mem:18.00M (Peak 24.31M) | Time:00:00.08 | Mem:0.41M, Peak:0.41M | Scene, ViewLayer | Updating Geometry BVH Cube.123 123/191 | Building BVH
Fra:1 Mem:18.00M (Peak 24.31M) | Time:00:00.08 | Mem:0.41M, Peak:0.41M | Scene, ViewLayer | Updating Geometry BVH Cube.124 124/191 | Building BVH
Fra:1 Mem:18.00M (Peak 24.31M) | Time:00:00.08 | Mem:0.42M, Peak:0.42M | Scene, ViewLayer | Updating Geometry BVH Cube.125 125/191 | Building BVH
Fra:1 Mem:18.00M (Peak 24.31M) | Time:00:00.08 | Mem:0.42M, Peak:0.42M | Scene, ViewLayer | Updating Geometry BVH Cube.126 126/191 | Building BVH
Fra:1 Mem:18.00M (Peak 24.31M) | Time:00:00.08 | Mem:0.42M, Peak:0.42M | Scene, ViewLayer | Updating Geometry BVH Cube.127 127/191 | Building BVH
Fra:1 Mem:18.00M (Peak 24.31M) | Time:00:00.08 | Mem:0.42M, Peak:0.42M | Scene, ViewLayer | Updating Geometry BVH Cube.128 128/191 | Building BVH
Fra:1 Mem:18.00M (Peak 24.31M) | Time:00:00.08 | Mem:0.42M, Peak:0.42M | Scene, ViewLayer | Updating Geometry BVH Cube.131 131/191 | Building BVH
Fra:1 Mem:18.00M (Peak 24.31M) | Time:00:00.08 | Mem:0.42M, Peak:0.43M | Scene, ViewLayer | Updating Geometry BVH Cube.132 132/191 | Building BVH
Fra:1 Mem:18.00M (Peak 24.31M) | Time:00:00.08 | Mem:0.43M, Peak:0.43M | Scene, ViewLayer | Updating Geometry BVH Cube.133 133/191 | Building BVH
Fra:1 Mem:18.00M (Peak 24.31M) | Time:00:00.08 | Mem:0.43M, Peak:0.43M | Scene, ViewLayer | Updating Geometry BVH Cube.134 134/191 | Building BVH
Fra:1 Mem:18.00M (Peak 24.31M) | Time:00:00.08 | Mem:0.43M, Peak:0.43M | Scene, ViewLayer | Updating Geometry BVH Cube.136 136/191 | Building BVH
Fra:1 Mem:18.00M (Peak 24.31M) | Time:00:00.08 | Mem:0.43M, Peak:0.43M | Scene, ViewLayer | Updating Geometry BVH Cube.137 137/191 | Building BVH
Fra:1 Mem:18.00M (Peak 24.31M) | Time:00:00.08 | Mem:0.43M, Peak:0.43M | Scene, ViewLayer | Updating Geometry BVH Cube.138 138/191 | Building BVH
Fra:1 Mem:18.00M (Peak 24.31M) | Time:00:00.08 | Mem:0.43M, Peak:0.43M | Scene, ViewLayer | Updating Geometry BVH Cube.139 139/191 | Building BVH
Fra:1 Mem:18.00M (Peak 24.31M) | Time:00:00.08 | Mem:0.43M, Peak:0.43M | Scene, ViewLayer | Updating Geometry BVH Cube.140 140/191 | Building BVH
Fra:1 Mem:18.00M (Peak 24.31M) | Time:00:00.08 | Mem:0.44M, Peak:0.44M | Scene, ViewLayer | Updating Geometry BVH Cube.141 141/191 | Building BVH
Fra:1 Mem:18.00M (Peak 24.31M) | Time:00:00.08 | Mem:0.44M, Peak:0.44M | Scene, ViewLayer | Updating Geometry BVH Cube.142 142/191 | Building BVH
Fra:1 Mem:18.00M (Peak 24.31M) | Time:00:00.08 | Mem:0.44M, Peak:0.44M | Scene, ViewLayer | Updating Geometry BVH Cube.143 143/191 | Building BVH
Fra:1 Mem:18.00M (Peak 24.31M) | Time:00:00.08 | Mem:0.44M, Peak:0.44M | Scene, ViewLayer | Updating Geometry BVH Cube.144 144/191 | Building BVH
Fra:1 Mem:18.00M (Peak 24.31M) | Time:00:00.08 | Mem:0.44M, Peak:0.44M | Scene, ViewLayer | Updating Geometry BVH Cube.145 145/191 | Building BVH
Fra:1 Mem:18.00M (Peak 24.31M) | Time:00:00.08 | Mem:0.44M, Peak:0.44M | Scene, ViewLayer | Updating Geometry BVH Cube.146 146/191 | Building BVH
Fra:1 Mem:18.00M (Peak 24.31M) | Time:00:00.08 | Mem:0.44M, Peak:0.44M | Scene, ViewLayer | Updating Geometry BVH Cube.147 147/191 | Building BVH
Fra:1 Mem:18.00M (Peak 24.31M) | Time:00:00.08 | Mem:0.45M, Peak:0.45M | Scene, ViewLayer | Updating Geometry BVH Cube.148 148/191 | Building BVH
Fra:1 Mem:18.00M (Peak 24.31M) | Time:00:00.08 | Mem:0.45M, Peak:0.45M | Scene, ViewLayer | Updating Geometry BVH Cube.182 182/191 | Building BVH
Fra:1 Mem:18.00M (Peak 24.31M) | Time:00:00.08 | Mem:0.45M, Peak:0.45M | Scene, ViewLayer | Updating Geometry BVH Cube.149 149/191 | Building BVH
Fra:1 Mem:18.00M (Peak 24.31M) | Time:00:00.08 | Mem:0.45M, Peak:0.45M | Scene, ViewLayer | Updating Geometry BVH Cube.150 150/191 | Building BVH
Fra:1 Mem:18.00M (Peak 24.31M) | Time:00:00.08 | Mem:0.45M, Peak:0.45M | Scene, ViewLayer | Updating Geometry BVH Cube.181 181/191 | Building BVH
Fra:1 Mem:18.00M (Peak 24.31M) | Time:00:00.08 | Mem:0.45M, Peak:0.45M | Scene, ViewLayer | Updating Geometry BVH Cube.151 151/191 | Building BVH
Fra:1 Mem:18.00M (Peak 24.31M) | Time:00:00.08 | Mem:0.45M, Peak:0.45M | Scene, ViewLayer | Updating Geometry BVH Cube.152 152/191 | Building BVH
Fra:1 Mem:18.00M (Peak 24.31M) | Time:00:00.08 | Mem:0.45M, Peak:0.45M | Scene, ViewLayer | Updating Geometry BVH Cube.153 153/191 | Building BVH
Fra:1 Mem:18.00M (Peak 24.31M) | Time:00:00.08 | Mem:0.46M, Peak:0.46M | Scene, ViewLayer | Updating Geometry BVH Cube.154 154/191 | Building BVH
Fra:1 Mem:18.00M (Peak 24.31M) | Time:00:00.08 | Mem:0.46M, Peak:0.46M | Scene, ViewLayer | Updating Geometry BVH Cube.155 155/191 | Building BVH
Fra:1 Mem:18.00M (Peak 24.31M) | Time:00:00.08 | Mem:0.46M, Peak:0.46M | Scene, ViewLayer | Updating Geometry BVH Cube.156 156/191 | Building BVH
Fra:1 Mem:18.00M (Peak 24.31M) | Time:00:00.08 | Mem:0.46M, Peak:0.46M | Scene, ViewLayer | Updating Geometry BVH Cube.157 157/191 | Building BVH
Fra:1 Mem:18.00M (Peak 24.31M) | Time:00:00.08 | Mem:0.46M, Peak:0.46M | Scene, ViewLayer | Updating Geometry BVH Cube.158 158/191 | Building BVH
Fra:1 Mem:18.00M (Peak 24.31M) | Time:00:00.08 | Mem:0.46M, Peak:0.46M | Scene, ViewLayer | Updating Geometry BVH Cube.159 159/191 | Building BVH
Fra:1 Mem:18.00M (Peak 24.31M) | Time:00:00.08 | Mem:0.47M, Peak:0.47M | Scene, ViewLayer | Updating Geometry BVH Cube.160 160/191 | Building BVH
Fra:1 Mem:18.00M (Peak 24.31M) | Time:00:00.08 | Mem:0.47M, Peak:0.47M | Scene, ViewLayer | Updating Geometry BVH Cube.161 161/191 | Building BVH
Fra:1 Mem:18.00M (Peak 24.31M) | Time:00:00.08 | Mem:0.47M, Peak:0.47M | Scene, ViewLayer | Updating Geometry BVH Cube.163 163/191 | Building BVH
Fra:1 Mem:18.00M (Peak 24.31M) | Time:00:00.08 | Mem:0.47M, Peak:0.47M | Scene, ViewLayer | Updating Geometry BVH Cube.164 164/191 | Building BVH
Fra:1 Mem:18.00M (Peak 24.31M) | Time:00:00.08 | Mem:0.47M, Peak:0.47M | Scene, ViewLayer | Updating Geometry BVH Cube.180 180/191 | Building BVH
Fra:1 Mem:18.00M (Peak 24.31M) | Time:00:00.08 | Mem:0.47M, Peak:0.47M | Scene, ViewLayer | Updating Geometry BVH Cube.166 166/191 | Building BVH
Fra:1 Mem:18.00M (Peak 24.31M) | Time:00:00.08 | Mem:0.48M, Peak:0.48M | Scene, ViewLayer | Updating Geometry BVH Cube.167 167/191 | Building BVH
Fra:1 Mem:18.00M (Peak 24.31M) | Time:00:00.08 | Mem:0.48M, Peak:0.48M | Scene, ViewLayer | Updating Geometry BVH Cube.168 168/191 | Building BVH
Fra:1 Mem:18.00M (Peak 24.31M) | Time:00:00.08 | Mem:0.48M, Peak:0.48M | Scene, ViewLayer | Updating Geometry BVH Cube.169 169/191 | Building BVH
Fra:1 Mem:18.00M (Peak 24.31M) | Time:00:00.08 | Mem:0.48M, Peak:0.48M | Scene, ViewLayer | Updating Geometry BVH Cube.170 170/191 | Building BVH
Fra:1 Mem:18.00M (Peak 24.31M) | Time:00:00.08 | Mem:0.48M, Peak:0.48M | Scene, ViewLayer | Updating Geometry BVH Cube.171 171/191 | Building BVH
Fra:1 Mem:18.00M (Peak 24.31M) | Time:00:00.08 | Mem:0.48M, Peak:0.48M | Scene, ViewLayer | Updating Geometry BVH Cube.172 172/191 | Building BVH
Fra:1 Mem:18.00M (Peak 24.31M) | Time:00:00.08 | Mem:0.48M, Peak:0.48M | Scene, ViewLayer | Updating Geometry BVH Cube.173 173/191 | Building BVH
Fra:1 Mem:18.00M (Peak 24.31M) | Time:00:00.08 | Mem:0.49M, Peak:0.49M | Scene, ViewLayer | Updating Geometry BVH Cube.174 174/191 | Building BVH
Fra:1 Mem:18.00M (Peak 24.31M) | Time:00:00.08 | Mem:0.49M, Peak:0.49M | Scene, ViewLayer | Updating Geometry BVH Cube.175 175/191 | Building BVH
Fra:1 Mem:18.00M (Peak 24.31M) | Time:00:00.08 | Mem:0.49M, Peak:0.49M | Scene, ViewLayer | Updating Geometry BVH Cube.176 176/191 | Building BVH
Fra:1 Mem:18.00M (Peak 24.31M) | Time:00:00.08 | Mem:0.49M, Peak:0.49M | Scene, ViewLayer | Updating Geometry BVH Cube.177 177/191 | Building BVH
Fra:1 Mem:18.00M (Peak 24.31M) | Time:00:00.08 | Mem:0.49M, Peak:0.49M | Scene, ViewLayer | Updating Geometry BVH Cube.178 178/191 | Building BVH
Fra:1 Mem:18.00M (Peak 24.31M) | Time:00:00.08 | Mem:0.49M, Peak:0.49M | Scene, ViewLayer | Updating Geometry BVH Cube.179 179/191 | Building BVH
Fra:1 Mem:18.00M (Peak 24.31M) | Time:00:00.08 | Mem:0.51M, Peak:0.51M | Scene, ViewLayer | Updating Scene BVH | Building
Fra:1 Mem:18.00M (Peak 24.31M) | Time:00:00.08 | Mem:0.51M, Peak:0.51M | Scene, ViewLayer | Updating Scene BVH | Building BVH
Fra:1 Mem:18.00M (Peak 24.31M) | Time:00:00.08 | Mem:0.53M, Peak:0.54M | Scene, ViewLayer | Updating Scene BVH | Copying BVH to device
Fra:1 Mem:18.00M (Peak 24.31M) | Time:00:00.08 | Mem:0.53M, Peak:0.54M | Scene, ViewLayer | Updating Mesh | Computing normals
Fra:1 Mem:18.16M (Peak 24.31M) | Time:00:00.08 | Mem:0.53M, Peak:0.54M | Scene, ViewLayer | Updating Mesh | Copying Mesh to device
Fra:1 Mem:18.16M (Peak 24.31M) | Time:00:00.08 | Mem:0.69M, Peak:0.69M | Scene, ViewLayer | Updating Objects Flags
Fra:1 Mem:18.16M (Peak 24.31M) | Time:00:00.08 | Mem:0.69M, Peak:0.69M | Scene, ViewLayer | Updating Primitive Offsets
Fra:1 Mem:18.16M (Peak 24.31M) | Time:00:00.08 | Mem:0.69M, Peak:0.69M | Scene, ViewLayer | Updating Images
Fra:1 Mem:18.16M (Peak 24.31M) | Time:00:00.08 | Mem:0.69M, Peak:0.69M | Scene, ViewLayer | Updating Images | Loading bud_lilac_normal_preview.png
Fra:1 Mem:18.16M (Peak 24.31M) | Time:00:00.08 | Mem:0.69M, Peak:0.69M | Scene, ViewLayer | Updating Images | Loading engraved_amethyst.png
Fra:1 Mem:18.17M (Peak 24.31M) | Time:00:00.08 | Mem:0.69M, Peak:0.69M | Scene, ViewLayer | Updating Images | Loading bud_silver.png
Fra:1 Mem:18.17M (Peak 24.31M) | Time:00:00.08 | Mem:0.69M, Peak:0.69M | Scene, ViewLayer | Updating Images | Loading geode_lining.png
Fra:1 Mem:18.17M (Peak 24.31M) | Time:00:00.08 | Mem:0.69M, Peak:0.69M | Scene, ViewLayer | Updating Images | Loading bud_pink_emission.png
Fra:1 Mem:18.19M (Peak 24.31M) | Time:00:00.09 | Mem:0.69M, Peak:0.69M | Scene, ViewLayer | Updating Images | Loading geode_lining_light_emission.png
Fra:1 Mem:18.19M (Peak 24.31M) | Time:00:00.09 | Mem:0.69M, Peak:0.69M | Scene, ViewLayer | Updating Images | Loading bud_silver_normal_preview.png
Fra:1 Mem:18.19M (Peak 24.31M) | Time:00:00.09 | Mem:0.69M, Peak:0.69M | Scene, ViewLayer | Updating Images | Loading geode_calcite_light_emission.png
Fra:1 Mem:18.19M (Peak 24.31M) | Time:00:00.09 | Mem:0.69M, Peak:0.69M | Scene, ViewLayer | Updating Images | Loading engraved_amethyst_emission.png
Fra:1 Mem:18.19M (Peak 24.31M) | Time:00:00.09 | Mem:0.70M, Peak:0.70M | Scene, ViewLayer | Updating Images | Loading geode_basalt_emission.png
Fra:1 Mem:18.19M (Peak 24.31M) | Time:00:00.09 | Mem:0.70M, Peak:0.70M | Scene, ViewLayer | Updating Images | Loading side_relief_emission.png
Fra:1 Mem:18.19M (Peak 24.31M) | Time:00:00.09 | Mem:0.70M, Peak:0.70M | Scene, ViewLayer | Updating Images | Loading geode_basalt_dark_emission.png
Fra:1 Mem:18.19M (Peak 24.31M) | Time:00:00.09 | Mem:0.70M, Peak:0.70M | Scene, ViewLayer | Updating Images | Loading geode_lining_emission.png
Fra:1 Mem:18.19M (Peak 24.31M) | Time:00:00.09 | Mem:0.70M, Peak:0.70M | Scene, ViewLayer | Updating Images | Loading side_backing_emission.png
Fra:1 Mem:18.19M (Peak 24.31M) | Time:00:00.09 | Mem:0.70M, Peak:0.70M | Scene, ViewLayer | Updating Images | Loading geode_calcite_emission.png
Fra:1 Mem:18.19M (Peak 24.31M) | Time:00:00.09 | Mem:0.70M, Peak:0.70M | Scene, ViewLayer | Updating Images | Loading bud_silver_emission.png
Fra:1 Mem:18.19M (Peak 24.31M) | Time:00:00.09 | Mem:0.70M, Peak:0.70M | Scene, ViewLayer | Updating Images | Loading bud_lilac_emission.png
Fra:1 Mem:18.19M (Peak 24.31M) | Time:00:00.09 | Mem:0.71M, Peak:0.71M | Scene, ViewLayer | Updating Images | Loading bud_pink_metal.png
Fra:1 Mem:18.19M (Peak 24.31M) | Time:00:00.09 | Mem:0.71M, Peak:0.71M | Scene, ViewLayer | Updating Images | Loading geode_lining_light_metal.png
Fra:1 Mem:18.20M (Peak 24.31M) | Time:00:00.10 | Mem:0.71M, Peak:0.71M | Scene, ViewLayer | Updating Images | Loading side_relief_metal.png
Fra:1 Mem:18.20M (Peak 24.31M) | Time:00:00.10 | Mem:0.71M, Peak:0.71M | Scene, ViewLayer | Updating Images | Loading geode_calcite_normal_preview.png
Fra:1 Mem:18.20M (Peak 24.31M) | Time:00:00.10 | Mem:0.71M, Peak:0.71M | Scene, ViewLayer | Updating Images | Loading engraved_glint_metal.png
Fra:1 Mem:18.20M (Peak 24.31M) | Time:00:00.10 | Mem:0.71M, Peak:0.71M | Scene, ViewLayer | Updating Images | Loading geode_basalt_metal.png
Fra:1 Mem:18.20M (Peak 24.31M) | Time:00:00.10 | Mem:0.71M, Peak:0.71M | Scene, ViewLayer | Updating Images | Loading geode_basalt_dark_metal.png
Fra:1 Mem:18.20M (Peak 24.31M) | Time:00:00.10 | Mem:0.71M, Peak:0.71M | Scene, ViewLayer | Updating Images | Loading engraved_amethyst_metal.png
Fra:1 Mem:18.20M (Peak 24.31M) | Time:00:00.10 | Mem:0.71M, Peak:0.71M | Scene, ViewLayer | Updating Images | Loading geode_lining_metal.png
Fra:1 Mem:18.20M (Peak 24.31M) | Time:00:00.10 | Mem:0.71M, Peak:0.71M | Scene, ViewLayer | Updating Images | Loading geode_calcite_metal.png
Fra:1 Mem:18.20M (Peak 24.31M) | Time:00:00.10 | Mem:0.71M, Peak:0.71M | Scene, ViewLayer | Updating Images | Loading geode_calcite_shadow_metal.png
Fra:1 Mem:18.20M (Peak 24.31M) | Time:00:00.11 | Mem:0.71M, Peak:0.71M | Scene, ViewLayer | Updating Images | Loading bud_lilac_metal.png
Fra:1 Mem:18.20M (Peak 24.31M) | Time:00:00.11 | Mem:0.71M, Peak:0.71M | Scene, ViewLayer | Updating Images | Loading bud_silver_metal.png
Fra:1 Mem:18.20M (Peak 24.31M) | Time:00:00.11 | Mem:0.71M, Peak:0.71M | Scene, ViewLayer | Updating Images | Loading geode_calcite_light_metal.png
Fra:1 Mem:18.20M (Peak 24.31M) | Time:00:00.11 | Mem:0.71M, Peak:0.71M | Scene, ViewLayer | Updating Images | Loading bud_pink_sss.png
Fra:1 Mem:18.20M (Peak 24.31M) | Time:00:00.11 | Mem:0.71M, Peak:0.71M | Scene, ViewLayer | Updating Images | Loading geode_lining_light_sss.png
Fra:1 Mem:18.20M (Peak 24.31M) | Time:00:00.11 | Mem:0.71M, Peak:0.71M | Scene, ViewLayer | Updating Images | Loading side_relief_sss.png
Fra:1 Mem:18.20M (Peak 24.31M) | Time:00:00.11 | Mem:0.71M, Peak:0.71M | Scene, ViewLayer | Updating Images | Loading engraved_glint_sss.png
Fra:1 Mem:18.20M (Peak 24.31M) | Time:00:00.11 | Mem:0.71M, Peak:0.71M | Scene, ViewLayer | Updating Images | Loading side_backing_normal_preview.png
Fra:1 Mem:18.20M (Peak 24.31M) | Time:00:00.11 | Mem:0.71M, Peak:0.71M | Scene, ViewLayer | Updating Images | Loading geode_lining_sss.png
Fra:1 Mem:18.20M (Peak 24.31M) | Time:00:00.12 | Mem:0.71M, Peak:0.71M | Scene, ViewLayer | Updating Images | Loading geode_basalt_sss.png
Fra:1 Mem:18.20M (Peak 24.31M) | Time:00:00.12 | Mem:0.71M, Peak:0.71M | Scene, ViewLayer | Updating Images | Loading geode_basalt_dark_sss.png
Fra:1 Mem:18.20M (Peak 24.31M) | Time:00:00.12 | Mem:0.71M, Peak:0.71M | Scene, ViewLayer | Updating Images | Loading geode_calcite_sss.png
Fra:1 Mem:18.20M (Peak 24.31M) | Time:00:00.12 | Mem:0.71M, Peak:0.71M | Scene, ViewLayer | Updating Images | Loading geode_calcite_shadow_sss.png
Fra:1 Mem:18.20M (Peak 24.31M) | Time:00:00.12 | Mem:0.71M, Peak:0.71M | Scene, ViewLayer | Updating Images | Loading engraved_amethyst_sss.png
Fra:1 Mem:18.20M (Peak 24.31M) | Time:00:00.12 | Mem:0.71M, Peak:0.71M | Scene, ViewLayer | Updating Images | Loading bud_lilac_sss.png
Fra:1 Mem:18.20M (Peak 24.31M) | Time:00:00.12 | Mem:0.71M, Peak:0.71M | Scene, ViewLayer | Updating Images | Loading bud_silver_sss.png
Fra:1 Mem:18.20M (Peak 24.31M) | Time:00:00.12 | Mem:0.71M, Peak:0.71M | Scene, ViewLayer | Updating Images | Loading side_backing_sss.png
Fra:1 Mem:18.20M (Peak 24.31M) | Time:00:00.12 | Mem:0.71M, Peak:0.71M | Scene, ViewLayer | Updating Images | Loading geode_calcite_light_sss.png
Fra:1 Mem:18.20M (Peak 24.31M) | Time:00:00.12 | Mem:0.71M, Peak:0.71M | Scene, ViewLayer | Updating Images | Loading bud_pink_roughness.png
Fra:1 Mem:18.20M (Peak 24.31M) | Time:00:00.12 | Mem:0.71M, Peak:0.71M | Scene, ViewLayer | Updating Images | Loading side_relief_roughness.png
Fra:1 Mem:18.20M (Peak 24.31M) | Time:00:00.12 | Mem:0.71M, Peak:0.71M | Scene, ViewLayer | Updating Images | Loading geode_lining_light_roughness.png
Fra:1 Mem:18.20M (Peak 24.31M) | Time:00:00.12 | Mem:0.71M, Peak:0.71M | Scene, ViewLayer | Updating Images | Loading engraved_glint_roughness.png
Fra:1 Mem:18.20M (Peak 24.31M) | Time:00:00.13 | Mem:0.72M, Peak:0.72M | Scene, ViewLayer | Updating Images | Loading geode_calcite_shadow_normal_preview.png
Fra:1 Mem:18.21M (Peak 24.31M) | Time:00:00.13 | Mem:0.72M, Peak:0.72M | Scene, ViewLayer | Updating Images | Loading geode_lining_roughness.png
Fra:1 Mem:18.21M (Peak 24.31M) | Time:00:00.13 | Mem:0.72M, Peak:0.72M | Scene, ViewLayer | Updating Images | Loading geode_basalt_roughness.png
Fra:1 Mem:18.21M (Peak 24.31M) | Time:00:00.13 | Mem:0.72M, Peak:0.72M | Scene, ViewLayer | Updating Images | Loading geode_basalt_dark_roughness.png
Fra:1 Mem:18.21M (Peak 24.31M) | Time:00:00.13 | Mem:0.72M, Peak:0.72M | Scene, ViewLayer | Updating Images | Loading engraved_amethyst_roughness.png
Fra:1 Mem:18.21M (Peak 24.31M) | Time:00:00.13 | Mem:0.72M, Peak:0.72M | Scene, ViewLayer | Updating Images | Loading bud_lilac_roughness.png
Fra:1 Mem:18.21M (Peak 24.31M) | Time:00:00.13 | Mem:0.72M, Peak:0.72M | Scene, ViewLayer | Updating Images | Loading geode_calcite_light_roughness.png
Fra:1 Mem:18.21M (Peak 24.31M) | Time:00:00.13 | Mem:0.72M, Peak:0.72M | Scene, ViewLayer | Updating Images | Loading bud_silver_roughness.png
Fra:1 Mem:18.21M (Peak 24.31M) | Time:00:00.13 | Mem:0.72M, Peak:0.72M | Scene, ViewLayer | Updating Images | Loading geode_calcite_shadow_roughness.png
Fra:1 Mem:18.21M (Peak 24.31M) | Time:00:00.13 | Mem:0.72M, Peak:0.72M | Scene, ViewLayer | Updating Images | Loading engraved_glint_normal_preview.png
Fra:1 Mem:18.21M (Peak 24.31M) | Time:00:00.13 | Mem:0.72M, Peak:0.72M | Scene, ViewLayer | Updating Images | Loading geode_lining_light_normal_preview.png
Fra:1 Mem:18.21M (Peak 24.31M) | Time:00:00.13 | Mem:0.72M, Peak:0.72M | Scene, ViewLayer | Updating Images | Loading geode_lining_normal_preview.png
Fra:1 Mem:18.21M (Peak 24.31M) | Time:00:00.14 | Mem:0.72M, Peak:0.72M | Scene, ViewLayer | Updating Images | Loading engraved_amethyst_normal_preview.png
Fra:1 Mem:18.21M (Peak 24.31M) | Time:00:00.14 | Mem:0.72M, Peak:0.72M | Scene, ViewLayer | Updating Images | Loading geode_basalt_normal_preview.png
Fra:1 Mem:18.21M (Peak 24.31M) | Time:00:00.14 | Mem:0.72M, Peak:0.72M | Scene, ViewLayer | Updating Images | Loading geode_basalt_dark_normal_preview.png
Fra:1 Mem:18.22M (Peak 24.31M) | Time:00:00.14 | Mem:0.72M, Peak:0.72M | Scene, ViewLayer | Updating Images | Loading geode_calcite_light_normal_preview.png
Fra:1 Mem:18.22M (Peak 24.31M) | Time:00:00.14 | Mem:0.73M, Peak:0.73M | Scene, ViewLayer | Updating Camera Volume
Fra:1 Mem:18.22M (Peak 24.31M) | Time:00:00.14 | Mem:0.73M, Peak:0.73M | Scene, ViewLayer | Updating Lookup Tables
Fra:1 Mem:18.22M (Peak 24.31M) | Time:00:00.14 | Mem:0.98M, Peak:0.98M | Scene, ViewLayer | Updating Lights
Fra:1 Mem:18.22M (Peak 24.31M) | Time:00:00.14 | Mem:0.98M, Peak:0.98M | Scene, ViewLayer | Updating Lights | Computing distribution
Fra:1 Mem:18.25M (Peak 24.31M) | Time:00:00.14 | Mem:1.02M, Peak:1.02M | Scene, ViewLayer | Updating Integrator
Fra:1 Mem:18.26M (Peak 24.31M) | Time:00:00.14 | Mem:1.03M, Peak:1.03M | Scene, ViewLayer | Updating Film
Fra:1 Mem:18.26M (Peak 24.31M) | Time:00:00.14 | Mem:0.78M, Peak:1.03M | Scene, ViewLayer | Updating Lookup Tables
Fra:1 Mem:18.26M (Peak 24.31M) | Time:00:00.14 | Mem:1.03M, Peak:1.03M | Scene, ViewLayer | Updating Baking
Fra:1 Mem:18.26M (Peak 24.31M) | Time:00:00.14 | Mem:1.03M, Peak:1.03M | Scene, ViewLayer | Updating Device | Writing constant memory
Fra:1 Mem:18.27M (Peak 24.31M) | Time:00:00.14 | Mem:1.03M, Peak:1.03M | Scene, ViewLayer | Sample 0/48
Fra:1 Mem:90.79M (Peak 90.80M) | Time:00:00.54 | Remaining:00:18.89 | Mem:73.52M, Peak:73.52M | Scene, ViewLayer | Sample 1/48
Fra:1 Mem:121.31M (Peak 167.09M) | Time:00:18.38 | Mem:73.52M, Peak:73.52M | Scene, ViewLayer | Sample 48/48
Fra:1 Mem:121.31M (Peak 167.09M) | Time:00:18.38 | Mem:73.52M, Peak:73.52M | Scene, ViewLayer | Finished
Saved: 'D:\Desktop\Document\Coding\FULL STACK\ConvertTable\assets\geode_prototype\geode_dark.png'
 Time: 00:18.47 (Saving: 00:00.09)

GEODE_VERIFY_OK {"status": "PASS", "blender_version": "3.2.1", "reopened_blend": "D:\\Desktop\\Document\\Coding\\FULL STACK\\ConvertTable\\assets\\geode_prototype\\mother_rock_geode_16px.blend", "editable_parts": 191, "connected_voxels": 2323, "world_min": [-0.5, -0.5, 0.0], "world_max": [0.5, 0.5, 1.0], "integer_pixel_grid": true, "overlapping_voxels": false, "floating_components": false, "rendered": ["D:\\Desktop\\Document\\Coding\\FULL STACK\\ConvertTable\\assets\\geode_prototype\\geode_front.png", "D:\\Desktop\\Document\\Coding\\FULL STACK\\ConvertTable\\assets\\geode_prototype\\geode_side.png", "D:\\Desktop\\Document\\Coding\\FULL STACK\\ConvertTable\\assets\\geode_prototype\\geode_three_quarter.png", "D:\\Desktop\\Document\\Coding\\FULL STACK\\ConvertTable\\assets\\geode_prototype\\geode_dark.png"]}

Blender quit
