TBBmalloc: skip allocation functions replacement in ucrtbase.dll: unknown prologue for function _msize
Blender 3.2.1 (hash a2d59b2dac9e built 2022-07-06 07:45:50)
Read blend: D:\Desktop\Document\Coding\FULL STACK\ConvertTable\assets\geode_prototype\mother_rock_geode_16px.blend
Fra:1 Mem:27.06M (Peak 27.06M) | Time:00:00.01 | Mem:0.00M, Peak:0.00M | Scene, ViewLayer | Synchronizing object | 01_basalt_corner_guards_0000
Fra:1 Mem:27.06M (Peak 27.06M) | Time:00:00.01 | Mem:0.00M, Peak:0.00M | Scene, ViewLayer | Synchronizing object | 10_calcite_corner_shoulders_0005
Fra:1 Mem:27.06M (Peak 27.06M) | Time:00:00.01 | Mem:0.00M, Peak:0.00M | Scene, ViewLayer | Synchronizing object | 06_layer_2_carved_stone_0009
Fra:1 Mem:27.07M (Peak 27.07M) | Time:00:00.01 | Mem:0.00M, Peak:0.00M | Scene, ViewLayer | Synchronizing object | 06_layer_2_carved_stone_0011
Fra:1 Mem:27.07M (Peak 27.07M) | Time:00:00.01 | Mem:0.00M, Peak:0.00M | Scene, ViewLayer | Synchronizing object | 06_layer_2_carved_stone_0014
Fra:1 Mem:27.07M (Peak 27.07M) | Time:00:00.01 | Mem:0.00M, Peak:0.00M | Scene, ViewLayer | Synchronizing object | 06_layer_2_carved_stone_0017
Fra:1 Mem:27.07M (Peak 27.07M) | Time:00:00.01 | Mem:0.00M, Peak:0.00M | Scene, ViewLayer | Synchronizing object | 06_layer_2_carved_stone_0018
Fra:1 Mem:27.08M (Peak 27.08M) | Time:00:00.01 | Mem:0.00M, Peak:0.00M | Scene, ViewLayer | Synchronizing object | 06_layer_2_carved_stone_0019
Fra:1 Mem:27.08M (Peak 27.08M) | Time:00:00.01 | Mem:0.00M, Peak:0.00M | Scene, ViewLayer | Synchronizing object | 09_layer_2_crown_rim_0021
Fra:1 Mem:27.08M (Peak 27.08M) | Time:00:00.01 | Mem:0.00M, Peak:0.00M | Scene, ViewLayer | Synchronizing object | 11_corner_crystal_buds_0023
Fra:1 Mem:27.09M (Peak 27.09M) | Time:00:00.01 | Mem:0.00M, Peak:0.00M | Scene, ViewLayer | Synchronizing object | 11_corner_crystal_buds_0024
Fra:1 Mem:27.09M (Peak 27.09M) | Time:00:00.01 | Mem:0.00M, Peak:0.00M | Scene, ViewLayer | Synchronizing object | 11_corner_crystal_buds_0025
Fra:1 Mem:27.09M (Peak 27.09M) | Time:00:00.01 | Mem:0.00M, Peak:0.00M | Scene, ViewLayer | Synchronizing object | 11_corner_crystal_buds_0026
Fra:1 Mem:27.09M (Peak 27.09M) | Time:00:00.01 | Mem:0.00M, Peak:0.00M | Scene, ViewLayer | Synchronizing object | 11_corner_crystal_buds_0028
Fra:1 Mem:27.10M (Peak 27.10M) | Time:00:00.01 | Mem:0.00M, Peak:0.00M | Scene, ViewLayer | Synchronizing object | 05_layer_3_mineral_backing_0029
Fra:1 Mem:27.10M (Peak 27.10M) | Time:00:00.01 | Mem:0.00M, Peak:0.00M | Scene, ViewLayer | Synchronizing object | 05_layer_3_mineral_backing_0030
Fra:1 Mem:27.10M (Peak 27.10M) | Time:00:00.01 | Mem:0.00M, Peak:0.00M | Scene, ViewLayer | Synchronizing object | 07_inlaid_crystal_incisions_0033
Fra:1 Mem:27.11M (Peak 27.11M) | Time:00:00.01 | Mem:0.00M, Peak:0.00M | Scene, ViewLayer | Synchronizing object | 05_layer_3_mineral_backing_0034
Fra:1 Mem:27.11M (Peak 27.11M) | Time:00:00.01 | Mem:0.00M, Peak:0.00M | Scene, ViewLayer | Synchronizing object | 05_layer_3_mineral_backing_0035
Fra:1 Mem:27.11M (Peak 27.12M) | Time:00:00.01 | Mem:0.00M, Peak:0.00M | Scene, ViewLayer | Synchronizing object | 05_layer_3_mineral_backing_0036
Fra:1 Mem:27.12M (Peak 27.12M) | Time:00:00.01 | Mem:0.00M, Peak:0.00M | Scene, ViewLayer | Synchronizing object | 07_inlaid_crystal_incisions_0038
Fra:1 Mem:27.12M (Peak 27.12M) | Time:00:00.01 | Mem:0.00M, Peak:0.00M | Scene, ViewLayer | Synchronizing object | 05_layer_3_mineral_backing_0041
Fra:1 Mem:27.12M (Peak 27.12M) | Time:00:00.01 | Mem:0.00M, Peak:0.00M | Scene, ViewLayer | Synchronizing object | 07_inlaid_crystal_incisions_0042
Fra:1 Mem:27.12M (Peak 27.12M) | Time:00:00.01 | Mem:0.00M, Peak:0.00M | Scene, ViewLayer | Synchronizing object | 05_layer_3_mineral_backing_0043
Fra:1 Mem:27.13M (Peak 27.13M) | Time:00:00.01 | Mem:0.00M, Peak:0.00M | Scene, ViewLayer | Synchronizing object | 07_inlaid_crystal_incisions_0044
Fra:1 Mem:27.13M (Peak 27.13M) | Time:00:00.01 | Mem:0.00M, Peak:0.00M | Scene, ViewLayer | Synchronizing object | 05_layer_3_mineral_backing_0045
Fra:1 Mem:27.13M (Peak 27.13M) | Time:00:00.01 | Mem:0.00M, Peak:0.00M | Scene, ViewLayer | Synchronizing object | 07_inlaid_crystal_incisions_0046
Fra:1 Mem:27.14M (Peak 27.14M) | Time:00:00.01 | Mem:0.00M, Peak:0.00M | Scene, ViewLayer | Synchronizing object | 05_layer_3_mineral_backing_0048
Fra:1 Mem:27.14M (Peak 27.14M) | Time:00:00.01 | Mem:0.00M, Peak:0.00M | Scene, ViewLayer | Synchronizing object | 05_layer_3_mineral_backing_0050
Fra:1 Mem:27.14M (Peak 27.14M) | Time:00:00.01 | Mem:0.00M, Peak:0.00M | Scene, ViewLayer | Synchronizing object | 05_layer_3_mineral_backing_0052
Fra:1 Mem:27.14M (Peak 27.14M) | Time:00:00.01 | Mem:0.00M, Peak:0.00M | Scene, ViewLayer | Synchronizing object | 05_layer_3_mineral_backing_0054
Fra:1 Mem:27.15M (Peak 27.15M) | Time:00:00.01 | Mem:0.00M, Peak:0.00M | Scene, ViewLayer | Synchronizing object | 05_layer_3_mineral_backing_0055
Fra:1 Mem:27.15M (Peak 27.15M) | Time:00:00.01 | Mem:0.00M, Peak:0.00M | Scene, ViewLayer | Synchronizing object | 07_inlaid_crystal_incisions_0057
Fra:1 Mem:27.15M (Peak 27.15M) | Time:00:00.01 | Mem:0.00M, Peak:0.00M | Scene, ViewLayer | Synchronizing object | 05_layer_3_mineral_backing_0058
Fra:1 Mem:27.16M (Peak 27.16M) | Time:00:00.01 | Mem:0.00M, Peak:0.00M | Scene, ViewLayer | Synchronizing object | 07_inlaid_crystal_incisions_0059
Fra:1 Mem:27.16M (Peak 27.16M) | Time:00:00.01 | Mem:0.00M, Peak:0.00M | Scene, ViewLayer | Synchronizing object | 05_layer_3_mineral_backing_0061
Fra:1 Mem:27.16M (Peak 27.16M) | Time:00:00.01 | Mem:0.00M, Peak:0.00M | Scene, ViewLayer | Synchronizing object | 01_basalt_foundation_0064
Fra:1 Mem:27.17M (Peak 27.17M) | Time:00:00.01 | Mem:0.00M, Peak:0.00M | Scene, ViewLayer | Synchronizing object | 02_calcite_lower_shell_0066
Fra:1 Mem:27.17M (Peak 27.17M) | Time:00:00.01 | Mem:0.00M, Peak:0.00M | Scene, ViewLayer | Synchronizing object | 08_layer_2_lower_rail_0067
Fra:1 Mem:27.18M (Peak 27.18M) | Time:00:00.01 | Mem:0.00M, Peak:0.00M | Scene, ViewLayer | Synchronizing object | 08_layer_2_lower_rail_0068
Fra:1 Mem:27.18M (Peak 27.18M) | Time:00:00.01 | Mem:0.00M, Peak:0.00M | Scene, ViewLayer | Synchronizing object | 05_layer_3_mineral_backing_0069
Fra:1 Mem:27.18M (Peak 27.18M) | Time:00:00.01 | Mem:0.00M, Peak:0.00M | Scene, ViewLayer | Synchronizing object | 05_layer_3_mineral_backing_0072
Fra:1 Mem:27.19M (Peak 27.19M) | Time:00:00.01 | Mem:0.00M, Peak:0.00M | Scene, ViewLayer | Synchronizing object | 05_layer_3_mineral_backing_0073
Fra:1 Mem:27.19M (Peak 27.19M) | Time:00:00.01 | Mem:0.00M, Peak:0.00M | Scene, ViewLayer | Synchronizing object | 05_layer_3_mineral_backing_0075
Fra:1 Mem:27.19M (Peak 27.19M) | Time:00:00.01 | Mem:0.00M, Peak:0.00M | Scene, ViewLayer | Synchronizing object | 05_layer_3_mineral_backing_0076
Fra:1 Mem:27.19M (Peak 27.19M) | Time:00:00.01 | Mem:0.00M, Peak:0.00M | Scene, ViewLayer | Synchronizing object | 05_layer_3_mineral_backing_0078
Fra:1 Mem:27.19M (Peak 27.19M) | Time:00:00.01 | Mem:0.00M, Peak:0.00M | Scene, ViewLayer | Synchronizing object | 04_geode_inner_lining_0080
Fra:1 Mem:27.20M (Peak 27.20M) | Time:00:00.01 | Mem:0.00M, Peak:0.00M | Scene, ViewLayer | Synchronizing object | 05_layer_3_mineral_backing_0081
Fra:1 Mem:27.20M (Peak 27.20M) | Time:00:00.01 | Mem:0.00M, Peak:0.00M | Scene, ViewLayer | Synchronizing object | 05_layer_3_mineral_backing_0082
Fra:1 Mem:27.21M (Peak 27.21M) | Time:00:00.01 | Mem:0.00M, Peak:0.00M | Scene, ViewLayer | Synchronizing object | 05_layer_3_mineral_backing_0083
Fra:1 Mem:27.21M (Peak 27.21M) | Time:00:00.01 | Mem:0.00M, Peak:0.00M | Scene, ViewLayer | Synchronizing object | 06_layer_2_carved_stone_0085
Fra:1 Mem:27.21M (Peak 27.21M) | Time:00:00.01 | Mem:0.00M, Peak:0.00M | Scene, ViewLayer | Synchronizing object | 06_layer_2_carved_stone_0087
Fra:1 Mem:27.21M (Peak 27.22M) | Time:00:00.01 | Mem:0.00M, Peak:0.00M | Scene, ViewLayer | Synchronizing object | 07_inlaid_crystal_incisions_0090
Fra:1 Mem:27.22M (Peak 27.22M) | Time:00:00.01 | Mem:0.00M, Peak:0.00M | Scene, ViewLayer | Synchronizing object | 06_layer_2_carved_stone_0091
Fra:1 Mem:27.22M (Peak 27.22M) | Time:00:00.01 | Mem:0.00M, Peak:0.00M | Scene, ViewLayer | Synchronizing object | 05_layer_3_mineral_backing_0092
Fra:1 Mem:27.22M (Peak 27.22M) | Time:00:00.01 | Mem:0.00M, Peak:0.00M | Scene, ViewLayer | Synchronizing object | 04_geode_inner_lining_0093
Fra:1 Mem:27.22M (Peak 27.22M) | Time:00:00.01 | Mem:0.00M, Peak:0.00M | Scene, ViewLayer | Synchronizing object | 06_layer_2_carved_stone_0095
Fra:1 Mem:27.23M (Peak 27.23M) | Time:00:00.01 | Mem:0.00M, Peak:0.00M | Scene, ViewLayer | Synchronizing object | 05_layer_3_mineral_backing_0096
Fra:1 Mem:27.23M (Peak 27.23M) | Time:00:00.01 | Mem:0.00M, Peak:0.00M | Scene, ViewLayer | Synchronizing object | 05_layer_3_mineral_backing_0097
Fra:1 Mem:27.23M (Peak 27.23M) | Time:00:00.01 | Mem:0.00M, Peak:0.00M | Scene, ViewLayer | Synchronizing object | 09_layer_2_crown_rim_0099
Fra:1 Mem:27.24M (Peak 27.24M) | Time:00:00.01 | Mem:0.00M, Peak:0.00M | Scene, ViewLayer | Synchronizing object | 09_calcite_crown_rim_0100
Fra:1 Mem:27.24M (Peak 27.24M) | Time:00:00.01 | Mem:0.00M, Peak:0.00M | Scene, ViewLayer | Synchronizing object | 09_calcite_crown_rim_0101
Fra:1 Mem:27.24M (Peak 27.24M) | Time:00:00.01 | Mem:0.00M, Peak:0.00M | Scene, ViewLayer | Synchronizing object | 07_inlaid_crystal_incisions_0104
Fra:1 Mem:27.24M (Peak 27.24M) | Time:00:00.01 | Mem:0.00M, Peak:0.00M | Scene, ViewLayer | Synchronizing object | 05_layer_3_mineral_backing_0105
Fra:1 Mem:27.25M (Peak 27.25M) | Time:00:00.01 | Mem:0.00M, Peak:0.00M | Scene, ViewLayer | Synchronizing object | 07_inlaid_crystal_incisions_0106
Fra:1 Mem:27.25M (Peak 27.25M) | Time:00:00.01 | Mem:0.00M, Peak:0.00M | Scene, ViewLayer | Synchronizing object | 05_layer_3_mineral_backing_0108
Fra:1 Mem:27.26M (Peak 27.26M) | Time:00:00.01 | Mem:0.00M, Peak:0.00M | Scene, ViewLayer | Synchronizing object | 07_inlaid_crystal_incisions_0109
Fra:1 Mem:27.26M (Peak 27.26M) | Time:00:00.01 | Mem:0.00M, Peak:0.00M | Scene, ViewLayer | Synchronizing object | 07_inlaid_crystal_incisions_0110
Fra:1 Mem:27.26M (Peak 27.26M) | Time:00:00.01 | Mem:0.00M, Peak:0.00M | Scene, ViewLayer | Synchronizing object | 05_layer_3_mineral_backing_0112
Fra:1 Mem:27.26M (Peak 27.26M) | Time:00:00.01 | Mem:0.00M, Peak:0.00M | Scene, ViewLayer | Synchronizing object | 12_geode_growth_core_0113
Fra:1 Mem:27.26M (Peak 27.27M) | Time:00:00.01 | Mem:0.00M, Peak:0.00M | Scene, ViewLayer | Synchronizing object | 06_layer_2_carved_stone_0115
Fra:1 Mem:27.27M (Peak 27.27M) | Time:00:00.01 | Mem:0.00M, Peak:0.00M | Scene, ViewLayer | Synchronizing object | 12_geode_growth_core_0117
Fra:1 Mem:27.27M (Peak 27.27M) | Time:00:00.01 | Mem:0.00M, Peak:0.00M | Scene, ViewLayer | Synchronizing object | 06_layer_2_carved_stone_0118
Fra:1 Mem:27.27M (Peak 27.27M) | Time:00:00.01 | Mem:0.00M, Peak:0.00M | Scene, ViewLayer | Synchronizing object | 06_layer_2_carved_stone_0119
Fra:1 Mem:27.28M (Peak 27.28M) | Time:00:00.01 | Mem:0.00M, Peak:0.00M | Scene, ViewLayer | Synchronizing object | 07_inlaid_crystal_incisions_0120
Fra:1 Mem:27.28M (Peak 27.28M) | Time:00:00.01 | Mem:0.00M, Peak:0.00M | Scene, ViewLayer | Synchronizing object | 07_inlaid_crystal_incisions_0122
Fra:1 Mem:27.28M (Peak 27.28M) | Time:00:00.01 | Mem:0.00M, Peak:0.00M | Scene, ViewLayer | Synchronizing object | 05_layer_3_mineral_backing_0123
Fra:1 Mem:27.29M (Peak 27.29M) | Time:00:00.01 | Mem:0.00M, Peak:0.00M | Scene, ViewLayer | Synchronizing object | 05_layer_3_mineral_backing_0124
Fra:1 Mem:27.29M (Peak 27.29M) | Time:00:00.01 | Mem:0.00M, Peak:0.00M | Scene, ViewLayer | Synchronizing object | 05_layer_3_mineral_backing_0125
Fra:1 Mem:27.29M (Peak 27.29M) | Time:00:00.01 | Mem:0.00M, Peak:0.00M | Scene, ViewLayer | Synchronizing object | 12_geode_growth_core_0127
Fra:1 Mem:27.29M (Peak 27.29M) | Time:00:00.01 | Mem:0.00M, Peak:0.00M | Scene, ViewLayer | Synchronizing object | 12_geode_growth_core_0129
Fra:1 Mem:27.29M (Peak 27.29M) | Time:00:00.01 | Mem:0.00M, Peak:0.00M | Scene, ViewLayer | Synchronizing object | 12_geode_growth_core_0130
Fra:1 Mem:27.30M (Peak 27.30M) | Time:00:00.01 | Mem:0.00M, Peak:0.00M | Scene, ViewLayer | Synchronizing object | 06_layer_2_carved_stone_0131
Fra:1 Mem:27.30M (Peak 27.30M) | Time:00:00.01 | Mem:0.00M, Peak:0.00M | Scene, ViewLayer | Synchronizing object | 06_layer_2_carved_stone_0132
Fra:1 Mem:27.30M (Peak 27.30M) | Time:00:00.01 | Mem:0.00M, Peak:0.00M | Scene, ViewLayer | Synchronizing object | 07_inlaid_crystal_incisions_0133
Fra:1 Mem:27.31M (Peak 27.31M) | Time:00:00.01 | Mem:0.00M, Peak:0.00M | Scene, ViewLayer | Synchronizing object | 07_inlaid_crystal_incisions_0135
Fra:1 Mem:27.31M (Peak 27.31M) | Time:00:00.01 | Mem:0.00M, Peak:0.00M | Scene, ViewLayer | Synchronizing object | 07_inlaid_crystal_incisions_0137
Fra:1 Mem:27.31M (Peak 27.31M) | Time:00:00.01 | Mem:0.00M, Peak:0.00M | Scene, ViewLayer | Synchronizing object | 07_inlaid_crystal_incisions_0138
Fra:1 Mem:27.31M (Peak 27.31M) | Time:00:00.01 | Mem:0.00M, Peak:0.00M | Scene, ViewLayer | Synchronizing object | 07_inlaid_crystal_incisions_0139
Fra:1 Mem:27.32M (Peak 27.32M) | Time:00:00.01 | Mem:0.00M, Peak:0.00M | Scene, ViewLayer | Synchronizing object | 12_geode_growth_core_0141
Fra:1 Mem:27.32M (Peak 27.32M) | Time:00:00.01 | Mem:0.00M, Peak:0.00M | Scene, ViewLayer | Synchronizing object | 12_geode_growth_core_0143
Fra:1 Mem:27.32M (Peak 27.32M) | Time:00:00.01 | Mem:0.00M, Peak:0.00M | Scene, ViewLayer | Synchronizing object | 12_geode_growth_core_0144
Fra:1 Mem:27.32M (Peak 27.32M) | Time:00:00.01 | Mem:0.00M, Peak:0.00M | Scene, ViewLayer | Synchronizing object | 12_geode_growth_core_0145
Fra:1 Mem:27.33M (Peak 27.33M) | Time:00:00.01 | Mem:0.00M, Peak:0.00M | Scene, ViewLayer | Synchronizing object | 06_layer_2_carved_stone_0146
Fra:1 Mem:27.33M (Peak 27.33M) | Time:00:00.01 | Mem:0.00M, Peak:0.00M | Scene, ViewLayer | Synchronizing object | 05_layer_3_mineral_backing_0147
Fra:1 Mem:27.33M (Peak 27.33M) | Time:00:00.01 | Mem:0.00M, Peak:0.00M | Scene, ViewLayer | Synchronizing object | 06_layer_2_carved_stone_0149
Fra:1 Mem:27.33M (Peak 27.33M) | Time:00:00.01 | Mem:0.00M, Peak:0.00M | Scene, ViewLayer | Synchronizing object | 05_layer_3_mineral_backing_0151
Fra:1 Mem:27.34M (Peak 27.34M) | Time:00:00.01 | Mem:0.00M, Peak:0.00M | Scene, ViewLayer | Synchronizing object | 06_layer_2_carved_stone_0152
Fra:1 Mem:27.34M (Peak 27.34M) | Time:00:00.01 | Mem:0.00M, Peak:0.00M | Scene, ViewLayer | Synchronizing object | 12_geode_growth_core_0154
Fra:1 Mem:27.34M (Peak 27.34M) | Time:00:00.01 | Mem:0.00M, Peak:0.00M | Scene, ViewLayer | Synchronizing object | 12_geode_growth_core_0155
Fra:1 Mem:27.34M (Peak 27.34M) | Time:00:00.01 | Mem:0.00M, Peak:0.00M | Scene, ViewLayer | Synchronizing object | 06_layer_2_carved_stone_0156
Fra:1 Mem:27.35M (Peak 27.35M) | Time:00:00.01 | Mem:0.00M, Peak:0.00M | Scene, ViewLayer | Synchronizing object | 05_layer_3_mineral_backing_0158
Fra:1 Mem:27.35M (Peak 27.35M) | Time:00:00.01 | Mem:0.00M, Peak:0.00M | Scene, ViewLayer | Synchronizing object | 05_layer_3_mineral_backing_0157
Fra:1 Mem:27.35M (Peak 27.35M) | Time:00:00.01 | Mem:0.00M, Peak:0.00M | Scene, ViewLayer | Synchronizing object | 07_inlaid_crystal_incisions_0160
Fra:1 Mem:27.35M (Peak 27.35M) | Time:00:00.01 | Mem:0.00M, Peak:0.00M | Scene, ViewLayer | Synchronizing object | 07_inlaid_crystal_incisions_0161
Fra:1 Mem:27.36M (Peak 27.36M) | Time:00:00.01 | Mem:0.00M, Peak:0.00M | Scene, ViewLayer | Synchronizing object | 05_layer_3_mineral_backing_0162
Fra:1 Mem:27.36M (Peak 27.36M) | Time:00:00.01 | Mem:0.00M, Peak:0.00M | Scene, ViewLayer | Synchronizing object | 07_inlaid_crystal_incisions_0164
Fra:1 Mem:27.36M (Peak 27.36M) | Time:00:00.01 | Mem:0.00M, Peak:0.00M | Scene, ViewLayer | Synchronizing object | 07_inlaid_crystal_incisions_0165
Fra:1 Mem:27.36M (Peak 27.36M) | Time:00:00.01 | Mem:0.00M, Peak:0.00M | Scene, ViewLayer | Synchronizing object | 12_geode_growth_core_0166
Fra:1 Mem:27.36M (Peak 27.36M) | Time:00:00.01 | Mem:0.00M, Peak:0.00M | Scene, ViewLayer | Synchronizing object | 12_geode_growth_core_0167
Fra:1 Mem:27.37M (Peak 27.37M) | Time:00:00.01 | Mem:0.00M, Peak:0.00M | Scene, ViewLayer | Synchronizing object | 06_layer_2_carved_stone_0168
Fra:1 Mem:27.37M (Peak 27.37M) | Time:00:00.01 | Mem:0.00M, Peak:0.00M | Scene, ViewLayer | Synchronizing object | 05_layer_3_mineral_backing_0169
Fra:1 Mem:27.37M (Peak 27.37M) | Time:00:00.01 | Mem:0.00M, Peak:0.00M | Scene, ViewLayer | Synchronizing object | 05_layer_3_mineral_backing_0170
Fra:1 Mem:27.37M (Peak 27.37M) | Time:00:00.01 | Mem:0.00M, Peak:0.00M | Scene, ViewLayer | Synchronizing object | 06_layer_2_carved_stone_0171
Fra:1 Mem:27.38M (Peak 27.38M) | Time:00:00.01 | Mem:0.00M, Peak:0.00M | Scene, ViewLayer | Synchronizing object | 07_inlaid_crystal_incisions_0172
Fra:1 Mem:27.38M (Peak 27.38M) | Time:00:00.01 | Mem:0.00M, Peak:0.00M | Scene, ViewLayer | Synchronizing object | 07_inlaid_crystal_incisions_0173
Fra:1 Mem:27.38M (Peak 27.38M) | Time:00:00.01 | Mem:0.00M, Peak:0.00M | Scene, ViewLayer | Synchronizing object | 06_layer_2_carved_stone_0174
Fra:1 Mem:27.38M (Peak 27.38M) | Time:00:00.01 | Mem:0.00M, Peak:0.00M | Scene, ViewLayer | Synchronizing object | 05_layer_3_mineral_backing_0175
Fra:1 Mem:27.38M (Peak 27.38M) | Time:00:00.01 | Mem:0.00M, Peak:0.00M | Scene, ViewLayer | Synchronizing object | 06_layer_2_carved_stone_0177
Fra:1 Mem:27.39M (Peak 27.39M) | Time:00:00.01 | Mem:0.00M, Peak:0.00M | Scene, ViewLayer | Synchronizing object | 05_layer_3_mineral_backing_0179
Fra:1 Mem:27.39M (Peak 27.39M) | Time:00:00.01 | Mem:0.00M, Peak:0.00M | Scene, ViewLayer | Synchronizing object | 05_layer_3_mineral_backing_0181
Fra:1 Mem:27.39M (Peak 27.39M) | Time:00:00.01 | Mem:0.00M, Peak:0.00M | Scene, ViewLayer | Synchronizing object | 05_layer_3_mineral_backing_0182
Fra:1 Mem:27.39M (Peak 27.39M) | Time:00:00.01 | Mem:0.00M, Peak:0.00M | Scene, ViewLayer | Synchronizing object | 06_layer_2_carved_stone_0185
Fra:1 Mem:27.40M (Peak 27.40M) | Time:00:00.01 | Mem:0.00M, Peak:0.00M | Scene, ViewLayer | Synchronizing object | 06_layer_2_carved_stone_0241
Fra:1 Mem:27.40M (Peak 27.40M) | Time:00:00.01 | Mem:0.00M, Peak:0.00M | Scene, ViewLayer | Synchronizing object | 05_layer_3_mineral_backing_0186
Fra:1 Mem:27.40M (Peak 27.40M) | Time:00:00.01 | Mem:0.00M, Peak:0.00M | Scene, ViewLayer | Synchronizing object | 05_layer_3_mineral_backing_0187
Fra:1 Mem:27.40M (Peak 27.40M) | Time:00:00.01 | Mem:0.00M, Peak:0.00M | Scene, ViewLayer | Synchronizing object | 06_layer_2_carved_stone_0240
Fra:1 Mem:27.40M (Peak 27.40M) | Time:00:00.01 | Mem:0.00M, Peak:0.00M | Scene, ViewLayer | Synchronizing object | 05_layer_3_mineral_backing_0188
Fra:1 Mem:27.41M (Peak 27.41M) | Time:00:00.01 | Mem:0.00M, Peak:0.00M | Scene, ViewLayer | Synchronizing object | 06_layer_2_carved_stone_0189
Fra:1 Mem:27.41M (Peak 27.41M) | Time:00:00.01 | Mem:0.00M, Peak:0.00M | Scene, ViewLayer | Synchronizing object | 10_calcite_corner_shoulders_0190
Fra:1 Mem:27.41M (Peak 27.41M) | Time:00:00.01 | Mem:0.00M, Peak:0.00M | Scene, ViewLayer | Synchronizing object | 06_layer_2_carved_stone_0239
Fra:1 Mem:27.41M (Peak 27.41M) | Time:00:00.01 | Mem:0.00M, Peak:0.00M | Scene, ViewLayer | Synchronizing object | 10_calcite_corner_shoulders_0191
Fra:1 Mem:27.41M (Peak 27.41M) | Time:00:00.01 | Mem:0.00M, Peak:0.00M | Scene, ViewLayer | Synchronizing object | 10_calcite_corner_shoulders_0193
Fra:1 Mem:27.42M (Peak 27.42M) | Time:00:00.01 | Mem:0.00M, Peak:0.00M | Scene, ViewLayer | Synchronizing object | 10_calcite_corner_shoulders_0194
Fra:1 Mem:27.42M (Peak 27.42M) | Time:00:00.01 | Mem:0.00M, Peak:0.00M | Scene, ViewLayer | Synchronizing object | 06_layer_2_carved_stone_0238
Fra:1 Mem:27.42M (Peak 27.42M) | Time:00:00.01 | Mem:0.00M, Peak:0.00M | Scene, ViewLayer | Synchronizing object | 01_basalt_corner_guards_0195
Fra:1 Mem:27.42M (Peak 27.42M) | Time:00:00.01 | Mem:0.00M, Peak:0.00M | Scene, ViewLayer | Synchronizing object | 08_layer_2_lower_rail_0196
Fra:1 Mem:27.42M (Peak 27.42M) | Time:00:00.01 | Mem:0.00M, Peak:0.00M | Scene, ViewLayer | Synchronizing object | 01_basalt_corner_guards_0197
Fra:1 Mem:27.42M (Peak 27.42M) | Time:00:00.01 | Mem:0.00M, Peak:0.00M | Scene, ViewLayer | Synchronizing object | 06_layer_2_carved_stone_0237
Fra:1 Mem:27.43M (Peak 27.43M) | Time:00:00.01 | Mem:0.00M, Peak:0.00M | Scene, ViewLayer | Synchronizing object | 08_layer_2_lower_rail_0198
Fra:1 Mem:27.43M (Peak 27.43M) | Time:00:00.01 | Mem:0.00M, Peak:0.00M | Scene, ViewLayer | Synchronizing object | 07_inlaid_crystal_incisions_0199
Fra:1 Mem:27.43M (Peak 27.43M) | Time:00:00.01 | Mem:0.00M, Peak:0.00M | Scene, ViewLayer | Synchronizing object | 06_layer_2_carved_stone_0236
Fra:1 Mem:27.43M (Peak 27.43M) | Time:00:00.01 | Mem:0.00M, Peak:0.00M | Scene, ViewLayer | Synchronizing object | 07_inlaid_crystal_incisions_0201
Fra:1 Mem:27.43M (Peak 27.43M) | Time:00:00.01 | Mem:0.00M, Peak:0.00M | Scene, ViewLayer | Synchronizing object | 06_layer_2_carved_stone_0235
Fra:1 Mem:27.44M (Peak 27.44M) | Time:00:00.01 | Mem:0.00M, Peak:0.00M | Scene, ViewLayer | Synchronizing object | 07_inlaid_crystal_incisions_0202
Fra:1 Mem:27.44M (Peak 27.44M) | Time:00:00.01 | Mem:0.00M, Peak:0.00M | Scene, ViewLayer | Synchronizing object | 05_layer_3_mineral_backing_0203
Fra:1 Mem:27.44M (Peak 27.44M) | Time:00:00.01 | Mem:0.00M, Peak:0.00M | Scene, ViewLayer | Synchronizing object | 05_layer_3_mineral_backing_0205
Fra:1 Mem:27.44M (Peak 27.44M) | Time:00:00.01 | Mem:0.00M, Peak:0.00M | Scene, ViewLayer | Synchronizing object | 07_inlaid_crystal_incisions_0206
Fra:1 Mem:27.44M (Peak 27.44M) | Time:00:00.01 | Mem:0.00M, Peak:0.00M | Scene, ViewLayer | Synchronizing object | 05_layer_3_mineral_backing_0207
Fra:1 Mem:27.45M (Peak 27.45M) | Time:00:00.01 | Mem:0.00M, Peak:0.00M | Scene, ViewLayer | Synchronizing object | 07_inlaid_crystal_incisions_0208
Fra:1 Mem:27.45M (Peak 27.45M) | Time:00:00.01 | Mem:0.00M, Peak:0.00M | Scene, ViewLayer | Synchronizing object | 05_layer_3_mineral_backing_0209
Fra:1 Mem:27.45M (Peak 27.45M) | Time:00:00.01 | Mem:0.00M, Peak:0.00M | Scene, ViewLayer | Synchronizing object | 05_layer_3_mineral_backing_0211
Fra:1 Mem:27.45M (Peak 27.45M) | Time:00:00.01 | Mem:0.00M, Peak:0.00M | Scene, ViewLayer | Synchronizing object | 07_inlaid_crystal_incisions_0212
Fra:1 Mem:27.46M (Peak 27.46M) | Time:00:00.01 | Mem:0.00M, Peak:0.00M | Scene, ViewLayer | Synchronizing object | 07_inlaid_crystal_incisions_0214
Fra:1 Mem:27.46M (Peak 27.46M) | Time:00:00.01 | Mem:0.00M, Peak:0.00M | Scene, ViewLayer | Synchronizing object | 05_layer_3_mineral_backing_0215
Fra:1 Mem:27.46M (Peak 27.46M) | Time:00:00.01 | Mem:0.00M, Peak:0.00M | Scene, ViewLayer | Synchronizing object | 06_layer_2_carved_stone_0234
Fra:1 Mem:27.46M (Peak 27.46M) | Time:00:00.01 | Mem:0.00M, Peak:0.00M | Scene, ViewLayer | Synchronizing object | 07_inlaid_crystal_incisions_0216
Fra:1 Mem:27.46M (Peak 27.46M) | Time:00:00.01 | Mem:0.00M, Peak:0.00M | Scene, ViewLayer | Synchronizing object | 05_layer_3_mineral_backing_0217
Fra:1 Mem:27.46M (Peak 27.46M) | Time:00:00.01 | Mem:0.00M, Peak:0.00M | Scene, ViewLayer | Synchronizing object | 07_inlaid_crystal_incisions_0218
Fra:1 Mem:27.47M (Peak 27.47M) | Time:00:00.01 | Mem:0.00M, Peak:0.00M | Scene, ViewLayer | Synchronizing object | 05_layer_3_mineral_backing_0219
Fra:1 Mem:27.47M (Peak 27.47M) | Time:00:00.01 | Mem:0.00M, Peak:0.00M | Scene, ViewLayer | Synchronizing object | 05_layer_3_mineral_backing_0220
Fra:1 Mem:27.47M (Peak 27.48M) | Time:00:00.01 | Mem:0.00M, Peak:0.00M | Scene, ViewLayer | Synchronizing object | 11_corner_crystal_buds_0224
Fra:1 Mem:27.48M (Peak 27.48M) | Time:00:00.01 | Mem:0.00M, Peak:0.00M | Scene, ViewLayer | Synchronizing object | 11_corner_crystal_buds_0225
Fra:1 Mem:27.48M (Peak 27.48M) | Time:00:00.01 | Mem:0.00M, Peak:0.00M | Scene, ViewLayer | Synchronizing object | 11_corner_crystal_buds_0226
Fra:1 Mem:27.48M (Peak 27.48M) | Time:00:00.01 | Mem:0.00M, Peak:0.00M | Scene, ViewLayer | Synchronizing object | 11_corner_crystal_buds_0227
Fra:1 Mem:27.48M (Peak 27.48M) | Time:00:00.01 | Mem:0.00M, Peak:0.00M | Scene, ViewLayer | Synchronizing object | 11_corner_crystal_buds_0228
Fra:1 Mem:27.48M (Peak 27.48M) | Time:00:00.01 | Mem:0.00M, Peak:0.00M | Scene, ViewLayer | Synchronizing object | 06_layer_2_carved_stone_0229
Fra:1 Mem:27.48M (Peak 27.49M) | Time:00:00.01 | Mem:0.00M, Peak:0.00M | Scene, ViewLayer | Synchronizing object | 06_layer_2_carved_stone_0230
Fra:1 Mem:27.49M (Peak 27.49M) | Time:00:00.01 | Mem:0.00M, Peak:0.00M | Scene, ViewLayer | Synchronizing object | 06_layer_2_carved_stone_0231
Fra:1 Mem:27.49M (Peak 27.49M) | Time:00:00.01 | Mem:0.00M, Peak:0.00M | Scene, ViewLayer | Synchronizing object | 06_layer_2_carved_stone_0232
Fra:1 Mem:27.49M (Peak 27.49M) | Time:00:00.01 | Mem:0.00M, Peak:0.00M | Scene, ViewLayer | Synchronizing object | 06_layer_2_carved_stone_0233
Fra:1 Mem:27.51M (Peak 27.51M) | Time:00:00.01 | Mem:0.00M, Peak:0.00M | Scene, ViewLayer | Initializing
Fra:1 Mem:19.10M (Peak 27.51M) | Time:00:00.02 | Mem:0.00M, Peak:0.00M | Scene, ViewLayer | Waiting for render to start
Fra:1 Mem:19.10M (Peak 27.51M) | Time:00:00.02 | Mem:0.00M, Peak:0.00M | Scene, ViewLayer | Loading render kernels (may take a few minutes the first time)
Fra:1 Mem:19.10M (Peak 27.51M) | Time:00:00.02 | Mem:0.00M, Peak:0.00M | Scene, ViewLayer | Updating Scene
Fra:1 Mem:19.10M (Peak 27.51M) | Time:00:00.02 | Mem:0.00M, Peak:0.00M | Scene, ViewLayer | Updating Shaders
Fra:1 Mem:19.61M (Peak 27.51M) | Time:00:00.16 | Mem:0.01M, Peak:0.01M | Scene, ViewLayer | Updating Procedurals
Fra:1 Mem:19.61M (Peak 27.51M) | Time:00:00.16 | Mem:0.01M, Peak:0.01M | Scene, ViewLayer | Updating Background
Fra:1 Mem:19.61M (Peak 27.51M) | Time:00:00.16 | Mem:0.01M, Peak:0.01M | Scene, ViewLayer | Updating Camera
Fra:1 Mem:19.61M (Peak 27.51M) | Time:00:00.16 | Mem:0.01M, Peak:0.01M | Scene, ViewLayer | Updating Meshes Flags
Fra:1 Mem:19.61M (Peak 27.51M) | Time:00:00.16 | Mem:0.01M, Peak:0.01M | Scene, ViewLayer | Updating Objects
Fra:1 Mem:19.61M (Peak 27.51M) | Time:00:00.16 | Mem:0.01M, Peak:0.01M | Scene, ViewLayer | Updating Objects | Copying Transformations to device
Fra:1 Mem:19.66M (Peak 27.51M) | Time:00:00.16 | Mem:0.06M, Peak:0.06M | Scene, ViewLayer | Updating Objects | Applying Static Transformations
Fra:1 Mem:19.66M (Peak 27.51M) | Time:00:00.16 | Mem:0.06M, Peak:0.06M | Scene, ViewLayer | Updating Particle Systems
Fra:1 Mem:19.66M (Peak 27.51M) | Time:00:00.16 | Mem:0.06M, Peak:0.06M | Scene, ViewLayer | Updating Particle Systems | Copying Particles to device
Fra:1 Mem:19.66M (Peak 27.51M) | Time:00:00.16 | Mem:0.06M, Peak:0.06M | Scene, ViewLayer | Updating Meshes
Fra:1 Mem:19.71M (Peak 27.51M) | Time:00:00.16 | Mem:0.06M, Peak:0.06M | Scene, ViewLayer | Updating Mesh | Computing attributes
Fra:1 Mem:20.05M (Peak 27.51M) | Time:00:00.16 | Mem:0.10M, Peak:0.10M | Scene, ViewLayer | Updating Mesh | Copying Attributes to device
Fra:1 Mem:19.97M (Peak 27.51M) | Time:00:00.16 | Mem:0.32M, Peak:0.32M | Scene, ViewLayer | Updating Geometry BVH Cube.001 1/242 | Building BVH
Fra:1 Mem:19.97M (Peak 27.51M) | Time:00:00.16 | Mem:0.32M, Peak:0.32M | Scene, ViewLayer | Updating Geometry BVH Cube.012 12/242 | Building BVH
Fra:1 Mem:19.97M (Peak 27.51M) | Time:00:00.16 | Mem:0.32M, Peak:0.32M | Scene, ViewLayer | Updating Geometry BVH Cube.015 15/242 | Building BVH
Fra:1 Mem:19.97M (Peak 27.51M) | Time:00:00.16 | Mem:0.32M, Peak:0.32M | Scene, ViewLayer | Updating Geometry BVH Cube.242 242/242 | Building BVH
Fra:1 Mem:19.97M (Peak 27.51M) | Time:00:00.16 | Mem:0.32M, Peak:0.32M | Scene, ViewLayer | Updating Geometry BVH Cube.242 242/242 | Building BVH 0%
Fra:1 Mem:19.97M (Peak 27.51M) | Time:00:00.16 | Mem:0.32M, Peak:0.32M | Scene, ViewLayer | Updating Geometry BVH Cube.242 242/242 | Building BVH
Fra:1 Mem:19.97M (Peak 27.51M) | Time:00:00.16 | Mem:0.33M, Peak:0.33M | Scene, ViewLayer | Updating Geometry BVH Cube.016 16/242 | Building BVH
Fra:1 Mem:19.97M (Peak 27.51M) | Time:00:00.16 | Mem:0.33M, Peak:0.33M | Scene, ViewLayer | Updating Geometry BVH Cube.018 18/242 | Building BVH
Fra:1 Mem:19.97M (Peak 27.51M) | Time:00:00.16 | Mem:0.33M, Peak:0.33M | Scene, ViewLayer | Updating Geometry BVH Cube.019 19/242 | Building BVH
Fra:1 Mem:19.97M (Peak 27.51M) | Time:00:00.16 | Mem:0.33M, Peak:0.33M | Scene, ViewLayer | Updating Geometry BVH Cube.020 20/242 | Building BVH
Fra:1 Mem:19.97M (Peak 27.51M) | Time:00:00.16 | Mem:0.33M, Peak:0.33M | Scene, ViewLayer | Updating Geometry BVH Cube.022 22/242 | Building BVH
Fra:1 Mem:19.97M (Peak 27.51M) | Time:00:00.16 | Mem:0.33M, Peak:0.33M | Scene, ViewLayer | Updating Geometry BVH Cube.023 23/242 | Building BVH
Fra:1 Mem:19.97M (Peak 27.51M) | Time:00:00.16 | Mem:0.33M, Peak:0.33M | Scene, ViewLayer | Updating Geometry BVH Cube.024 24/242 | Building BVH
Fra:1 Mem:19.97M (Peak 27.51M) | Time:00:00.16 | Mem:0.34M, Peak:0.34M | Scene, ViewLayer | Updating Geometry BVH Cube.025 25/242 | Building BVH
Fra:1 Mem:19.97M (Peak 27.51M) | Time:00:00.16 | Mem:0.34M, Peak:0.34M | Scene, ViewLayer | Updating Geometry BVH Cube.026 26/242 | Building BVH
Fra:1 Mem:19.97M (Peak 27.51M) | Time:00:00.16 | Mem:0.34M, Peak:0.34M | Scene, ViewLayer | Updating Geometry BVH Cube.027 27/242 | Building BVH
Fra:1 Mem:19.97M (Peak 27.51M) | Time:00:00.16 | Mem:0.34M, Peak:0.34M | Scene, ViewLayer | Updating Geometry BVH Cube.028 28/242 | Building BVH
Fra:1 Mem:19.97M (Peak 27.51M) | Time:00:00.16 | Mem:0.34M, Peak:0.34M | Scene, ViewLayer | Updating Geometry BVH Cube.241 241/242 | Building BVH
Fra:1 Mem:19.97M (Peak 27.51M) | Time:00:00.16 | Mem:0.34M, Peak:0.34M | Scene, ViewLayer | Updating Geometry BVH Cube.029 29/242 | Building BVH
Fra:1 Mem:19.97M (Peak 27.51M) | Time:00:00.16 | Mem:0.34M, Peak:0.34M | Scene, ViewLayer | Updating Geometry BVH Cube.030 30/242 | Building BVH
Fra:1 Mem:19.97M (Peak 27.51M) | Time:00:00.16 | Mem:0.34M, Peak:0.34M | Scene, ViewLayer | Updating Geometry BVH Cube.031 31/242 | Building BVH
Fra:1 Mem:19.97M (Peak 27.51M) | Time:00:00.16 | Mem:0.34M, Peak:0.34M | Scene, ViewLayer | Updating Geometry BVH Cube.032 32/242 | Building BVH
Fra:1 Mem:19.97M (Peak 27.51M) | Time:00:00.16 | Mem:0.35M, Peak:0.35M | Scene, ViewLayer | Updating Geometry BVH Cube.033 33/242 | Building BVH
Fra:1 Mem:19.97M (Peak 27.51M) | Time:00:00.16 | Mem:0.35M, Peak:0.35M | Scene, ViewLayer | Updating Geometry BVH Cube.034 34/242 | Building BVH
Fra:1 Mem:19.97M (Peak 27.51M) | Time:00:00.16 | Mem:0.35M, Peak:0.35M | Scene, ViewLayer | Updating Geometry BVH Cube.035 35/242 | Building BVH
Fra:1 Mem:19.97M (Peak 27.51M) | Time:00:00.16 | Mem:0.35M, Peak:0.35M | Scene, ViewLayer | Updating Geometry BVH Cube.036 36/242 | Building BVH
Fra:1 Mem:19.97M (Peak 27.51M) | Time:00:00.16 | Mem:0.35M, Peak:0.35M | Scene, ViewLayer | Updating Geometry BVH Cube.037 37/242 | Building BVH
Fra:1 Mem:19.97M (Peak 27.51M) | Time:00:00.16 | Mem:0.35M, Peak:0.35M | Scene, ViewLayer | Updating Geometry BVH Cube.038 38/242 | Building BVH
Fra:1 Mem:19.97M (Peak 27.51M) | Time:00:00.16 | Mem:0.36M, Peak:0.36M | Scene, ViewLayer | Updating Geometry BVH Cube.039 39/242 | Building BVH
Fra:1 Mem:19.97M (Peak 27.51M) | Time:00:00.16 | Mem:0.36M, Peak:0.36M | Scene, ViewLayer | Updating Geometry BVH Cube.041 41/242 | Building BVH
Fra:1 Mem:19.97M (Peak 27.51M) | Time:00:00.16 | Mem:0.36M, Peak:0.36M | Scene, ViewLayer | Updating Geometry BVH Cube.042 42/242 | Building BVH
Fra:1 Mem:19.97M (Peak 27.51M) | Time:00:00.16 | Mem:0.36M, Peak:0.36M | Scene, ViewLayer | Updating Geometry BVH Cube.043 43/242 | Building BVH
Fra:1 Mem:19.97M (Peak 27.51M) | Time:00:00.16 | Mem:0.36M, Peak:0.36M | Scene, ViewLayer | Updating Geometry BVH Cube.044 44/242 | Building BVH
Fra:1 Mem:19.97M (Peak 27.51M) | Time:00:00.16 | Mem:0.36M, Peak:0.36M | Scene, ViewLayer | Updating Geometry BVH Cube.045 45/242 | Building BVH
Fra:1 Mem:19.97M (Peak 27.51M) | Time:00:00.16 | Mem:0.36M, Peak:0.36M | Scene, ViewLayer | Updating Geometry BVH Cube.046 46/242 | Building BVH
Fra:1 Mem:19.97M (Peak 27.51M) | Time:00:00.16 | Mem:0.37M, Peak:0.37M | Scene, ViewLayer | Updating Geometry BVH Cube.048 48/242 | Building BVH
Fra:1 Mem:19.97M (Peak 27.51M) | Time:00:00.16 | Mem:0.37M, Peak:0.37M | Scene, ViewLayer | Updating Geometry BVH Cube.049 49/242 | Building BVH
Fra:1 Mem:19.97M (Peak 27.51M) | Time:00:00.16 | Mem:0.37M, Peak:0.37M | Scene, ViewLayer | Updating Geometry BVH Cube.050 50/242 | Building BVH
Fra:1 Mem:19.97M (Peak 27.51M) | Time:00:00.16 | Mem:0.37M, Peak:0.37M | Scene, ViewLayer | Updating Geometry BVH Cube.240 240/242 | Building BVH
Fra:1 Mem:19.97M (Peak 27.51M) | Time:00:00.16 | Mem:0.37M, Peak:0.37M | Scene, ViewLayer | Updating Geometry BVH Cube.051 51/242 | Building BVH
Fra:1 Mem:19.97M (Peak 27.51M) | Time:00:00.16 | Mem:0.37M, Peak:0.37M | Scene, ViewLayer | Updating Geometry BVH Cube.052 52/242 | Building BVH
Fra:1 Mem:19.97M (Peak 27.51M) | Time:00:00.16 | Mem:0.37M, Peak:0.37M | Scene, ViewLayer | Updating Geometry BVH Cube.053 53/242 | Building BVH
Fra:1 Mem:19.97M (Peak 27.51M) | Time:00:00.16 | Mem:0.38M, Peak:0.38M | Scene, ViewLayer | Updating Geometry BVH Cube.054 54/242 | Building BVH
Fra:1 Mem:19.97M (Peak 27.51M) | Time:00:00.16 | Mem:0.38M, Peak:0.38M | Scene, ViewLayer | Updating Geometry BVH Cube.055 55/242 | Building BVH
Fra:1 Mem:19.97M (Peak 27.51M) | Time:00:00.16 | Mem:0.38M, Peak:0.38M | Scene, ViewLayer | Updating Geometry BVH Cube.056 56/242 | Building BVH
Fra:1 Mem:19.97M (Peak 27.51M) | Time:00:00.16 | Mem:0.38M, Peak:0.38M | Scene, ViewLayer | Updating Geometry BVH Cube.057 57/242 | Building BVH
Fra:1 Mem:19.97M (Peak 27.51M) | Time:00:00.16 | Mem:0.38M, Peak:0.38M | Scene, ViewLayer | Updating Geometry BVH Cube.059 59/242 | Building BVH
Fra:1 Mem:19.97M (Peak 27.51M) | Time:00:00.17 | Mem:0.39M, Peak:0.39M | Scene, ViewLayer | Updating Geometry BVH Cube.060 60/242 | Building BVH
Fra:1 Mem:19.97M (Peak 27.51M) | Time:00:00.17 | Mem:0.39M, Peak:0.39M | Scene, ViewLayer | Updating Geometry BVH Cube.061 61/242 | Building BVH
Fra:1 Mem:19.97M (Peak 27.51M) | Time:00:00.17 | Mem:0.39M, Peak:0.39M | Scene, ViewLayer | Updating Geometry BVH Cube.062 62/242 | Building BVH
Fra:1 Mem:19.97M (Peak 27.51M) | Time:00:00.17 | Mem:0.39M, Peak:0.39M | Scene, ViewLayer | Updating Geometry BVH Cube.063 63/242 | Building BVH
Fra:1 Mem:19.97M (Peak 27.51M) | Time:00:00.17 | Mem:0.39M, Peak:0.39M | Scene, ViewLayer | Updating Geometry BVH Cube.065 65/242 | Building BVH
Fra:1 Mem:19.97M (Peak 27.51M) | Time:00:00.17 | Mem:0.39M, Peak:0.39M | Scene, ViewLayer | Updating Geometry BVH Cube.066 66/242 | Building BVH
Fra:1 Mem:19.97M (Peak 27.51M) | Time:00:00.17 | Mem:0.39M, Peak:0.39M | Scene, ViewLayer | Updating Geometry BVH Cube.067 67/242 | Building BVH
Fra:1 Mem:19.97M (Peak 27.51M) | Time:00:00.17 | Mem:0.39M, Peak:0.39M | Scene, ViewLayer | Updating Geometry BVH Cube.068 68/242 | Building BVH
Fra:1 Mem:19.97M (Peak 27.51M) | Time:00:00.17 | Mem:0.40M, Peak:0.40M | Scene, ViewLayer | Updating Geometry BVH Cube.069 69/242 | Building BVH
Fra:1 Mem:19.97M (Peak 27.51M) | Time:00:00.17 | Mem:0.40M, Peak:0.40M | Scene, ViewLayer | Updating Geometry BVH Cube.070 70/242 | Building BVH
Fra:1 Mem:19.97M (Peak 27.51M) | Time:00:00.17 | Mem:0.40M, Peak:0.40M | Scene, ViewLayer | Updating Geometry BVH Cube.239 239/242 | Building BVH
Fra:1 Mem:19.97M (Peak 27.51M) | Time:00:00.17 | Mem:0.40M, Peak:0.40M | Scene, ViewLayer | Updating Geometry BVH Cube.071 71/242 | Building BVH
Fra:1 Mem:19.97M (Peak 27.51M) | Time:00:00.17 | Mem:0.40M, Peak:0.40M | Scene, ViewLayer | Updating Geometry BVH Cube.072 72/242 | Building BVH
Fra:1 Mem:19.97M (Peak 27.51M) | Time:00:00.17 | Mem:0.40M, Peak:0.40M | Scene, ViewLayer | Updating Geometry BVH Cube.073 73/242 | Building BVH
Fra:1 Mem:19.97M (Peak 27.51M) | Time:00:00.17 | Mem:0.41M, Peak:0.41M | Scene, ViewLayer | Updating Geometry BVH Cube.074 74/242 | Building BVH
Fra:1 Mem:19.97M (Peak 27.51M) | Time:00:00.17 | Mem:0.41M, Peak:0.41M | Scene, ViewLayer | Updating Geometry BVH Cube.076 76/242 | Building BVH
Fra:1 Mem:19.97M (Peak 27.51M) | Time:00:00.17 | Mem:0.41M, Peak:0.41M | Scene, ViewLayer | Updating Geometry BVH Cube.077 77/242 | Building BVH
Fra:1 Mem:19.97M (Peak 27.51M) | Time:00:00.17 | Mem:0.41M, Peak:0.41M | Scene, ViewLayer | Updating Geometry BVH Cube.078 78/242 | Building BVH
Fra:1 Mem:19.97M (Peak 27.51M) | Time:00:00.17 | Mem:0.41M, Peak:0.41M | Scene, ViewLayer | Updating Geometry BVH Cube.079 79/242 | Building BVH
Fra:1 Mem:19.97M (Peak 27.51M) | Time:00:00.17 | Mem:0.41M, Peak:0.41M | Scene, ViewLayer | Updating Geometry BVH Cube.080 80/242 | Building BVH
Fra:1 Mem:19.97M (Peak 27.51M) | Time:00:00.17 | Mem:0.42M, Peak:0.42M | Scene, ViewLayer | Updating Geometry BVH Cube.081 81/242 | Building BVH
Fra:1 Mem:19.97M (Peak 27.51M) | Time:00:00.17 | Mem:0.42M, Peak:0.42M | Scene, ViewLayer | Updating Geometry BVH Cube.082 82/242 | Building BVH
Fra:1 Mem:19.97M (Peak 27.51M) | Time:00:00.17 | Mem:0.42M, Peak:0.42M | Scene, ViewLayer | Updating Geometry BVH Cube.083 83/242 | Building BVH
Fra:1 Mem:19.97M (Peak 27.51M) | Time:00:00.17 | Mem:0.42M, Peak:0.42M | Scene, ViewLayer | Updating Geometry BVH Cube.084 84/242 | Building BVH
Fra:1 Mem:19.97M (Peak 27.51M) | Time:00:00.17 | Mem:0.42M, Peak:0.42M | Scene, ViewLayer | Updating Geometry BVH Cube.085 85/242 | Building BVH
Fra:1 Mem:19.97M (Peak 27.51M) | Time:00:00.17 | Mem:0.42M, Peak:0.42M | Scene, ViewLayer | Updating Geometry BVH Cube.086 86/242 | Building BVH
Fra:1 Mem:19.97M (Peak 27.51M) | Time:00:00.17 | Mem:0.43M, Peak:0.43M | Scene, ViewLayer | Updating Geometry BVH Cube.087 87/242 | Building BVH
Fra:1 Mem:19.97M (Peak 27.51M) | Time:00:00.17 | Mem:0.43M, Peak:0.43M | Scene, ViewLayer | Updating Geometry BVH Cube.090 90/242 | Building BVH
Fra:1 Mem:19.97M (Peak 27.51M) | Time:00:00.17 | Mem:0.43M, Peak:0.43M | Scene, ViewLayer | Updating Geometry BVH Cube.091 91/242 | Building BVH
Fra:1 Mem:19.97M (Peak 27.51M) | Time:00:00.17 | Mem:0.43M, Peak:0.43M | Scene, ViewLayer | Updating Geometry BVH Cube.092 92/242 | Building BVH
Fra:1 Mem:19.97M (Peak 27.51M) | Time:00:00.17 | Mem:0.44M, Peak:0.44M | Scene, ViewLayer | Updating Geometry BVH Cube.097 97/242 | Building BVH
Fra:1 Mem:19.97M (Peak 27.51M) | Time:00:00.17 | Mem:0.44M, Peak:0.44M | Scene, ViewLayer | Updating Geometry BVH Cube.098 98/242 | Building BVH
Fra:1 Mem:19.97M (Peak 27.51M) | Time:00:00.17 | Mem:0.44M, Peak:0.44M | Scene, ViewLayer | Updating Geometry BVH Cube.100 100/242 | Building BVH
Fra:1 Mem:19.97M (Peak 27.51M) | Time:00:00.17 | Mem:0.44M, Peak:0.44M | Scene, ViewLayer | Updating Geometry BVH Cube.101 101/242 | Building BVH
Fra:1 Mem:19.97M (Peak 27.51M) | Time:00:00.17 | Mem:0.44M, Peak:0.44M | Scene, ViewLayer | Updating Geometry BVH Cube.102 102/242 | Building BVH
Fra:1 Mem:19.97M (Peak 27.51M) | Time:00:00.17 | Mem:0.44M, Peak:0.44M | Scene, ViewLayer | Updating Geometry BVH Cube.103 103/242 | Building BVH
Fra:1 Mem:19.97M (Peak 27.51M) | Time:00:00.17 | Mem:0.45M, Peak:0.45M | Scene, ViewLayer | Updating Geometry BVH Cube.104 104/242 | Building BVH
Fra:1 Mem:19.97M (Peak 27.51M) | Time:00:00.17 | Mem:0.45M, Peak:0.45M | Scene, ViewLayer | Updating Geometry BVH Cube.237 237/242 | Building BVH
Fra:1 Mem:19.97M (Peak 27.51M) | Time:00:00.17 | Mem:0.45M, Peak:0.45M | Scene, ViewLayer | Updating Geometry BVH Cube.105 105/242 | Building BVH
Fra:1 Mem:19.97M (Peak 27.51M) | Time:00:00.17 | Mem:0.45M, Peak:0.45M | Scene, ViewLayer | Updating Geometry BVH Cube.106 106/242 | Building BVH
Fra:1 Mem:19.97M (Peak 27.51M) | Time:00:00.17 | Mem:0.45M, Peak:0.45M | Scene, ViewLayer | Updating Geometry BVH Cube.107 107/242 | Building BVH
Fra:1 Mem:19.97M (Peak 27.51M) | Time:00:00.17 | Mem:0.45M, Peak:0.45M | Scene, ViewLayer | Updating Geometry BVH Cube.108 108/242 | Building BVH
Fra:1 Mem:19.97M (Peak 27.51M) | Time:00:00.17 | Mem:0.45M, Peak:0.45M | Scene, ViewLayer | Updating Geometry BVH Cube.109 109/242 | Building BVH
Fra:1 Mem:19.97M (Peak 27.51M) | Time:00:00.17 | Mem:0.46M, Peak:0.46M | Scene, ViewLayer | Updating Geometry BVH Cube.110 110/242 | Building BVH
Fra:1 Mem:19.97M (Peak 27.51M) | Time:00:00.17 | Mem:0.46M, Peak:0.46M | Scene, ViewLayer | Updating Geometry BVH Cube.111 111/242 | Building BVH
Fra:1 Mem:19.97M (Peak 27.51M) | Time:00:00.17 | Mem:0.46M, Peak:0.46M | Scene, ViewLayer | Updating Geometry BVH Cube.112 112/242 | Building BVH
Fra:1 Mem:19.97M (Peak 27.51M) | Time:00:00.17 | Mem:0.46M, Peak:0.46M | Scene, ViewLayer | Updating Geometry BVH Cube.113 113/242 | Building BVH
Fra:1 Mem:19.97M (Peak 27.51M) | Time:00:00.17 | Mem:0.46M, Peak:0.46M | Scene, ViewLayer | Updating Geometry BVH Cube.114 114/242 | Building BVH
Fra:1 Mem:19.97M (Peak 27.51M) | Time:00:00.17 | Mem:0.46M, Peak:0.46M | Scene, ViewLayer | Updating Geometry BVH Cube.115 115/242 | Building BVH
Fra:1 Mem:19.97M (Peak 27.51M) | Time:00:00.17 | Mem:0.46M, Peak:0.46M | Scene, ViewLayer | Updating Geometry BVH Cube.116 116/242 | Building BVH
Fra:1 Mem:19.97M (Peak 27.51M) | Time:00:00.17 | Mem:0.46M, Peak:0.46M | Scene, ViewLayer | Updating Geometry BVH Cube.117 117/242 | Building BVH
Fra:1 Mem:19.97M (Peak 27.51M) | Time:00:00.17 | Mem:0.47M, Peak:0.47M | Scene, ViewLayer | Updating Geometry BVH Cube.118 118/242 | Building BVH
Fra:1 Mem:19.97M (Peak 27.51M) | Time:00:00.17 | Mem:0.47M, Peak:0.47M | Scene, ViewLayer | Updating Geometry BVH Cube.119 119/242 | Building BVH
Fra:1 Mem:19.97M (Peak 27.51M) | Time:00:00.17 | Mem:0.47M, Peak:0.47M | Scene, ViewLayer | Updating Geometry BVH Cube.120 120/242 | Building BVH
Fra:1 Mem:19.97M (Peak 27.51M) | Time:00:00.17 | Mem:0.47M, Peak:0.47M | Scene, ViewLayer | Updating Geometry BVH Cube.122 122/242 | Building BVH
Fra:1 Mem:19.97M (Peak 27.51M) | Time:00:00.17 | Mem:0.47M, Peak:0.47M | Scene, ViewLayer | Updating Geometry BVH Cube.123 123/242 | Building BVH
Fra:1 Mem:19.97M (Peak 27.51M) | Time:00:00.17 | Mem:0.47M, Peak:0.48M | Scene, ViewLayer | Updating Geometry BVH Cube.124 124/242 | Building BVH
Fra:1 Mem:19.97M (Peak 27.51M) | Time:00:00.17 | Mem:0.48M, Peak:0.48M | Scene, ViewLayer | Updating Geometry BVH Cube.125 125/242 | Building BVH
Fra:1 Mem:19.97M (Peak 27.51M) | Time:00:00.17 | Mem:0.48M, Peak:0.48M | Scene, ViewLayer | Updating Geometry BVH Cube.126 126/242 | Building BVH
Fra:1 Mem:19.97M (Peak 27.51M) | Time:00:00.17 | Mem:0.48M, Peak:0.48M | Scene, ViewLayer | Updating Geometry BVH Cube.127 127/242 | Building BVH
Fra:1 Mem:19.97M (Peak 27.51M) | Time:00:00.17 | Mem:0.48M, Peak:0.48M | Scene, ViewLayer | Updating Geometry BVH Cube.128 128/242 | Building BVH
Fra:1 Mem:19.97M (Peak 27.51M) | Time:00:00.17 | Mem:0.48M, Peak:0.48M | Scene, ViewLayer | Updating Geometry BVH Cube.129 129/242 | Building BVH
Fra:1 Mem:19.97M (Peak 27.51M) | Time:00:00.17 | Mem:0.48M, Peak:0.48M | Scene, ViewLayer | Updating Geometry BVH Cube.130 130/242 | Building BVH
Fra:1 Mem:19.97M (Peak 27.51M) | Time:00:00.17 | Mem:0.48M, Peak:0.48M | Scene, ViewLayer | Updating Geometry BVH Cube.131 131/242 | Building BVH
Fra:1 Mem:19.97M (Peak 27.51M) | Time:00:00.17 | Mem:0.48M, Peak:0.48M | Scene, ViewLayer | Updating Geometry BVH Cube.132 132/242 | Building BVH
Fra:1 Mem:19.97M (Peak 27.51M) | Time:00:00.17 | Mem:0.49M, Peak:0.49M | Scene, ViewLayer | Updating Geometry BVH Cube.133 133/242 | Building BVH
Fra:1 Mem:19.97M (Peak 27.51M) | Time:00:00.17 | Mem:0.49M, Peak:0.49M | Scene, ViewLayer | Updating Geometry BVH Cube.134 134/242 | Building BVH
Fra:1 Mem:19.97M (Peak 27.51M) | Time:00:00.17 | Mem:0.49M, Peak:0.49M | Scene, ViewLayer | Updating Geometry BVH Cube.236 236/242 | Building BVH
Fra:1 Mem:19.97M (Peak 27.51M) | Time:00:00.17 | Mem:0.49M, Peak:0.49M | Scene, ViewLayer | Updating Geometry BVH Cube.135 135/242 | Building BVH
Fra:1 Mem:19.97M (Peak 27.51M) | Time:00:00.17 | Mem:0.49M, Peak:0.49M | Scene, ViewLayer | Updating Geometry BVH Cube.136 136/242 | Building BVH
Fra:1 Mem:19.97M (Peak 27.51M) | Time:00:00.17 | Mem:0.49M, Peak:0.49M | Scene, ViewLayer | Updating Geometry BVH Cube.137 137/242 | Building BVH
Fra:1 Mem:19.97M (Peak 27.51M) | Time:00:00.17 | Mem:0.49M, Peak:0.49M | Scene, ViewLayer | Updating Geometry BVH Cube.138 138/242 | Building BVH
Fra:1 Mem:19.97M (Peak 27.51M) | Time:00:00.17 | Mem:0.50M, Peak:0.50M | Scene, ViewLayer | Updating Geometry BVH Cube.140 140/242 | Building BVH
Fra:1 Mem:19.97M (Peak 27.51M) | Time:00:00.17 | Mem:0.50M, Peak:0.50M | Scene, ViewLayer | Updating Geometry BVH Cube.141 141/242 | Building BVH
Fra:1 Mem:19.97M (Peak 27.51M) | Time:00:00.17 | Mem:0.50M, Peak:0.50M | Scene, ViewLayer | Updating Geometry BVH Cube.235 235/242 | Building BVH
Fra:1 Mem:19.97M (Peak 27.51M) | Time:00:00.17 | Mem:0.50M, Peak:0.50M | Scene, ViewLayer | Updating Geometry BVH Cube.143 143/242 | Building BVH
Fra:1 Mem:19.97M (Peak 27.51M) | Time:00:00.17 | Mem:0.50M, Peak:0.50M | Scene, ViewLayer | Updating Geometry BVH Cube.144 144/242 | Building BVH
Fra:1 Mem:19.97M (Peak 27.51M) | Time:00:00.17 | Mem:0.50M, Peak:0.50M | Scene, ViewLayer | Updating Geometry BVH Cube.145 145/242 | Building BVH
Fra:1 Mem:19.97M (Peak 27.51M) | Time:00:00.17 | Mem:0.51M, Peak:0.51M | Scene, ViewLayer | Updating Geometry BVH Cube.146 146/242 | Building BVH
Fra:1 Mem:19.97M (Peak 27.51M) | Time:00:00.17 | Mem:0.51M, Peak:0.51M | Scene, ViewLayer | Updating Geometry BVH Cube.147 147/242 | Building BVH
Fra:1 Mem:19.97M (Peak 27.51M) | Time:00:00.17 | Mem:0.51M, Peak:0.51M | Scene, ViewLayer | Updating Geometry BVH Cube.148 148/242 | Building BVH
Fra:1 Mem:19.97M (Peak 27.51M) | Time:00:00.17 | Mem:0.51M, Peak:0.51M | Scene, ViewLayer | Updating Geometry BVH Cube.149 149/242 | Building BVH
Fra:1 Mem:19.97M (Peak 27.51M) | Time:00:00.17 | Mem:0.51M, Peak:0.51M | Scene, ViewLayer | Updating Geometry BVH Cube.151 151/242 | Building BVH
Fra:1 Mem:19.97M (Peak 27.51M) | Time:00:00.17 | Mem:0.51M, Peak:0.51M | Scene, ViewLayer | Updating Geometry BVH Cube.152 152/242 | Building BVH
Fra:1 Mem:19.97M (Peak 27.51M) | Time:00:00.17 | Mem:0.52M, Peak:0.52M | Scene, ViewLayer | Updating Geometry BVH Cube.153 153/242 | Building BVH
Fra:1 Mem:19.97M (Peak 27.51M) | Time:00:00.17 | Mem:0.52M, Peak:0.52M | Scene, ViewLayer | Updating Geometry BVH Cube.154 154/242 | Building BVH
Fra:1 Mem:19.97M (Peak 27.51M) | Time:00:00.17 | Mem:0.52M, Peak:0.52M | Scene, ViewLayer | Updating Geometry BVH Cube.155 155/242 | Building BVH
Fra:1 Mem:19.97M (Peak 27.51M) | Time:00:00.17 | Mem:0.52M, Peak:0.52M | Scene, ViewLayer | Updating Geometry BVH Cube.156 156/242 | Building BVH
Fra:1 Mem:19.97M (Peak 27.51M) | Time:00:00.17 | Mem:0.52M, Peak:0.52M | Scene, ViewLayer | Updating Geometry BVH Cube.157 157/242 | Building BVH
Fra:1 Mem:19.97M (Peak 27.51M) | Time:00:00.17 | Mem:0.52M, Peak:0.52M | Scene, ViewLayer | Updating Geometry BVH Cube.158 158/242 | Building BVH
Fra:1 Mem:19.97M (Peak 27.51M) | Time:00:00.17 | Mem:0.52M, Peak:0.52M | Scene, ViewLayer | Updating Geometry BVH Cube.159 159/242 | Building BVH
Fra:1 Mem:19.97M (Peak 27.51M) | Time:00:00.17 | Mem:0.52M, Peak:0.52M | Scene, ViewLayer | Updating Geometry BVH Cube.160 160/242 | Building BVH
Fra:1 Mem:19.97M (Peak 27.51M) | Time:00:00.17 | Mem:0.53M, Peak:0.53M | Scene, ViewLayer | Updating Geometry BVH Cube.161 161/242 | Building BVH
Fra:1 Mem:19.97M (Peak 27.51M) | Time:00:00.17 | Mem:0.53M, Peak:0.53M | Scene, ViewLayer | Updating Geometry BVH Cube.162 162/242 | Building BVH
Fra:1 Mem:19.97M (Peak 27.51M) | Time:00:00.17 | Mem:0.53M, Peak:0.53M | Scene, ViewLayer | Updating Geometry BVH Cube.163 163/242 | Building BVH
Fra:1 Mem:19.97M (Peak 27.51M) | Time:00:00.17 | Mem:0.53M, Peak:0.53M | Scene, ViewLayer | Updating Geometry BVH Cube.165 165/242 | Building BVH
Fra:1 Mem:19.97M (Peak 27.51M) | Time:00:00.17 | Mem:0.54M, Peak:0.54M | Scene, ViewLayer | Updating Geometry BVH Cube.167 167/242 | Building BVH
Fra:1 Mem:19.97M (Peak 27.51M) | Time:00:00.17 | Mem:0.54M, Peak:0.54M | Scene, ViewLayer | Updating Geometry BVH Cube.234 234/242 | Building BVH
Fra:1 Mem:19.97M (Peak 27.51M) | Time:00:00.17 | Mem:0.54M, Peak:0.54M | Scene, ViewLayer | Updating Geometry BVH Cube.168 168/242 | Building BVH
Fra:1 Mem:19.97M (Peak 27.51M) | Time:00:00.17 | Mem:0.54M, Peak:0.54M | Scene, ViewLayer | Updating Geometry BVH Cube.169 169/242 | Building BVH
Fra:1 Mem:19.97M (Peak 27.51M) | Time:00:00.17 | Mem:0.54M, Peak:0.54M | Scene, ViewLayer | Updating Geometry BVH Cube.170 170/242 | Building BVH
Fra:1 Mem:19.97M (Peak 27.51M) | Time:00:00.17 | Mem:0.54M, Peak:0.54M | Scene, ViewLayer | Updating Geometry BVH Cube.172 172/242 | Building BVH
Fra:1 Mem:19.97M (Peak 27.51M) | Time:00:00.17 | Mem:0.54M, Peak:0.54M | Scene, ViewLayer | Updating Geometry BVH Cube.173 173/242 | Building BVH
Fra:1 Mem:19.97M (Peak 27.51M) | Time:00:00.17 | Mem:0.55M, Peak:0.55M | Scene, ViewLayer | Updating Geometry BVH Cube.174 174/242 | Building BVH
Fra:1 Mem:19.97M (Peak 27.51M) | Time:00:00.17 | Mem:0.55M, Peak:0.55M | Scene, ViewLayer | Updating Geometry BVH Cube.178 178/242 | Building BVH
Fra:1 Mem:19.97M (Peak 27.51M) | Time:00:00.17 | Mem:0.55M, Peak:0.55M | Scene, ViewLayer | Updating Geometry BVH Cube.179 179/242 | Building BVH
Fra:1 Mem:19.97M (Peak 27.51M) | Time:00:00.17 | Mem:0.56M, Peak:0.56M | Scene, ViewLayer | Updating Geometry BVH Cube.181 181/242 | Building BVH
Fra:1 Mem:19.97M (Peak 27.51M) | Time:00:00.17 | Mem:0.56M, Peak:0.56M | Scene, ViewLayer | Updating Geometry BVH Cube.182 182/242 | Building BVH
Fra:1 Mem:19.97M (Peak 27.51M) | Time:00:00.17 | Mem:0.56M, Peak:0.56M | Scene, ViewLayer | Updating Geometry BVH Cube.183 183/242 | Building BVH
Fra:1 Mem:19.97M (Peak 27.51M) | Time:00:00.17 | Mem:0.56M, Peak:0.56M | Scene, ViewLayer | Updating Geometry BVH Cube.233 233/242 | Building BVH
Fra:1 Mem:19.97M (Peak 27.51M) | Time:00:00.17 | Mem:0.56M, Peak:0.56M | Scene, ViewLayer | Updating Geometry BVH Cube.184 184/242 | Building BVH
Fra:1 Mem:19.97M (Peak 27.51M) | Time:00:00.17 | Mem:0.56M, Peak:0.56M | Scene, ViewLayer | Updating Geometry BVH Cube.185 185/242 | Building BVH
Fra:1 Mem:19.97M (Peak 27.51M) | Time:00:00.17 | Mem:0.56M, Peak:0.56M | Scene, ViewLayer | Updating Geometry BVH Cube.186 186/242 | Building BVH
Fra:1 Mem:19.97M (Peak 27.51M) | Time:00:00.17 | Mem:0.56M, Peak:0.57M | Scene, ViewLayer | Updating Geometry BVH Cube.187 187/242 | Building BVH
Fra:1 Mem:19.97M (Peak 27.51M) | Time:00:00.17 | Mem:0.57M, Peak:0.57M | Scene, ViewLayer | Updating Geometry BVH Cube.188 188/242 | Building BVH
Fra:1 Mem:19.97M (Peak 27.51M) | Time:00:00.17 | Mem:0.57M, Peak:0.57M | Scene, ViewLayer | Updating Geometry BVH Cube.189 189/242 | Building BVH
Fra:1 Mem:19.97M (Peak 27.51M) | Time:00:00.17 | Mem:0.57M, Peak:0.57M | Scene, ViewLayer | Updating Geometry BVH Cube.190 190/242 | Building BVH
Fra:1 Mem:19.97M (Peak 27.51M) | Time:00:00.17 | Mem:0.57M, Peak:0.57M | Scene, ViewLayer | Updating Geometry BVH Cube.232 232/242 | Building BVH
Fra:1 Mem:19.97M (Peak 27.51M) | Time:00:00.17 | Mem:0.57M, Peak:0.57M | Scene, ViewLayer | Updating Geometry BVH Cube.231 231/242 | Building BVH
Fra:1 Mem:19.97M (Peak 27.51M) | Time:00:00.17 | Mem:0.57M, Peak:0.57M | Scene, ViewLayer | Updating Geometry BVH Cube.230 230/242 | Building BVH
Fra:1 Mem:19.97M (Peak 27.51M) | Time:00:00.17 | Mem:0.57M, Peak:0.57M | Scene, ViewLayer | Updating Geometry BVH Cube.192 192/242 | Building BVH
Fra:1 Mem:19.97M (Peak 27.51M) | Time:00:00.17 | Mem:0.58M, Peak:0.58M | Scene, ViewLayer | Updating Geometry BVH Cube.229 229/242 | Building BVH
Fra:1 Mem:19.97M (Peak 27.51M) | Time:00:00.17 | Mem:0.58M, Peak:0.58M | Scene, ViewLayer | Updating Geometry BVH Cube.228 228/242 | Building BVH
Fra:1 Mem:19.97M (Peak 27.51M) | Time:00:00.17 | Mem:0.58M, Peak:0.58M | Scene, ViewLayer | Updating Geometry BVH Cube.193 193/242 | Building BVH
Fra:1 Mem:19.97M (Peak 27.51M) | Time:00:00.17 | Mem:0.58M, Peak:0.58M | Scene, ViewLayer | Updating Geometry BVH Cube.194 194/242 | Building BVH
Fra:1 Mem:19.97M (Peak 27.51M) | Time:00:00.17 | Mem:0.58M, Peak:0.58M | Scene, ViewLayer | Updating Geometry BVH Cube.195 195/242 | Building BVH
Fra:1 Mem:19.97M (Peak 27.51M) | Time:00:00.17 | Mem:0.58M, Peak:0.58M | Scene, ViewLayer | Updating Geometry BVH Cube.196 196/242 | Building BVH
Fra:1 Mem:19.97M (Peak 27.51M) | Time:00:00.17 | Mem:0.58M, Peak:0.58M | Scene, ViewLayer | Updating Geometry BVH Cube.197 197/242 | Building BVH
Fra:1 Mem:19.97M (Peak 27.51M) | Time:00:00.17 | Mem:0.58M, Peak:0.59M | Scene, ViewLayer | Updating Geometry BVH Cube.198 198/242 | Building BVH
Fra:1 Mem:19.97M (Peak 27.51M) | Time:00:00.17 | Mem:0.59M, Peak:0.59M | Scene, ViewLayer | Updating Geometry BVH Cube.227 227/242 | Building BVH
Fra:1 Mem:19.97M (Peak 27.51M) | Time:00:00.17 | Mem:0.59M, Peak:0.59M | Scene, ViewLayer | Updating Geometry BVH Cube.200 200/242 | Building BVH
Fra:1 Mem:19.97M (Peak 27.51M) | Time:00:00.17 | Mem:0.59M, Peak:0.59M | Scene, ViewLayer | Updating Geometry BVH Cube.226 226/242 | Building BVH
Fra:1 Mem:19.97M (Peak 27.51M) | Time:00:00.17 | Mem:0.59M, Peak:0.59M | Scene, ViewLayer | Updating Geometry BVH Cube.225 225/242 | Building BVH
Fra:1 Mem:19.97M (Peak 27.51M) | Time:00:00.17 | Mem:0.59M, Peak:0.59M | Scene, ViewLayer | Updating Geometry BVH Cube.224 224/242 | Building BVH
Fra:1 Mem:19.97M (Peak 27.51M) | Time:00:00.17 | Mem:0.59M, Peak:0.59M | Scene, ViewLayer | Updating Geometry BVH Cube.201 201/242 | Building BVH
Fra:1 Mem:19.97M (Peak 27.51M) | Time:00:00.17 | Mem:0.60M, Peak:0.60M | Scene, ViewLayer | Updating Geometry BVH Cube.202 202/242 | Building BVH
Fra:1 Mem:19.97M (Peak 27.51M) | Time:00:00.17 | Mem:0.60M, Peak:0.60M | Scene, ViewLayer | Updating Geometry BVH Cube.205 205/242 | Building BVH
Fra:1 Mem:19.97M (Peak 27.51M) | Time:00:00.17 | Mem:0.60M, Peak:0.60M | Scene, ViewLayer | Updating Geometry BVH Cube.206 206/242 | Building BVH
Fra:1 Mem:19.97M (Peak 27.51M) | Time:00:00.17 | Mem:0.61M, Peak:0.61M | Scene, ViewLayer | Updating Geometry BVH Cube.207 207/242 | Building BVH
Fra:1 Mem:19.97M (Peak 27.51M) | Time:00:00.17 | Mem:0.61M, Peak:0.61M | Scene, ViewLayer | Updating Geometry BVH Cube.210 210/242 | Building BVH
Fra:1 Mem:19.97M (Peak 27.51M) | Time:00:00.17 | Mem:0.61M, Peak:0.61M | Scene, ViewLayer | Updating Geometry BVH Cube.211 211/242 | Building BVH
Fra:1 Mem:19.97M (Peak 27.51M) | Time:00:00.17 | Mem:0.61M, Peak:0.61M | Scene, ViewLayer | Updating Geometry BVH Cube.212 212/242 | Building BVH
Fra:1 Mem:19.97M (Peak 27.51M) | Time:00:00.17 | Mem:0.61M, Peak:0.61M | Scene, ViewLayer | Updating Geometry BVH Cube.213 213/242 | Building BVH
Fra:1 Mem:19.97M (Peak 27.51M) | Time:00:00.17 | Mem:0.61M, Peak:0.61M | Scene, ViewLayer | Updating Geometry BVH Cube.214 214/242 | Building BVH
Fra:1 Mem:19.97M (Peak 27.51M) | Time:00:00.17 | Mem:0.61M, Peak:0.61M | Scene, ViewLayer | Updating Geometry BVH Cube.215 215/242 | Building BVH
Fra:1 Mem:19.97M (Peak 27.51M) | Time:00:00.17 | Mem:0.62M, Peak:0.62M | Scene, ViewLayer | Updating Geometry BVH Cube.216 216/242 | Building BVH
Fra:1 Mem:19.97M (Peak 27.51M) | Time:00:00.17 | Mem:0.62M, Peak:0.62M | Scene, ViewLayer | Updating Geometry BVH Cube.217 217/242 | Building BVH
Fra:1 Mem:19.97M (Peak 27.51M) | Time:00:00.17 | Mem:0.62M, Peak:0.62M | Scene, ViewLayer | Updating Geometry BVH Cube.218 218/242 | Building BVH
Fra:1 Mem:19.97M (Peak 27.51M) | Time:00:00.17 | Mem:0.62M, Peak:0.62M | Scene, ViewLayer | Updating Geometry BVH Cube.219 219/242 | Building BVH
Fra:1 Mem:19.97M (Peak 27.51M) | Time:00:00.17 | Mem:0.62M, Peak:0.62M | Scene, ViewLayer | Updating Geometry BVH Cube.220 220/242 | Building BVH
Fra:1 Mem:19.97M (Peak 27.51M) | Time:00:00.17 | Mem:0.62M, Peak:0.62M | Scene, ViewLayer | Updating Geometry BVH Cube.221 221/242 | Building BVH
Fra:1 Mem:19.97M (Peak 27.51M) | Time:00:00.17 | Mem:0.63M, Peak:0.63M | Scene, ViewLayer | Updating Geometry BVH Cube.222 222/242 | Building BVH
Fra:1 Mem:19.97M (Peak 27.51M) | Time:00:00.17 | Mem:0.65M, Peak:0.65M | Scene, ViewLayer | Updating Scene BVH | Building
Fra:1 Mem:19.97M (Peak 27.51M) | Time:00:00.17 | Mem:0.65M, Peak:0.65M | Scene, ViewLayer | Updating Scene BVH | Building BVH
Fra:1 Mem:19.97M (Peak 27.51M) | Time:00:00.17 | Mem:0.67M, Peak:0.67M | Scene, ViewLayer | Updating Scene BVH | Copying BVH to device
Fra:1 Mem:19.97M (Peak 27.51M) | Time:00:00.17 | Mem:0.67M, Peak:0.67M | Scene, ViewLayer | Updating Mesh | Computing normals
Fra:1 Mem:20.18M (Peak 27.51M) | Time:00:00.17 | Mem:0.67M, Peak:0.67M | Scene, ViewLayer | Updating Mesh | Copying Mesh to device
Fra:1 Mem:20.18M (Peak 27.51M) | Time:00:00.17 | Mem:0.87M, Peak:0.87M | Scene, ViewLayer | Updating Objects Flags
Fra:1 Mem:20.18M (Peak 27.51M) | Time:00:00.17 | Mem:0.87M, Peak:0.87M | Scene, ViewLayer | Updating Primitive Offsets
Fra:1 Mem:20.18M (Peak 27.51M) | Time:00:00.17 | Mem:0.87M, Peak:0.87M | Scene, ViewLayer | Updating Images
Fra:1 Mem:20.18M (Peak 27.51M) | Time:00:00.17 | Mem:0.87M, Peak:0.87M | Scene, ViewLayer | Updating Images | Loading bud_lilac.png
Fra:1 Mem:20.18M (Peak 27.51M) | Time:00:00.17 | Mem:0.87M, Peak:0.87M | Scene, ViewLayer | Updating Images | Loading basalt_dark.png
Fra:1 Mem:20.18M (Peak 27.51M) | Time:00:00.17 | Mem:0.87M, Peak:0.87M | Scene, ViewLayer | Updating Images | Loading lining_light.png
Fra:1 Mem:20.18M (Peak 27.51M) | Time:00:00.17 | Mem:0.87M, Peak:0.87M | Scene, ViewLayer | Updating Images | Loading calcite_emission.png
Fra:1 Mem:20.20M (Peak 27.51M) | Time:00:00.18 | Mem:0.87M, Peak:0.87M | Scene, ViewLayer | Updating Images | Loading calcite_shadow_emission.png
Fra:1 Mem:20.20M (Peak 27.51M) | Time:00:00.18 | Mem:0.88M, Peak:0.88M | Scene, ViewLayer | Updating Images | Loading side_backing_emission.png
Fra:1 Mem:20.20M (Peak 27.51M) | Time:00:00.18 | Mem:0.88M, Peak:0.88M | Scene, ViewLayer | Updating Images | Loading engraved_amethyst_emission.png
Fra:1 Mem:20.20M (Peak 27.51M) | Time:00:00.18 | Mem:0.88M, Peak:0.88M | Scene, ViewLayer | Updating Images | Loading bud_pink_emission.png
Fra:1 Mem:20.20M (Peak 27.51M) | Time:00:00.18 | Mem:0.88M, Peak:0.88M | Scene, ViewLayer | Updating Images | Loading side_relief_emission.png
Fra:1 Mem:20.20M (Peak 27.51M) | Time:00:00.18 | Mem:0.88M, Peak:0.88M | Scene, ViewLayer | Updating Images | Loading lining_emission.png
Fra:1 Mem:20.20M (Peak 27.51M) | Time:00:00.18 | Mem:0.88M, Peak:0.88M | Scene, ViewLayer | Updating Images | Loading engraved_glint_emission.png
Fra:1 Mem:20.21M (Peak 27.51M) | Time:00:00.18 | Mem:0.88M, Peak:0.88M | Scene, ViewLayer | Updating Images | Loading bud_silver_emission.png
Fra:1 Mem:20.21M (Peak 27.51M) | Time:00:00.18 | Mem:0.88M, Peak:0.88M | Scene, ViewLayer | Updating Images | Loading lining_normal_preview.png
Fra:1 Mem:20.21M (Peak 27.51M) | Time:00:00.18 | Mem:0.88M, Peak:0.88M | Scene, ViewLayer | Updating Images | Loading bud_lilac_emission.png
Fra:1 Mem:20.21M (Peak 27.51M) | Time:00:00.18 | Mem:0.89M, Peak:0.89M | Scene, ViewLayer | Updating Images | Loading lining_light_emission.png
Fra:1 Mem:20.21M (Peak 27.51M) | Time:00:00.18 | Mem:0.89M, Peak:0.89M | Scene, ViewLayer | Updating Images | Loading basalt_dark_metal.png
Fra:1 Mem:20.21M (Peak 27.51M) | Time:00:00.18 | Mem:0.89M, Peak:0.89M | Scene, ViewLayer | Updating Images | Loading calcite_metal.png
Fra:1 Mem:20.21M (Peak 27.51M) | Time:00:00.19 | Mem:0.89M, Peak:0.89M | Scene, ViewLayer | Updating Images | Loading calcite_shadow_metal.png
Fra:1 Mem:20.21M (Peak 27.51M) | Time:00:00.19 | Mem:0.89M, Peak:0.89M | Scene, ViewLayer | Updating Images | Loading bud_pink_metal.png
Fra:1 Mem:20.21M (Peak 27.51M) | Time:00:00.19 | Mem:0.89M, Peak:0.89M | Scene, ViewLayer | Updating Images | Loading calcite_light_metal.png
Fra:1 Mem:20.21M (Peak 27.51M) | Time:00:00.19 | Mem:0.89M, Peak:0.89M | Scene, ViewLayer | Updating Images | Loading side_relief_metal.png
Fra:1 Mem:20.21M (Peak 27.51M) | Time:00:00.19 | Mem:0.89M, Peak:0.89M | Scene, ViewLayer | Updating Images | Loading side_backing_metal.png
Fra:1 Mem:20.21M (Peak 27.51M) | Time:00:00.19 | Mem:0.89M, Peak:0.89M | Scene, ViewLayer | Updating Images | Loading engraved_amethyst_metal.png
Fra:1 Mem:20.21M (Peak 27.51M) | Time:00:00.19 | Mem:0.89M, Peak:0.89M | Scene, ViewLayer | Updating Images | Loading engraved_glint_metal.png
Fra:1 Mem:20.21M (Peak 27.51M) | Time:00:00.19 | Mem:0.89M, Peak:0.89M | Scene, ViewLayer | Updating Images | Loading basalt_metal.png
Fra:1 Mem:20.21M (Peak 27.51M) | Time:00:00.19 | Mem:0.89M, Peak:0.89M | Scene, ViewLayer | Updating Images | Loading lining_metal.png
Fra:1 Mem:20.21M (Peak 27.51M) | Time:00:00.19 | Mem:0.89M, Peak:0.89M | Scene, ViewLayer | Updating Images | Loading bud_lilac_metal.png
Fra:1 Mem:20.21M (Peak 27.51M) | Time:00:00.19 | Mem:0.89M, Peak:0.89M | Scene, ViewLayer | Updating Images | Loading bud_silver_metal.png
Fra:1 Mem:20.21M (Peak 27.51M) | Time:00:00.19 | Mem:0.89M, Peak:0.89M | Scene, ViewLayer | Updating Images | Loading basalt_dark_sss.png
Fra:1 Mem:20.21M (Peak 27.51M) | Time:00:00.19 | Mem:0.89M, Peak:0.89M | Scene, ViewLayer | Updating Images | Loading calcite_sss.png
Fra:1 Mem:20.21M (Peak 27.51M) | Time:00:00.19 | Mem:0.89M, Peak:0.89M | Scene, ViewLayer | Updating Images | Loading calcite_shadow_sss.png
Fra:1 Mem:20.21M (Peak 27.51M) | Time:00:00.20 | Mem:0.89M, Peak:0.89M | Scene, ViewLayer | Updating Images | Loading bud_pink_sss.png
Fra:1 Mem:20.21M (Peak 27.51M) | Time:00:00.20 | Mem:0.89M, Peak:0.89M | Scene, ViewLayer | Updating Images | Loading calcite_light_sss.png
Fra:1 Mem:20.21M (Peak 27.51M) | Time:00:00.20 | Mem:0.89M, Peak:0.89M | Scene, ViewLayer | Updating Images | Loading lining_light_sss.png
Fra:1 Mem:20.21M (Peak 27.51M) | Time:00:00.20 | Mem:0.89M, Peak:0.89M | Scene, ViewLayer | Updating Images | Loading engraved_glint_sss.png
Fra:1 Mem:20.21M (Peak 27.51M) | Time:00:00.20 | Mem:0.89M, Peak:0.89M | Scene, ViewLayer | Updating Images | Loading engraved_amethyst_sss.png
Fra:1 Mem:20.21M (Peak 27.51M) | Time:00:00.20 | Mem:0.89M, Peak:0.89M | Scene, ViewLayer | Updating Images | Loading side_backing_sss.png
Fra:1 Mem:20.21M (Peak 27.51M) | Time:00:00.20 | Mem:0.89M, Peak:0.89M | Scene, ViewLayer | Updating Images | Loading basalt_sss.png
Fra:1 Mem:20.21M (Peak 27.51M) | Time:00:00.20 | Mem:0.89M, Peak:0.89M | Scene, ViewLayer | Updating Images | Loading lining_sss.png
Fra:1 Mem:20.21M (Peak 27.51M) | Time:00:00.20 | Mem:0.89M, Peak:0.89M | Scene, ViewLayer | Updating Images | Loading bud_lilac_sss.png
Fra:1 Mem:20.21M (Peak 27.51M) | Time:00:00.20 | Mem:0.89M, Peak:0.89M | Scene, ViewLayer | Updating Images | Loading bud_silver_sss.png
Fra:1 Mem:20.21M (Peak 27.51M) | Time:00:00.20 | Mem:0.89M, Peak:0.89M | Scene, ViewLayer | Updating Images | Loading basalt_dark_roughness.png
Fra:1 Mem:20.22M (Peak 27.51M) | Time:00:00.20 | Mem:0.89M, Peak:0.89M | Scene, ViewLayer | Updating Images | Loading bud_silver_normal_preview.png
Fra:1 Mem:20.22M (Peak 27.51M) | Time:00:00.20 | Mem:0.90M, Peak:0.90M | Scene, ViewLayer | Updating Images | Loading calcite_roughness.png
Fra:1 Mem:20.22M (Peak 27.51M) | Time:00:00.20 | Mem:0.90M, Peak:0.90M | Scene, ViewLayer | Updating Images | Loading bud_pink_roughness.png
Fra:1 Mem:20.22M (Peak 27.51M) | Time:00:00.21 | Mem:0.90M, Peak:0.90M | Scene, ViewLayer | Updating Images | Loading engraved_amethyst_roughness.png
Fra:1 Mem:20.22M (Peak 27.51M) | Time:00:00.21 | Mem:0.90M, Peak:0.90M | Scene, ViewLayer | Updating Images | Loading lining_light_roughness.png
Fra:1 Mem:20.22M (Peak 27.51M) | Time:00:00.21 | Mem:0.90M, Peak:0.90M | Scene, ViewLayer | Updating Images | Loading engraved_glint_roughness.png
Fra:1 Mem:20.22M (Peak 27.51M) | Time:00:00.21 | Mem:0.90M, Peak:0.90M | Scene, ViewLayer | Updating Images | Loading side_backing_roughness.png
Fra:1 Mem:20.22M (Peak 27.51M) | Time:00:00.21 | Mem:0.90M, Peak:0.90M | Scene, ViewLayer | Updating Images | Loading bud_lilac_roughness.png
Fra:1 Mem:20.22M (Peak 27.51M) | Time:00:00.21 | Mem:0.90M, Peak:0.90M | Scene, ViewLayer | Updating Images | Loading lining_roughness.png
Fra:1 Mem:20.22M (Peak 27.51M) | Time:00:00.21 | Mem:0.90M, Peak:0.90M | Scene, ViewLayer | Updating Images | Loading bud_silver_roughness.png
Fra:1 Mem:20.22M (Peak 27.51M) | Time:00:00.21 | Mem:0.90M, Peak:0.90M | Scene, ViewLayer | Updating Images | Loading basalt_dark_normal_preview.png
Fra:1 Mem:20.22M (Peak 27.51M) | Time:00:00.21 | Mem:0.90M, Peak:0.90M | Scene, ViewLayer | Updating Images | Loading calcite_normal_preview.png
Fra:1 Mem:20.22M (Peak 27.51M) | Time:00:00.21 | Mem:0.90M, Peak:0.90M | Scene, ViewLayer | Updating Images | Loading calcite_shadow_normal_preview.png
Fra:1 Mem:20.22M (Peak 27.51M) | Time:00:00.21 | Mem:0.90M, Peak:0.90M | Scene, ViewLayer | Updating Images | Loading bud_pink_normal_preview.png
Fra:1 Mem:20.22M (Peak 27.51M) | Time:00:00.21 | Mem:0.90M, Peak:0.90M | Scene, ViewLayer | Updating Images | Loading engraved_amethyst_normal_preview.png
Fra:1 Mem:20.23M (Peak 27.51M) | Time:00:00.22 | Mem:0.90M, Peak:0.90M | Scene, ViewLayer | Updating Images | Loading calcite_light_normal_preview.png
Fra:1 Mem:20.23M (Peak 27.51M) | Time:00:00.22 | Mem:0.90M, Peak:0.90M | Scene, ViewLayer | Updating Images | Loading side_relief_normal_preview.png
Fra:1 Mem:20.23M (Peak 27.51M) | Time:00:00.22 | Mem:0.90M, Peak:0.90M | Scene, ViewLayer | Updating Images | Loading side_backing_normal_preview.png
Fra:1 Mem:20.23M (Peak 27.51M) | Time:00:00.22 | Mem:0.90M, Peak:0.90M | Scene, ViewLayer | Updating Images | Loading engraved_glint_normal_preview.png
Fra:1 Mem:20.23M (Peak 27.51M) | Time:00:00.22 | Mem:0.91M, Peak:0.91M | Scene, ViewLayer | Updating Camera Volume
Fra:1 Mem:20.23M (Peak 27.51M) | Time:00:00.22 | Mem:0.91M, Peak:0.91M | Scene, ViewLayer | Updating Lookup Tables
Fra:1 Mem:20.23M (Peak 27.51M) | Time:00:00.22 | Mem:1.16M, Peak:1.16M | Scene, ViewLayer | Updating Lights
Fra:1 Mem:20.23M (Peak 27.51M) | Time:00:00.22 | Mem:1.16M, Peak:1.16M | Scene, ViewLayer | Updating Lights | Computing distribution
Fra:1 Mem:20.27M (Peak 27.51M) | Time:00:00.22 | Mem:1.21M, Peak:1.21M | Scene, ViewLayer | Updating Integrator
Fra:1 Mem:20.28M (Peak 27.51M) | Time:00:00.22 | Mem:1.22M, Peak:1.22M | Scene, ViewLayer | Updating Film
Fra:1 Mem:20.29M (Peak 27.51M) | Time:00:00.22 | Mem:0.97M, Peak:1.22M | Scene, ViewLayer | Updating Lookup Tables
Fra:1 Mem:20.29M (Peak 27.51M) | Time:00:00.22 | Mem:1.22M, Peak:1.22M | Scene, ViewLayer | Updating Baking
Fra:1 Mem:20.29M (Peak 27.51M) | Time:00:00.22 | Mem:1.22M, Peak:1.22M | Scene, ViewLayer | Updating Device | Writing constant memory
Fra:1 Mem:20.29M (Peak 27.51M) | Time:00:00.22 | Mem:1.22M, Peak:1.22M | Scene, ViewLayer | Sample 0/48
Fra:1 Mem:92.82M (Peak 92.82M) | Time:00:00.47 | Remaining:00:11.53 | Mem:73.71M, Peak:73.71M | Scene, ViewLayer | Sample 1/48
Fra:1 Mem:123.33M (Peak 169.11M) | Time:00:14.07 | Mem:73.71M, Peak:73.71M | Scene, ViewLayer | Sample 48/48
Fra:1 Mem:123.33M (Peak 169.11M) | Time:00:14.07 | Mem:73.71M, Peak:73.71M | Scene, ViewLayer | Finished
Saved: 'D:\Desktop\Document\Coding\FULL STACK\ConvertTable\assets\geode_prototype\geode_front.png'
 Time: 00:14.26 (Saving: 00:00.18)

Fra:1 Mem:27.31M (Peak 27.31M) | Time:00:00.01 | Mem:0.00M, Peak:0.00M | Scene, ViewLayer | Synchronizing object | 01_basalt_corner_guards_0000
Fra:1 Mem:27.31M (Peak 27.31M) | Time:00:00.01 | Mem:0.00M, Peak:0.00M | Scene, ViewLayer | Synchronizing object | 10_calcite_corner_shoulders_0002
Fra:1 Mem:27.31M (Peak 27.31M) | Time:00:00.01 | Mem:0.00M, Peak:0.00M | Scene, ViewLayer | Synchronizing object | 10_calcite_corner_shoulders_0003
Fra:1 Mem:27.32M (Peak 27.32M) | Time:00:00.01 | Mem:0.00M, Peak:0.00M | Scene, ViewLayer | Synchronizing object | 10_calcite_corner_shoulders_0005
Fra:1 Mem:27.32M (Peak 27.32M) | Time:00:00.01 | Mem:0.00M, Peak:0.00M | Scene, ViewLayer | Synchronizing object | 08_layer_2_lower_rail_0007
Fra:1 Mem:27.32M (Peak 27.32M) | Time:00:00.01 | Mem:0.00M, Peak:0.00M | Scene, ViewLayer | Synchronizing object | 06_layer_2_carved_stone_0010
Fra:1 Mem:27.32M (Peak 27.32M) | Time:00:00.01 | Mem:0.00M, Peak:0.00M | Scene, ViewLayer | Synchronizing object | 06_layer_2_carved_stone_0013
Fra:1 Mem:27.33M (Peak 27.33M) | Time:00:00.01 | Mem:0.00M, Peak:0.00M | Scene, ViewLayer | Synchronizing object | 06_layer_2_carved_stone_0016
Fra:1 Mem:27.33M (Peak 27.33M) | Time:00:00.01 | Mem:0.00M, Peak:0.00M | Scene, ViewLayer | Synchronizing object | 06_layer_2_carved_stone_0017
Fra:1 Mem:27.33M (Peak 27.33M) | Time:00:00.01 | Mem:0.00M, Peak:0.00M | Scene, ViewLayer | Synchronizing object | 06_layer_2_carved_stone_0018
Fra:1 Mem:27.33M (Peak 27.33M) | Time:00:00.01 | Mem:0.00M, Peak:0.00M | Scene, ViewLayer | Synchronizing object | 06_layer_2_carved_stone_0019
Fra:1 Mem:27.33M (Peak 27.33M) | Time:00:00.01 | Mem:0.00M, Peak:0.00M | Scene, ViewLayer | Synchronizing object | 06_layer_2_carved_stone_0020
Fra:1 Mem:27.34M (Peak 27.34M) | Time:00:00.01 | Mem:0.00M, Peak:0.00M | Scene, ViewLayer | Synchronizing object | 11_corner_crystal_buds_0024
Fra:1 Mem:27.34M (Peak 27.34M) | Time:00:00.01 | Mem:0.00M, Peak:0.00M | Scene, ViewLayer | Synchronizing object | 11_corner_crystal_buds_0025
Fra:1 Mem:27.35M (Peak 27.35M) | Time:00:00.01 | Mem:0.00M, Peak:0.00M | Scene, ViewLayer | Synchronizing object | 11_corner_crystal_buds_0026
Fra:1 Mem:27.35M (Peak 27.35M) | Time:00:00.01 | Mem:0.00M, Peak:0.00M | Scene, ViewLayer | Synchronizing object | 05_layer_3_mineral_backing_0029
Fra:1 Mem:27.35M (Peak 27.35M) | Time:00:00.01 | Mem:0.00M, Peak:0.00M | Scene, ViewLayer | Synchronizing object | 05_layer_3_mineral_backing_0030
Fra:1 Mem:27.36M (Peak 27.36M) | Time:00:00.01 | Mem:0.00M, Peak:0.00M | Scene, ViewLayer | Synchronizing object | 05_layer_3_mineral_backing_0031
Fra:1 Mem:27.36M (Peak 27.36M) | Time:00:00.01 | Mem:0.00M, Peak:0.00M | Scene, ViewLayer | Synchronizing object | 07_inlaid_crystal_incisions_0033
Fra:1 Mem:27.36M (Peak 27.36M) | Time:00:00.01 | Mem:0.00M, Peak:0.00M | Scene, ViewLayer | Synchronizing object | 05_layer_3_mineral_backing_0036
Fra:1 Mem:27.37M (Peak 27.37M) | Time:00:00.01 | Mem:0.00M, Peak:0.00M | Scene, ViewLayer | Synchronizing object | 07_inlaid_crystal_incisions_0037
Fra:1 Mem:27.37M (Peak 27.37M) | Time:00:00.01 | Mem:0.00M, Peak:0.00M | Scene, ViewLayer | Synchronizing object | 05_layer_3_mineral_backing_0039
Fra:1 Mem:27.37M (Peak 27.37M) | Time:00:00.01 | Mem:0.00M, Peak:0.00M | Scene, ViewLayer | Synchronizing object | 05_layer_3_mineral_backing_0040
Fra:1 Mem:27.37M (Peak 27.37M) | Time:00:00.01 | Mem:0.00M, Peak:0.00M | Scene, ViewLayer | Synchronizing object | 05_layer_3_mineral_backing_0041
Fra:1 Mem:27.37M (Peak 27.37M) | Time:00:00.01 | Mem:0.00M, Peak:0.00M | Scene, ViewLayer | Synchronizing object | 07_inlaid_crystal_incisions_0042
Fra:1 Mem:27.38M (Peak 27.38M) | Time:00:00.01 | Mem:0.00M, Peak:0.00M | Scene, ViewLayer | Synchronizing object | 05_layer_3_mineral_backing_0043
Fra:1 Mem:27.38M (Peak 27.38M) | Time:00:00.01 | Mem:0.00M, Peak:0.00M | Scene, ViewLayer | Synchronizing object | 05_layer_3_mineral_backing_0045
Fra:1 Mem:27.39M (Peak 27.39M) | Time:00:00.01 | Mem:0.00M, Peak:0.00M | Scene, ViewLayer | Synchronizing object | 07_inlaid_crystal_incisions_0046
Fra:1 Mem:27.39M (Peak 27.39M) | Time:00:00.01 | Mem:0.00M, Peak:0.00M | Scene, ViewLayer | Synchronizing object | 07_inlaid_crystal_incisions_0049
Fra:1 Mem:27.39M (Peak 27.39M) | Time:00:00.01 | Mem:0.00M, Peak:0.00M | Scene, ViewLayer | Synchronizing object | 05_layer_3_mineral_backing_0050
Fra:1 Mem:27.39M (Peak 27.39M) | Time:00:00.01 | Mem:0.00M, Peak:0.00M | Scene, ViewLayer | Synchronizing object | 05_layer_3_mineral_backing_0052
Fra:1 Mem:27.39M (Peak 27.40M) | Time:00:00.01 | Mem:0.00M, Peak:0.00M | Scene, ViewLayer | Synchronizing object | 05_layer_3_mineral_backing_0054
Fra:1 Mem:27.40M (Peak 27.40M) | Time:00:00.01 | Mem:0.00M, Peak:0.00M | Scene, ViewLayer | Synchronizing object | 05_layer_3_mineral_backing_0055
Fra:1 Mem:27.40M (Peak 27.40M) | Time:00:00.01 | Mem:0.00M, Peak:0.00M | Scene, ViewLayer | Synchronizing object | 07_inlaid_crystal_incisions_0057
Fra:1 Mem:27.41M (Peak 27.41M) | Time:00:00.01 | Mem:0.00M, Peak:0.00M | Scene, ViewLayer | Synchronizing object | 07_inlaid_crystal_incisions_0059
Fra:1 Mem:27.41M (Peak 27.41M) | Time:00:00.01 | Mem:0.00M, Peak:0.00M | Scene, ViewLayer | Synchronizing object | 05_layer_3_mineral_backing_0060
Fra:1 Mem:27.41M (Peak 27.41M) | Time:00:00.01 | Mem:0.00M, Peak:0.00M | Scene, ViewLayer | Synchronizing object | 05_layer_3_mineral_backing_0061
Fra:1 Mem:27.42M (Peak 27.42M) | Time:00:00.01 | Mem:0.00M, Peak:0.00M | Scene, ViewLayer | Synchronizing object | 05_layer_3_mineral_backing_0062
Fra:1 Mem:27.42M (Peak 27.42M) | Time:00:00.01 | Mem:0.00M, Peak:0.00M | Scene, ViewLayer | Synchronizing object | 01_basalt_foundation_0064
Fra:1 Mem:27.42M (Peak 27.42M) | Time:00:00.01 | Mem:0.00M, Peak:0.00M | Scene, ViewLayer | Synchronizing object | 08_layer_2_lower_rail_0065
Fra:1 Mem:27.42M (Peak 27.42M) | Time:00:00.01 | Mem:0.00M, Peak:0.00M | Scene, ViewLayer | Synchronizing object | 02_calcite_lower_shell_0066
Fra:1 Mem:27.42M (Peak 27.42M) | Time:00:00.01 | Mem:0.00M, Peak:0.00M | Scene, ViewLayer | Synchronizing object | 08_layer_2_lower_rail_0068
Fra:1 Mem:27.43M (Peak 27.43M) | Time:00:00.01 | Mem:0.00M, Peak:0.00M | Scene, ViewLayer | Synchronizing object | 05_layer_3_mineral_backing_0069
Fra:1 Mem:27.43M (Peak 27.43M) | Time:00:00.01 | Mem:0.00M, Peak:0.00M | Scene, ViewLayer | Synchronizing object | 05_layer_3_mineral_backing_0070
Fra:1 Mem:27.43M (Peak 27.43M) | Time:00:00.01 | Mem:0.00M, Peak:0.00M | Scene, ViewLayer | Synchronizing object | 05_layer_3_mineral_backing_0071
Fra:1 Mem:27.44M (Peak 27.44M) | Time:00:00.01 | Mem:0.00M, Peak:0.00M | Scene, ViewLayer | Synchronizing object | 05_layer_3_mineral_backing_0072
Fra:1 Mem:27.44M (Peak 27.44M) | Time:00:00.01 | Mem:0.00M, Peak:0.00M | Scene, ViewLayer | Synchronizing object | 05_layer_3_mineral_backing_0073
Fra:1 Mem:27.44M (Peak 27.44M) | Time:00:00.01 | Mem:0.00M, Peak:0.00M | Scene, ViewLayer | Synchronizing object | 05_layer_3_mineral_backing_0075
Fra:1 Mem:27.44M (Peak 27.44M) | Time:00:00.01 | Mem:0.00M, Peak:0.00M | Scene, ViewLayer | Synchronizing object | 05_layer_3_mineral_backing_0076
Fra:1 Mem:27.45M (Peak 27.45M) | Time:00:00.01 | Mem:0.00M, Peak:0.00M | Scene, ViewLayer | Synchronizing object | 06_layer_2_carved_stone_0077
Fra:1 Mem:27.45M (Peak 27.45M) | Time:00:00.01 | Mem:0.00M, Peak:0.00M | Scene, ViewLayer | Synchronizing object | 05_layer_3_mineral_backing_0078
Fra:1 Mem:27.45M (Peak 27.46M) | Time:00:00.01 | Mem:0.00M, Peak:0.00M | Scene, ViewLayer | Synchronizing object | 04_geode_inner_lining_0080
Fra:1 Mem:27.46M (Peak 27.46M) | Time:00:00.01 | Mem:0.00M, Peak:0.00M | Scene, ViewLayer | Synchronizing object | 05_layer_3_mineral_backing_0081
Fra:1 Mem:27.46M (Peak 27.46M) | Time:00:00.01 | Mem:0.00M, Peak:0.00M | Scene, ViewLayer | Synchronizing object | 05_layer_3_mineral_backing_0084
Fra:1 Mem:27.46M (Peak 27.46M) | Time:00:00.02 | Mem:0.00M, Peak:0.00M | Scene, ViewLayer | Synchronizing object | 06_layer_2_carved_stone_0085
Fra:1 Mem:27.46M (Peak 27.46M) | Time:00:00.02 | Mem:0.00M, Peak:0.00M | Scene, ViewLayer | Synchronizing object | 05_layer_3_mineral_backing_0086
Fra:1 Mem:27.46M (Peak 27.46M) | Time:00:00.02 | Mem:0.00M, Peak:0.00M | Scene, ViewLayer | Synchronizing object | 05_layer_3_mineral_backing_0089
Fra:1 Mem:27.47M (Peak 27.47M) | Time:00:00.02 | Mem:0.00M, Peak:0.00M | Scene, ViewLayer | Synchronizing object | 07_inlaid_crystal_incisions_0090
Fra:1 Mem:27.47M (Peak 27.47M) | Time:00:00.02 | Mem:0.00M, Peak:0.00M | Scene, ViewLayer | Synchronizing object | 06_layer_2_carved_stone_0091
Fra:1 Mem:27.48M (Peak 27.48M) | Time:00:00.02 | Mem:0.00M, Peak:0.00M | Scene, ViewLayer | Synchronizing object | 04_geode_inner_lining_0093
Fra:1 Mem:27.48M (Peak 27.48M) | Time:00:00.02 | Mem:0.00M, Peak:0.00M | Scene, ViewLayer | Synchronizing object | 05_layer_3_mineral_backing_0094
Fra:1 Mem:27.48M (Peak 27.48M) | Time:00:00.02 | Mem:0.00M, Peak:0.00M | Scene, ViewLayer | Synchronizing object | 06_layer_2_carved_stone_0095
Fra:1 Mem:27.48M (Peak 27.48M) | Time:00:00.02 | Mem:0.00M, Peak:0.00M | Scene, ViewLayer | Synchronizing object | 05_layer_3_mineral_backing_0097
Fra:1 Mem:27.48M (Peak 27.48M) | Time:00:00.02 | Mem:0.00M, Peak:0.00M | Scene, ViewLayer | Synchronizing object | 09_layer_2_crown_rim_0099
Fra:1 Mem:27.49M (Peak 27.49M) | Time:00:00.02 | Mem:0.00M, Peak:0.00M | Scene, ViewLayer | Synchronizing object | 09_calcite_crown_rim_0100
Fra:1 Mem:27.49M (Peak 27.49M) | Time:00:00.02 | Mem:0.00M, Peak:0.00M | Scene, ViewLayer | Synchronizing object | 06_layer_2_carved_stone_0102
Fra:1 Mem:27.49M (Peak 27.49M) | Time:00:00.02 | Mem:0.00M, Peak:0.00M | Scene, ViewLayer | Synchronizing object | 06_layer_2_carved_stone_0103
Fra:1 Mem:27.50M (Peak 27.50M) | Time:00:00.02 | Mem:0.00M, Peak:0.00M | Scene, ViewLayer | Synchronizing object | 07_inlaid_crystal_incisions_0104
Fra:1 Mem:27.50M (Peak 27.50M) | Time:00:00.02 | Mem:0.00M, Peak:0.00M | Scene, ViewLayer | Synchronizing object | 05_layer_3_mineral_backing_0105
Fra:1 Mem:27.50M (Peak 27.51M) | Time:00:00.02 | Mem:0.00M, Peak:0.00M | Scene, ViewLayer | Synchronizing object | 05_layer_3_mineral_backing_0107
Fra:1 Mem:27.51M (Peak 27.51M) | Time:00:00.02 | Mem:0.00M, Peak:0.00M | Scene, ViewLayer | Synchronizing object | 07_inlaid_crystal_incisions_0110
Fra:1 Mem:27.51M (Peak 27.51M) | Time:00:00.02 | Mem:0.00M, Peak:0.00M | Scene, ViewLayer | Synchronizing object | 06_layer_2_carved_stone_0111
Fra:1 Mem:27.51M (Peak 27.51M) | Time:00:00.02 | Mem:0.00M, Peak:0.00M | Scene, ViewLayer | Synchronizing object | 05_layer_3_mineral_backing_0112
Fra:1 Mem:27.52M (Peak 27.52M) | Time:00:00.02 | Mem:0.00M, Peak:0.00M | Scene, ViewLayer | Synchronizing object | 05_layer_3_mineral_backing_0114
Fra:1 Mem:27.52M (Peak 27.52M) | Time:00:00.02 | Mem:0.00M, Peak:0.00M | Scene, ViewLayer | Synchronizing object | 06_layer_2_carved_stone_0115
Fra:1 Mem:27.52M (Peak 27.52M) | Time:00:00.02 | Mem:0.00M, Peak:0.00M | Scene, ViewLayer | Synchronizing object | 12_geode_growth_core_0117
Fra:1 Mem:27.53M (Peak 27.53M) | Time:00:00.02 | Mem:0.00M, Peak:0.00M | Scene, ViewLayer | Synchronizing object | 06_layer_2_carved_stone_0119
Fra:1 Mem:27.53M (Peak 27.53M) | Time:00:00.02 | Mem:0.00M, Peak:0.00M | Scene, ViewLayer | Synchronizing object | 07_inlaid_crystal_incisions_0120
Fra:1 Mem:27.53M (Peak 27.53M) | Time:00:00.02 | Mem:0.00M, Peak:0.00M | Scene, ViewLayer | Synchronizing object | 07_inlaid_crystal_incisions_0122
Fra:1 Mem:27.53M (Peak 27.53M) | Time:00:00.02 | Mem:0.00M, Peak:0.00M | Scene, ViewLayer | Synchronizing object | 05_layer_3_mineral_backing_0123
Fra:1 Mem:27.54M (Peak 27.54M) | Time:00:00.02 | Mem:0.00M, Peak:0.00M | Scene, ViewLayer | Synchronizing object | 05_layer_3_mineral_backing_0124
Fra:1 Mem:27.54M (Peak 27.54M) | Time:00:00.02 | Mem:0.00M, Peak:0.00M | Scene, ViewLayer | Synchronizing object | 05_layer_3_mineral_backing_0125
Fra:1 Mem:27.54M (Peak 27.54M) | Time:00:00.02 | Mem:0.00M, Peak:0.00M | Scene, ViewLayer | Synchronizing object | 05_layer_3_mineral_backing_0126
Fra:1 Mem:27.54M (Peak 27.54M) | Time:00:00.02 | Mem:0.00M, Peak:0.00M | Scene, ViewLayer | Synchronizing object | 12_geode_growth_core_0127
Fra:1 Mem:27.55M (Peak 27.55M) | Time:00:00.02 | Mem:0.00M, Peak:0.00M | Scene, ViewLayer | Synchronizing object | 12_geode_growth_core_0129
Fra:1 Mem:27.55M (Peak 27.55M) | Time:00:00.02 | Mem:0.00M, Peak:0.00M | Scene, ViewLayer | Synchronizing object | 12_geode_growth_core_0130
Fra:1 Mem:27.55M (Peak 27.55M) | Time:00:00.02 | Mem:0.00M, Peak:0.00M | Scene, ViewLayer | Synchronizing object | 06_layer_2_carved_stone_0131
Fra:1 Mem:27.55M (Peak 27.55M) | Time:00:00.02 | Mem:0.00M, Peak:0.00M | Scene, ViewLayer | Synchronizing object | 06_layer_2_carved_stone_0132
Fra:1 Mem:27.55M (Peak 27.55M) | Time:00:00.02 | Mem:0.00M, Peak:0.00M | Scene, ViewLayer | Synchronizing object | 07_inlaid_crystal_incisions_0133
Fra:1 Mem:27.56M (Peak 27.56M) | Time:00:00.02 | Mem:0.00M, Peak:0.00M | Scene, ViewLayer | Synchronizing object | 05_layer_3_mineral_backing_0134
Fra:1 Mem:27.56M (Peak 27.56M) | Time:00:00.02 | Mem:0.00M, Peak:0.00M | Scene, ViewLayer | Synchronizing object | 07_inlaid_crystal_incisions_0136
Fra:1 Mem:27.56M (Peak 27.56M) | Time:00:00.02 | Mem:0.00M, Peak:0.00M | Scene, ViewLayer | Synchronizing object | 07_inlaid_crystal_incisions_0137
Fra:1 Mem:27.56M (Peak 27.56M) | Time:00:00.02 | Mem:0.00M, Peak:0.00M | Scene, ViewLayer | Synchronizing object | 07_inlaid_crystal_incisions_0139
Fra:1 Mem:27.57M (Peak 27.57M) | Time:00:00.02 | Mem:0.00M, Peak:0.00M | Scene, ViewLayer | Synchronizing object | 12_geode_growth_core_0140
Fra:1 Mem:27.57M (Peak 27.57M) | Time:00:00.02 | Mem:0.00M, Peak:0.00M | Scene, ViewLayer | Synchronizing object | 12_geode_growth_core_0143
Fra:1 Mem:27.58M (Peak 27.58M) | Time:00:00.02 | Mem:0.00M, Peak:0.00M | Scene, ViewLayer | Synchronizing object | 12_geode_growth_core_0145
Fra:1 Mem:27.58M (Peak 27.58M) | Time:00:00.02 | Mem:0.00M, Peak:0.00M | Scene, ViewLayer | Synchronizing object | 05_layer_3_mineral_backing_0147
Fra:1 Mem:27.58M (Peak 27.58M) | Time:00:00.02 | Mem:0.00M, Peak:0.00M | Scene, ViewLayer | Synchronizing object | 06_layer_2_carved_stone_0149
Fra:1 Mem:27.59M (Peak 27.59M) | Time:00:00.02 | Mem:0.00M, Peak:0.00M | Scene, ViewLayer | Synchronizing object | 05_layer_3_mineral_backing_0150
Fra:1 Mem:27.59M (Peak 27.59M) | Time:00:00.02 | Mem:0.00M, Peak:0.00M | Scene, ViewLayer | Synchronizing object | 05_layer_3_mineral_backing_0151
Fra:1 Mem:27.59M (Peak 27.59M) | Time:00:00.02 | Mem:0.00M, Peak:0.00M | Scene, ViewLayer | Synchronizing object | 06_layer_2_carved_stone_0152
Fra:1 Mem:27.59M (Peak 27.59M) | Time:00:00.02 | Mem:0.00M, Peak:0.00M | Scene, ViewLayer | Synchronizing object | 12_geode_growth_core_0155
Fra:1 Mem:27.60M (Peak 27.60M) | Time:00:00.02 | Mem:0.00M, Peak:0.00M | Scene, ViewLayer | Synchronizing object | 06_layer_2_carved_stone_0156
Fra:1 Mem:27.60M (Peak 27.60M) | Time:00:00.02 | Mem:0.00M, Peak:0.00M | Scene, ViewLayer | Synchronizing object | 05_layer_3_mineral_backing_0157
Fra:1 Mem:27.60M (Peak 27.60M) | Time:00:00.02 | Mem:0.00M, Peak:0.00M | Scene, ViewLayer | Synchronizing object | 05_layer_3_mineral_backing_0158
Fra:1 Mem:27.60M (Peak 27.60M) | Time:00:00.02 | Mem:0.00M, Peak:0.00M | Scene, ViewLayer | Synchronizing object | 06_layer_2_carved_stone_0159
Fra:1 Mem:27.60M (Peak 27.60M) | Time:00:00.02 | Mem:0.00M, Peak:0.00M | Scene, ViewLayer | Synchronizing object | 07_inlaid_crystal_incisions_0161
Fra:1 Mem:27.61M (Peak 27.61M) | Time:00:00.02 | Mem:0.00M, Peak:0.00M | Scene, ViewLayer | Synchronizing object | 05_layer_3_mineral_backing_0162
Fra:1 Mem:27.61M (Peak 27.61M) | Time:00:00.02 | Mem:0.00M, Peak:0.00M | Scene, ViewLayer | Synchronizing object | 05_layer_3_mineral_backing_0163
Fra:1 Mem:27.61M (Peak 27.61M) | Time:00:00.02 | Mem:0.00M, Peak:0.00M | Scene, ViewLayer | Synchronizing object | 07_inlaid_crystal_incisions_0164
Fra:1 Mem:27.61M (Peak 27.61M) | Time:00:00.02 | Mem:0.00M, Peak:0.00M | Scene, ViewLayer | Synchronizing object | 07_inlaid_crystal_incisions_0165
Fra:1 Mem:27.61M (Peak 27.61M) | Time:00:00.02 | Mem:0.00M, Peak:0.00M | Scene, ViewLayer | Synchronizing object | 12_geode_growth_core_0166
Fra:1 Mem:27.62M (Peak 27.62M) | Time:00:00.02 | Mem:0.00M, Peak:0.00M | Scene, ViewLayer | Synchronizing object | 12_geode_growth_core_0167
Fra:1 Mem:27.62M (Peak 27.62M) | Time:00:00.02 | Mem:0.00M, Peak:0.00M | Scene, ViewLayer | Synchronizing object | 06_layer_2_carved_stone_0168
Fra:1 Mem:27.62M (Peak 27.62M) | Time:00:00.02 | Mem:0.00M, Peak:0.00M | Scene, ViewLayer | Synchronizing object | 05_layer_3_mineral_backing_0170
Fra:1 Mem:27.63M (Peak 27.63M) | Time:00:00.02 | Mem:0.00M, Peak:0.00M | Scene, ViewLayer | Synchronizing object | 06_layer_2_carved_stone_0171
Fra:1 Mem:27.63M (Peak 27.63M) | Time:00:00.02 | Mem:0.00M, Peak:0.00M | Scene, ViewLayer | Synchronizing object | 06_layer_2_carved_stone_0174
Fra:1 Mem:27.63M (Peak 27.63M) | Time:00:00.02 | Mem:0.00M, Peak:0.00M | Scene, ViewLayer | Synchronizing object | 05_layer_3_mineral_backing_0176
Fra:1 Mem:27.64M (Peak 27.64M) | Time:00:00.02 | Mem:0.00M, Peak:0.00M | Scene, ViewLayer | Synchronizing object | 06_layer_2_carved_stone_0177
Fra:1 Mem:27.64M (Peak 27.64M) | Time:00:00.02 | Mem:0.00M, Peak:0.00M | Scene, ViewLayer | Synchronizing object | 06_layer_2_carved_stone_0240
Fra:1 Mem:27.64M (Peak 27.64M) | Time:00:00.02 | Mem:0.00M, Peak:0.00M | Scene, ViewLayer | Synchronizing object | 05_layer_3_mineral_backing_0179
Fra:1 Mem:27.64M (Peak 27.64M) | Time:00:00.02 | Mem:0.00M, Peak:0.00M | Scene, ViewLayer | Synchronizing object | 05_layer_3_mineral_backing_0180
Fra:1 Mem:27.64M (Peak 27.64M) | Time:00:00.02 | Mem:0.00M, Peak:0.00M | Scene, ViewLayer | Synchronizing object | 05_layer_3_mineral_backing_0182
Fra:1 Mem:27.64M (Peak 27.64M) | Time:00:00.02 | Mem:0.00M, Peak:0.00M | Scene, ViewLayer | Synchronizing object | 05_layer_3_mineral_backing_0184
Fra:1 Mem:27.65M (Peak 27.65M) | Time:00:00.02 | Mem:0.00M, Peak:0.00M | Scene, ViewLayer | Synchronizing object | 06_layer_2_carved_stone_0185
Fra:1 Mem:27.65M (Peak 27.66M) | Time:00:00.02 | Mem:0.00M, Peak:0.00M | Scene, ViewLayer | Synchronizing object | 05_layer_3_mineral_backing_0187
Fra:1 Mem:27.66M (Peak 27.66M) | Time:00:00.02 | Mem:0.00M, Peak:0.00M | Scene, ViewLayer | Synchronizing object | 05_layer_3_mineral_backing_0188
Fra:1 Mem:27.66M (Peak 27.66M) | Time:00:00.02 | Mem:0.00M, Peak:0.00M | Scene, ViewLayer | Synchronizing object | 09_layer_2_crown_rim_0192
Fra:1 Mem:27.66M (Peak 27.66M) | Time:00:00.02 | Mem:0.00M, Peak:0.00M | Scene, ViewLayer | Synchronizing object | 06_layer_2_carved_stone_0239
Fra:1 Mem:27.66M (Peak 27.66M) | Time:00:00.02 | Mem:0.00M, Peak:0.00M | Scene, ViewLayer | Synchronizing object | 10_calcite_corner_shoulders_0193
Fra:1 Mem:27.67M (Peak 27.67M) | Time:00:00.02 | Mem:0.00M, Peak:0.00M | Scene, ViewLayer | Synchronizing object | 10_calcite_corner_shoulders_0194
Fra:1 Mem:27.67M (Peak 27.67M) | Time:00:00.02 | Mem:0.00M, Peak:0.00M | Scene, ViewLayer | Synchronizing object | 01_basalt_corner_guards_0197
Fra:1 Mem:27.67M (Peak 27.67M) | Time:00:00.02 | Mem:0.00M, Peak:0.00M | Scene, ViewLayer | Synchronizing object | 07_inlaid_crystal_incisions_0199
Fra:1 Mem:27.67M (Peak 27.67M) | Time:00:00.02 | Mem:0.00M, Peak:0.00M | Scene, ViewLayer | Synchronizing object | 05_layer_3_mineral_backing_0200
Fra:1 Mem:27.68M (Peak 27.68M) | Time:00:00.02 | Mem:0.00M, Peak:0.00M | Scene, ViewLayer | Synchronizing object | 07_inlaid_crystal_incisions_0201
Fra:1 Mem:27.68M (Peak 27.68M) | Time:00:00.02 | Mem:0.00M, Peak:0.00M | Scene, ViewLayer | Synchronizing object | 07_inlaid_crystal_incisions_0202
Fra:1 Mem:27.68M (Peak 27.68M) | Time:00:00.02 | Mem:0.00M, Peak:0.00M | Scene, ViewLayer | Synchronizing object | 07_inlaid_crystal_incisions_0204
Fra:1 Mem:27.69M (Peak 27.69M) | Time:00:00.02 | Mem:0.00M, Peak:0.00M | Scene, ViewLayer | Synchronizing object | 05_layer_3_mineral_backing_0205
Fra:1 Mem:27.69M (Peak 27.69M) | Time:00:00.02 | Mem:0.00M, Peak:0.00M | Scene, ViewLayer | Synchronizing object | 05_layer_3_mineral_backing_0207
Fra:1 Mem:27.69M (Peak 27.69M) | Time:00:00.02 | Mem:0.00M, Peak:0.00M | Scene, ViewLayer | Synchronizing object | 07_inlaid_crystal_incisions_0208
Fra:1 Mem:27.70M (Peak 27.70M) | Time:00:00.02 | Mem:0.00M, Peak:0.00M | Scene, ViewLayer | Synchronizing object | 05_layer_3_mineral_backing_0211
Fra:1 Mem:27.70M (Peak 27.70M) | Time:00:00.02 | Mem:0.00M, Peak:0.00M | Scene, ViewLayer | Synchronizing object | 07_inlaid_crystal_incisions_0212
Fra:1 Mem:27.70M (Peak 27.70M) | Time:00:00.02 | Mem:0.00M, Peak:0.00M | Scene, ViewLayer | Synchronizing object | 07_inlaid_crystal_incisions_0214
Fra:1 Mem:27.70M (Peak 27.70M) | Time:00:00.02 | Mem:0.00M, Peak:0.00M | Scene, ViewLayer | Synchronizing object | 05_layer_3_mineral_backing_0215
Fra:1 Mem:27.70M (Peak 27.70M) | Time:00:00.02 | Mem:0.00M, Peak:0.00M | Scene, ViewLayer | Synchronizing object | 07_inlaid_crystal_incisions_0216
Fra:1 Mem:27.71M (Peak 27.71M) | Time:00:00.02 | Mem:0.00M, Peak:0.00M | Scene, ViewLayer | Synchronizing object | 05_layer_3_mineral_backing_0217
Fra:1 Mem:27.71M (Peak 27.71M) | Time:00:00.02 | Mem:0.00M, Peak:0.00M | Scene, ViewLayer | Synchronizing object | 07_inlaid_crystal_incisions_0218
Fra:1 Mem:27.71M (Peak 27.71M) | Time:00:00.02 | Mem:0.00M, Peak:0.00M | Scene, ViewLayer | Synchronizing object | 05_layer_3_mineral_backing_0219
Fra:1 Mem:27.72M (Peak 27.72M) | Time:00:00.02 | Mem:0.00M, Peak:0.00M | Scene, ViewLayer | Synchronizing object | 06_layer_2_carved_stone_0237
Fra:1 Mem:27.72M (Peak 27.72M) | Time:00:00.02 | Mem:0.00M, Peak:0.00M | Scene, ViewLayer | Synchronizing object | 11_corner_crystal_buds_0223
Fra:1 Mem:27.72M (Peak 27.72M) | Time:00:00.02 | Mem:0.00M, Peak:0.00M | Scene, ViewLayer | Synchronizing object | 11_corner_crystal_buds_0224
Fra:1 Mem:27.72M (Peak 27.72M) | Time:00:00.02 | Mem:0.00M, Peak:0.00M | Scene, ViewLayer | Synchronizing object | 06_layer_2_carved_stone_0236
Fra:1 Mem:27.72M (Peak 27.72M) | Time:00:00.02 | Mem:0.00M, Peak:0.00M | Scene, ViewLayer | Synchronizing object | 11_corner_crystal_buds_0225
Fra:1 Mem:27.73M (Peak 27.73M) | Time:00:00.02 | Mem:0.00M, Peak:0.00M | Scene, ViewLayer | Synchronizing object | 11_corner_crystal_buds_0226
Fra:1 Mem:27.73M (Peak 27.73M) | Time:00:00.02 | Mem:0.00M, Peak:0.00M | Scene, ViewLayer | Synchronizing object | 11_corner_crystal_buds_0228
Fra:1 Mem:27.73M (Peak 27.73M) | Time:00:00.02 | Mem:0.00M, Peak:0.00M | Scene, ViewLayer | Synchronizing object | 06_layer_2_carved_stone_0229
Fra:1 Mem:27.73M (Peak 27.73M) | Time:00:00.02 | Mem:0.00M, Peak:0.00M | Scene, ViewLayer | Synchronizing object | 06_layer_2_carved_stone_0231
Fra:1 Mem:27.74M (Peak 27.74M) | Time:00:00.02 | Mem:0.00M, Peak:0.00M | Scene, ViewLayer | Synchronizing object | 06_layer_2_carved_stone_0232
Fra:1 Mem:27.74M (Peak 27.74M) | Time:00:00.02 | Mem:0.00M, Peak:0.00M | Scene, ViewLayer | Synchronizing object | 06_layer_2_carved_stone_0233
Fra:1 Mem:27.74M (Peak 27.74M) | Time:00:00.02 | Mem:0.00M, Peak:0.00M | Scene, ViewLayer | Synchronizing object | 06_layer_2_carved_stone_0235
Fra:1 Mem:27.76M (Peak 27.76M) | Time:00:00.02 | Mem:0.00M, Peak:0.00M | Scene, ViewLayer | Initializing
Fra:1 Mem:19.35M (Peak 27.76M) | Time:00:00.03 | Mem:0.00M, Peak:0.00M | Scene, ViewLayer | Waiting for render to start
Fra:1 Mem:19.35M (Peak 27.76M) | Time:00:00.03 | Mem:0.00M, Peak:0.00M | Scene, ViewLayer | Loading render kernels (may take a few minutes the first time)
Fra:1 Mem:19.35M (Peak 27.76M) | Time:00:00.03 | Mem:0.00M, Peak:0.00M | Scene, ViewLayer | Updating Scene
Fra:1 Mem:19.35M (Peak 27.76M) | Time:00:00.03 | Mem:0.00M, Peak:0.00M | Scene, ViewLayer | Updating Shaders
Fra:1 Mem:19.61M (Peak 27.76M) | Time:00:00.09 | Mem:0.01M, Peak:0.01M | Scene, ViewLayer | Updating Procedurals
Fra:1 Mem:19.61M (Peak 27.76M) | Time:00:00.09 | Mem:0.01M, Peak:0.01M | Scene, ViewLayer | Updating Background
Fra:1 Mem:19.61M (Peak 27.76M) | Time:00:00.09 | Mem:0.01M, Peak:0.01M | Scene, ViewLayer | Updating Camera
Fra:1 Mem:19.61M (Peak 27.76M) | Time:00:00.09 | Mem:0.01M, Peak:0.01M | Scene, ViewLayer | Updating Meshes Flags
Fra:1 Mem:19.61M (Peak 27.76M) | Time:00:00.09 | Mem:0.01M, Peak:0.01M | Scene, ViewLayer | Updating Objects
Fra:1 Mem:19.61M (Peak 27.76M) | Time:00:00.09 | Mem:0.01M, Peak:0.01M | Scene, ViewLayer | Updating Objects | Copying Transformations to device
Fra:1 Mem:19.66M (Peak 27.76M) | Time:00:00.09 | Mem:0.06M, Peak:0.06M | Scene, ViewLayer | Updating Objects | Applying Static Transformations
Fra:1 Mem:19.66M (Peak 27.76M) | Time:00:00.09 | Mem:0.06M, Peak:0.06M | Scene, ViewLayer | Updating Particle Systems
Fra:1 Mem:19.66M (Peak 27.76M) | Time:00:00.09 | Mem:0.06M, Peak:0.06M | Scene, ViewLayer | Updating Particle Systems | Copying Particles to device
Fra:1 Mem:19.66M (Peak 27.76M) | Time:00:00.09 | Mem:0.06M, Peak:0.06M | Scene, ViewLayer | Updating Meshes
Fra:1 Mem:19.71M (Peak 27.76M) | Time:00:00.09 | Mem:0.06M, Peak:0.06M | Scene, ViewLayer | Updating Mesh | Computing attributes
Fra:1 Mem:20.05M (Peak 27.76M) | Time:00:00.09 | Mem:0.10M, Peak:0.10M | Scene, ViewLayer | Updating Mesh | Copying Attributes to device
Fra:1 Mem:19.97M (Peak 27.76M) | Time:00:00.09 | Mem:0.32M, Peak:0.32M | Scene, ViewLayer | Updating Geometry BVH Cube.001 1/242 | Building BVH
Fra:1 Mem:19.97M (Peak 27.76M) | Time:00:00.09 | Mem:0.32M, Peak:0.32M | Scene, ViewLayer | Updating Geometry BVH Cube.002 2/242 | Building BVH
Fra:1 Mem:19.97M (Peak 27.76M) | Time:00:00.09 | Mem:0.32M, Peak:0.32M | Scene, ViewLayer | Updating Geometry BVH Cube.004 4/242 | Building BVH
Fra:1 Mem:19.97M (Peak 27.76M) | Time:00:00.09 | Mem:0.32M, Peak:0.32M | Scene, ViewLayer | Updating Geometry BVH Cube.006 6/242 | Building BVH
Fra:1 Mem:19.97M (Peak 27.76M) | Time:00:00.09 | Mem:0.32M, Peak:0.32M | Scene, ViewLayer | Updating Geometry BVH Cube.242 242/242 | Building BVH
Fra:1 Mem:19.97M (Peak 27.76M) | Time:00:00.09 | Mem:0.32M, Peak:0.32M | Scene, ViewLayer | Updating Geometry BVH Cube.014 14/242 | Building BVH
Fra:1 Mem:19.97M (Peak 27.76M) | Time:00:00.09 | Mem:0.32M, Peak:0.32M | Scene, ViewLayer | Updating Geometry BVH Cube.015 15/242 | Building BVH
Fra:1 Mem:19.97M (Peak 27.76M) | Time:00:00.09 | Mem:0.32M, Peak:0.32M | Scene, ViewLayer | Updating Geometry BVH Cube.015 15/242 | Building BVH 0%
Fra:1 Mem:19.97M (Peak 27.76M) | Time:00:00.09 | Mem:0.32M, Peak:0.32M | Scene, ViewLayer | Updating Geometry BVH Cube.241 241/242 | Building BVH
Fra:1 Mem:19.97M (Peak 27.76M) | Time:00:00.09 | Mem:0.32M, Peak:0.32M | Scene, ViewLayer | Updating Geometry BVH Cube.016 16/242 | Building BVH
Fra:1 Mem:19.97M (Peak 27.76M) | Time:00:00.09 | Mem:0.33M, Peak:0.33M | Scene, ViewLayer | Updating Geometry BVH Cube.240 240/242 | Building BVH
Fra:1 Mem:19.97M (Peak 27.76M) | Time:00:00.09 | Mem:0.33M, Peak:0.33M | Scene, ViewLayer | Updating Geometry BVH Cube.017 17/242 | Building BVH
Fra:1 Mem:19.97M (Peak 27.76M) | Time:00:00.09 | Mem:0.33M, Peak:0.33M | Scene, ViewLayer | Updating Geometry BVH Cube.018 18/242 | Building BVH
Fra:1 Mem:19.97M (Peak 27.76M) | Time:00:00.09 | Mem:0.33M, Peak:0.33M | Scene, ViewLayer | Updating Geometry BVH Cube.019 19/242 | Building BVH
Fra:1 Mem:19.97M (Peak 27.76M) | Time:00:00.09 | Mem:0.33M, Peak:0.33M | Scene, ViewLayer | Updating Geometry BVH Cube.020 20/242 | Building BVH
Fra:1 Mem:19.97M (Peak 27.76M) | Time:00:00.09 | Mem:0.33M, Peak:0.33M | Scene, ViewLayer | Updating Geometry BVH Cube.021 21/242 | Building BVH
Fra:1 Mem:19.97M (Peak 27.76M) | Time:00:00.09 | Mem:0.33M, Peak:0.33M | Scene, ViewLayer | Updating Geometry BVH Cube.022 22/242 | Building BVH
Fra:1 Mem:19.97M (Peak 27.76M) | Time:00:00.09 | Mem:0.34M, Peak:0.34M | Scene, ViewLayer | Updating Geometry BVH Cube.024 24/242 | Building BVH
Fra:1 Mem:19.97M (Peak 27.76M) | Time:00:00.09 | Mem:0.34M, Peak:0.34M | Scene, ViewLayer | Updating Geometry BVH Cube.025 25/242 | Building BVH
Fra:1 Mem:19.97M (Peak 27.76M) | Time:00:00.09 | Mem:0.34M, Peak:0.34M | Scene, ViewLayer | Updating Geometry BVH Cube.027 27/242 | Building BVH
Fra:1 Mem:19.97M (Peak 27.76M) | Time:00:00.09 | Mem:0.34M, Peak:0.34M | Scene, ViewLayer | Updating Geometry BVH Cube.028 28/242 | Building BVH
Fra:1 Mem:19.97M (Peak 27.76M) | Time:00:00.09 | Mem:0.34M, Peak:0.34M | Scene, ViewLayer | Updating Geometry BVH Cube.029 29/242 | Building BVH
Fra:1 Mem:19.97M (Peak 27.76M) | Time:00:00.09 | Mem:0.34M, Peak:0.34M | Scene, ViewLayer | Updating Geometry BVH Cube.030 30/242 | Building BVH
Fra:1 Mem:19.97M (Peak 27.76M) | Time:00:00.09 | Mem:0.34M, Peak:0.34M | Scene, ViewLayer | Updating Geometry BVH Cube.031 31/242 | Building BVH
Fra:1 Mem:19.97M (Peak 27.76M) | Time:00:00.09 | Mem:0.35M, Peak:0.35M | Scene, ViewLayer | Updating Geometry BVH Cube.032 32/242 | Building BVH
Fra:1 Mem:19.97M (Peak 27.76M) | Time:00:00.09 | Mem:0.35M, Peak:0.35M | Scene, ViewLayer | Updating Geometry BVH Cube.239 239/242 | Building BVH
Fra:1 Mem:19.97M (Peak 27.76M) | Time:00:00.09 | Mem:0.35M, Peak:0.35M | Scene, ViewLayer | Updating Geometry BVH Cube.034 34/242 | Building BVH
Fra:1 Mem:19.97M (Peak 27.76M) | Time:00:00.09 | Mem:0.35M, Peak:0.35M | Scene, ViewLayer | Updating Geometry BVH Cube.035 35/242 | Building BVH
Fra:1 Mem:19.97M (Peak 27.76M) | Time:00:00.09 | Mem:0.35M, Peak:0.35M | Scene, ViewLayer | Updating Geometry BVH Cube.036 36/242 | Building BVH
Fra:1 Mem:19.97M (Peak 27.76M) | Time:00:00.09 | Mem:0.35M, Peak:0.35M | Scene, ViewLayer | Updating Geometry BVH Cube.037 37/242 | Building BVH
Fra:1 Mem:19.97M (Peak 27.76M) | Time:00:00.09 | Mem:0.36M, Peak:0.36M | Scene, ViewLayer | Updating Geometry BVH Cube.038 38/242 | Building BVH
Fra:1 Mem:19.97M (Peak 27.76M) | Time:00:00.09 | Mem:0.36M, Peak:0.36M | Scene, ViewLayer | Updating Geometry BVH Cube.039 39/242 | Building BVH
Fra:1 Mem:19.97M (Peak 27.76M) | Time:00:00.09 | Mem:0.36M, Peak:0.36M | Scene, ViewLayer | Updating Geometry BVH Cube.238 238/242 | Building BVH
Fra:1 Mem:19.97M (Peak 27.76M) | Time:00:00.09 | Mem:0.36M, Peak:0.36M | Scene, ViewLayer | Updating Geometry BVH Cube.040 40/242 | Building BVH
Fra:1 Mem:19.97M (Peak 27.76M) | Time:00:00.09 | Mem:0.36M, Peak:0.36M | Scene, ViewLayer | Updating Geometry BVH Cube.041 41/242 | Building BVH
Fra:1 Mem:19.97M (Peak 27.76M) | Time:00:00.09 | Mem:0.36M, Peak:0.36M | Scene, ViewLayer | Updating Geometry BVH Cube.042 42/242 | Building BVH
Fra:1 Mem:19.97M (Peak 27.76M) | Time:00:00.09 | Mem:0.36M, Peak:0.36M | Scene, ViewLayer | Updating Geometry BVH Cube.043 43/242 | Building BVH
Fra:1 Mem:19.97M (Peak 27.76M) | Time:00:00.09 | Mem:0.36M, Peak:0.37M | Scene, ViewLayer | Updating Geometry BVH Cube.044 44/242 | Building BVH
Fra:1 Mem:19.97M (Peak 27.76M) | Time:00:00.09 | Mem:0.37M, Peak:0.37M | Scene, ViewLayer | Updating Geometry BVH Cube.045 45/242 | Building BVH
Fra:1 Mem:19.97M (Peak 27.76M) | Time:00:00.09 | Mem:0.37M, Peak:0.37M | Scene, ViewLayer | Updating Geometry BVH Cube.046 46/242 | Building BVH
Fra:1 Mem:19.97M (Peak 27.76M) | Time:00:00.09 | Mem:0.37M, Peak:0.37M | Scene, ViewLayer | Updating Geometry BVH Cube.047 47/242 | Building BVH
Fra:1 Mem:19.97M (Peak 27.76M) | Time:00:00.09 | Mem:0.37M, Peak:0.37M | Scene, ViewLayer | Updating Geometry BVH Cube.048 48/242 | Building BVH
Fra:1 Mem:19.97M (Peak 27.76M) | Time:00:00.09 | Mem:0.37M, Peak:0.37M | Scene, ViewLayer | Updating Geometry BVH Cube.049 49/242 | Building BVH
Fra:1 Mem:19.97M (Peak 27.76M) | Time:00:00.09 | Mem:0.37M, Peak:0.37M | Scene, ViewLayer | Updating Geometry BVH Cube.050 50/242 | Building BVH
Fra:1 Mem:19.97M (Peak 27.76M) | Time:00:00.09 | Mem:0.38M, Peak:0.38M | Scene, ViewLayer | Updating Geometry BVH Cube.052 52/242 | Building BVH
Fra:1 Mem:19.97M (Peak 27.76M) | Time:00:00.09 | Mem:0.38M, Peak:0.38M | Scene, ViewLayer | Updating Geometry BVH Cube.053 53/242 | Building BVH
Fra:1 Mem:19.97M (Peak 27.76M) | Time:00:00.09 | Mem:0.38M, Peak:0.38M | Scene, ViewLayer | Updating Geometry BVH Cube.054 54/242 | Building BVH
Fra:1 Mem:19.97M (Peak 27.76M) | Time:00:00.09 | Mem:0.38M, Peak:0.38M | Scene, ViewLayer | Updating Geometry BVH Cube.055 55/242 | Building BVH
Fra:1 Mem:19.97M (Peak 27.76M) | Time:00:00.09 | Mem:0.38M, Peak:0.38M | Scene, ViewLayer | Updating Geometry BVH Cube.057 57/242 | Building BVH
Fra:1 Mem:19.97M (Peak 27.76M) | Time:00:00.09 | Mem:0.38M, Peak:0.39M | Scene, ViewLayer | Updating Geometry BVH Cube.058 58/242 | Building BVH
Fra:1 Mem:19.97M (Peak 27.76M) | Time:00:00.09 | Mem:0.38M, Peak:0.39M | Scene, ViewLayer | Updating Geometry BVH Cube.059 59/242 | Building BVH
Fra:1 Mem:19.97M (Peak 27.76M) | Time:00:00.09 | Mem:0.39M, Peak:0.39M | Scene, ViewLayer | Updating Geometry BVH Cube.060 60/242 | Building BVH
Fra:1 Mem:19.97M (Peak 27.76M) | Time:00:00.09 | Mem:0.39M, Peak:0.39M | Scene, ViewLayer | Updating Geometry BVH Cube.062 62/242 | Building BVH
Fra:1 Mem:19.97M (Peak 27.76M) | Time:00:00.09 | Mem:0.39M, Peak:0.39M | Scene, ViewLayer | Updating Geometry BVH Cube.063 63/242 | Building BVH
Fra:1 Mem:19.97M (Peak 27.76M) | Time:00:00.09 | Mem:0.39M, Peak:0.39M | Scene, ViewLayer | Updating Geometry BVH Cube.064 64/242 | Building BVH
Fra:1 Mem:19.97M (Peak 27.76M) | Time:00:00.09 | Mem:0.39M, Peak:0.39M | Scene, ViewLayer | Updating Geometry BVH Cube.065 65/242 | Building BVH
Fra:1 Mem:19.97M (Peak 27.76M) | Time:00:00.09 | Mem:0.39M, Peak:0.39M | Scene, ViewLayer | Updating Geometry BVH Cube.066 66/242 | Building BVH
Fra:1 Mem:19.97M (Peak 27.76M) | Time:00:00.09 | Mem:0.40M, Peak:0.40M | Scene, ViewLayer | Updating Geometry BVH Cube.067 67/242 | Building BVH
Fra:1 Mem:19.97M (Peak 27.76M) | Time:00:00.09 | Mem:0.40M, Peak:0.40M | Scene, ViewLayer | Updating Geometry BVH Cube.068 68/242 | Building BVH
Fra:1 Mem:19.97M (Peak 27.76M) | Time:00:00.09 | Mem:0.40M, Peak:0.40M | Scene, ViewLayer | Updating Geometry BVH Cube.069 69/242 | Building BVH
Fra:1 Mem:19.97M (Peak 27.76M) | Time:00:00.09 | Mem:0.40M, Peak:0.40M | Scene, ViewLayer | Updating Geometry BVH Cube.070 70/242 | Building BVH
Fra:1 Mem:19.97M (Peak 27.76M) | Time:00:00.09 | Mem:0.40M, Peak:0.40M | Scene, ViewLayer | Updating Geometry BVH Cube.071 71/242 | Building BVH
Fra:1 Mem:19.97M (Peak 27.76M) | Time:00:00.09 | Mem:0.40M, Peak:0.41M | Scene, ViewLayer | Updating Geometry BVH Cube.072 72/242 | Building BVH
Fra:1 Mem:19.97M (Peak 27.76M) | Time:00:00.09 | Mem:0.41M, Peak:0.41M | Scene, ViewLayer | Updating Geometry BVH Cube.237 237/242 | Building BVH
Fra:1 Mem:19.97M (Peak 27.76M) | Time:00:00.09 | Mem:0.41M, Peak:0.41M | Scene, ViewLayer | Updating Geometry BVH Cube.236 236/242 | Building BVH
Fra:1 Mem:19.97M (Peak 27.76M) | Time:00:00.09 | Mem:0.41M, Peak:0.41M | Scene, ViewLayer | Updating Geometry BVH Cube.075 75/242 | Building BVH
Fra:1 Mem:19.97M (Peak 27.76M) | Time:00:00.09 | Mem:0.41M, Peak:0.41M | Scene, ViewLayer | Updating Geometry BVH Cube.235 235/242 | Building BVH
Fra:1 Mem:19.97M (Peak 27.76M) | Time:00:00.09 | Mem:0.41M, Peak:0.41M | Scene, ViewLayer | Updating Geometry BVH Cube.076 76/242 | Building BVH
Fra:1 Mem:19.97M (Peak 27.76M) | Time:00:00.09 | Mem:0.41M, Peak:0.41M | Scene, ViewLayer | Updating Geometry BVH Cube.077 77/242 | Building BVH
Fra:1 Mem:19.97M (Peak 27.76M) | Time:00:00.09 | Mem:0.42M, Peak:0.42M | Scene, ViewLayer | Updating Geometry BVH Cube.078 78/242 | Building BVH
Fra:1 Mem:19.97M (Peak 27.76M) | Time:00:00.09 | Mem:0.42M, Peak:0.42M | Scene, ViewLayer | Updating Geometry BVH Cube.079 79/242 | Building BVH
Fra:1 Mem:19.97M (Peak 27.76M) | Time:00:00.09 | Mem:0.42M, Peak:0.42M | Scene, ViewLayer | Updating Geometry BVH Cube.080 80/242 | Building BVH
Fra:1 Mem:19.97M (Peak 27.76M) | Time:00:00.09 | Mem:0.42M, Peak:0.42M | Scene, ViewLayer | Updating Geometry BVH Cube.081 81/242 | Building BVH
Fra:1 Mem:19.97M (Peak 27.76M) | Time:00:00.09 | Mem:0.42M, Peak:0.42M | Scene, ViewLayer | Updating Geometry BVH Cube.082 82/242 | Building BVH
Fra:1 Mem:19.97M (Peak 27.76M) | Time:00:00.09 | Mem:0.42M, Peak:0.42M | Scene, ViewLayer | Updating Geometry BVH Cube.083 83/242 | Building BVH
Fra:1 Mem:19.97M (Peak 27.76M) | Time:00:00.09 | Mem:0.42M, Peak:0.42M | Scene, ViewLayer | Updating Geometry BVH Cube.234 234/242 | Building BVH
Fra:1 Mem:19.97M (Peak 27.76M) | Time:00:00.09 | Mem:0.42M, Peak:0.42M | Scene, ViewLayer | Updating Geometry BVH Cube.084 84/242 | Building BVH
Fra:1 Mem:19.97M (Peak 27.76M) | Time:00:00.09 | Mem:0.43M, Peak:0.43M | Scene, ViewLayer | Updating Geometry BVH Cube.085 85/242 | Building BVH
Fra:1 Mem:19.97M (Peak 27.76M) | Time:00:00.09 | Mem:0.43M, Peak:0.43M | Scene, ViewLayer | Updating Geometry BVH Cube.086 86/242 | Building BVH
Fra:1 Mem:19.97M (Peak 27.76M) | Time:00:00.09 | Mem:0.43M, Peak:0.43M | Scene, ViewLayer | Updating Geometry BVH Cube.087 87/242 | Building BVH
Fra:1 Mem:19.97M (Peak 27.76M) | Time:00:00.09 | Mem:0.43M, Peak:0.43M | Scene, ViewLayer | Updating Geometry BVH Cube.088 88/242 | Building BVH
Fra:1 Mem:19.97M (Peak 27.76M) | Time:00:00.09 | Mem:0.43M, Peak:0.43M | Scene, ViewLayer | Updating Geometry BVH Cube.089 89/242 | Building BVH
Fra:1 Mem:19.97M (Peak 27.76M) | Time:00:00.09 | Mem:0.43M, Peak:0.43M | Scene, ViewLayer | Updating Geometry BVH Cube.090 90/242 | Building BVH
Fra:1 Mem:19.97M (Peak 27.76M) | Time:00:00.09 | Mem:0.43M, Peak:0.43M | Scene, ViewLayer | Updating Geometry BVH Cube.091 91/242 | Building BVH
Fra:1 Mem:19.97M (Peak 27.76M) | Time:00:00.09 | Mem:0.43M, Peak:0.43M | Scene, ViewLayer | Updating Geometry BVH Cube.092 92/242 | Building BVH
Fra:1 Mem:19.97M (Peak 27.76M) | Time:00:00.09 | Mem:0.44M, Peak:0.44M | Scene, ViewLayer | Updating Geometry BVH Cube.093 93/242 | Building BVH
Fra:1 Mem:19.97M (Peak 27.76M) | Time:00:00.09 | Mem:0.44M, Peak:0.44M | Scene, ViewLayer | Updating Geometry BVH Cube.094 94/242 | Building BVH
Fra:1 Mem:19.97M (Peak 27.76M) | Time:00:00.09 | Mem:0.44M, Peak:0.44M | Scene, ViewLayer | Updating Geometry BVH Cube.096 96/242 | Building BVH
Fra:1 Mem:19.97M (Peak 27.76M) | Time:00:00.09 | Mem:0.44M, Peak:0.44M | Scene, ViewLayer | Updating Geometry BVH Cube.097 97/242 | Building BVH
Fra:1 Mem:19.97M (Peak 27.76M) | Time:00:00.09 | Mem:0.44M, Peak:0.44M | Scene, ViewLayer | Updating Geometry BVH Cube.098 98/242 | Building BVH
Fra:1 Mem:19.97M (Peak 27.76M) | Time:00:00.09 | Mem:0.44M, Peak:0.44M | Scene, ViewLayer | Updating Geometry BVH Cube.099 99/242 | Building BVH
Fra:1 Mem:19.97M (Peak 27.76M) | Time:00:00.09 | Mem:0.45M, Peak:0.45M | Scene, ViewLayer | Updating Geometry BVH Cube.100 100/242 | Building BVH
Fra:1 Mem:19.97M (Peak 27.76M) | Time:00:00.09 | Mem:0.45M, Peak:0.45M | Scene, ViewLayer | Updating Geometry BVH Cube.101 101/242 | Building BVH
Fra:1 Mem:19.97M (Peak 27.76M) | Time:00:00.09 | Mem:0.45M, Peak:0.45M | Scene, ViewLayer | Updating Geometry BVH Cube.103 103/242 | Building BVH
Fra:1 Mem:19.97M (Peak 27.76M) | Time:00:00.09 | Mem:0.45M, Peak:0.45M | Scene, ViewLayer | Updating Geometry BVH Cube.104 104/242 | Building BVH
Fra:1 Mem:19.97M (Peak 27.76M) | Time:00:00.09 | Mem:0.45M, Peak:0.45M | Scene, ViewLayer | Updating Geometry BVH Cube.105 105/242 | Building BVH
Fra:1 Mem:19.97M (Peak 27.76M) | Time:00:00.09 | Mem:0.45M, Peak:0.45M | Scene, ViewLayer | Updating Geometry BVH Cube.233 233/242 | Building BVH
Fra:1 Mem:19.97M (Peak 27.76M) | Time:00:00.09 | Mem:0.45M, Peak:0.46M | Scene, ViewLayer | Updating Geometry BVH Cube.106 106/242 | Building BVH
Fra:1 Mem:19.97M (Peak 27.76M) | Time:00:00.09 | Mem:0.46M, Peak:0.46M | Scene, ViewLayer | Updating Geometry BVH Cube.107 107/242 | Building BVH
Fra:1 Mem:19.97M (Peak 27.76M) | Time:00:00.09 | Mem:0.46M, Peak:0.46M | Scene, ViewLayer | Updating Geometry BVH Cube.108 108/242 | Building BVH
Fra:1 Mem:19.97M (Peak 27.76M) | Time:00:00.09 | Mem:0.46M, Peak:0.46M | Scene, ViewLayer | Updating Geometry BVH Cube.109 109/242 | Building BVH
Fra:1 Mem:19.97M (Peak 27.76M) | Time:00:00.09 | Mem:0.46M, Peak:0.46M | Scene, ViewLayer | Updating Geometry BVH Cube.110 110/242 | Building BVH
Fra:1 Mem:19.97M (Peak 27.76M) | Time:00:00.09 | Mem:0.46M, Peak:0.46M | Scene, ViewLayer | Updating Geometry BVH Cube.111 111/242 | Building BVH
Fra:1 Mem:19.97M (Peak 27.76M) | Time:00:00.09 | Mem:0.46M, Peak:0.46M | Scene, ViewLayer | Updating Geometry BVH Cube.112 112/242 | Building BVH
Fra:1 Mem:19.97M (Peak 27.76M) | Time:00:00.09 | Mem:0.46M, Peak:0.46M | Scene, ViewLayer | Updating Geometry BVH Cube.113 113/242 | Building BVH
Fra:1 Mem:19.97M (Peak 27.76M) | Time:00:00.09 | Mem:0.47M, Peak:0.47M | Scene, ViewLayer | Updating Geometry BVH Cube.114 114/242 | Building BVH
Fra:1 Mem:19.97M (Peak 27.76M) | Time:00:00.09 | Mem:0.47M, Peak:0.47M | Scene, ViewLayer | Updating Geometry BVH Cube.115 115/242 | Building BVH
Fra:1 Mem:19.97M (Peak 27.76M) | Time:00:00.09 | Mem:0.47M, Peak:0.47M | Scene, ViewLayer | Updating Geometry BVH Cube.116 116/242 | Building BVH
Fra:1 Mem:19.97M (Peak 27.76M) | Time:00:00.09 | Mem:0.47M, Peak:0.47M | Scene, ViewLayer | Updating Geometry BVH Cube.117 117/242 | Building BVH
Fra:1 Mem:19.97M (Peak 27.76M) | Time:00:00.09 | Mem:0.47M, Peak:0.47M | Scene, ViewLayer | Updating Geometry BVH Cube.118 118/242 | Building BVH
Fra:1 Mem:19.97M (Peak 27.76M) | Time:00:00.09 | Mem:0.47M, Peak:0.47M | Scene, ViewLayer | Updating Geometry BVH Cube.119 119/242 | Building BVH
Fra:1 Mem:19.97M (Peak 27.76M) | Time:00:00.09 | Mem:0.47M, Peak:0.47M | Scene, ViewLayer | Updating Geometry BVH Cube.120 120/242 | Building BVH
Fra:1 Mem:19.97M (Peak 27.76M) | Time:00:00.09 | Mem:0.47M, Peak:0.48M | Scene, ViewLayer | Updating Geometry BVH Cube.121 121/242 | Building BVH
Fra:1 Mem:19.97M (Peak 27.76M) | Time:00:00.09 | Mem:0.48M, Peak:0.48M | Scene, ViewLayer | Updating Geometry BVH Cube.122 122/242 | Building BVH
Fra:1 Mem:19.97M (Peak 27.76M) | Time:00:00.09 | Mem:0.48M, Peak:0.48M | Scene, ViewLayer | Updating Geometry BVH Cube.124 124/242 | Building BVH
Fra:1 Mem:19.97M (Peak 27.76M) | Time:00:00.09 | Mem:0.48M, Peak:0.48M | Scene, ViewLayer | Updating Geometry BVH Cube.125 125/242 | Building BVH
Fra:1 Mem:19.97M (Peak 27.76M) | Time:00:00.09 | Mem:0.48M, Peak:0.48M | Scene, ViewLayer | Updating Geometry BVH Cube.126 126/242 | Building BVH
Fra:1 Mem:19.97M (Peak 27.76M) | Time:00:00.09 | Mem:0.48M, Peak:0.48M | Scene, ViewLayer | Updating Geometry BVH Cube.128 128/242 | Building BVH
Fra:1 Mem:19.97M (Peak 27.76M) | Time:00:00.09 | Mem:0.49M, Peak:0.49M | Scene, ViewLayer | Updating Geometry BVH Cube.129 129/242 | Building BVH
Fra:1 Mem:19.97M (Peak 27.76M) | Time:00:00.09 | Mem:0.49M, Peak:0.49M | Scene, ViewLayer | Updating Geometry BVH Cube.130 130/242 | Building BVH
Fra:1 Mem:19.97M (Peak 27.76M) | Time:00:00.09 | Mem:0.49M, Peak:0.49M | Scene, ViewLayer | Updating Geometry BVH Cube.131 131/242 | Building BVH
Fra:1 Mem:19.97M (Peak 27.76M) | Time:00:00.09 | Mem:0.49M, Peak:0.49M | Scene, ViewLayer | Updating Geometry BVH Cube.132 132/242 | Building BVH
Fra:1 Mem:19.97M (Peak 27.76M) | Time:00:00.09 | Mem:0.49M, Peak:0.49M | Scene, ViewLayer | Updating Geometry BVH Cube.133 133/242 | Building BVH
Fra:1 Mem:19.97M (Peak 27.76M) | Time:00:00.09 | Mem:0.49M, Peak:0.49M | Scene, ViewLayer | Updating Geometry BVH Cube.134 134/242 | Building BVH
Fra:1 Mem:19.97M (Peak 27.76M) | Time:00:00.09 | Mem:0.49M, Peak:0.49M | Scene, ViewLayer | Updating Geometry BVH Cube.135 135/242 | Building BVH
Fra:1 Mem:19.97M (Peak 27.76M) | Time:00:00.09 | Mem:0.49M, Peak:0.50M | Scene, ViewLayer | Updating Geometry BVH Cube.136 136/242 | Building BVH
Fra:1 Mem:19.97M (Peak 27.76M) | Time:00:00.09 | Mem:0.50M, Peak:0.50M | Scene, ViewLayer | Updating Geometry BVH Cube.137 137/242 | Building BVH
Fra:1 Mem:19.97M (Peak 27.76M) | Time:00:00.09 | Mem:0.50M, Peak:0.50M | Scene, ViewLayer | Updating Geometry BVH Cube.139 139/242 | Building BVH
Fra:1 Mem:19.97M (Peak 27.76M) | Time:00:00.09 | Mem:0.50M, Peak:0.50M | Scene, ViewLayer | Updating Geometry BVH Cube.140 140/242 | Building BVH
Fra:1 Mem:19.97M (Peak 27.76M) | Time:00:00.09 | Mem:0.50M, Peak:0.50M | Scene, ViewLayer | Updating Geometry BVH Cube.141 141/242 | Building BVH
Fra:1 Mem:19.97M (Peak 27.76M) | Time:00:00.09 | Mem:0.50M, Peak:0.50M | Scene, ViewLayer | Updating Geometry BVH Cube.142 142/242 | Building BVH
Fra:1 Mem:19.97M (Peak 27.76M) | Time:00:00.09 | Mem:0.51M, Peak:0.51M | Scene, ViewLayer | Updating Geometry BVH Cube.143 143/242 | Building BVH
Fra:1 Mem:19.97M (Peak 27.76M) | Time:00:00.09 | Mem:0.51M, Peak:0.51M | Scene, ViewLayer | Updating Geometry BVH Cube.144 144/242 | Building BVH
Fra:1 Mem:19.97M (Peak 27.76M) | Time:00:00.09 | Mem:0.51M, Peak:0.51M | Scene, ViewLayer | Updating Geometry BVH Cube.145 145/242 | Building BVH
Fra:1 Mem:19.97M (Peak 27.76M) | Time:00:00.09 | Mem:0.51M, Peak:0.51M | Scene, ViewLayer | Updating Geometry BVH Cube.146 146/242 | Building BVH
Fra:1 Mem:19.97M (Peak 27.76M) | Time:00:00.09 | Mem:0.51M, Peak:0.51M | Scene, ViewLayer | Updating Geometry BVH Cube.148 148/242 | Building BVH
Fra:1 Mem:19.97M (Peak 27.76M) | Time:00:00.09 | Mem:0.51M, Peak:0.51M | Scene, ViewLayer | Updating Geometry BVH Cube.149 149/242 | Building BVH
Fra:1 Mem:19.97M (Peak 27.76M) | Time:00:00.09 | Mem:0.52M, Peak:0.52M | Scene, ViewLayer | Updating Geometry BVH Cube.150 150/242 | Building BVH
Fra:1 Mem:19.97M (Peak 27.76M) | Time:00:00.09 | Mem:0.52M, Peak:0.52M | Scene, ViewLayer | Updating Geometry BVH Cube.151 151/242 | Building BVH
Fra:1 Mem:19.97M (Peak 27.76M) | Time:00:00.09 | Mem:0.52M, Peak:0.52M | Scene, ViewLayer | Updating Geometry BVH Cube.152 152/242 | Building BVH
Fra:1 Mem:19.97M (Peak 27.76M) | Time:00:00.09 | Mem:0.52M, Peak:0.52M | Scene, ViewLayer | Updating Geometry BVH Cube.153 153/242 | Building BVH
Fra:1 Mem:19.97M (Peak 27.76M) | Time:00:00.09 | Mem:0.52M, Peak:0.52M | Scene, ViewLayer | Updating Geometry BVH Cube.154 154/242 | Building BVH
Fra:1 Mem:19.97M (Peak 27.76M) | Time:00:00.09 | Mem:0.52M, Peak:0.52M | Scene, ViewLayer | Updating Geometry BVH Cube.155 155/242 | Building BVH
Fra:1 Mem:19.97M (Peak 27.76M) | Time:00:00.09 | Mem:0.52M, Peak:0.52M | Scene, ViewLayer | Updating Geometry BVH Cube.156 156/242 | Building BVH
Fra:1 Mem:19.97M (Peak 27.76M) | Time:00:00.09 | Mem:0.52M, Peak:0.52M | Scene, ViewLayer | Updating Geometry BVH Cube.157 157/242 | Building BVH
Fra:1 Mem:19.97M (Peak 27.76M) | Time:00:00.09 | Mem:0.53M, Peak:0.53M | Scene, ViewLayer | Updating Geometry BVH Cube.158 158/242 | Building BVH
Fra:1 Mem:19.97M (Peak 27.76M) | Time:00:00.09 | Mem:0.53M, Peak:0.53M | Scene, ViewLayer | Updating Geometry BVH Cube.159 159/242 | Building BVH
Fra:1 Mem:19.97M (Peak 27.76M) | Time:00:00.09 | Mem:0.53M, Peak:0.53M | Scene, ViewLayer | Updating Geometry BVH Cube.160 160/242 | Building BVH
Fra:1 Mem:19.97M (Peak 27.76M) | Time:00:00.09 | Mem:0.53M, Peak:0.53M | Scene, ViewLayer | Updating Geometry BVH Cube.163 163/242 | Building BVH
Fra:1 Mem:19.97M (Peak 27.76M) | Time:00:00.09 | Mem:0.53M, Peak:0.53M | Scene, ViewLayer | Updating Geometry BVH Cube.164 164/242 | Building BVH
Fra:1 Mem:19.97M (Peak 27.76M) | Time:00:00.09 | Mem:0.54M, Peak:0.54M | Scene, ViewLayer | Updating Geometry BVH Cube.165 165/242 | Building BVH
Fra:1 Mem:19.97M (Peak 27.76M) | Time:00:00.09 | Mem:0.54M, Peak:0.54M | Scene, ViewLayer | Updating Geometry BVH Cube.166 166/242 | Building BVH
Fra:1 Mem:19.97M (Peak 27.76M) | Time:00:00.09 | Mem:0.54M, Peak:0.54M | Scene, ViewLayer | Updating Geometry BVH Cube.167 167/242 | Building BVH
Fra:1 Mem:19.97M (Peak 27.76M) | Time:00:00.09 | Mem:0.54M, Peak:0.54M | Scene, ViewLayer | Updating Geometry BVH Cube.169 169/242 | Building BVH
Fra:1 Mem:19.97M (Peak 27.76M) | Time:00:00.09 | Mem:0.54M, Peak:0.54M | Scene, ViewLayer | Updating Geometry BVH Cube.171 171/242 | Building BVH
Fra:1 Mem:19.97M (Peak 27.76M) | Time:00:00.09 | Mem:0.54M, Peak:0.55M | Scene, ViewLayer | Updating Geometry BVH Cube.172 172/242 | Building BVH
Fra:1 Mem:19.97M (Peak 27.76M) | Time:00:00.09 | Mem:0.54M, Peak:0.55M | Scene, ViewLayer | Updating Geometry BVH Cube.173 173/242 | Building BVH
Fra:1 Mem:19.97M (Peak 27.76M) | Time:00:00.09 | Mem:0.55M, Peak:0.55M | Scene, ViewLayer | Updating Geometry BVH Cube.175 175/242 | Building BVH
Fra:1 Mem:19.97M (Peak 27.76M) | Time:00:00.09 | Mem:0.55M, Peak:0.55M | Scene, ViewLayer | Updating Geometry BVH Cube.176 176/242 | Building BVH
Fra:1 Mem:19.97M (Peak 27.76M) | Time:00:00.09 | Mem:0.55M, Peak:0.55M | Scene, ViewLayer | Updating Geometry BVH Cube.177 177/242 | Building BVH
Fra:1 Mem:19.97M (Peak 27.76M) | Time:00:00.09 | Mem:0.55M, Peak:0.55M | Scene, ViewLayer | Updating Geometry BVH Cube.178 178/242 | Building BVH
Fra:1 Mem:19.97M (Peak 27.76M) | Time:00:00.09 | Mem:0.55M, Peak:0.55M | Scene, ViewLayer | Updating Geometry BVH Cube.179 179/242 | Building BVH
Fra:1 Mem:19.97M (Peak 27.76M) | Time:00:00.09 | Mem:0.56M, Peak:0.56M | Scene, ViewLayer | Updating Geometry BVH Cube.181 181/242 | Building BVH
Fra:1 Mem:19.97M (Peak 27.76M) | Time:00:00.09 | Mem:0.56M, Peak:0.56M | Scene, ViewLayer | Updating Geometry BVH Cube.182 182/242 | Building BVH
Fra:1 Mem:19.97M (Peak 27.76M) | Time:00:00.09 | Mem:0.56M, Peak:0.56M | Scene, ViewLayer | Updating Geometry BVH Cube.183 183/242 | Building BVH
Fra:1 Mem:19.97M (Peak 27.76M) | Time:00:00.09 | Mem:0.56M, Peak:0.56M | Scene, ViewLayer | Updating Geometry BVH Cube.184 184/242 | Building BVH
Fra:1 Mem:19.97M (Peak 27.76M) | Time:00:00.09 | Mem:0.56M, Peak:0.56M | Scene, ViewLayer | Updating Geometry BVH Cube.185 185/242 | Building BVH
Fra:1 Mem:19.97M (Peak 27.76M) | Time:00:00.09 | Mem:0.56M, Peak:0.56M | Scene, ViewLayer | Updating Geometry BVH Cube.186 186/242 | Building BVH
Fra:1 Mem:19.97M (Peak 27.76M) | Time:00:00.09 | Mem:0.56M, Peak:0.56M | Scene, ViewLayer | Updating Geometry BVH Cube.187 187/242 | Building BVH
Fra:1 Mem:19.97M (Peak 27.76M) | Time:00:00.09 | Mem:0.56M, Peak:0.57M | Scene, ViewLayer | Updating Geometry BVH Cube.188 188/242 | Building BVH
Fra:1 Mem:19.97M (Peak 27.76M) | Time:00:00.09 | Mem:0.57M, Peak:0.57M | Scene, ViewLayer | Updating Geometry BVH Cube.189 189/242 | Building BVH
Fra:1 Mem:19.97M (Peak 27.76M) | Time:00:00.09 | Mem:0.57M, Peak:0.57M | Scene, ViewLayer | Updating Geometry BVH Cube.191 191/242 | Building BVH
Fra:1 Mem:19.97M (Peak 27.76M) | Time:00:00.09 | Mem:0.57M, Peak:0.57M | Scene, ViewLayer | Updating Geometry BVH Cube.192 192/242 | Building BVH
Fra:1 Mem:19.97M (Peak 27.76M) | Time:00:00.09 | Mem:0.57M, Peak:0.57M | Scene, ViewLayer | Updating Geometry BVH Cube.193 193/242 | Building BVH
Fra:1 Mem:19.97M (Peak 27.76M) | Time:00:00.09 | Mem:0.57M, Peak:0.57M | Scene, ViewLayer | Updating Geometry BVH Cube.194 194/242 | Building BVH
Fra:1 Mem:19.97M (Peak 27.76M) | Time:00:00.09 | Mem:0.58M, Peak:0.58M | Scene, ViewLayer | Updating Geometry BVH Cube.195 195/242 | Building BVH
Fra:1 Mem:19.97M (Peak 27.76M) | Time:00:00.09 | Mem:0.58M, Peak:0.58M | Scene, ViewLayer | Updating Geometry BVH Cube.196 196/242 | Building BVH
Fra:1 Mem:19.97M (Peak 27.76M) | Time:00:00.09 | Mem:0.58M, Peak:0.58M | Scene, ViewLayer | Updating Geometry BVH Cube.232 232/242 | Building BVH
Fra:1 Mem:19.97M (Peak 27.76M) | Time:00:00.09 | Mem:0.58M, Peak:0.58M | Scene, ViewLayer | Updating Geometry BVH Cube.197 197/242 | Building BVH
Fra:1 Mem:19.97M (Peak 27.76M) | Time:00:00.09 | Mem:0.58M, Peak:0.58M | Scene, ViewLayer | Updating Geometry BVH Cube.198 198/242 | Building BVH
Fra:1 Mem:19.97M (Peak 27.76M) | Time:00:00.09 | Mem:0.58M, Peak:0.58M | Scene, ViewLayer | Updating Geometry BVH Cube.199 199/242 | Building BVH
Fra:1 Mem:19.97M (Peak 27.76M) | Time:00:00.09 | Mem:0.58M, Peak:0.59M | Scene, ViewLayer | Updating Geometry BVH Cube.200 200/242 | Building BVH
Fra:1 Mem:19.97M (Peak 27.76M) | Time:00:00.09 | Mem:0.59M, Peak:0.59M | Scene, ViewLayer | Updating Geometry BVH Cube.201 201/242 | Building BVH
Fra:1 Mem:19.97M (Peak 27.76M) | Time:00:00.09 | Mem:0.59M, Peak:0.59M | Scene, ViewLayer | Updating Geometry BVH Cube.202 202/242 | Building BVH
Fra:1 Mem:19.97M (Peak 27.76M) | Time:00:00.09 | Mem:0.59M, Peak:0.59M | Scene, ViewLayer | Updating Geometry BVH Cube.203 203/242 | Building BVH
Fra:1 Mem:19.97M (Peak 27.76M) | Time:00:00.09 | Mem:0.59M, Peak:0.59M | Scene, ViewLayer | Updating Geometry BVH Cube.204 204/242 | Building BVH
Fra:1 Mem:19.97M (Peak 27.76M) | Time:00:00.09 | Mem:0.59M, Peak:0.59M | Scene, ViewLayer | Updating Geometry BVH Cube.205 205/242 | Building BVH
Fra:1 Mem:19.97M (Peak 27.76M) | Time:00:00.09 | Mem:0.59M, Peak:0.59M | Scene, ViewLayer | Updating Geometry BVH Cube.206 206/242 | Building BVH
Fra:1 Mem:19.97M (Peak 27.76M) | Time:00:00.09 | Mem:0.59M, Peak:0.59M | Scene, ViewLayer | Updating Geometry BVH Cube.207 207/242 | Building BVH
Fra:1 Mem:19.97M (Peak 27.76M) | Time:00:00.09 | Mem:0.59M, Peak:0.59M | Scene, ViewLayer | Updating Geometry BVH Cube.208 208/242 | Building BVH
Fra:1 Mem:19.97M (Peak 27.76M) | Time:00:00.09 | Mem:0.60M, Peak:0.60M | Scene, ViewLayer | Updating Geometry BVH Cube.209 209/242 | Building BVH
Fra:1 Mem:19.97M (Peak 27.76M) | Time:00:00.09 | Mem:0.60M, Peak:0.60M | Scene, ViewLayer | Updating Geometry BVH Cube.210 210/242 | Building BVH
Fra:1 Mem:19.97M (Peak 27.76M) | Time:00:00.09 | Mem:0.60M, Peak:0.60M | Scene, ViewLayer | Updating Geometry BVH Cube.211 211/242 | Building BVH
Fra:1 Mem:19.97M (Peak 27.76M) | Time:00:00.09 | Mem:0.60M, Peak:0.60M | Scene, ViewLayer | Updating Geometry BVH Cube.230 230/242 | Building BVH
Fra:1 Mem:19.97M (Peak 27.76M) | Time:00:00.09 | Mem:0.60M, Peak:0.60M | Scene, ViewLayer | Updating Geometry BVH Cube.212 212/242 | Building BVH
Fra:1 Mem:19.97M (Peak 27.76M) | Time:00:00.09 | Mem:0.60M, Peak:0.60M | Scene, ViewLayer | Updating Geometry BVH Cube.213 213/242 | Building BVH
Fra:1 Mem:19.97M (Peak 27.76M) | Time:00:00.09 | Mem:0.60M, Peak:0.60M | Scene, ViewLayer | Updating Geometry BVH Cube.214 214/242 | Building BVH
Fra:1 Mem:19.97M (Peak 27.76M) | Time:00:00.09 | Mem:0.61M, Peak:0.61M | Scene, ViewLayer | Updating Geometry BVH Cube.215 215/242 | Building BVH
Fra:1 Mem:19.97M (Peak 27.76M) | Time:00:00.09 | Mem:0.61M, Peak:0.61M | Scene, ViewLayer | Updating Geometry BVH Cube.216 216/242 | Building BVH
Fra:1 Mem:19.97M (Peak 27.76M) | Time:00:00.09 | Mem:0.61M, Peak:0.61M | Scene, ViewLayer | Updating Geometry BVH Cube.217 217/242 | Building BVH
Fra:1 Mem:19.97M (Peak 27.76M) | Time:00:00.09 | Mem:0.61M, Peak:0.61M | Scene, ViewLayer | Updating Geometry BVH Cube.218 218/242 | Building BVH
Fra:1 Mem:19.97M (Peak 27.76M) | Time:00:00.09 | Mem:0.61M, Peak:0.61M | Scene, ViewLayer | Updating Geometry BVH Cube.219 219/242 | Building BVH
Fra:1 Mem:19.97M (Peak 27.76M) | Time:00:00.09 | Mem:0.61M, Peak:0.61M | Scene, ViewLayer | Updating Geometry BVH Cube.220 220/242 | Building BVH
Fra:1 Mem:19.97M (Peak 27.76M) | Time:00:00.09 | Mem:0.61M, Peak:0.61M | Scene, ViewLayer | Updating Geometry BVH Cube.221 221/242 | Building BVH
Fra:1 Mem:19.97M (Peak 27.76M) | Time:00:00.09 | Mem:0.61M, Peak:0.61M | Scene, ViewLayer | Updating Geometry BVH Cube.222 222/242 | Building BVH
Fra:1 Mem:19.97M (Peak 27.76M) | Time:00:00.09 | Mem:0.62M, Peak:0.62M | Scene, ViewLayer | Updating Geometry BVH Cube.223 223/242 | Building BVH
Fra:1 Mem:19.97M (Peak 27.76M) | Time:00:00.09 | Mem:0.62M, Peak:0.62M | Scene, ViewLayer | Updating Geometry BVH Cube.225 225/242 | Building BVH
Fra:1 Mem:19.97M (Peak 27.76M) | Time:00:00.09 | Mem:0.62M, Peak:0.62M | Scene, ViewLayer | Updating Geometry BVH Cube.226 226/242 | Building BVH
Fra:1 Mem:19.97M (Peak 27.76M) | Time:00:00.09 | Mem:0.62M, Peak:0.62M | Scene, ViewLayer | Updating Geometry BVH Cube.227 227/242 | Building BVH
Fra:1 Mem:19.97M (Peak 27.76M) | Time:00:00.09 | Mem:0.62M, Peak:0.62M | Scene, ViewLayer | Updating Geometry BVH Cube.228 228/242 | Building BVH
Fra:1 Mem:19.97M (Peak 27.76M) | Time:00:00.09 | Mem:0.62M, Peak:0.62M | Scene, ViewLayer | Updating Geometry BVH Cube.229 229/242 | Building BVH
Fra:1 Mem:19.97M (Peak 27.76M) | Time:00:00.09 | Mem:0.65M, Peak:0.65M | Scene, ViewLayer | Updating Scene BVH | Building
Fra:1 Mem:19.97M (Peak 27.76M) | Time:00:00.09 | Mem:0.65M, Peak:0.65M | Scene, ViewLayer | Updating Scene BVH | Building BVH
Fra:1 Mem:19.97M (Peak 27.76M) | Time:00:00.09 | Mem:0.67M, Peak:0.67M | Scene, ViewLayer | Updating Scene BVH | Copying BVH to device
Fra:1 Mem:19.97M (Peak 27.76M) | Time:00:00.09 | Mem:0.67M, Peak:0.67M | Scene, ViewLayer | Updating Mesh | Computing normals
Fra:1 Mem:20.18M (Peak 27.76M) | Time:00:00.09 | Mem:0.67M, Peak:0.67M | Scene, ViewLayer | Updating Mesh | Copying Mesh to device
Fra:1 Mem:20.18M (Peak 27.76M) | Time:00:00.09 | Mem:0.87M, Peak:0.87M | Scene, ViewLayer | Updating Objects Flags
Fra:1 Mem:20.18M (Peak 27.76M) | Time:00:00.09 | Mem:0.87M, Peak:0.87M | Scene, ViewLayer | Updating Primitive Offsets
Fra:1 Mem:20.18M (Peak 27.76M) | Time:00:00.09 | Mem:0.87M, Peak:0.87M | Scene, ViewLayer | Updating Images
Fra:1 Mem:20.18M (Peak 27.76M) | Time:00:00.09 | Mem:0.87M, Peak:0.87M | Scene, ViewLayer | Updating Images | Loading lining_light.png
Fra:1 Mem:20.18M (Peak 27.76M) | Time:00:00.09 | Mem:0.87M, Peak:0.87M | Scene, ViewLayer | Updating Images | Loading basalt.png
Fra:1 Mem:20.18M (Peak 27.76M) | Time:00:00.09 | Mem:0.87M, Peak:0.87M | Scene, ViewLayer | Updating Images | Loading calcite.png
Fra:1 Mem:20.20M (Peak 27.76M) | Time:00:00.10 | Mem:0.87M, Peak:0.87M | Scene, ViewLayer | Updating Images | Loading lining_light_emission.png
Fra:1 Mem:20.20M (Peak 27.76M) | Time:00:00.10 | Mem:0.87M, Peak:0.87M | Scene, ViewLayer | Updating Images | Loading bud_pink_normal_preview.png
Fra:1 Mem:20.20M (Peak 27.76M) | Time:00:00.10 | Mem:0.87M, Peak:0.87M | Scene, ViewLayer | Updating Images | Loading calcite_emission.png
Fra:1 Mem:20.20M (Peak 27.76M) | Time:00:00.11 | Mem:0.88M, Peak:0.88M | Scene, ViewLayer | Updating Images | Loading basalt_emission.png
Fra:1 Mem:20.20M (Peak 27.76M) | Time:00:00.11 | Mem:0.88M, Peak:0.88M | Scene, ViewLayer | Updating Images | Loading engraved_amethyst_emission.png
Fra:1 Mem:20.21M (Peak 27.76M) | Time:00:00.11 | Mem:0.88M, Peak:0.88M | Scene, ViewLayer | Updating Images | Loading side_backing_emission.png
Fra:1 Mem:20.21M (Peak 27.76M) | Time:00:00.11 | Mem:0.88M, Peak:0.88M | Scene, ViewLayer | Updating Images | Loading bud_lilac_emission.png
Fra:1 Mem:20.21M (Peak 27.76M) | Time:00:00.11 | Mem:0.88M, Peak:0.88M | Scene, ViewLayer | Updating Images | Loading calcite_shadow_emission.png
Fra:1 Mem:20.21M (Peak 27.76M) | Time:00:00.11 | Mem:0.88M, Peak:0.88M | Scene, ViewLayer | Updating Images | Loading lining_emission.png
Fra:1 Mem:20.21M (Peak 27.76M) | Time:00:00.11 | Mem:0.88M, Peak:0.88M | Scene, ViewLayer | Updating Images | Loading engraved_glint_emission.png
Fra:1 Mem:20.21M (Peak 27.76M) | Time:00:00.11 | Mem:0.88M, Peak:0.88M | Scene, ViewLayer | Updating Images | Loading side_relief_emission.png
Fra:1 Mem:20.21M (Peak 27.76M) | Time:00:00.11 | Mem:0.89M, Peak:0.89M | Scene, ViewLayer | Updating Images | Loading basalt_dark_emission.png
Fra:1 Mem:20.21M (Peak 27.76M) | Time:00:00.11 | Mem:0.89M, Peak:0.89M | Scene, ViewLayer | Updating Images | Loading lining_light_metal.png
Fra:1 Mem:20.21M (Peak 27.76M) | Time:00:00.12 | Mem:0.89M, Peak:0.89M | Scene, ViewLayer | Updating Images | Loading side_relief_normal_preview.png
Fra:1 Mem:20.21M (Peak 27.76M) | Time:00:00.12 | Mem:0.89M, Peak:0.89M | Scene, ViewLayer | Updating Images | Loading bud_silver_metal.png
Fra:1 Mem:20.21M (Peak 27.76M) | Time:00:00.12 | Mem:0.89M, Peak:0.89M | Scene, ViewLayer | Updating Images | Loading calcite_metal.png
Fra:1 Mem:20.21M (Peak 27.76M) | Time:00:00.12 | Mem:0.89M, Peak:0.89M | Scene, ViewLayer | Updating Images | Loading engraved_amethyst_metal.png
Fra:1 Mem:20.21M (Peak 27.76M) | Time:00:00.12 | Mem:0.89M, Peak:0.89M | Scene, ViewLayer | Updating Images | Loading basalt_metal.png
Fra:1 Mem:20.21M (Peak 27.76M) | Time:00:00.12 | Mem:0.89M, Peak:0.89M | Scene, ViewLayer | Updating Images | Loading bud_lilac_metal.png
Fra:1 Mem:20.21M (Peak 27.76M) | Time:00:00.12 | Mem:0.89M, Peak:0.89M | Scene, ViewLayer | Updating Images | Loading calcite_shadow_metal.png
Fra:1 Mem:20.21M (Peak 27.76M) | Time:00:00.12 | Mem:0.89M, Peak:0.89M | Scene, ViewLayer | Updating Images | Loading lining_metal.png
Fra:1 Mem:20.21M (Peak 27.76M) | Time:00:00.12 | Mem:0.89M, Peak:0.89M | Scene, ViewLayer | Updating Images | Loading side_relief_metal.png
Fra:1 Mem:20.21M (Peak 27.76M) | Time:00:00.12 | Mem:0.89M, Peak:0.89M | Scene, ViewLayer | Updating Images | Loading engraved_glint_metal.png
Fra:1 Mem:20.21M (Peak 27.76M) | Time:00:00.12 | Mem:0.89M, Peak:0.89M | Scene, ViewLayer | Updating Images | Loading bud_silver_sss.png
Fra:1 Mem:20.21M (Peak 27.76M) | Time:00:00.12 | Mem:0.89M, Peak:0.89M | Scene, ViewLayer | Updating Images | Loading calcite_light_sss.png
Fra:1 Mem:20.21M (Peak 27.76M) | Time:00:00.12 | Mem:0.89M, Peak:0.89M | Scene, ViewLayer | Updating Images | Loading calcite_sss.png
Fra:1 Mem:20.21M (Peak 27.76M) | Time:00:00.13 | Mem:0.89M, Peak:0.89M | Scene, ViewLayer | Updating Images | Loading basalt_sss.png
Fra:1 Mem:20.21M (Peak 27.76M) | Time:00:00.13 | Mem:0.89M, Peak:0.89M | Scene, ViewLayer | Updating Images | Loading basalt_dark_normal_preview.png
Fra:1 Mem:20.21M (Peak 27.76M) | Time:00:00.13 | Mem:0.89M, Peak:0.89M | Scene, ViewLayer | Updating Images | Loading lining_light_sss.png
Fra:1 Mem:20.21M (Peak 27.76M) | Time:00:00.13 | Mem:0.89M, Peak:0.89M | Scene, ViewLayer | Updating Images | Loading engraved_amethyst_sss.png
Fra:1 Mem:20.21M (Peak 27.76M) | Time:00:00.13 | Mem:0.89M, Peak:0.89M | Scene, ViewLayer | Updating Images | Loading side_backing_sss.png
Fra:1 Mem:20.21M (Peak 27.76M) | Time:00:00.13 | Mem:0.89M, Peak:0.89M | Scene, ViewLayer | Updating Images | Loading bud_lilac_sss.png
Fra:1 Mem:20.21M (Peak 27.76M) | Time:00:00.13 | Mem:0.89M, Peak:0.89M | Scene, ViewLayer | Updating Images | Loading calcite_shadow_sss.png
Fra:1 Mem:20.21M (Peak 27.76M) | Time:00:00.13 | Mem:0.89M, Peak:0.89M | Scene, ViewLayer | Updating Images | Loading lining_sss.png
Fra:1 Mem:20.22M (Peak 27.76M) | Time:00:00.13 | Mem:0.89M, Peak:0.89M | Scene, ViewLayer | Updating Images | Loading side_relief_sss.png
Fra:1 Mem:20.22M (Peak 27.76M) | Time:00:00.13 | Mem:0.89M, Peak:0.89M | Scene, ViewLayer | Updating Images | Loading basalt_dark_sss.png
Fra:1 Mem:20.22M (Peak 27.76M) | Time:00:00.13 | Mem:0.89M, Peak:0.89M | Scene, ViewLayer | Updating Images | Loading bud_silver_roughness.png
Fra:1 Mem:20.22M (Peak 27.76M) | Time:00:00.13 | Mem:0.90M, Peak:0.90M | Scene, ViewLayer | Updating Images | Loading calcite_light_roughness.png
Fra:1 Mem:20.22M (Peak 27.76M) | Time:00:00.13 | Mem:0.90M, Peak:0.90M | Scene, ViewLayer | Updating Images | Loading engraved_amethyst_roughness.png
Fra:1 Mem:20.22M (Peak 27.76M) | Time:00:00.14 | Mem:0.90M, Peak:0.90M | Scene, ViewLayer | Updating Images | Loading basalt_roughness.png
Fra:1 Mem:20.22M (Peak 27.76M) | Time:00:00.14 | Mem:0.90M, Peak:0.90M | Scene, ViewLayer | Updating Images | Loading lining_light_roughness.png
Fra:1 Mem:20.22M (Peak 27.76M) | Time:00:00.14 | Mem:0.90M, Peak:0.90M | Scene, ViewLayer | Updating Images | Loading side_backing_roughness.png
Fra:1 Mem:20.22M (Peak 27.76M) | Time:00:00.14 | Mem:0.90M, Peak:0.90M | Scene, ViewLayer | Updating Images | Loading lining_normal_preview.png
Fra:1 Mem:20.22M (Peak 27.76M) | Time:00:00.14 | Mem:0.90M, Peak:0.90M | Scene, ViewLayer | Updating Images | Loading bud_lilac_roughness.png
Fra:1 Mem:20.22M (Peak 27.76M) | Time:00:00.14 | Mem:0.90M, Peak:0.90M | Scene, ViewLayer | Updating Images | Loading calcite_shadow_roughness.png
Fra:1 Mem:20.22M (Peak 27.76M) | Time:00:00.14 | Mem:0.90M, Peak:0.90M | Scene, ViewLayer | Updating Images | Loading lining_roughness.png
Fra:1 Mem:20.22M (Peak 27.76M) | Time:00:00.14 | Mem:0.90M, Peak:0.90M | Scene, ViewLayer | Updating Images | Loading side_relief_roughness.png
Fra:1 Mem:20.22M (Peak 27.76M) | Time:00:00.14 | Mem:0.90M, Peak:0.90M | Scene, ViewLayer | Updating Images | Loading basalt_dark_roughness.png
Fra:1 Mem:20.22M (Peak 27.76M) | Time:00:00.14 | Mem:0.90M, Peak:0.90M | Scene, ViewLayer | Updating Images | Loading engraved_glint_roughness.png
Fra:1 Mem:20.22M (Peak 27.76M) | Time:00:00.14 | Mem:0.90M, Peak:0.90M | Scene, ViewLayer | Updating Images | Loading bud_pink_roughness.png
Fra:1 Mem:20.22M (Peak 27.76M) | Time:00:00.14 | Mem:0.90M, Peak:0.90M | Scene, ViewLayer | Updating Images | Loading calcite_light_normal_preview.png
Fra:1 Mem:20.22M (Peak 27.76M) | Time:00:00.14 | Mem:0.90M, Peak:0.90M | Scene, ViewLayer | Updating Images | Loading bud_silver_normal_preview.png
Fra:1 Mem:20.22M (Peak 27.76M) | Time:00:00.14 | Mem:0.90M, Peak:0.90M | Scene, ViewLayer | Updating Images | Loading calcite_normal_preview.png
Fra:1 Mem:20.22M (Peak 27.76M) | Time:00:00.14 | Mem:0.90M, Peak:0.90M | Scene, ViewLayer | Updating Images | Loading basalt_normal_preview.png
Fra:1 Mem:20.23M (Peak 27.76M) | Time:00:00.15 | Mem:0.90M, Peak:0.90M | Scene, ViewLayer | Updating Images | Loading lining_light_normal_preview.png
Fra:1 Mem:20.23M (Peak 27.76M) | Time:00:00.15 | Mem:0.90M, Peak:0.90M | Scene, ViewLayer | Updating Images | Loading side_backing_normal_preview.png
Fra:1 Mem:20.23M (Peak 27.76M) | Time:00:00.15 | Mem:0.90M, Peak:0.90M | Scene, ViewLayer | Updating Images | Loading bud_lilac_normal_preview.png
Fra:1 Mem:20.23M (Peak 27.76M) | Time:00:00.15 | Mem:0.90M, Peak:0.90M | Scene, ViewLayer | Updating Images | Loading calcite_shadow_normal_preview.png
Fra:1 Mem:20.23M (Peak 27.76M) | Time:00:00.15 | Mem:0.91M, Peak:0.91M | Scene, ViewLayer | Updating Camera Volume
Fra:1 Mem:20.23M (Peak 27.76M) | Time:00:00.15 | Mem:0.91M, Peak:0.91M | Scene, ViewLayer | Updating Lookup Tables
Fra:1 Mem:20.23M (Peak 27.76M) | Time:00:00.15 | Mem:1.16M, Peak:1.16M | Scene, ViewLayer | Updating Lights
Fra:1 Mem:20.23M (Peak 27.76M) | Time:00:00.15 | Mem:1.16M, Peak:1.16M | Scene, ViewLayer | Updating Lights | Computing distribution
Fra:1 Mem:20.27M (Peak 27.76M) | Time:00:00.15 | Mem:1.21M, Peak:1.21M | Scene, ViewLayer | Updating Integrator
Fra:1 Mem:20.28M (Peak 27.76M) | Time:00:00.15 | Mem:1.22M, Peak:1.22M | Scene, ViewLayer | Updating Film
Fra:1 Mem:20.29M (Peak 27.76M) | Time:00:00.15 | Mem:0.97M, Peak:1.22M | Scene, ViewLayer | Updating Lookup Tables
Fra:1 Mem:20.29M (Peak 27.76M) | Time:00:00.15 | Mem:1.22M, Peak:1.22M | Scene, ViewLayer | Updating Baking
Fra:1 Mem:20.29M (Peak 27.76M) | Time:00:00.15 | Mem:1.22M, Peak:1.22M | Scene, ViewLayer | Updating Device | Writing constant memory
Fra:1 Mem:20.29M (Peak 27.76M) | Time:00:00.15 | Mem:1.22M, Peak:1.22M | Scene, ViewLayer | Sample 0/48
Fra:1 Mem:92.82M (Peak 92.82M) | Time:00:00.42 | Remaining:00:12.54 | Mem:73.71M, Peak:73.71M | Scene, ViewLayer | Sample 1/48
Fra:1 Mem:123.33M (Peak 169.11M) | Time:00:13.74 | Mem:73.71M, Peak:73.71M | Scene, ViewLayer | Sample 48/48
Fra:1 Mem:123.33M (Peak 169.11M) | Time:00:13.74 | Mem:73.71M, Peak:73.71M | Scene, ViewLayer | Finished
Saved: 'D:\Desktop\Document\Coding\FULL STACK\ConvertTable\assets\geode_prototype\geode_side.png'
 Time: 00:13.84 (Saving: 00:00.08)

Fra:1 Mem:27.31M (Peak 27.31M) | Time:00:00.01 | Mem:0.00M, Peak:0.00M | Scene, ViewLayer | Synchronizing object | 01_basalt_corner_guards_0000
Fra:1 Mem:27.31M (Peak 27.31M) | Time:00:00.01 | Mem:0.00M, Peak:0.00M | Scene, ViewLayer | Synchronizing object | 10_calcite_corner_shoulders_0003
Fra:1 Mem:27.32M (Peak 27.32M) | Time:00:00.01 | Mem:0.00M, Peak:0.00M | Scene, ViewLayer | Synchronizing object | 10_calcite_corner_shoulders_0005
Fra:1 Mem:27.32M (Peak 27.32M) | Time:00:00.01 | Mem:0.00M, Peak:0.00M | Scene, ViewLayer | Synchronizing object | 08_layer_2_lower_rail_0007
Fra:1 Mem:27.32M (Peak 27.32M) | Time:00:00.01 | Mem:0.00M, Peak:0.00M | Scene, ViewLayer | Synchronizing object | 06_layer_2_carved_stone_0009
Fra:1 Mem:27.32M (Peak 27.32M) | Time:00:00.01 | Mem:0.00M, Peak:0.00M | Scene, ViewLayer | Synchronizing object | 06_layer_2_carved_stone_0011
Fra:1 Mem:27.32M (Peak 27.32M) | Time:00:00.01 | Mem:0.00M, Peak:0.00M | Scene, ViewLayer | Synchronizing object | 06_layer_2_carved_stone_0013
Fra:1 Mem:27.32M (Peak 27.33M) | Time:00:00.01 | Mem:0.00M, Peak:0.00M | Scene, ViewLayer | Synchronizing object | 06_layer_2_carved_stone_0014
Fra:1 Mem:27.33M (Peak 27.33M) | Time:00:00.01 | Mem:0.00M, Peak:0.00M | Scene, ViewLayer | Synchronizing object | 06_layer_2_carved_stone_0012
Fra:1 Mem:27.33M (Peak 27.33M) | Time:00:00.01 | Mem:0.00M, Peak:0.00M | Scene, ViewLayer | Synchronizing object | 06_layer_2_carved_stone_0017
Fra:1 Mem:27.33M (Peak 27.33M) | Time:00:00.01 | Mem:0.00M, Peak:0.00M | Scene, ViewLayer | Synchronizing object | 06_layer_2_carved_stone_0018
Fra:1 Mem:27.33M (Peak 27.33M) | Time:00:00.01 | Mem:0.00M, Peak:0.00M | Scene, ViewLayer | Synchronizing object | 06_layer_2_carved_stone_0020
Fra:1 Mem:27.33M (Peak 27.33M) | Time:00:00.01 | Mem:0.00M, Peak:0.00M | Scene, ViewLayer | Synchronizing object | 09_layer_2_crown_rim_0021
Fra:1 Mem:27.34M (Peak 27.34M) | Time:00:00.01 | Mem:0.00M, Peak:0.00M | Scene, ViewLayer | Synchronizing object | 09_calcite_crown_rim_0022
Fra:1 Mem:27.34M (Peak 27.34M) | Time:00:00.01 | Mem:0.00M, Peak:0.00M | Scene, ViewLayer | Synchronizing object | 11_corner_crystal_buds_0023
Fra:1 Mem:27.34M (Peak 27.34M) | Time:00:00.01 | Mem:0.00M, Peak:0.00M | Scene, ViewLayer | Synchronizing object | 11_corner_crystal_buds_0026
Fra:1 Mem:27.34M (Peak 27.34M) | Time:00:00.01 | Mem:0.00M, Peak:0.00M | Scene, ViewLayer | Synchronizing object | 11_corner_crystal_buds_0028
Fra:1 Mem:27.35M (Peak 27.35M) | Time:00:00.01 | Mem:0.00M, Peak:0.00M | Scene, ViewLayer | Synchronizing object | 05_layer_3_mineral_backing_0029
Fra:1 Mem:27.35M (Peak 27.35M) | Time:00:00.01 | Mem:0.00M, Peak:0.00M | Scene, ViewLayer | Synchronizing object | 05_layer_3_mineral_backing_0030
Fra:1 Mem:27.35M (Peak 27.35M) | Time:00:00.01 | Mem:0.00M, Peak:0.00M | Scene, ViewLayer | Synchronizing object | 05_layer_3_mineral_backing_0031
Fra:1 Mem:27.35M (Peak 27.35M) | Time:00:00.01 | Mem:0.00M, Peak:0.00M | Scene, ViewLayer | Synchronizing object | 07_inlaid_crystal_incisions_0033
Fra:1 Mem:27.36M (Peak 27.36M) | Time:00:00.01 | Mem:0.00M, Peak:0.00M | Scene, ViewLayer | Synchronizing object | 05_layer_3_mineral_backing_0034
Fra:1 Mem:27.36M (Peak 27.36M) | Time:00:00.01 | Mem:0.00M, Peak:0.00M | Scene, ViewLayer | Synchronizing object | 05_layer_3_mineral_backing_0036
Fra:1 Mem:27.36M (Peak 27.36M) | Time:00:00.01 | Mem:0.00M, Peak:0.00M | Scene, ViewLayer | Synchronizing object | 07_inlaid_crystal_incisions_0037
Fra:1 Mem:27.37M (Peak 27.37M) | Time:00:00.01 | Mem:0.00M, Peak:0.00M | Scene, ViewLayer | Synchronizing object | 07_inlaid_crystal_incisions_0038
Fra:1 Mem:27.37M (Peak 27.37M) | Time:00:00.01 | Mem:0.00M, Peak:0.00M | Scene, ViewLayer | Synchronizing object | 05_layer_3_mineral_backing_0039
Fra:1 Mem:27.37M (Peak 27.37M) | Time:00:00.01 | Mem:0.00M, Peak:0.00M | Scene, ViewLayer | Synchronizing object | 05_layer_3_mineral_backing_0041
Fra:1 Mem:27.37M (Peak 27.37M) | Time:00:00.01 | Mem:0.00M, Peak:0.00M | Scene, ViewLayer | Synchronizing object | 07_inlaid_crystal_incisions_0042
Fra:1 Mem:27.38M (Peak 27.38M) | Time:00:00.01 | Mem:0.00M, Peak:0.00M | Scene, ViewLayer | Synchronizing object | 07_inlaid_crystal_incisions_0044
Fra:1 Mem:27.38M (Peak 27.38M) | Time:00:00.01 | Mem:0.00M, Peak:0.00M | Scene, ViewLayer | Synchronizing object | 05_layer_3_mineral_backing_0045
Fra:1 Mem:27.38M (Peak 27.38M) | Time:00:00.01 | Mem:0.00M, Peak:0.00M | Scene, ViewLayer | Synchronizing object | 07_inlaid_crystal_incisions_0046
Fra:1 Mem:27.38M (Peak 27.38M) | Time:00:00.01 | Mem:0.00M, Peak:0.00M | Scene, ViewLayer | Synchronizing object | 05_layer_3_mineral_backing_0047
Fra:1 Mem:27.39M (Peak 27.39M) | Time:00:00.01 | Mem:0.00M, Peak:0.00M | Scene, ViewLayer | Synchronizing object | 05_layer_3_mineral_backing_0048
Fra:1 Mem:27.39M (Peak 27.39M) | Time:00:00.01 | Mem:0.00M, Peak:0.00M | Scene, ViewLayer | Synchronizing object | 05_layer_3_mineral_backing_0050
Fra:1 Mem:27.39M (Peak 27.39M) | Time:00:00.01 | Mem:0.00M, Peak:0.00M | Scene, ViewLayer | Synchronizing object | 07_inlaid_crystal_incisions_0051
Fra:1 Mem:27.39M (Peak 27.39M) | Time:00:00.01 | Mem:0.00M, Peak:0.00M | Scene, ViewLayer | Synchronizing object | 05_layer_3_mineral_backing_0052
Fra:1 Mem:27.40M (Peak 27.40M) | Time:00:00.01 | Mem:0.00M, Peak:0.00M | Scene, ViewLayer | Synchronizing object | 05_layer_3_mineral_backing_0054
Fra:1 Mem:27.40M (Peak 27.40M) | Time:00:00.01 | Mem:0.00M, Peak:0.00M | Scene, ViewLayer | Synchronizing object | 05_layer_3_mineral_backing_0056
Fra:1 Mem:27.40M (Peak 27.40M) | Time:00:00.01 | Mem:0.00M, Peak:0.00M | Scene, ViewLayer | Synchronizing object | 07_inlaid_crystal_incisions_0057
Fra:1 Mem:27.41M (Peak 27.41M) | Time:00:00.01 | Mem:0.00M, Peak:0.00M | Scene, ViewLayer | Synchronizing object | 05_layer_3_mineral_backing_0058
Fra:1 Mem:27.41M (Peak 27.41M) | Time:00:00.01 | Mem:0.00M, Peak:0.00M | Scene, ViewLayer | Synchronizing object | 07_inlaid_crystal_incisions_0059
Fra:1 Mem:27.41M (Peak 27.41M) | Time:00:00.01 | Mem:0.00M, Peak:0.00M | Scene, ViewLayer | Synchronizing object | 05_layer_3_mineral_backing_0061
Fra:1 Mem:27.42M (Peak 27.42M) | Time:00:00.01 | Mem:0.00M, Peak:0.00M | Scene, ViewLayer | Synchronizing object | 08_layer_2_lower_rail_0063
Fra:1 Mem:27.42M (Peak 27.42M) | Time:00:00.01 | Mem:0.00M, Peak:0.00M | Scene, ViewLayer | Synchronizing object | 08_layer_2_lower_rail_0065
Fra:1 Mem:27.42M (Peak 27.42M) | Time:00:00.01 | Mem:0.00M, Peak:0.00M | Scene, ViewLayer | Synchronizing object | 02_calcite_lower_shell_0066
Fra:1 Mem:27.42M (Peak 27.42M) | Time:00:00.01 | Mem:0.00M, Peak:0.00M | Scene, ViewLayer | Synchronizing object | 08_layer_2_lower_rail_0067
Fra:1 Mem:27.43M (Peak 27.43M) | Time:00:00.01 | Mem:0.00M, Peak:0.00M | Scene, ViewLayer | Synchronizing object | 05_layer_3_mineral_backing_0069
Fra:1 Mem:27.43M (Peak 27.43M) | Time:00:00.01 | Mem:0.00M, Peak:0.00M | Scene, ViewLayer | Synchronizing object | 05_layer_3_mineral_backing_0070
Fra:1 Mem:27.43M (Peak 27.43M) | Time:00:00.01 | Mem:0.00M, Peak:0.00M | Scene, ViewLayer | Synchronizing object | 05_layer_3_mineral_backing_0071
Fra:1 Mem:27.43M (Peak 27.43M) | Time:00:00.01 | Mem:0.00M, Peak:0.00M | Scene, ViewLayer | Synchronizing object | 05_layer_3_mineral_backing_0073
Fra:1 Mem:27.44M (Peak 27.44M) | Time:00:00.01 | Mem:0.00M, Peak:0.00M | Scene, ViewLayer | Synchronizing object | 06_layer_2_carved_stone_0074
Fra:1 Mem:27.44M (Peak 27.44M) | Time:00:00.01 | Mem:0.00M, Peak:0.00M | Scene, ViewLayer | Synchronizing object | 05_layer_3_mineral_backing_0076
Fra:1 Mem:27.45M (Peak 27.45M) | Time:00:00.01 | Mem:0.00M, Peak:0.00M | Scene, ViewLayer | Synchronizing object | 06_layer_2_carved_stone_0077
Fra:1 Mem:27.45M (Peak 27.45M) | Time:00:00.01 | Mem:0.00M, Peak:0.00M | Scene, ViewLayer | Synchronizing object | 05_layer_3_mineral_backing_0078
Fra:1 Mem:27.45M (Peak 27.45M) | Time:00:00.01 | Mem:0.00M, Peak:0.00M | Scene, ViewLayer | Synchronizing object | 05_layer_3_mineral_backing_0082
Fra:1 Mem:27.45M (Peak 27.45M) | Time:00:00.01 | Mem:0.00M, Peak:0.00M | Scene, ViewLayer | Synchronizing object | 05_layer_3_mineral_backing_0083
Fra:1 Mem:27.46M (Peak 27.46M) | Time:00:00.01 | Mem:0.00M, Peak:0.00M | Scene, ViewLayer | Synchronizing object | 05_layer_3_mineral_backing_0084
Fra:1 Mem:27.46M (Peak 27.46M) | Time:00:00.01 | Mem:0.00M, Peak:0.00M | Scene, ViewLayer | Synchronizing object | 05_layer_3_mineral_backing_0086
Fra:1 Mem:27.46M (Peak 27.46M) | Time:00:00.01 | Mem:0.00M, Peak:0.00M | Scene, ViewLayer | Synchronizing object | 06_layer_2_carved_stone_0087
Fra:1 Mem:27.46M (Peak 27.46M) | Time:00:00.01 | Mem:0.00M, Peak:0.00M | Scene, ViewLayer | Synchronizing object | 07_inlaid_crystal_incisions_0088
Fra:1 Mem:27.47M (Peak 27.47M) | Time:00:00.01 | Mem:0.00M, Peak:0.00M | Scene, ViewLayer | Synchronizing object | 05_layer_3_mineral_backing_0089
Fra:1 Mem:27.47M (Peak 27.47M) | Time:00:00.01 | Mem:0.00M, Peak:0.00M | Scene, ViewLayer | Synchronizing object | 07_inlaid_crystal_incisions_0090
Fra:1 Mem:27.47M (Peak 27.47M) | Time:00:00.01 | Mem:0.00M, Peak:0.00M | Scene, ViewLayer | Synchronizing object | 06_layer_2_carved_stone_0091
Fra:1 Mem:27.47M (Peak 27.47M) | Time:00:00.01 | Mem:0.00M, Peak:0.00M | Scene, ViewLayer | Synchronizing object | 05_layer_3_mineral_backing_0092
Fra:1 Mem:27.48M (Peak 27.48M) | Time:00:00.01 | Mem:0.00M, Peak:0.00M | Scene, ViewLayer | Synchronizing object | 05_layer_3_mineral_backing_0094
Fra:1 Mem:27.48M (Peak 27.48M) | Time:00:00.01 | Mem:0.00M, Peak:0.00M | Scene, ViewLayer | Synchronizing object | 06_layer_2_carved_stone_0095
Fra:1 Mem:27.48M (Peak 27.48M) | Time:00:00.01 | Mem:0.00M, Peak:0.00M | Scene, ViewLayer | Synchronizing object | 09_layer_2_crown_rim_0098
Fra:1 Mem:27.48M (Peak 27.48M) | Time:00:00.01 | Mem:0.00M, Peak:0.00M | Scene, ViewLayer | Synchronizing object | 09_layer_2_crown_rim_0099
Fra:1 Mem:27.49M (Peak 27.49M) | Time:00:00.01 | Mem:0.00M, Peak:0.00M | Scene, ViewLayer | Synchronizing object | 09_calcite_crown_rim_0100
Fra:1 Mem:27.49M (Peak 27.49M) | Time:00:00.01 | Mem:0.00M, Peak:0.00M | Scene, ViewLayer | Synchronizing object | 09_calcite_crown_rim_0101
Fra:1 Mem:27.49M (Peak 27.49M) | Time:00:00.01 | Mem:0.00M, Peak:0.00M | Scene, ViewLayer | Synchronizing object | 06_layer_2_carved_stone_0102
Fra:1 Mem:27.49M (Peak 27.49M) | Time:00:00.01 | Mem:0.00M, Peak:0.00M | Scene, ViewLayer | Synchronizing object | 06_layer_2_carved_stone_0103
Fra:1 Mem:27.50M (Peak 27.50M) | Time:00:00.01 | Mem:0.00M, Peak:0.00M | Scene, ViewLayer | Synchronizing object | 07_inlaid_crystal_incisions_0104
Fra:1 Mem:27.50M (Peak 27.50M) | Time:00:00.01 | Mem:0.00M, Peak:0.00M | Scene, ViewLayer | Synchronizing object | 07_inlaid_crystal_incisions_0106
Fra:1 Mem:27.51M (Peak 27.51M) | Time:00:00.01 | Mem:0.00M, Peak:0.00M | Scene, ViewLayer | Synchronizing object | 05_layer_3_mineral_backing_0108
Fra:1 Mem:27.51M (Peak 27.51M) | Time:00:00.01 | Mem:0.00M, Peak:0.00M | Scene, ViewLayer | Synchronizing object | 06_layer_2_carved_stone_0111
Fra:1 Mem:27.51M (Peak 27.51M) | Time:00:00.01 | Mem:0.00M, Peak:0.00M | Scene, ViewLayer | Synchronizing object | 05_layer_3_mineral_backing_0112
Fra:1 Mem:27.51M (Peak 27.51M) | Time:00:00.01 | Mem:0.00M, Peak:0.00M | Scene, ViewLayer | Synchronizing object | 12_geode_growth_core_0113
Fra:1 Mem:27.52M (Peak 27.52M) | Time:00:00.01 | Mem:0.00M, Peak:0.00M | Scene, ViewLayer | Synchronizing object | 05_layer_3_mineral_backing_0114
Fra:1 Mem:27.52M (Peak 27.52M) | Time:00:00.01 | Mem:0.00M, Peak:0.00M | Scene, ViewLayer | Synchronizing object | 06_layer_2_carved_stone_0115
Fra:1 Mem:27.52M (Peak 27.52M) | Time:00:00.01 | Mem:0.00M, Peak:0.00M | Scene, ViewLayer | Synchronizing object | 12_geode_growth_core_0116
Fra:1 Mem:27.52M (Peak 27.52M) | Time:00:00.01 | Mem:0.00M, Peak:0.00M | Scene, ViewLayer | Synchronizing object | 12_geode_growth_core_0117
Fra:1 Mem:27.52M (Peak 27.52M) | Time:00:00.01 | Mem:0.00M, Peak:0.00M | Scene, ViewLayer | Synchronizing object | 06_layer_2_carved_stone_0118
Fra:1 Mem:27.52M (Peak 27.52M) | Time:00:00.01 | Mem:0.00M, Peak:0.00M | Scene, ViewLayer | Synchronizing object | 07_inlaid_crystal_incisions_0120
Fra:1 Mem:27.53M (Peak 27.53M) | Time:00:00.01 | Mem:0.00M, Peak:0.00M | Scene, ViewLayer | Synchronizing object | 05_layer_3_mineral_backing_0121
Fra:1 Mem:27.53M (Peak 27.53M) | Time:00:00.01 | Mem:0.00M, Peak:0.00M | Scene, ViewLayer | Synchronizing object | 07_inlaid_crystal_incisions_0122
Fra:1 Mem:27.53M (Peak 27.53M) | Time:00:00.01 | Mem:0.00M, Peak:0.00M | Scene, ViewLayer | Synchronizing object | 05_layer_3_mineral_backing_0123
Fra:1 Mem:27.54M (Peak 27.54M) | Time:00:00.02 | Mem:0.00M, Peak:0.00M | Scene, ViewLayer | Synchronizing object | 05_layer_3_mineral_backing_0125
Fra:1 Mem:27.54M (Peak 27.54M) | Time:00:00.02 | Mem:0.00M, Peak:0.00M | Scene, ViewLayer | Synchronizing object | 05_layer_3_mineral_backing_0126
Fra:1 Mem:27.54M (Peak 27.54M) | Time:00:00.02 | Mem:0.00M, Peak:0.00M | Scene, ViewLayer | Synchronizing object | 12_geode_growth_core_0128
Fra:1 Mem:27.54M (Peak 27.54M) | Time:00:00.02 | Mem:0.00M, Peak:0.00M | Scene, ViewLayer | Synchronizing object | 12_geode_growth_core_0129
Fra:1 Mem:27.55M (Peak 27.55M) | Time:00:00.02 | Mem:0.00M, Peak:0.00M | Scene, ViewLayer | Synchronizing object | 06_layer_2_carved_stone_0131
Fra:1 Mem:27.55M (Peak 27.55M) | Time:00:00.02 | Mem:0.00M, Peak:0.00M | Scene, ViewLayer | Synchronizing object | 06_layer_2_carved_stone_0132
Fra:1 Mem:27.56M (Peak 27.56M) | Time:00:00.02 | Mem:0.00M, Peak:0.00M | Scene, ViewLayer | Synchronizing object | 05_layer_3_mineral_backing_0134
Fra:1 Mem:27.56M (Peak 27.56M) | Time:00:00.02 | Mem:0.00M, Peak:0.00M | Scene, ViewLayer | Synchronizing object | 07_inlaid_crystal_incisions_0135
Fra:1 Mem:27.56M (Peak 27.56M) | Time:00:00.02 | Mem:0.00M, Peak:0.00M | Scene, ViewLayer | Synchronizing object | 07_inlaid_crystal_incisions_0136
Fra:1 Mem:27.56M (Peak 27.56M) | Time:00:00.02 | Mem:0.00M, Peak:0.00M | Scene, ViewLayer | Synchronizing object | 07_inlaid_crystal_incisions_0138
Fra:1 Mem:27.56M (Peak 27.56M) | Time:00:00.02 | Mem:0.00M, Peak:0.00M | Scene, ViewLayer | Synchronizing object | 07_inlaid_crystal_incisions_0139
Fra:1 Mem:27.57M (Peak 27.57M) | Time:00:00.02 | Mem:0.00M, Peak:0.00M | Scene, ViewLayer | Synchronizing object | 12_geode_growth_core_0141
Fra:1 Mem:27.57M (Peak 27.57M) | Time:00:00.02 | Mem:0.00M, Peak:0.00M | Scene, ViewLayer | Synchronizing object | 12_geode_growth_core_0142
Fra:1 Mem:27.57M (Peak 27.57M) | Time:00:00.02 | Mem:0.00M, Peak:0.00M | Scene, ViewLayer | Synchronizing object | 12_geode_growth_core_0143
Fra:1 Mem:27.57M (Peak 27.57M) | Time:00:00.02 | Mem:0.00M, Peak:0.00M | Scene, ViewLayer | Synchronizing object | 12_geode_growth_core_0145
Fra:1 Mem:27.58M (Peak 27.58M) | Time:00:00.02 | Mem:0.00M, Peak:0.00M | Scene, ViewLayer | Synchronizing object | 06_layer_2_carved_stone_0146
Fra:1 Mem:27.58M (Peak 27.58M) | Time:00:00.02 | Mem:0.00M, Peak:0.00M | Scene, ViewLayer | Synchronizing object | 05_layer_3_mineral_backing_0148
Fra:1 Mem:27.58M (Peak 27.58M) | Time:00:00.02 | Mem:0.00M, Peak:0.00M | Scene, ViewLayer | Synchronizing object | 05_layer_3_mineral_backing_0150
Fra:1 Mem:27.59M (Peak 27.59M) | Time:00:00.02 | Mem:0.00M, Peak:0.00M | Scene, ViewLayer | Synchronizing object | 05_layer_3_mineral_backing_0151
Fra:1 Mem:27.59M (Peak 27.59M) | Time:00:00.02 | Mem:0.00M, Peak:0.00M | Scene, ViewLayer | Synchronizing object | 12_geode_growth_core_0154
Fra:1 Mem:27.60M (Peak 27.60M) | Time:00:00.02 | Mem:0.00M, Peak:0.00M | Scene, ViewLayer | Synchronizing object | 06_layer_2_carved_stone_0156
Fra:1 Mem:27.60M (Peak 27.60M) | Time:00:00.02 | Mem:0.00M, Peak:0.00M | Scene, ViewLayer | Synchronizing object | 05_layer_3_mineral_backing_0158
Fra:1 Mem:27.60M (Peak 27.60M) | Time:00:00.02 | Mem:0.00M, Peak:0.00M | Scene, ViewLayer | Synchronizing object | 06_layer_2_carved_stone_0159
Fra:1 Mem:27.60M (Peak 27.60M) | Time:00:00.02 | Mem:0.00M, Peak:0.00M | Scene, ViewLayer | Synchronizing object | 07_inlaid_crystal_incisions_0160
Fra:1 Mem:27.61M (Peak 27.61M) | Time:00:00.02 | Mem:0.00M, Peak:0.00M | Scene, ViewLayer | Synchronizing object | 07_inlaid_crystal_incisions_0161
Fra:1 Mem:27.61M (Peak 27.61M) | Time:00:00.02 | Mem:0.00M, Peak:0.00M | Scene, ViewLayer | Synchronizing object | 05_layer_3_mineral_backing_0162
Fra:1 Mem:27.61M (Peak 27.61M) | Time:00:00.02 | Mem:0.00M, Peak:0.00M | Scene, ViewLayer | Synchronizing object | 07_inlaid_crystal_incisions_0165
Fra:1 Mem:27.61M (Peak 27.61M) | Time:00:00.02 | Mem:0.00M, Peak:0.00M | Scene, ViewLayer | Synchronizing object | 12_geode_growth_core_0166
Fra:1 Mem:27.62M (Peak 27.62M) | Time:00:00.02 | Mem:0.00M, Peak:0.00M | Scene, ViewLayer | Synchronizing object | 12_geode_growth_core_0167
Fra:1 Mem:27.62M (Peak 27.62M) | Time:00:00.02 | Mem:0.00M, Peak:0.00M | Scene, ViewLayer | Synchronizing object | 05_layer_3_mineral_backing_0169
Fra:1 Mem:27.62M (Peak 27.62M) | Time:00:00.02 | Mem:0.00M, Peak:0.00M | Scene, ViewLayer | Synchronizing object | 05_layer_3_mineral_backing_0170
Fra:1 Mem:27.62M (Peak 27.62M) | Time:00:00.02 | Mem:0.00M, Peak:0.00M | Scene, ViewLayer | Synchronizing object | 06_layer_2_carved_stone_0241
Fra:1 Mem:27.62M (Peak 27.62M) | Time:00:00.02 | Mem:0.00M, Peak:0.00M | Scene, ViewLayer | Synchronizing object | 07_inlaid_crystal_incisions_0172
Fra:1 Mem:27.62M (Peak 27.62M) | Time:00:00.02 | Mem:0.00M, Peak:0.00M | Scene, ViewLayer | Synchronizing object | 07_inlaid_crystal_incisions_0173
Fra:1 Mem:27.63M (Peak 27.63M) | Time:00:00.02 | Mem:0.00M, Peak:0.00M | Scene, ViewLayer | Synchronizing object | 06_layer_2_carved_stone_0174
Fra:1 Mem:27.63M (Peak 27.63M) | Time:00:00.02 | Mem:0.00M, Peak:0.00M | Scene, ViewLayer | Synchronizing object | 05_layer_3_mineral_backing_0176
Fra:1 Mem:27.63M (Peak 27.63M) | Time:00:00.02 | Mem:0.00M, Peak:0.00M | Scene, ViewLayer | Synchronizing object | 05_layer_3_mineral_backing_0178
Fra:1 Mem:27.64M (Peak 27.64M) | Time:00:00.02 | Mem:0.00M, Peak:0.00M | Scene, ViewLayer | Synchronizing object | 05_layer_3_mineral_backing_0179
Fra:1 Mem:27.64M (Peak 27.64M) | Time:00:00.02 | Mem:0.00M, Peak:0.00M | Scene, ViewLayer | Synchronizing object | 05_layer_3_mineral_backing_0180
Fra:1 Mem:27.64M (Peak 27.64M) | Time:00:00.02 | Mem:0.00M, Peak:0.00M | Scene, ViewLayer | Synchronizing object | 05_layer_3_mineral_backing_0181
Fra:1 Mem:27.64M (Peak 27.64M) | Time:00:00.02 | Mem:0.00M, Peak:0.00M | Scene, ViewLayer | Synchronizing object | 05_layer_3_mineral_backing_0183
Fra:1 Mem:27.65M (Peak 27.65M) | Time:00:00.02 | Mem:0.00M, Peak:0.00M | Scene, ViewLayer | Synchronizing object | 05_layer_3_mineral_backing_0184
Fra:1 Mem:27.65M (Peak 27.65M) | Time:00:00.02 | Mem:0.00M, Peak:0.00M | Scene, ViewLayer | Synchronizing object | 06_layer_2_carved_stone_0185
Fra:1 Mem:27.65M (Peak 27.65M) | Time:00:00.02 | Mem:0.00M, Peak:0.00M | Scene, ViewLayer | Synchronizing object | 05_layer_3_mineral_backing_0187
Fra:1 Mem:27.65M (Peak 27.65M) | Time:00:00.02 | Mem:0.00M, Peak:0.00M | Scene, ViewLayer | Synchronizing object | 06_layer_2_carved_stone_0189
Fra:1 Mem:27.66M (Peak 27.66M) | Time:00:00.02 | Mem:0.00M, Peak:0.00M | Scene, ViewLayer | Synchronizing object | 10_calcite_corner_shoulders_0190
Fra:1 Mem:27.66M (Peak 27.66M) | Time:00:00.02 | Mem:0.00M, Peak:0.00M | Scene, ViewLayer | Synchronizing object | 10_calcite_corner_shoulders_0191
Fra:1 Mem:27.66M (Peak 27.66M) | Time:00:00.02 | Mem:0.00M, Peak:0.00M | Scene, ViewLayer | Synchronizing object | 09_layer_2_crown_rim_0192
Fra:1 Mem:27.66M (Peak 27.66M) | Time:00:00.02 | Mem:0.00M, Peak:0.00M | Scene, ViewLayer | Synchronizing object | 10_calcite_corner_shoulders_0193
Fra:1 Mem:27.66M (Peak 27.66M) | Time:00:00.02 | Mem:0.00M, Peak:0.00M | Scene, ViewLayer | Synchronizing object | 08_layer_2_lower_rail_0196
Fra:1 Mem:27.67M (Peak 27.67M) | Time:00:00.02 | Mem:0.00M, Peak:0.00M | Scene, ViewLayer | Synchronizing object | 01_basalt_corner_guards_0197
Fra:1 Mem:27.67M (Peak 27.67M) | Time:00:00.02 | Mem:0.00M, Peak:0.00M | Scene, ViewLayer | Synchronizing object | 08_layer_2_lower_rail_0198
Fra:1 Mem:27.67M (Peak 27.67M) | Time:00:00.02 | Mem:0.00M, Peak:0.00M | Scene, ViewLayer | Synchronizing object | 07_inlaid_crystal_incisions_0199
Fra:1 Mem:27.67M (Peak 27.67M) | Time:00:00.02 | Mem:0.00M, Peak:0.00M | Scene, ViewLayer | Synchronizing object | 05_layer_3_mineral_backing_0200
Fra:1 Mem:27.67M (Peak 27.67M) | Time:00:00.02 | Mem:0.00M, Peak:0.00M | Scene, ViewLayer | Synchronizing object | 07_inlaid_crystal_incisions_0202
Fra:1 Mem:27.67M (Peak 27.67M) | Time:00:00.02 | Mem:0.00M, Peak:0.00M | Scene, ViewLayer | Synchronizing object | 05_layer_3_mineral_backing_0203
Fra:1 Mem:27.68M (Peak 27.68M) | Time:00:00.02 | Mem:0.00M, Peak:0.00M | Scene, ViewLayer | Synchronizing object | 07_inlaid_crystal_incisions_0204
Fra:1 Mem:27.68M (Peak 27.68M) | Time:00:00.02 | Mem:0.00M, Peak:0.00M | Scene, ViewLayer | Synchronizing object | 05_layer_3_mineral_backing_0205
Fra:1 Mem:27.68M (Peak 27.68M) | Time:00:00.02 | Mem:0.00M, Peak:0.00M | Scene, ViewLayer | Synchronizing object | 07_inlaid_crystal_incisions_0206
Fra:1 Mem:27.69M (Peak 27.69M) | Time:00:00.02 | Mem:0.00M, Peak:0.00M | Scene, ViewLayer | Synchronizing object | 05_layer_3_mineral_backing_0207
Fra:1 Mem:27.69M (Peak 27.69M) | Time:00:00.02 | Mem:0.00M, Peak:0.00M | Scene, ViewLayer | Synchronizing object | 07_inlaid_crystal_incisions_0208
Fra:1 Mem:27.69M (Peak 27.69M) | Time:00:00.02 | Mem:0.00M, Peak:0.00M | Scene, ViewLayer | Synchronizing object | 07_inlaid_crystal_incisions_0212
Fra:1 Mem:27.69M (Peak 27.69M) | Time:00:00.02 | Mem:0.00M, Peak:0.00M | Scene, ViewLayer | Synchronizing object | 05_layer_3_mineral_backing_0213
Fra:1 Mem:27.70M (Peak 27.70M) | Time:00:00.02 | Mem:0.00M, Peak:0.00M | Scene, ViewLayer | Synchronizing object | 07_inlaid_crystal_incisions_0214
Fra:1 Mem:27.70M (Peak 27.70M) | Time:00:00.02 | Mem:0.00M, Peak:0.00M | Scene, ViewLayer | Synchronizing object | 05_layer_3_mineral_backing_0215
Fra:1 Mem:27.70M (Peak 27.70M) | Time:00:00.02 | Mem:0.00M, Peak:0.00M | Scene, ViewLayer | Synchronizing object | 07_inlaid_crystal_incisions_0216
Fra:1 Mem:27.70M (Peak 27.71M) | Time:00:00.02 | Mem:0.00M, Peak:0.00M | Scene, ViewLayer | Synchronizing object | 07_inlaid_crystal_incisions_0218
Fra:1 Mem:27.71M (Peak 27.71M) | Time:00:00.02 | Mem:0.00M, Peak:0.00M | Scene, ViewLayer | Synchronizing object | 05_layer_3_mineral_backing_0220
Fra:1 Mem:27.71M (Peak 27.71M) | Time:00:00.02 | Mem:0.00M, Peak:0.00M | Scene, ViewLayer | Synchronizing object | 05_layer_3_mineral_backing_0221
Fra:1 Mem:27.71M (Peak 27.71M) | Time:00:00.02 | Mem:0.00M, Peak:0.00M | Scene, ViewLayer | Synchronizing object | 09_calcite_crown_rim_0222
Fra:1 Mem:27.71M (Peak 27.71M) | Time:00:00.02 | Mem:0.00M, Peak:0.00M | Scene, ViewLayer | Synchronizing object | 11_corner_crystal_buds_0223
Fra:1 Mem:27.72M (Peak 27.72M) | Time:00:00.02 | Mem:0.00M, Peak:0.00M | Scene, ViewLayer | Synchronizing object | 11_corner_crystal_buds_0224
Fra:1 Mem:27.72M (Peak 27.72M) | Time:00:00.02 | Mem:0.00M, Peak:0.00M | Scene, ViewLayer | Synchronizing object | 11_corner_crystal_buds_0226
Fra:1 Mem:27.72M (Peak 27.72M) | Time:00:00.02 | Mem:0.00M, Peak:0.00M | Scene, ViewLayer | Synchronizing object | 11_corner_crystal_buds_0227
Fra:1 Mem:27.72M (Peak 27.72M) | Time:00:00.02 | Mem:0.00M, Peak:0.00M | Scene, ViewLayer | Synchronizing object | 11_corner_crystal_buds_0228
Fra:1 Mem:27.73M (Peak 27.73M) | Time:00:00.02 | Mem:0.00M, Peak:0.00M | Scene, ViewLayer | Synchronizing object | 06_layer_2_carved_stone_0231
Fra:1 Mem:27.73M (Peak 27.73M) | Time:00:00.02 | Mem:0.00M, Peak:0.00M | Scene, ViewLayer | Synchronizing object | 06_layer_2_carved_stone_0232
Fra:1 Mem:27.73M (Peak 27.73M) | Time:00:00.02 | Mem:0.00M, Peak:0.00M | Scene, ViewLayer | Synchronizing object | 06_layer_2_carved_stone_0234
Fra:1 Mem:27.73M (Peak 27.73M) | Time:00:00.02 | Mem:0.00M, Peak:0.00M | Scene, ViewLayer | Synchronizing object | 06_layer_2_carved_stone_0235
Fra:1 Mem:27.74M (Peak 27.74M) | Time:00:00.02 | Mem:0.00M, Peak:0.00M | Scene, ViewLayer | Synchronizing object | 06_layer_2_carved_stone_0236
Fra:1 Mem:27.74M (Peak 27.74M) | Time:00:00.02 | Mem:0.00M, Peak:0.00M | Scene, ViewLayer | Synchronizing object | 06_layer_2_carved_stone_0237
Fra:1 Mem:27.74M (Peak 27.74M) | Time:00:00.02 | Mem:0.00M, Peak:0.00M | Scene, ViewLayer | Synchronizing object | 06_layer_2_carved_stone_0238
Fra:1 Mem:27.74M (Peak 27.74M) | Time:00:00.02 | Mem:0.00M, Peak:0.00M | Scene, ViewLayer | Synchronizing object | 06_layer_2_carved_stone_0239
Fra:1 Mem:27.76M (Peak 27.76M) | Time:00:00.02 | Mem:0.00M, Peak:0.00M | Scene, ViewLayer | Initializing
Fra:1 Mem:19.35M (Peak 27.76M) | Time:00:00.02 | Mem:0.00M, Peak:0.00M | Scene, ViewLayer | Waiting for render to start
Fra:1 Mem:19.35M (Peak 27.76M) | Time:00:00.02 | Mem:0.00M, Peak:0.00M | Scene, ViewLayer | Loading render kernels (may take a few minutes the first time)
Fra:1 Mem:19.35M (Peak 27.76M) | Time:00:00.02 | Mem:0.00M, Peak:0.00M | Scene, ViewLayer | Updating Scene
Fra:1 Mem:19.35M (Peak 27.76M) | Time:00:00.02 | Mem:0.00M, Peak:0.00M | Scene, ViewLayer | Updating Shaders
Fra:1 Mem:19.61M (Peak 27.76M) | Time:00:00.09 | Mem:0.01M, Peak:0.01M | Scene, ViewLayer | Updating Procedurals
Fra:1 Mem:19.61M (Peak 27.76M) | Time:00:00.09 | Mem:0.01M, Peak:0.01M | Scene, ViewLayer | Updating Background
Fra:1 Mem:19.61M (Peak 27.76M) | Time:00:00.09 | Mem:0.01M, Peak:0.01M | Scene, ViewLayer | Updating Camera
Fra:1 Mem:19.61M (Peak 27.76M) | Time:00:00.09 | Mem:0.01M, Peak:0.01M | Scene, ViewLayer | Updating Meshes Flags
Fra:1 Mem:19.61M (Peak 27.76M) | Time:00:00.09 | Mem:0.01M, Peak:0.01M | Scene, ViewLayer | Updating Objects
Fra:1 Mem:19.61M (Peak 27.76M) | Time:00:00.09 | Mem:0.01M, Peak:0.01M | Scene, ViewLayer | Updating Objects | Copying Transformations to device
Fra:1 Mem:19.66M (Peak 27.76M) | Time:00:00.09 | Mem:0.06M, Peak:0.06M | Scene, ViewLayer | Updating Objects | Applying Static Transformations
Fra:1 Mem:19.66M (Peak 27.76M) | Time:00:00.09 | Mem:0.06M, Peak:0.06M | Scene, ViewLayer | Updating Particle Systems
Fra:1 Mem:19.66M (Peak 27.76M) | Time:00:00.09 | Mem:0.06M, Peak:0.06M | Scene, ViewLayer | Updating Particle Systems | Copying Particles to device
Fra:1 Mem:19.66M (Peak 27.76M) | Time:00:00.09 | Mem:0.06M, Peak:0.06M | Scene, ViewLayer | Updating Meshes
Fra:1 Mem:19.71M (Peak 27.76M) | Time:00:00.09 | Mem:0.06M, Peak:0.06M | Scene, ViewLayer | Updating Mesh | Computing attributes
Fra:1 Mem:20.05M (Peak 27.76M) | Time:00:00.09 | Mem:0.10M, Peak:0.10M | Scene, ViewLayer | Updating Mesh | Copying Attributes to device
Fra:1 Mem:19.97M (Peak 27.76M) | Time:00:00.09 | Mem:0.32M, Peak:0.32M | Scene, ViewLayer | Updating Geometry BVH Cube.002 2/242 | Building BVH
Fra:1 Mem:19.97M (Peak 27.76M) | Time:00:00.09 | Mem:0.32M, Peak:0.32M | Scene, ViewLayer | Updating Geometry BVH Cube.003 3/242 | Building BVH
Fra:1 Mem:19.97M (Peak 27.76M) | Time:00:00.09 | Mem:0.32M, Peak:0.32M | Scene, ViewLayer | Updating Geometry BVH Cube.001 1/242 | Building BVH
Fra:1 Mem:19.97M (Peak 27.76M) | Time:00:00.09 | Mem:0.32M, Peak:0.32M | Scene, ViewLayer | Updating Geometry BVH Cube.009 9/242 | Building BVH
Fra:1 Mem:19.97M (Peak 27.76M) | Time:00:00.09 | Mem:0.32M, Peak:0.32M | Scene, ViewLayer | Updating Geometry BVH Cube.014 14/242 | Building BVH
Fra:1 Mem:19.97M (Peak 27.76M) | Time:00:00.09 | Mem:0.32M, Peak:0.32M | Scene, ViewLayer | Updating Geometry BVH Cube.015 15/242 | Building BVH
Fra:1 Mem:19.97M (Peak 27.76M) | Time:00:00.09 | Mem:0.32M, Peak:0.32M | Scene, ViewLayer | Updating Geometry BVH Cube.015 15/242 | Building BVH 0%
Fra:1 Mem:19.97M (Peak 27.76M) | Time:00:00.09 | Mem:0.32M, Peak:0.32M | Scene, ViewLayer | Updating Geometry BVH Cube.015 15/242 | Building BVH
Fra:1 Mem:19.97M (Peak 27.76M) | Time:00:00.09 | Mem:0.32M, Peak:0.32M | Scene, ViewLayer | Updating Geometry BVH Cube.016 16/242 | Building BVH
Fra:1 Mem:19.97M (Peak 27.76M) | Time:00:00.09 | Mem:0.32M, Peak:0.32M | Scene, ViewLayer | Updating Geometry BVH Cube.017 17/242 | Building BVH
Fra:1 Mem:19.97M (Peak 27.76M) | Time:00:00.09 | Mem:0.33M, Peak:0.33M | Scene, ViewLayer | Updating Geometry BVH Cube.018 18/242 | Building BVH
Fra:1 Mem:19.97M (Peak 27.76M) | Time:00:00.09 | Mem:0.33M, Peak:0.33M | Scene, ViewLayer | Updating Geometry BVH Cube.019 19/242 | Building BVH
Fra:1 Mem:19.97M (Peak 27.76M) | Time:00:00.09 | Mem:0.33M, Peak:0.33M | Scene, ViewLayer | Updating Geometry BVH Cube.021 21/242 | Building BVH
Fra:1 Mem:19.97M (Peak 27.76M) | Time:00:00.09 | Mem:0.33M, Peak:0.33M | Scene, ViewLayer | Updating Geometry BVH Cube.022 22/242 | Building BVH
Fra:1 Mem:19.97M (Peak 27.76M) | Time:00:00.09 | Mem:0.33M, Peak:0.33M | Scene, ViewLayer | Updating Geometry BVH Cube.024 24/242 | Building BVH
Fra:1 Mem:19.97M (Peak 27.76M) | Time:00:00.09 | Mem:0.34M, Peak:0.34M | Scene, ViewLayer | Updating Geometry BVH Cube.025 25/242 | Building BVH
Fra:1 Mem:19.97M (Peak 27.76M) | Time:00:00.09 | Mem:0.34M, Peak:0.34M | Scene, ViewLayer | Updating Geometry BVH Cube.026 26/242 | Building BVH
Fra:1 Mem:19.97M (Peak 27.76M) | Time:00:00.09 | Mem:0.34M, Peak:0.34M | Scene, ViewLayer | Updating Geometry BVH Cube.027 27/242 | Building BVH
Fra:1 Mem:19.97M (Peak 27.76M) | Time:00:00.09 | Mem:0.34M, Peak:0.34M | Scene, ViewLayer | Updating Geometry BVH Cube.028 28/242 | Building BVH
Fra:1 Mem:19.97M (Peak 27.76M) | Time:00:00.09 | Mem:0.34M, Peak:0.34M | Scene, ViewLayer | Updating Geometry BVH Cube.029 29/242 | Building BVH
Fra:1 Mem:19.97M (Peak 27.76M) | Time:00:00.09 | Mem:0.34M, Peak:0.34M | Scene, ViewLayer | Updating Geometry BVH Cube.030 30/242 | Building BVH
Fra:1 Mem:19.97M (Peak 27.76M) | Time:00:00.09 | Mem:0.34M, Peak:0.34M | Scene, ViewLayer | Updating Geometry BVH Cube.032 32/242 | Building BVH
Fra:1 Mem:19.97M (Peak 27.76M) | Time:00:00.09 | Mem:0.35M, Peak:0.35M | Scene, ViewLayer | Updating Geometry BVH Cube.034 34/242 | Building BVH
Fra:1 Mem:19.97M (Peak 27.76M) | Time:00:00.09 | Mem:0.35M, Peak:0.35M | Scene, ViewLayer | Updating Geometry BVH Cube.035 35/242 | Building BVH
Fra:1 Mem:19.97M (Peak 27.76M) | Time:00:00.09 | Mem:0.35M, Peak:0.35M | Scene, ViewLayer | Updating Geometry BVH Cube.036 36/242 | Building BVH
Fra:1 Mem:19.97M (Peak 27.76M) | Time:00:00.09 | Mem:0.35M, Peak:0.35M | Scene, ViewLayer | Updating Geometry BVH Cube.038 38/242 | Building BVH
Fra:1 Mem:19.97M (Peak 27.76M) | Time:00:00.09 | Mem:0.35M, Peak:0.35M | Scene, ViewLayer | Updating Geometry BVH Cube.039 39/242 | Building BVH
Fra:1 Mem:19.97M (Peak 27.76M) | Time:00:00.09 | Mem:0.35M, Peak:0.35M | Scene, ViewLayer | Updating Geometry BVH Cube.040 40/242 | Building BVH
Fra:1 Mem:19.97M (Peak 27.76M) | Time:00:00.09 | Mem:0.36M, Peak:0.36M | Scene, ViewLayer | Updating Geometry BVH Cube.041 41/242 | Building BVH
Fra:1 Mem:19.97M (Peak 27.76M) | Time:00:00.09 | Mem:0.36M, Peak:0.36M | Scene, ViewLayer | Updating Geometry BVH Cube.241 241/242 | Building BVH
Fra:1 Mem:19.97M (Peak 27.76M) | Time:00:00.09 | Mem:0.36M, Peak:0.36M | Scene, ViewLayer | Updating Geometry BVH Cube.042 42/242 | Building BVH
Fra:1 Mem:19.97M (Peak 27.76M) | Time:00:00.09 | Mem:0.36M, Peak:0.36M | Scene, ViewLayer | Updating Geometry BVH Cube.044 44/242 | Building BVH
Fra:1 Mem:19.97M (Peak 27.76M) | Time:00:00.09 | Mem:0.36M, Peak:0.36M | Scene, ViewLayer | Updating Geometry BVH Cube.045 45/242 | Building BVH
Fra:1 Mem:19.97M (Peak 27.76M) | Time:00:00.09 | Mem:0.36M, Peak:0.36M | Scene, ViewLayer | Updating Geometry BVH Cube.046 46/242 | Building BVH
Fra:1 Mem:19.97M (Peak 27.76M) | Time:00:00.09 | Mem:0.36M, Peak:0.37M | Scene, ViewLayer | Updating Geometry BVH Cube.047 47/242 | Building BVH
Fra:1 Mem:19.97M (Peak 27.76M) | Time:00:00.09 | Mem:0.37M, Peak:0.37M | Scene, ViewLayer | Updating Geometry BVH Cube.048 48/242 | Building BVH
Fra:1 Mem:19.97M (Peak 27.76M) | Time:00:00.09 | Mem:0.37M, Peak:0.37M | Scene, ViewLayer | Updating Geometry BVH Cube.049 49/242 | Building BVH
Fra:1 Mem:19.97M (Peak 27.76M) | Time:00:00.09 | Mem:0.37M, Peak:0.37M | Scene, ViewLayer | Updating Geometry BVH Cube.050 50/242 | Building BVH
Fra:1 Mem:19.97M (Peak 27.76M) | Time:00:00.09 | Mem:0.37M, Peak:0.37M | Scene, ViewLayer | Updating Geometry BVH Cube.051 51/242 | Building BVH
Fra:1 Mem:19.97M (Peak 27.76M) | Time:00:00.09 | Mem:0.37M, Peak:0.37M | Scene, ViewLayer | Updating Geometry BVH Cube.052 52/242 | Building BVH
Fra:1 Mem:19.97M (Peak 27.76M) | Time:00:00.09 | Mem:0.37M, Peak:0.37M | Scene, ViewLayer | Updating Geometry BVH Cube.053 53/242 | Building BVH
Fra:1 Mem:19.97M (Peak 27.76M) | Time:00:00.09 | Mem:0.37M, Peak:0.37M | Scene, ViewLayer | Updating Geometry BVH Cube.054 54/242 | Building BVH
Fra:1 Mem:19.97M (Peak 27.76M) | Time:00:00.09 | Mem:0.38M, Peak:0.38M | Scene, ViewLayer | Updating Geometry BVH Cube.055 55/242 | Building BVH
Fra:1 Mem:19.97M (Peak 27.76M) | Time:00:00.09 | Mem:0.38M, Peak:0.38M | Scene, ViewLayer | Updating Geometry BVH Cube.056 56/242 | Building BVH
Fra:1 Mem:19.97M (Peak 27.76M) | Time:00:00.09 | Mem:0.38M, Peak:0.38M | Scene, ViewLayer | Updating Geometry BVH Cube.057 57/242 | Building BVH
Fra:1 Mem:19.97M (Peak 27.76M) | Time:00:00.09 | Mem:0.38M, Peak:0.38M | Scene, ViewLayer | Updating Geometry BVH Cube.058 58/242 | Building BVH
Fra:1 Mem:19.97M (Peak 27.76M) | Time:00:00.09 | Mem:0.38M, Peak:0.38M | Scene, ViewLayer | Updating Geometry BVH Cube.059 59/242 | Building BVH
Fra:1 Mem:19.97M (Peak 27.76M) | Time:00:00.09 | Mem:0.38M, Peak:0.38M | Scene, ViewLayer | Updating Geometry BVH Cube.060 60/242 | Building BVH
Fra:1 Mem:19.97M (Peak 27.76M) | Time:00:00.09 | Mem:0.38M, Peak:0.39M | Scene, ViewLayer | Updating Geometry BVH Cube.061 61/242 | Building BVH
Fra:1 Mem:19.97M (Peak 27.76M) | Time:00:00.09 | Mem:0.38M, Peak:0.39M | Scene, ViewLayer | Updating Geometry BVH Cube.062 62/242 | Building BVH
Fra:1 Mem:19.97M (Peak 27.76M) | Time:00:00.09 | Mem:0.39M, Peak:0.39M | Scene, ViewLayer | Updating Geometry BVH Cube.063 63/242 | Building BVH
Fra:1 Mem:19.97M (Peak 27.76M) | Time:00:00.09 | Mem:0.39M, Peak:0.39M | Scene, ViewLayer | Updating Geometry BVH Cube.064 64/242 | Building BVH
Fra:1 Mem:19.97M (Peak 27.76M) | Time:00:00.09 | Mem:0.39M, Peak:0.39M | Scene, ViewLayer | Updating Geometry BVH Cube.065 65/242 | Building BVH
Fra:1 Mem:19.97M (Peak 27.76M) | Time:00:00.09 | Mem:0.39M, Peak:0.39M | Scene, ViewLayer | Updating Geometry BVH Cube.066 66/242 | Building BVH
Fra:1 Mem:19.97M (Peak 27.76M) | Time:00:00.09 | Mem:0.39M, Peak:0.39M | Scene, ViewLayer | Updating Geometry BVH Cube.067 67/242 | Building BVH
Fra:1 Mem:19.97M (Peak 27.76M) | Time:00:00.09 | Mem:0.39M, Peak:0.39M | Scene, ViewLayer | Updating Geometry BVH Cube.068 68/242 | Building BVH
Fra:1 Mem:19.97M (Peak 27.76M) | Time:00:00.09 | Mem:0.40M, Peak:0.40M | Scene, ViewLayer | Updating Geometry BVH Cube.069 69/242 | Building BVH
Fra:1 Mem:19.97M (Peak 27.76M) | Time:00:00.09 | Mem:0.40M, Peak:0.40M | Scene, ViewLayer | Updating Geometry BVH Cube.070 70/242 | Building BVH
Fra:1 Mem:19.97M (Peak 27.76M) | Time:00:00.09 | Mem:0.40M, Peak:0.40M | Scene, ViewLayer | Updating Geometry BVH Cube.071 71/242 | Building BVH
Fra:1 Mem:19.97M (Peak 27.76M) | Time:00:00.09 | Mem:0.40M, Peak:0.40M | Scene, ViewLayer | Updating Geometry BVH Cube.072 72/242 | Building BVH
Fra:1 Mem:19.97M (Peak 27.76M) | Time:00:00.09 | Mem:0.40M, Peak:0.40M | Scene, ViewLayer | Updating Geometry BVH Cube.073 73/242 | Building BVH
Fra:1 Mem:19.97M (Peak 27.76M) | Time:00:00.09 | Mem:0.40M, Peak:0.40M | Scene, ViewLayer | Updating Geometry BVH Cube.074 74/242 | Building BVH
Fra:1 Mem:19.97M (Peak 27.76M) | Time:00:00.09 | Mem:0.40M, Peak:0.40M | Scene, ViewLayer | Updating Geometry BVH Cube.075 75/242 | Building BVH
Fra:1 Mem:19.97M (Peak 27.76M) | Time:00:00.09 | Mem:0.41M, Peak:0.41M | Scene, ViewLayer | Updating Geometry BVH Cube.076 76/242 | Building BVH
Fra:1 Mem:19.97M (Peak 27.76M) | Time:00:00.09 | Mem:0.41M, Peak:0.41M | Scene, ViewLayer | Updating Geometry BVH Cube.077 77/242 | Building BVH
Fra:1 Mem:19.97M (Peak 27.76M) | Time:00:00.09 | Mem:0.41M, Peak:0.41M | Scene, ViewLayer | Updating Geometry BVH Cube.078 78/242 | Building BVH
Fra:1 Mem:19.97M (Peak 27.76M) | Time:00:00.09 | Mem:0.41M, Peak:0.41M | Scene, ViewLayer | Updating Geometry BVH Cube.079 79/242 | Building BVH
Fra:1 Mem:19.97M (Peak 27.76M) | Time:00:00.09 | Mem:0.41M, Peak:0.41M | Scene, ViewLayer | Updating Geometry BVH Cube.080 80/242 | Building BVH
Fra:1 Mem:19.97M (Peak 27.76M) | Time:00:00.09 | Mem:0.41M, Peak:0.41M | Scene, ViewLayer | Updating Geometry BVH Cube.081 81/242 | Building BVH
Fra:1 Mem:19.97M (Peak 27.76M) | Time:00:00.09 | Mem:0.41M, Peak:0.41M | Scene, ViewLayer | Updating Geometry BVH Cube.082 82/242 | Building BVH
Fra:1 Mem:19.97M (Peak 27.76M) | Time:00:00.09 | Mem:0.42M, Peak:0.42M | Scene, ViewLayer | Updating Geometry BVH Cube.083 83/242 | Building BVH
Fra:1 Mem:19.97M (Peak 27.76M) | Time:00:00.09 | Mem:0.42M, Peak:0.42M | Scene, ViewLayer | Updating Geometry BVH Cube.084 84/242 | Building BVH
Fra:1 Mem:19.97M (Peak 27.76M) | Time:00:00.09 | Mem:0.42M, Peak:0.42M | Scene, ViewLayer | Updating Geometry BVH Cube.085 85/242 | Building BVH
Fra:1 Mem:19.97M (Peak 27.76M) | Time:00:00.09 | Mem:0.42M, Peak:0.42M | Scene, ViewLayer | Updating Geometry BVH Cube.086 86/242 | Building BVH
Fra:1 Mem:19.97M (Peak 27.76M) | Time:00:00.09 | Mem:0.42M, Peak:0.42M | Scene, ViewLayer | Updating Geometry BVH Cube.087 87/242 | Building BVH
Fra:1 Mem:19.97M (Peak 27.76M) | Time:00:00.09 | Mem:0.42M, Peak:0.42M | Scene, ViewLayer | Updating Geometry BVH Cube.088 88/242 | Building BVH
Fra:1 Mem:19.97M (Peak 27.76M) | Time:00:00.09 | Mem:0.42M, Peak:0.42M | Scene, ViewLayer | Updating Geometry BVH Cube.089 89/242 | Building BVH
Fra:1 Mem:19.97M (Peak 27.76M) | Time:00:00.09 | Mem:0.42M, Peak:0.42M | Scene, ViewLayer | Updating Geometry BVH Cube.090 90/242 | Building BVH
Fra:1 Mem:19.97M (Peak 27.76M) | Time:00:00.09 | Mem:0.43M, Peak:0.43M | Scene, ViewLayer | Updating Geometry BVH Cube.091 91/242 | Building BVH
Fra:1 Mem:19.97M (Peak 27.76M) | Time:00:00.09 | Mem:0.43M, Peak:0.43M | Scene, ViewLayer | Updating Geometry BVH Cube.092 92/242 | Building BVH
Fra:1 Mem:19.97M (Peak 27.76M) | Time:00:00.09 | Mem:0.43M, Peak:0.43M | Scene, ViewLayer | Updating Geometry BVH Cube.093 93/242 | Building BVH
Fra:1 Mem:19.97M (Peak 27.76M) | Time:00:00.09 | Mem:0.43M, Peak:0.43M | Scene, ViewLayer | Updating Geometry BVH Cube.239 239/242 | Building BVH
Fra:1 Mem:19.97M (Peak 27.76M) | Time:00:00.09 | Mem:0.43M, Peak:0.43M | Scene, ViewLayer | Updating Geometry BVH Cube.094 94/242 | Building BVH
Fra:1 Mem:19.97M (Peak 27.76M) | Time:00:00.09 | Mem:0.43M, Peak:0.43M | Scene, ViewLayer | Updating Geometry BVH Cube.095 95/242 | Building BVH
Fra:1 Mem:19.97M (Peak 27.76M) | Time:00:00.09 | Mem:0.43M, Peak:0.43M | Scene, ViewLayer | Updating Geometry BVH Cube.096 96/242 | Building BVH
Fra:1 Mem:19.97M (Peak 27.76M) | Time:00:00.09 | Mem:0.44M, Peak:0.44M | Scene, ViewLayer | Updating Geometry BVH Cube.097 97/242 | Building BVH
Fra:1 Mem:19.97M (Peak 27.76M) | Time:00:00.09 | Mem:0.44M, Peak:0.44M | Scene, ViewLayer | Updating Geometry BVH Cube.099 99/242 | Building BVH
Fra:1 Mem:19.97M (Peak 27.76M) | Time:00:00.09 | Mem:0.44M, Peak:0.44M | Scene, ViewLayer | Updating Geometry BVH Cube.100 100/242 | Building BVH
Fra:1 Mem:19.97M (Peak 27.76M) | Time:00:00.09 | Mem:0.44M, Peak:0.44M | Scene, ViewLayer | Updating Geometry BVH Cube.101 101/242 | Building BVH
Fra:1 Mem:19.97M (Peak 27.76M) | Time:00:00.09 | Mem:0.44M, Peak:0.44M | Scene, ViewLayer | Updating Geometry BVH Cube.102 102/242 | Building BVH
Fra:1 Mem:19.97M (Peak 27.76M) | Time:00:00.09 | Mem:0.44M, Peak:0.44M | Scene, ViewLayer | Updating Geometry BVH Cube.238 238/242 | Building BVH
Fra:1 Mem:19.97M (Peak 27.76M) | Time:00:00.09 | Mem:0.44M, Peak:0.44M | Scene, ViewLayer | Updating Geometry BVH Cube.103 103/242 | Building BVH
Fra:1 Mem:19.97M (Peak 27.76M) | Time:00:00.09 | Mem:0.45M, Peak:0.45M | Scene, ViewLayer | Updating Geometry BVH Cube.104 104/242 | Building BVH
Fra:1 Mem:19.97M (Peak 27.76M) | Time:00:00.09 | Mem:0.45M, Peak:0.45M | Scene, ViewLayer | Updating Geometry BVH Cube.105 105/242 | Building BVH
Fra:1 Mem:19.97M (Peak 27.76M) | Time:00:00.09 | Mem:0.45M, Peak:0.45M | Scene, ViewLayer | Updating Geometry BVH Cube.106 106/242 | Building BVH
Fra:1 Mem:19.97M (Peak 27.76M) | Time:00:00.09 | Mem:0.45M, Peak:0.45M | Scene, ViewLayer | Updating Geometry BVH Cube.107 107/242 | Building BVH
Fra:1 Mem:19.97M (Peak 27.76M) | Time:00:00.09 | Mem:0.45M, Peak:0.45M | Scene, ViewLayer | Updating Geometry BVH Cube.237 237/242 | Building BVH
Fra:1 Mem:19.97M (Peak 27.76M) | Time:00:00.09 | Mem:0.45M, Peak:0.45M | Scene, ViewLayer | Updating Geometry BVH Cube.108 108/242 | Building BVH
Fra:1 Mem:19.97M (Peak 27.76M) | Time:00:00.09 | Mem:0.45M, Peak:0.45M | Scene, ViewLayer | Updating Geometry BVH Cube.109 109/242 | Building BVH
Fra:1 Mem:19.97M (Peak 27.76M) | Time:00:00.09 | Mem:0.45M, Peak:0.46M | Scene, ViewLayer | Updating Geometry BVH Cube.236 236/242 | Building BVH
Fra:1 Mem:19.97M (Peak 27.76M) | Time:00:00.09 | Mem:0.46M, Peak:0.46M | Scene, ViewLayer | Updating Geometry BVH Cube.110 110/242 | Building BVH
Fra:1 Mem:19.97M (Peak 27.76M) | Time:00:00.09 | Mem:0.46M, Peak:0.46M | Scene, ViewLayer | Updating Geometry BVH Cube.111 111/242 | Building BVH
Fra:1 Mem:19.97M (Peak 27.76M) | Time:00:00.09 | Mem:0.46M, Peak:0.46M | Scene, ViewLayer | Updating Geometry BVH Cube.113 113/242 | Building BVH
Fra:1 Mem:19.97M (Peak 27.76M) | Time:00:00.09 | Mem:0.46M, Peak:0.46M | Scene, ViewLayer | Updating Geometry BVH Cube.114 114/242 | Building BVH
Fra:1 Mem:19.97M (Peak 27.76M) | Time:00:00.09 | Mem:0.46M, Peak:0.46M | Scene, ViewLayer | Updating Geometry BVH Cube.115 115/242 | Building BVH
Fra:1 Mem:19.97M (Peak 27.76M) | Time:00:00.09 | Mem:0.46M, Peak:0.46M | Scene, ViewLayer | Updating Geometry BVH Cube.116 116/242 | Building BVH
Fra:1 Mem:19.97M (Peak 27.76M) | Time:00:00.09 | Mem:0.47M, Peak:0.47M | Scene, ViewLayer | Updating Geometry BVH Cube.117 117/242 | Building BVH
Fra:1 Mem:19.97M (Peak 27.76M) | Time:00:00.09 | Mem:0.47M, Peak:0.47M | Scene, ViewLayer | Updating Geometry BVH Cube.118 118/242 | Building BVH
Fra:1 Mem:19.97M (Peak 27.76M) | Time:00:00.09 | Mem:0.47M, Peak:0.47M | Scene, ViewLayer | Updating Geometry BVH Cube.119 119/242 | Building BVH
Fra:1 Mem:19.97M (Peak 27.76M) | Time:00:00.09 | Mem:0.47M, Peak:0.47M | Scene, ViewLayer | Updating Geometry BVH Cube.120 120/242 | Building BVH
Fra:1 Mem:19.97M (Peak 27.76M) | Time:00:00.09 | Mem:0.47M, Peak:0.47M | Scene, ViewLayer | Updating Geometry BVH Cube.121 121/242 | Building BVH
Fra:1 Mem:19.97M (Peak 27.76M) | Time:00:00.09 | Mem:0.47M, Peak:0.47M | Scene, ViewLayer | Updating Geometry BVH Cube.123 123/242 | Building BVH
Fra:1 Mem:19.97M (Peak 27.76M) | Time:00:00.09 | Mem:0.48M, Peak:0.48M | Scene, ViewLayer | Updating Geometry BVH Cube.124 124/242 | Building BVH
Fra:1 Mem:19.97M (Peak 27.76M) | Time:00:00.09 | Mem:0.48M, Peak:0.48M | Scene, ViewLayer | Updating Geometry BVH Cube.125 125/242 | Building BVH
Fra:1 Mem:19.97M (Peak 27.76M) | Time:00:00.09 | Mem:0.48M, Peak:0.48M | Scene, ViewLayer | Updating Geometry BVH Cube.126 126/242 | Building BVH
Fra:1 Mem:19.97M (Peak 27.76M) | Time:00:00.09 | Mem:0.48M, Peak:0.48M | Scene, ViewLayer | Updating Geometry BVH Cube.127 127/242 | Building BVH
Fra:1 Mem:19.97M (Peak 27.76M) | Time:00:00.09 | Mem:0.48M, Peak:0.48M | Scene, ViewLayer | Updating Geometry BVH Cube.128 128/242 | Building BVH
Fra:1 Mem:19.97M (Peak 27.76M) | Time:00:00.09 | Mem:0.48M, Peak:0.48M | Scene, ViewLayer | Updating Geometry BVH Cube.129 129/242 | Building BVH
Fra:1 Mem:19.97M (Peak 27.76M) | Time:00:00.09 | Mem:0.49M, Peak:0.49M | Scene, ViewLayer | Updating Geometry BVH Cube.131 131/242 | Building BVH
Fra:1 Mem:19.97M (Peak 27.76M) | Time:00:00.09 | Mem:0.49M, Peak:0.49M | Scene, ViewLayer | Updating Geometry BVH Cube.132 132/242 | Building BVH
Fra:1 Mem:19.97M (Peak 27.76M) | Time:00:00.09 | Mem:0.49M, Peak:0.49M | Scene, ViewLayer | Updating Geometry BVH Cube.133 133/242 | Building BVH
Fra:1 Mem:19.97M (Peak 27.76M) | Time:00:00.09 | Mem:0.49M, Peak:0.49M | Scene, ViewLayer | Updating Geometry BVH Cube.134 134/242 | Building BVH
Fra:1 Mem:19.97M (Peak 27.76M) | Time:00:00.09 | Mem:0.49M, Peak:0.49M | Scene, ViewLayer | Updating Geometry BVH Cube.136 136/242 | Building BVH
Fra:1 Mem:19.97M (Peak 27.76M) | Time:00:00.09 | Mem:0.49M, Peak:0.50M | Scene, ViewLayer | Updating Geometry BVH Cube.137 137/242 | Building BVH
Fra:1 Mem:19.97M (Peak 27.76M) | Time:00:00.09 | Mem:0.50M, Peak:0.50M | Scene, ViewLayer | Updating Geometry BVH Cube.138 138/242 | Building BVH
Fra:1 Mem:19.97M (Peak 27.76M) | Time:00:00.09 | Mem:0.50M, Peak:0.50M | Scene, ViewLayer | Updating Geometry BVH Cube.234 234/242 | Building BVH
Fra:1 Mem:19.97M (Peak 27.76M) | Time:00:00.09 | Mem:0.50M, Peak:0.50M | Scene, ViewLayer | Updating Geometry BVH Cube.139 139/242 | Building BVH
Fra:1 Mem:19.97M (Peak 27.76M) | Time:00:00.09 | Mem:0.50M, Peak:0.50M | Scene, ViewLayer | Updating Geometry BVH Cube.141 141/242 | Building BVH
Fra:1 Mem:19.97M (Peak 27.76M) | Time:00:00.09 | Mem:0.50M, Peak:0.50M | Scene, ViewLayer | Updating Geometry BVH Cube.142 142/242 | Building BVH
Fra:1 Mem:19.97M (Peak 27.76M) | Time:00:00.09 | Mem:0.50M, Peak:0.50M | Scene, ViewLayer | Updating Geometry BVH Cube.143 143/242 | Building BVH
Fra:1 Mem:19.97M (Peak 27.76M) | Time:00:00.09 | Mem:0.51M, Peak:0.51M | Scene, ViewLayer | Updating Geometry BVH Cube.144 144/242 | Building BVH
Fra:1 Mem:19.97M (Peak 27.76M) | Time:00:00.09 | Mem:0.51M, Peak:0.51M | Scene, ViewLayer | Updating Geometry BVH Cube.233 233/242 | Building BVH
Fra:1 Mem:19.97M (Peak 27.76M) | Time:00:00.09 | Mem:0.51M, Peak:0.51M | Scene, ViewLayer | Updating Geometry BVH Cube.145 145/242 | Building BVH
Fra:1 Mem:19.97M (Peak 27.76M) | Time:00:00.09 | Mem:0.51M, Peak:0.51M | Scene, ViewLayer | Updating Geometry BVH Cube.146 146/242 | Building BVH
Fra:1 Mem:19.97M (Peak 27.76M) | Time:00:00.09 | Mem:0.51M, Peak:0.51M | Scene, ViewLayer | Updating Geometry BVH Cube.147 147/242 | Building BVH
Fra:1 Mem:19.97M (Peak 27.76M) | Time:00:00.09 | Mem:0.51M, Peak:0.51M | Scene, ViewLayer | Updating Geometry BVH Cube.149 149/242 | Building BVH
Fra:1 Mem:19.97M (Peak 27.76M) | Time:00:00.09 | Mem:0.51M, Peak:0.51M | Scene, ViewLayer | Updating Geometry BVH Cube.150 150/242 | Building BVH
Fra:1 Mem:19.97M (Peak 27.76M) | Time:00:00.09 | Mem:0.51M, Peak:0.52M | Scene, ViewLayer | Updating Geometry BVH Cube.151 151/242 | Building BVH
Fra:1 Mem:19.97M (Peak 27.76M) | Time:00:00.09 | Mem:0.52M, Peak:0.52M | Scene, ViewLayer | Updating Geometry BVH Cube.152 152/242 | Building BVH
Fra:1 Mem:19.97M (Peak 27.76M) | Time:00:00.09 | Mem:0.52M, Peak:0.52M | Scene, ViewLayer | Updating Geometry BVH Cube.153 153/242 | Building BVH
Fra:1 Mem:19.97M (Peak 27.76M) | Time:00:00.09 | Mem:0.52M, Peak:0.52M | Scene, ViewLayer | Updating Geometry BVH Cube.155 155/242 | Building BVH
Fra:1 Mem:19.97M (Peak 27.76M) | Time:00:00.09 | Mem:0.52M, Peak:0.52M | Scene, ViewLayer | Updating Geometry BVH Cube.156 156/242 | Building BVH
Fra:1 Mem:19.97M (Peak 27.76M) | Time:00:00.09 | Mem:0.52M, Peak:0.52M | Scene, ViewLayer | Updating Geometry BVH Cube.157 157/242 | Building BVH
Fra:1 Mem:19.97M (Peak 27.76M) | Time:00:00.09 | Mem:0.52M, Peak:0.52M | Scene, ViewLayer | Updating Geometry BVH Cube.158 158/242 | Building BVH
Fra:1 Mem:19.97M (Peak 27.76M) | Time:00:00.09 | Mem:0.53M, Peak:0.53M | Scene, ViewLayer | Updating Geometry BVH Cube.159 159/242 | Building BVH
Fra:1 Mem:19.97M (Peak 27.76M) | Time:00:00.09 | Mem:0.53M, Peak:0.53M | Scene, ViewLayer | Updating Geometry BVH Cube.160 160/242 | Building BVH
Fra:1 Mem:19.97M (Peak 27.76M) | Time:00:00.09 | Mem:0.53M, Peak:0.53M | Scene, ViewLayer | Updating Geometry BVH Cube.161 161/242 | Building BVH
Fra:1 Mem:19.97M (Peak 27.76M) | Time:00:00.09 | Mem:0.53M, Peak:0.53M | Scene, ViewLayer | Updating Geometry BVH Cube.163 163/242 | Building BVH
Fra:1 Mem:19.97M (Peak 27.76M) | Time:00:00.09 | Mem:0.53M, Peak:0.53M | Scene, ViewLayer | Updating Geometry BVH Cube.164 164/242 | Building BVH
Fra:1 Mem:19.97M (Peak 27.76M) | Time:00:00.09 | Mem:0.54M, Peak:0.54M | Scene, ViewLayer | Updating Geometry BVH Cube.165 165/242 | Building BVH
Fra:1 Mem:19.97M (Peak 27.76M) | Time:00:00.09 | Mem:0.54M, Peak:0.54M | Scene, ViewLayer | Updating Geometry BVH Cube.166 166/242 | Building BVH
Fra:1 Mem:19.97M (Peak 27.76M) | Time:00:00.09 | Mem:0.54M, Peak:0.54M | Scene, ViewLayer | Updating Geometry BVH Cube.167 167/242 | Building BVH
Fra:1 Mem:19.97M (Peak 27.76M) | Time:00:00.09 | Mem:0.54M, Peak:0.54M | Scene, ViewLayer | Updating Geometry BVH Cube.168 168/242 | Building BVH
Fra:1 Mem:19.97M (Peak 27.76M) | Time:00:00.09 | Mem:0.54M, Peak:0.54M | Scene, ViewLayer | Updating Geometry BVH Cube.169 169/242 | Building BVH
Fra:1 Mem:19.97M (Peak 27.76M) | Time:00:00.09 | Mem:0.54M, Peak:0.54M | Scene, ViewLayer | Updating Geometry BVH Cube.170 170/242 | Building BVH
Fra:1 Mem:19.97M (Peak 27.76M) | Time:00:00.09 | Mem:0.54M, Peak:0.54M | Scene, ViewLayer | Updating Geometry BVH Cube.172 172/242 | Building BVH
Fra:1 Mem:19.97M (Peak 27.76M) | Time:00:00.09 | Mem:0.55M, Peak:0.55M | Scene, ViewLayer | Updating Geometry BVH Cube.173 173/242 | Building BVH
Fra:1 Mem:19.97M (Peak 27.76M) | Time:00:00.09 | Mem:0.55M, Peak:0.55M | Scene, ViewLayer | Updating Geometry BVH Cube.174 174/242 | Building BVH
Fra:1 Mem:19.97M (Peak 27.76M) | Time:00:00.09 | Mem:0.55M, Peak:0.55M | Scene, ViewLayer | Updating Geometry BVH Cube.175 175/242 | Building BVH
Fra:1 Mem:19.97M (Peak 27.76M) | Time:00:00.09 | Mem:0.55M, Peak:0.55M | Scene, ViewLayer | Updating Geometry BVH Cube.177 177/242 | Building BVH
Fra:1 Mem:19.97M (Peak 27.76M) | Time:00:00.09 | Mem:0.55M, Peak:0.55M | Scene, ViewLayer | Updating Geometry BVH Cube.178 178/242 | Building BVH
Fra:1 Mem:19.97M (Peak 27.76M) | Time:00:00.09 | Mem:0.55M, Peak:0.55M | Scene, ViewLayer | Updating Geometry BVH Cube.179 179/242 | Building BVH
Fra:1 Mem:19.97M (Peak 27.76M) | Time:00:00.09 | Mem:0.55M, Peak:0.55M | Scene, ViewLayer | Updating Geometry BVH Cube.180 180/242 | Building BVH
Fra:1 Mem:19.97M (Peak 27.76M) | Time:00:00.09 | Mem:0.56M, Peak:0.56M | Scene, ViewLayer | Updating Geometry BVH Cube.181 181/242 | Building BVH
Fra:1 Mem:19.97M (Peak 27.76M) | Time:00:00.09 | Mem:0.56M, Peak:0.56M | Scene, ViewLayer | Updating Geometry BVH Cube.232 232/242 | Building BVH
Fra:1 Mem:19.97M (Peak 27.76M) | Time:00:00.09 | Mem:0.56M, Peak:0.56M | Scene, ViewLayer | Updating Geometry BVH Cube.182 182/242 | Building BVH
Fra:1 Mem:19.97M (Peak 27.76M) | Time:00:00.09 | Mem:0.56M, Peak:0.56M | Scene, ViewLayer | Updating Geometry BVH Cube.183 183/242 | Building BVH
Fra:1 Mem:19.97M (Peak 27.76M) | Time:00:00.09 | Mem:0.56M, Peak:0.56M | Scene, ViewLayer | Updating Geometry BVH Cube.184 184/242 | Building BVH
Fra:1 Mem:19.97M (Peak 27.76M) | Time:00:00.09 | Mem:0.56M, Peak:0.56M | Scene, ViewLayer | Updating Geometry BVH Cube.185 185/242 | Building BVH
Fra:1 Mem:19.97M (Peak 27.76M) | Time:00:00.09 | Mem:0.56M, Peak:0.56M | Scene, ViewLayer | Updating Geometry BVH Cube.186 186/242 | Building BVH
Fra:1 Mem:19.97M (Peak 27.76M) | Time:00:00.09 | Mem:0.56M, Peak:0.57M | Scene, ViewLayer | Updating Geometry BVH Cube.187 187/242 | Building BVH
Fra:1 Mem:19.97M (Peak 27.76M) | Time:00:00.09 | Mem:0.57M, Peak:0.57M | Scene, ViewLayer | Updating Geometry BVH Cube.188 188/242 | Building BVH
Fra:1 Mem:19.97M (Peak 27.76M) | Time:00:00.09 | Mem:0.57M, Peak:0.57M | Scene, ViewLayer | Updating Geometry BVH Cube.189 189/242 | Building BVH
Fra:1 Mem:19.97M (Peak 27.76M) | Time:00:00.09 | Mem:0.57M, Peak:0.57M | Scene, ViewLayer | Updating Geometry BVH Cube.190 190/242 | Building BVH
Fra:1 Mem:19.97M (Peak 27.76M) | Time:00:00.09 | Mem:0.57M, Peak:0.57M | Scene, ViewLayer | Updating Geometry BVH Cube.191 191/242 | Building BVH
Fra:1 Mem:19.97M (Peak 27.76M) | Time:00:00.09 | Mem:0.57M, Peak:0.57M | Scene, ViewLayer | Updating Geometry BVH Cube.192 192/242 | Building BVH
Fra:1 Mem:19.97M (Peak 27.76M) | Time:00:00.09 | Mem:0.58M, Peak:0.58M | Scene, ViewLayer | Updating Geometry BVH Cube.194 194/242 | Building BVH
Fra:1 Mem:19.97M (Peak 27.76M) | Time:00:00.09 | Mem:0.58M, Peak:0.58M | Scene, ViewLayer | Updating Geometry BVH Cube.195 195/242 | Building BVH
Fra:1 Mem:19.97M (Peak 27.76M) | Time:00:00.09 | Mem:0.58M, Peak:0.58M | Scene, ViewLayer | Updating Geometry BVH Cube.196 196/242 | Building BVH
Fra:1 Mem:19.97M (Peak 27.76M) | Time:00:00.09 | Mem:0.58M, Peak:0.58M | Scene, ViewLayer | Updating Geometry BVH Cube.197 197/242 | Building BVH
Fra:1 Mem:19.97M (Peak 27.76M) | Time:00:00.09 | Mem:0.58M, Peak:0.58M | Scene, ViewLayer | Updating Geometry BVH Cube.198 198/242 | Building BVH
Fra:1 Mem:19.97M (Peak 27.76M) | Time:00:00.09 | Mem:0.58M, Peak:0.58M | Scene, ViewLayer | Updating Geometry BVH Cube.199 199/242 | Building BVH
Fra:1 Mem:19.97M (Peak 27.76M) | Time:00:00.09 | Mem:0.58M, Peak:0.58M | Scene, ViewLayer | Updating Geometry BVH Cube.200 200/242 | Building BVH
Fra:1 Mem:19.97M (Peak 27.76M) | Time:00:00.09 | Mem:0.59M, Peak:0.59M | Scene, ViewLayer | Updating Geometry BVH Cube.201 201/242 | Building BVH
Fra:1 Mem:19.97M (Peak 27.76M) | Time:00:00.09 | Mem:0.59M, Peak:0.59M | Scene, ViewLayer | Updating Geometry BVH Cube.202 202/242 | Building BVH
Fra:1 Mem:19.97M (Peak 27.76M) | Time:00:00.09 | Mem:0.59M, Peak:0.59M | Scene, ViewLayer | Updating Geometry BVH Cube.203 203/242 | Building BVH
Fra:1 Mem:19.97M (Peak 27.76M) | Time:00:00.09 | Mem:0.59M, Peak:0.59M | Scene, ViewLayer | Updating Geometry BVH Cube.205 205/242 | Building BVH
Fra:1 Mem:19.97M (Peak 27.76M) | Time:00:00.09 | Mem:0.59M, Peak:0.59M | Scene, ViewLayer | Updating Geometry BVH Cube.206 206/242 | Building BVH
Fra:1 Mem:19.97M (Peak 27.76M) | Time:00:00.09 | Mem:0.60M, Peak:0.60M | Scene, ViewLayer | Updating Geometry BVH Cube.208 208/242 | Building BVH
Fra:1 Mem:19.97M (Peak 27.76M) | Time:00:00.09 | Mem:0.60M, Peak:0.60M | Scene, ViewLayer | Updating Geometry BVH Cube.209 209/242 | Building BVH
Fra:1 Mem:19.97M (Peak 27.76M) | Time:00:00.09 | Mem:0.60M, Peak:0.60M | Scene, ViewLayer | Updating Geometry BVH Cube.210 210/242 | Building BVH
Fra:1 Mem:19.97M (Peak 27.76M) | Time:00:00.09 | Mem:0.60M, Peak:0.60M | Scene, ViewLayer | Updating Geometry BVH Cube.230 230/242 | Building BVH
Fra:1 Mem:19.97M (Peak 27.76M) | Time:00:00.09 | Mem:0.60M, Peak:0.60M | Scene, ViewLayer | Updating Geometry BVH Cube.229 229/242 | Building BVH
Fra:1 Mem:19.97M (Peak 27.76M) | Time:00:00.09 | Mem:0.60M, Peak:0.60M | Scene, ViewLayer | Updating Geometry BVH Cube.228 228/242 | Building BVH
Fra:1 Mem:19.97M (Peak 27.76M) | Time:00:00.09 | Mem:0.60M, Peak:0.60M | Scene, ViewLayer | Updating Geometry BVH Cube.212 212/242 | Building BVH
Fra:1 Mem:19.97M (Peak 27.76M) | Time:00:00.09 | Mem:0.60M, Peak:0.61M | Scene, ViewLayer | Updating Geometry BVH Cube.213 213/242 | Building BVH
Fra:1 Mem:19.97M (Peak 27.76M) | Time:00:00.09 | Mem:0.61M, Peak:0.61M | Scene, ViewLayer | Updating Geometry BVH Cube.215 215/242 | Building BVH
Fra:1 Mem:19.97M (Peak 27.76M) | Time:00:00.09 | Mem:0.61M, Peak:0.61M | Scene, ViewLayer | Updating Geometry BVH Cube.216 216/242 | Building BVH
Fra:1 Mem:19.97M (Peak 27.76M) | Time:00:00.09 | Mem:0.61M, Peak:0.61M | Scene, ViewLayer | Updating Geometry BVH Cube.217 217/242 | Building BVH
Fra:1 Mem:19.97M (Peak 27.76M) | Time:00:00.09 | Mem:0.61M, Peak:0.61M | Scene, ViewLayer | Updating Geometry BVH Cube.218 218/242 | Building BVH
Fra:1 Mem:19.97M (Peak 27.76M) | Time:00:00.09 | Mem:0.61M, Peak:0.61M | Scene, ViewLayer | Updating Geometry BVH Cube.220 220/242 | Building BVH
Fra:1 Mem:19.97M (Peak 27.76M) | Time:00:00.09 | Mem:0.62M, Peak:0.62M | Scene, ViewLayer | Updating Geometry BVH Cube.221 221/242 | Building BVH
Fra:1 Mem:19.97M (Peak 27.76M) | Time:00:00.09 | Mem:0.62M, Peak:0.62M | Scene, ViewLayer | Updating Geometry BVH Cube.222 222/242 | Building BVH
Fra:1 Mem:19.97M (Peak 27.76M) | Time:00:00.09 | Mem:0.62M, Peak:0.62M | Scene, ViewLayer | Updating Geometry BVH Cube.224 224/242 | Building BVH
Fra:1 Mem:19.97M (Peak 27.76M) | Time:00:00.09 | Mem:0.62M, Peak:0.62M | Scene, ViewLayer | Updating Geometry BVH Cube.225 225/242 | Building BVH
Fra:1 Mem:19.97M (Peak 27.76M) | Time:00:00.09 | Mem:0.62M, Peak:0.62M | Scene, ViewLayer | Updating Geometry BVH Cube.227 227/242 | Building BVH
Fra:1 Mem:19.97M (Peak 27.76M) | Time:00:00.09 | Mem:0.65M, Peak:0.65M | Scene, ViewLayer | Updating Scene BVH | Building
Fra:1 Mem:19.97M (Peak 27.76M) | Time:00:00.09 | Mem:0.65M, Peak:0.65M | Scene, ViewLayer | Updating Scene BVH | Building BVH
Fra:1 Mem:19.97M (Peak 27.76M) | Time:00:00.10 | Mem:0.67M, Peak:0.67M | Scene, ViewLayer | Updating Scene BVH | Copying BVH to device
Fra:1 Mem:19.97M (Peak 27.76M) | Time:00:00.10 | Mem:0.67M, Peak:0.67M | Scene, ViewLayer | Updating Mesh | Computing normals
Fra:1 Mem:20.18M (Peak 27.76M) | Time:00:00.10 | Mem:0.67M, Peak:0.67M | Scene, ViewLayer | Updating Mesh | Copying Mesh to device
Fra:1 Mem:20.18M (Peak 27.76M) | Time:00:00.10 | Mem:0.87M, Peak:0.87M | Scene, ViewLayer | Updating Objects Flags
Fra:1 Mem:20.18M (Peak 27.76M) | Time:00:00.10 | Mem:0.87M, Peak:0.87M | Scene, ViewLayer | Updating Primitive Offsets
Fra:1 Mem:20.18M (Peak 27.76M) | Time:00:00.10 | Mem:0.87M, Peak:0.87M | Scene, ViewLayer | Updating Images
Fra:1 Mem:20.18M (Peak 27.76M) | Time:00:00.10 | Mem:0.87M, Peak:0.87M | Scene, ViewLayer | Updating Images | Loading lining_light.png
Fra:1 Mem:20.18M (Peak 27.76M) | Time:00:00.10 | Mem:0.87M, Peak:0.87M | Scene, ViewLayer | Updating Images | Loading calcite_shadow.png
Fra:1 Mem:20.18M (Peak 27.76M) | Time:00:00.10 | Mem:0.87M, Peak:0.87M | Scene, ViewLayer | Updating Images | Loading lining_light_emission.png
Fra:1 Mem:20.20M (Peak 27.76M) | Time:00:00.11 | Mem:0.87M, Peak:0.87M | Scene, ViewLayer | Updating Images | Loading calcite_emission.png
Fra:1 Mem:20.20M (Peak 27.76M) | Time:00:00.11 | Mem:0.87M, Peak:0.87M | Scene, ViewLayer | Updating Images | Loading calcite_shadow_emission.png
Fra:1 Mem:20.20M (Peak 27.76M) | Time:00:00.11 | Mem:0.87M, Peak:0.87M | Scene, ViewLayer | Updating Images | Loading lining_emission.png
Fra:1 Mem:20.20M (Peak 27.76M) | Time:00:00.11 | Mem:0.88M, Peak:0.88M | Scene, ViewLayer | Updating Images | Loading calcite_light_emission.png
Fra:1 Mem:20.20M (Peak 27.76M) | Time:00:00.11 | Mem:0.88M, Peak:0.88M | Scene, ViewLayer | Updating Images | Loading basalt_emission.png
Fra:1 Mem:20.20M (Peak 27.76M) | Time:00:00.11 | Mem:0.88M, Peak:0.88M | Scene, ViewLayer | Updating Images | Loading basalt_dark_emission.png
Fra:1 Mem:20.20M (Peak 27.76M) | Time:00:00.11 | Mem:0.88M, Peak:0.88M | Scene, ViewLayer | Updating Images | Loading bud_silver_emission.png
Fra:1 Mem:20.20M (Peak 27.76M) | Time:00:00.11 | Mem:0.88M, Peak:0.88M | Scene, ViewLayer | Updating Images | Loading bud_lilac_emission.png
Fra:1 Mem:20.21M (Peak 27.76M) | Time:00:00.11 | Mem:0.88M, Peak:0.88M | Scene, ViewLayer | Updating Images | Loading side_backing_emission.png
Fra:1 Mem:20.21M (Peak 27.76M) | Time:00:00.11 | Mem:0.88M, Peak:0.88M | Scene, ViewLayer | Updating Images | Loading engraved_amethyst_emission.png
Fra:1 Mem:20.21M (Peak 27.76M) | Time:00:00.11 | Mem:0.88M, Peak:0.88M | Scene, ViewLayer | Updating Images | Loading engraved_glint_emission.png
Fra:1 Mem:20.21M (Peak 27.76M) | Time:00:00.11 | Mem:0.89M, Peak:0.89M | Scene, ViewLayer | Updating Images | Loading bud_pink_emission.png
Fra:1 Mem:20.21M (Peak 27.76M) | Time:00:00.11 | Mem:0.89M, Peak:0.89M | Scene, ViewLayer | Updating Images | Loading calcite_metal.png
Fra:1 Mem:20.21M (Peak 27.76M) | Time:00:00.12 | Mem:0.89M, Peak:0.89M | Scene, ViewLayer | Updating Images | Loading lining_metal.png
Fra:1 Mem:20.21M (Peak 27.76M) | Time:00:00.12 | Mem:0.89M, Peak:0.89M | Scene, ViewLayer | Updating Images | Loading calcite_shadow_metal.png
Fra:1 Mem:20.21M (Peak 27.76M) | Time:00:00.12 | Mem:0.89M, Peak:0.89M | Scene, ViewLayer | Updating Images | Loading calcite_light_metal.png
Fra:1 Mem:20.21M (Peak 27.76M) | Time:00:00.12 | Mem:0.89M, Peak:0.89M | Scene, ViewLayer | Updating Images | Loading basalt_metal.png
Fra:1 Mem:20.21M (Peak 27.76M) | Time:00:00.12 | Mem:0.89M, Peak:0.89M | Scene, ViewLayer | Updating Images | Loading side_backing_metal.png
Fra:1 Mem:20.21M (Peak 27.76M) | Time:00:00.12 | Mem:0.89M, Peak:0.89M | Scene, ViewLayer | Updating Images | Loading bud_lilac_metal.png
Fra:1 Mem:20.21M (Peak 27.76M) | Time:00:00.12 | Mem:0.89M, Peak:0.89M | Scene, ViewLayer | Updating Images | Loading basalt_dark_metal.png
Fra:1 Mem:20.21M (Peak 27.76M) | Time:00:00.12 | Mem:0.89M, Peak:0.89M | Scene, ViewLayer | Updating Images | Loading engraved_glint_metal.png
Fra:1 Mem:20.21M (Peak 27.76M) | Time:00:00.12 | Mem:0.89M, Peak:0.89M | Scene, ViewLayer | Updating Images | Loading side_relief_metal.png
Fra:1 Mem:20.21M (Peak 27.76M) | Time:00:00.12 | Mem:0.89M, Peak:0.89M | Scene, ViewLayer | Updating Images | Loading bud_pink_metal.png
Fra:1 Mem:20.21M (Peak 27.76M) | Time:00:00.12 | Mem:0.89M, Peak:0.89M | Scene, ViewLayer | Updating Images | Loading engraved_amethyst_metal.png
Fra:1 Mem:20.21M (Peak 27.76M) | Time:00:00.12 | Mem:0.89M, Peak:0.89M | Scene, ViewLayer | Updating Images | Loading bud_silver_metal.png
Fra:1 Mem:20.21M (Peak 27.76M) | Time:00:00.12 | Mem:0.89M, Peak:0.89M | Scene, ViewLayer | Updating Images | Loading lining_light_sss.png
Fra:1 Mem:20.21M (Peak 27.76M) | Time:00:00.12 | Mem:0.89M, Peak:0.89M | Scene, ViewLayer | Updating Images | Loading calcite_sss.png
Fra:1 Mem:20.21M (Peak 27.76M) | Time:00:00.12 | Mem:0.89M, Peak:0.89M | Scene, ViewLayer | Updating Images | Loading lining_sss.png
Fra:1 Mem:20.21M (Peak 27.76M) | Time:00:00.12 | Mem:0.89M, Peak:0.89M | Scene, ViewLayer | Updating Images | Loading bud_silver_normal_preview.png
Fra:1 Mem:20.21M (Peak 27.76M) | Time:00:00.13 | Mem:0.89M, Peak:0.89M | Scene, ViewLayer | Updating Images | Loading calcite_shadow_sss.png
Fra:1 Mem:20.21M (Peak 27.76M) | Time:00:00.13 | Mem:0.89M, Peak:0.89M | Scene, ViewLayer | Updating Images | Loading calcite_light_sss.png
Fra:1 Mem:20.21M (Peak 27.76M) | Time:00:00.13 | Mem:0.89M, Peak:0.89M | Scene, ViewLayer | Updating Images | Loading side_backing_sss.png
Fra:1 Mem:20.21M (Peak 27.76M) | Time:00:00.13 | Mem:0.89M, Peak:0.89M | Scene, ViewLayer | Updating Images | Loading basalt_sss.png
Fra:1 Mem:20.21M (Peak 27.76M) | Time:00:00.13 | Mem:0.89M, Peak:0.89M | Scene, ViewLayer | Updating Images | Loading bud_lilac_sss.png
Fra:1 Mem:20.21M (Peak 27.76M) | Time:00:00.13 | Mem:0.89M, Peak:0.89M | Scene, ViewLayer | Updating Images | Loading basalt_dark_sss.png
Fra:1 Mem:20.21M (Peak 27.76M) | Time:00:00.13 | Mem:0.89M, Peak:0.89M | Scene, ViewLayer | Updating Images | Loading bud_pink_sss.png
Fra:1 Mem:20.21M (Peak 27.76M) | Time:00:00.13 | Mem:0.89M, Peak:0.89M | Scene, ViewLayer | Updating Images | Loading bud_silver_sss.png
Fra:1 Mem:20.21M (Peak 27.76M) | Time:00:00.13 | Mem:0.89M, Peak:0.89M | Scene, ViewLayer | Updating Images | Loading side_relief_sss.png
Fra:1 Mem:20.21M (Peak 27.76M) | Time:00:00.13 | Mem:0.89M, Peak:0.89M | Scene, ViewLayer | Updating Images | Loading lining_light_roughness.png
Fra:1 Mem:20.22M (Peak 27.76M) | Time:00:00.13 | Mem:0.89M, Peak:0.89M | Scene, ViewLayer | Updating Images | Loading calcite_roughness.png
Fra:1 Mem:20.22M (Peak 27.76M) | Time:00:00.13 | Mem:0.89M, Peak:0.89M | Scene, ViewLayer | Updating Images | Loading lining_roughness.png
Fra:1 Mem:20.22M (Peak 27.76M) | Time:00:00.13 | Mem:0.89M, Peak:0.89M | Scene, ViewLayer | Updating Images | Loading calcite_light_roughness.png
Fra:1 Mem:20.22M (Peak 27.76M) | Time:00:00.13 | Mem:0.90M, Peak:0.90M | Scene, ViewLayer | Updating Images | Loading bud_lilac_normal_preview.png
Fra:1 Mem:20.22M (Peak 27.76M) | Time:00:00.14 | Mem:0.90M, Peak:0.90M | Scene, ViewLayer | Updating Images | Loading calcite_shadow_roughness.png
Fra:1 Mem:20.22M (Peak 27.76M) | Time:00:00.14 | Mem:0.90M, Peak:0.90M | Scene, ViewLayer | Updating Images | Loading basalt_dark_roughness.png
Fra:1 Mem:20.22M (Peak 27.76M) | Time:00:00.14 | Mem:0.90M, Peak:0.90M | Scene, ViewLayer | Updating Images | Loading bud_pink_roughness.png
Fra:1 Mem:20.22M (Peak 27.76M) | Time:00:00.14 | Mem:0.90M, Peak:0.90M | Scene, ViewLayer | Updating Images | Loading bud_lilac_roughness.png
Fra:1 Mem:20.22M (Peak 27.76M) | Time:00:00.14 | Mem:0.90M, Peak:0.90M | Scene, ViewLayer | Updating Images | Loading engraved_glint_roughness.png
Fra:1 Mem:20.22M (Peak 27.76M) | Time:00:00.14 | Mem:0.90M, Peak:0.90M | Scene, ViewLayer | Updating Images | Loading bud_silver_roughness.png
Fra:1 Mem:20.22M (Peak 27.76M) | Time:00:00.14 | Mem:0.90M, Peak:0.90M | Scene, ViewLayer | Updating Images | Loading side_relief_roughness.png
Fra:1 Mem:20.22M (Peak 27.76M) | Time:00:00.14 | Mem:0.90M, Peak:0.90M | Scene, ViewLayer | Updating Images | Loading engraved_amethyst_roughness.png
Fra:1 Mem:20.22M (Peak 27.76M) | Time:00:00.14 | Mem:0.90M, Peak:0.90M | Scene, ViewLayer | Updating Images | Loading bud_pink_normal_preview.png
Fra:1 Mem:20.22M (Peak 27.76M) | Time:00:00.14 | Mem:0.90M, Peak:0.90M | Scene, ViewLayer | Updating Images | Loading lining_normal_preview.png
Fra:1 Mem:20.22M (Peak 27.76M) | Time:00:00.14 | Mem:0.90M, Peak:0.90M | Scene, ViewLayer | Updating Images | Loading side_backing_normal_preview.png
Fra:1 Mem:20.23M (Peak 27.76M) | Time:00:00.15 | Mem:0.90M, Peak:0.90M | Scene, ViewLayer | Updating Images | Loading calcite_shadow_normal_preview.png
Fra:1 Mem:20.23M (Peak 27.76M) | Time:00:00.15 | Mem:0.90M, Peak:0.90M | Scene, ViewLayer | Updating Images | Loading basalt_normal_preview.png
Fra:1 Mem:20.23M (Peak 27.76M) | Time:00:00.15 | Mem:0.90M, Peak:0.90M | Scene, ViewLayer | Updating Images | Loading basalt_dark_normal_preview.png
Fra:1 Mem:20.23M (Peak 27.76M) | Time:00:00.16 | Mem:0.91M, Peak:0.91M | Scene, ViewLayer | Updating Camera Volume
Fra:1 Mem:20.23M (Peak 27.76M) | Time:00:00.16 | Mem:0.91M, Peak:0.91M | Scene, ViewLayer | Updating Lookup Tables
Fra:1 Mem:20.23M (Peak 27.76M) | Time:00:00.16 | Mem:1.16M, Peak:1.16M | Scene, ViewLayer | Updating Lights
Fra:1 Mem:20.23M (Peak 27.76M) | Time:00:00.16 | Mem:1.16M, Peak:1.16M | Scene, ViewLayer | Updating Lights | Computing distribution
Fra:1 Mem:20.27M (Peak 27.76M) | Time:00:00.16 | Mem:1.21M, Peak:1.21M | Scene, ViewLayer | Updating Integrator
Fra:1 Mem:20.28M (Peak 27.76M) | Time:00:00.16 | Mem:1.22M, Peak:1.22M | Scene, ViewLayer | Updating Film
Fra:1 Mem:20.29M (Peak 27.76M) | Time:00:00.16 | Mem:0.97M, Peak:1.22M | Scene, ViewLayer | Updating Lookup Tables
Fra:1 Mem:20.29M (Peak 27.76M) | Time:00:00.16 | Mem:1.22M, Peak:1.22M | Scene, ViewLayer | Updating Baking
Fra:1 Mem:20.29M (Peak 27.76M) | Time:00:00.16 | Mem:1.22M, Peak:1.22M | Scene, ViewLayer | Updating Device | Writing constant memory
Fra:1 Mem:20.29M (Peak 27.76M) | Time:00:00.16 | Mem:1.22M, Peak:1.22M | Scene, ViewLayer | Sample 0/48
Fra:1 Mem:92.82M (Peak 92.82M) | Time:00:00.56 | Remaining:00:18.68 | Mem:73.71M, Peak:73.71M | Scene, ViewLayer | Sample 1/48
Fra:1 Mem:123.33M (Peak 169.11M) | Time:00:17.10 | Mem:73.71M, Peak:73.71M | Scene, ViewLayer | Sample 48/48
Fra:1 Mem:123.33M (Peak 169.11M) | Time:00:17.10 | Mem:73.71M, Peak:73.71M | Scene, ViewLayer | Finished
Saved: 'D:\Desktop\Document\Coding\FULL STACK\ConvertTable\assets\geode_prototype\geode_three_quarter.png'
 Time: 00:17.20 (Saving: 00:00.09)

Fra:1 Mem:27.31M (Peak 27.31M) | Time:00:00.01 | Mem:0.00M, Peak:0.00M | Scene, ViewLayer | Synchronizing object | 01_basalt_corner_guards_0000
Fra:1 Mem:27.31M (Peak 27.31M) | Time:00:00.01 | Mem:0.00M, Peak:0.00M | Scene, ViewLayer | Synchronizing object | 10_calcite_corner_shoulders_0003
Fra:1 Mem:27.32M (Peak 27.32M) | Time:00:00.01 | Mem:0.00M, Peak:0.00M | Scene, ViewLayer | Synchronizing object | 08_layer_2_lower_rail_0006
Fra:1 Mem:27.32M (Peak 27.32M) | Time:00:00.01 | Mem:0.00M, Peak:0.00M | Scene, ViewLayer | Synchronizing object | 06_layer_2_carved_stone_0008
Fra:1 Mem:27.32M (Peak 27.32M) | Time:00:00.01 | Mem:0.00M, Peak:0.00M | Scene, ViewLayer | Synchronizing object | 06_layer_2_carved_stone_0010
Fra:1 Mem:27.32M (Peak 27.32M) | Time:00:00.01 | Mem:0.00M, Peak:0.00M | Scene, ViewLayer | Synchronizing object | 06_layer_2_carved_stone_0011
Fra:1 Mem:27.32M (Peak 27.32M) | Time:00:00.01 | Mem:0.00M, Peak:0.00M | Scene, ViewLayer | Synchronizing object | 06_layer_2_carved_stone_0012
Fra:1 Mem:27.33M (Peak 27.33M) | Time:00:00.01 | Mem:0.00M, Peak:0.00M | Scene, ViewLayer | Synchronizing object | 06_layer_2_carved_stone_0015
Fra:1 Mem:27.33M (Peak 27.33M) | Time:00:00.01 | Mem:0.00M, Peak:0.00M | Scene, ViewLayer | Synchronizing object | 06_layer_2_carved_stone_0016
Fra:1 Mem:27.33M (Peak 27.33M) | Time:00:00.01 | Mem:0.00M, Peak:0.00M | Scene, ViewLayer | Synchronizing object | 06_layer_2_carved_stone_0019
Fra:1 Mem:27.33M (Peak 27.33M) | Time:00:00.01 | Mem:0.00M, Peak:0.00M | Scene, ViewLayer | Synchronizing object | 09_layer_2_crown_rim_0021
Fra:1 Mem:27.33M (Peak 27.33M) | Time:00:00.01 | Mem:0.00M, Peak:0.00M | Scene, ViewLayer | Synchronizing object | 09_calcite_crown_rim_0022
Fra:1 Mem:27.34M (Peak 27.34M) | Time:00:00.01 | Mem:0.00M, Peak:0.00M | Scene, ViewLayer | Synchronizing object | 11_corner_crystal_buds_0023
Fra:1 Mem:27.34M (Peak 27.34M) | Time:00:00.01 | Mem:0.00M, Peak:0.00M | Scene, ViewLayer | Synchronizing object | 11_corner_crystal_buds_0024
Fra:1 Mem:27.34M (Peak 27.34M) | Time:00:00.01 | Mem:0.00M, Peak:0.00M | Scene, ViewLayer | Synchronizing object | 11_corner_crystal_buds_0026
Fra:1 Mem:27.34M (Peak 27.34M) | Time:00:00.01 | Mem:0.00M, Peak:0.00M | Scene, ViewLayer | Synchronizing object | 11_corner_crystal_buds_0027
Fra:1 Mem:27.35M (Peak 27.35M) | Time:00:00.01 | Mem:0.00M, Peak:0.00M | Scene, ViewLayer | Synchronizing object | 05_layer_3_mineral_backing_0029
Fra:1 Mem:27.35M (Peak 27.35M) | Time:00:00.01 | Mem:0.00M, Peak:0.00M | Scene, ViewLayer | Synchronizing object | 05_layer_3_mineral_backing_0030
Fra:1 Mem:27.36M (Peak 27.36M) | Time:00:00.01 | Mem:0.00M, Peak:0.00M | Scene, ViewLayer | Synchronizing object | 05_layer_3_mineral_backing_0031
Fra:1 Mem:27.36M (Peak 27.36M) | Time:00:00.01 | Mem:0.00M, Peak:0.00M | Scene, ViewLayer | Synchronizing object | 05_layer_3_mineral_backing_0034
Fra:1 Mem:27.37M (Peak 27.37M) | Time:00:00.01 | Mem:0.00M, Peak:0.00M | Scene, ViewLayer | Synchronizing object | 05_layer_3_mineral_backing_0035
Fra:1 Mem:27.37M (Peak 27.37M) | Time:00:00.01 | Mem:0.00M, Peak:0.00M | Scene, ViewLayer | Synchronizing object | 07_inlaid_crystal_incisions_0037
Fra:1 Mem:27.37M (Peak 27.37M) | Time:00:00.01 | Mem:0.00M, Peak:0.00M | Scene, ViewLayer | Synchronizing object | 05_layer_3_mineral_backing_0039
Fra:1 Mem:27.37M (Peak 27.37M) | Time:00:00.01 | Mem:0.00M, Peak:0.00M | Scene, ViewLayer | Synchronizing object | 05_layer_3_mineral_backing_0040
Fra:1 Mem:27.37M (Peak 27.37M) | Time:00:00.01 | Mem:0.00M, Peak:0.00M | Scene, ViewLayer | Synchronizing object | 07_inlaid_crystal_incisions_0042
Fra:1 Mem:27.38M (Peak 27.38M) | Time:00:00.01 | Mem:0.00M, Peak:0.00M | Scene, ViewLayer | Synchronizing object | 07_inlaid_crystal_incisions_0044
Fra:1 Mem:27.38M (Peak 27.38M) | Time:00:00.01 | Mem:0.00M, Peak:0.00M | Scene, ViewLayer | Synchronizing object | 05_layer_3_mineral_backing_0045
Fra:1 Mem:27.38M (Peak 27.38M) | Time:00:00.01 | Mem:0.00M, Peak:0.00M | Scene, ViewLayer | Synchronizing object | 07_inlaid_crystal_incisions_0046
Fra:1 Mem:27.39M (Peak 27.39M) | Time:00:00.01 | Mem:0.00M, Peak:0.00M | Scene, ViewLayer | Synchronizing object | 05_layer_3_mineral_backing_0047
Fra:1 Mem:27.39M (Peak 27.39M) | Time:00:00.01 | Mem:0.00M, Peak:0.00M | Scene, ViewLayer | Synchronizing object | 05_layer_3_mineral_backing_0048
Fra:1 Mem:27.39M (Peak 27.39M) | Time:00:00.01 | Mem:0.00M, Peak:0.00M | Scene, ViewLayer | Synchronizing object | 05_layer_3_mineral_backing_0050
Fra:1 Mem:27.39M (Peak 27.39M) | Time:00:00.01 | Mem:0.00M, Peak:0.00M | Scene, ViewLayer | Synchronizing object | 07_inlaid_crystal_incisions_0051
Fra:1 Mem:27.40M (Peak 27.40M) | Time:00:00.01 | Mem:0.00M, Peak:0.00M | Scene, ViewLayer | Synchronizing object | 05_layer_3_mineral_backing_0052
Fra:1 Mem:27.40M (Peak 27.40M) | Time:00:00.01 | Mem:0.00M, Peak:0.00M | Scene, ViewLayer | Synchronizing object | 07_inlaid_crystal_incisions_0053
Fra:1 Mem:27.40M (Peak 27.40M) | Time:00:00.01 | Mem:0.00M, Peak:0.00M | Scene, ViewLayer | Synchronizing object | 05_layer_3_mineral_backing_0055
Fra:1 Mem:27.40M (Peak 27.40M) | Time:00:00.01 | Mem:0.00M, Peak:0.00M | Scene, ViewLayer | Synchronizing object | 05_layer_3_mineral_backing_0056
Fra:1 Mem:27.40M (Peak 27.41M) | Time:00:00.01 | Mem:0.00M, Peak:0.00M | Scene, ViewLayer | Synchronizing object | 05_layer_3_mineral_backing_0058
Fra:1 Mem:27.41M (Peak 27.41M) | Time:00:00.01 | Mem:0.00M, Peak:0.00M | Scene, ViewLayer | Synchronizing object | 05_layer_3_mineral_backing_0060
Fra:1 Mem:27.41M (Peak 27.41M) | Time:00:00.01 | Mem:0.00M, Peak:0.00M | Scene, ViewLayer | Synchronizing object | 05_layer_3_mineral_backing_0061
Fra:1 Mem:27.42M (Peak 27.42M) | Time:00:00.01 | Mem:0.00M, Peak:0.00M | Scene, ViewLayer | Synchronizing object | 08_layer_2_lower_rail_0063
Fra:1 Mem:27.42M (Peak 27.42M) | Time:00:00.01 | Mem:0.00M, Peak:0.00M | Scene, ViewLayer | Synchronizing object | 02_calcite_lower_shell_0066
Fra:1 Mem:27.42M (Peak 27.43M) | Time:00:00.01 | Mem:0.00M, Peak:0.00M | Scene, ViewLayer | Synchronizing object | 08_layer_2_lower_rail_0068
Fra:1 Mem:27.43M (Peak 27.43M) | Time:00:00.01 | Mem:0.00M, Peak:0.00M | Scene, ViewLayer | Synchronizing object | 05_layer_3_mineral_backing_0069
Fra:1 Mem:27.43M (Peak 27.43M) | Time:00:00.01 | Mem:0.00M, Peak:0.00M | Scene, ViewLayer | Synchronizing object | 05_layer_3_mineral_backing_0070
Fra:1 Mem:27.43M (Peak 27.43M) | Time:00:00.01 | Mem:0.00M, Peak:0.00M | Scene, ViewLayer | Synchronizing object | 05_layer_3_mineral_backing_0072
Fra:1 Mem:27.44M (Peak 27.44M) | Time:00:00.01 | Mem:0.00M, Peak:0.00M | Scene, ViewLayer | Synchronizing object | 06_layer_2_carved_stone_0074
Fra:1 Mem:27.44M (Peak 27.44M) | Time:00:00.01 | Mem:0.00M, Peak:0.00M | Scene, ViewLayer | Synchronizing object | 05_layer_3_mineral_backing_0075
Fra:1 Mem:27.44M (Peak 27.44M) | Time:00:00.01 | Mem:0.00M, Peak:0.00M | Scene, ViewLayer | Synchronizing object | 05_layer_3_mineral_backing_0076
Fra:1 Mem:27.44M (Peak 27.44M) | Time:00:00.01 | Mem:0.00M, Peak:0.00M | Scene, ViewLayer | Synchronizing object | 06_layer_2_carved_stone_0077
Fra:1 Mem:27.45M (Peak 27.45M) | Time:00:00.01 | Mem:0.00M, Peak:0.00M | Scene, ViewLayer | Synchronizing object | 05_layer_3_mineral_backing_0078
Fra:1 Mem:27.45M (Peak 27.45M) | Time:00:00.01 | Mem:0.00M, Peak:0.00M | Scene, ViewLayer | Synchronizing object | 04_geode_inner_lining_0080
Fra:1 Mem:27.45M (Peak 27.45M) | Time:00:00.01 | Mem:0.00M, Peak:0.00M | Scene, ViewLayer | Synchronizing object | 05_layer_3_mineral_backing_0081
Fra:1 Mem:27.45M (Peak 27.45M) | Time:00:00.01 | Mem:0.00M, Peak:0.00M | Scene, ViewLayer | Synchronizing object | 05_layer_3_mineral_backing_0082
Fra:1 Mem:27.46M (Peak 27.46M) | Time:00:00.01 | Mem:0.00M, Peak:0.00M | Scene, ViewLayer | Synchronizing object | 05_layer_3_mineral_backing_0083
Fra:1 Mem:27.46M (Peak 27.46M) | Time:00:00.01 | Mem:0.00M, Peak:0.00M | Scene, ViewLayer | Synchronizing object | 06_layer_2_carved_stone_0085
Fra:1 Mem:27.46M (Peak 27.46M) | Time:00:00.01 | Mem:0.00M, Peak:0.00M | Scene, ViewLayer | Synchronizing object | 05_layer_3_mineral_backing_0086
Fra:1 Mem:27.46M (Peak 27.46M) | Time:00:00.01 | Mem:0.00M, Peak:0.00M | Scene, ViewLayer | Synchronizing object | 06_layer_2_carved_stone_0087
Fra:1 Mem:27.47M (Peak 27.47M) | Time:00:00.01 | Mem:0.00M, Peak:0.00M | Scene, ViewLayer | Synchronizing object | 07_inlaid_crystal_incisions_0088
Fra:1 Mem:27.47M (Peak 27.47M) | Time:00:00.01 | Mem:0.00M, Peak:0.00M | Scene, ViewLayer | Synchronizing object | 05_layer_3_mineral_backing_0089
Fra:1 Mem:27.48M (Peak 27.48M) | Time:00:00.01 | Mem:0.00M, Peak:0.00M | Scene, ViewLayer | Synchronizing object | 05_layer_3_mineral_backing_0092
Fra:1 Mem:27.48M (Peak 27.48M) | Time:00:00.01 | Mem:0.00M, Peak:0.00M | Scene, ViewLayer | Synchronizing object | 06_layer_2_carved_stone_0095
Fra:1 Mem:27.48M (Peak 27.48M) | Time:00:00.01 | Mem:0.00M, Peak:0.00M | Scene, ViewLayer | Synchronizing object | 05_layer_3_mineral_backing_0096
Fra:1 Mem:27.48M (Peak 27.48M) | Time:00:00.01 | Mem:0.00M, Peak:0.00M | Scene, ViewLayer | Synchronizing object | 05_layer_3_mineral_backing_0097
Fra:1 Mem:27.49M (Peak 27.49M) | Time:00:00.01 | Mem:0.00M, Peak:0.00M | Scene, ViewLayer | Synchronizing object | 09_layer_2_crown_rim_0099
Fra:1 Mem:27.49M (Peak 27.49M) | Time:00:00.01 | Mem:0.00M, Peak:0.00M | Scene, ViewLayer | Synchronizing object | 09_calcite_crown_rim_0100
Fra:1 Mem:27.49M (Peak 27.49M) | Time:00:00.01 | Mem:0.00M, Peak:0.00M | Scene, ViewLayer | Synchronizing object | 09_calcite_crown_rim_0101
Fra:1 Mem:27.49M (Peak 27.49M) | Time:00:00.01 | Mem:0.00M, Peak:0.00M | Scene, ViewLayer | Synchronizing object | 06_layer_2_carved_stone_0102
Fra:1 Mem:27.50M (Peak 27.50M) | Time:00:00.01 | Mem:0.00M, Peak:0.00M | Scene, ViewLayer | Synchronizing object | 06_layer_2_carved_stone_0103
Fra:1 Mem:27.50M (Peak 27.50M) | Time:00:00.01 | Mem:0.00M, Peak:0.00M | Scene, ViewLayer | Synchronizing object | 07_inlaid_crystal_incisions_0104
Fra:1 Mem:27.50M (Peak 27.50M) | Time:00:00.01 | Mem:0.00M, Peak:0.00M | Scene, ViewLayer | Synchronizing object | 05_layer_3_mineral_backing_0105
Fra:1 Mem:27.50M (Peak 27.50M) | Time:00:00.01 | Mem:0.00M, Peak:0.00M | Scene, ViewLayer | Synchronizing object | 05_layer_3_mineral_backing_0107
Fra:1 Mem:27.51M (Peak 27.51M) | Time:00:00.01 | Mem:0.00M, Peak:0.00M | Scene, ViewLayer | Synchronizing object | 05_layer_3_mineral_backing_0108
Fra:1 Mem:27.51M (Peak 27.51M) | Time:00:00.01 | Mem:0.00M, Peak:0.00M | Scene, ViewLayer | Synchronizing object | 07_inlaid_crystal_incisions_0109
Fra:1 Mem:27.51M (Peak 27.51M) | Time:00:00.01 | Mem:0.00M, Peak:0.00M | Scene, ViewLayer | Synchronizing object | 06_layer_2_carved_stone_0111
Fra:1 Mem:27.51M (Peak 27.51M) | Time:00:00.01 | Mem:0.00M, Peak:0.00M | Scene, ViewLayer | Synchronizing object | 05_layer_3_mineral_backing_0112
Fra:1 Mem:27.52M (Peak 27.52M) | Time:00:00.01 | Mem:0.00M, Peak:0.00M | Scene, ViewLayer | Synchronizing object | 12_geode_growth_core_0113
Fra:1 Mem:27.52M (Peak 27.52M) | Time:00:00.01 | Mem:0.00M, Peak:0.00M | Scene, ViewLayer | Synchronizing object | 05_layer_3_mineral_backing_0114
Fra:1 Mem:27.52M (Peak 27.52M) | Time:00:00.01 | Mem:0.00M, Peak:0.00M | Scene, ViewLayer | Synchronizing object | 06_layer_2_carved_stone_0115
Fra:1 Mem:27.52M (Peak 27.52M) | Time:00:00.01 | Mem:0.00M, Peak:0.00M | Scene, ViewLayer | Synchronizing object | 12_geode_growth_core_0116
Fra:1 Mem:27.53M (Peak 27.53M) | Time:00:00.01 | Mem:0.00M, Peak:0.00M | Scene, ViewLayer | Synchronizing object | 06_layer_2_carved_stone_0118
Fra:1 Mem:27.53M (Peak 27.53M) | Time:00:00.01 | Mem:0.00M, Peak:0.00M | Scene, ViewLayer | Synchronizing object | 06_layer_2_carved_stone_0119
Fra:1 Mem:27.53M (Peak 27.53M) | Time:00:00.01 | Mem:0.00M, Peak:0.00M | Scene, ViewLayer | Synchronizing object | 07_inlaid_crystal_incisions_0120
Fra:1 Mem:27.53M (Peak 27.53M) | Time:00:00.01 | Mem:0.00M, Peak:0.00M | Scene, ViewLayer | Synchronizing object | 07_inlaid_crystal_incisions_0122
Fra:1 Mem:27.54M (Peak 27.54M) | Time:00:00.01 | Mem:0.00M, Peak:0.00M | Scene, ViewLayer | Synchronizing object | 05_layer_3_mineral_backing_0123
Fra:1 Mem:27.54M (Peak 27.54M) | Time:00:00.01 | Mem:0.00M, Peak:0.00M | Scene, ViewLayer | Synchronizing object | 05_layer_3_mineral_backing_0124
Fra:1 Mem:27.54M (Peak 27.54M) | Time:00:00.01 | Mem:0.00M, Peak:0.00M | Scene, ViewLayer | Synchronizing object | 05_layer_3_mineral_backing_0125
Fra:1 Mem:27.54M (Peak 27.55M) | Time:00:00.01 | Mem:0.00M, Peak:0.00M | Scene, ViewLayer | Synchronizing object | 12_geode_growth_core_0127
Fra:1 Mem:27.55M (Peak 27.55M) | Time:00:00.01 | Mem:0.00M, Peak:0.00M | Scene, ViewLayer | Synchronizing object | 12_geode_growth_core_0129
Fra:1 Mem:27.55M (Peak 27.55M) | Time:00:00.01 | Mem:0.00M, Peak:0.00M | Scene, ViewLayer | Synchronizing object | 12_geode_growth_core_0130
Fra:1 Mem:27.55M (Peak 27.55M) | Time:00:00.01 | Mem:0.00M, Peak:0.00M | Scene, ViewLayer | Synchronizing object | 06_layer_2_carved_stone_0131
Fra:1 Mem:27.56M (Peak 27.56M) | Time:00:00.01 | Mem:0.00M, Peak:0.00M | Scene, ViewLayer | Synchronizing object | 06_layer_2_carved_stone_0132
Fra:1 Mem:27.56M (Peak 27.56M) | Time:00:00.01 | Mem:0.00M, Peak:0.00M | Scene, ViewLayer | Synchronizing object | 07_inlaid_crystal_incisions_0133
Fra:1 Mem:27.56M (Peak 27.56M) | Time:00:00.01 | Mem:0.00M, Peak:0.00M | Scene, ViewLayer | Synchronizing object | 07_inlaid_crystal_incisions_0135
Fra:1 Mem:27.56M (Peak 27.56M) | Time:00:00.01 | Mem:0.00M, Peak:0.00M | Scene, ViewLayer | Synchronizing object | 07_inlaid_crystal_incisions_0137
Fra:1 Mem:27.57M (Peak 27.57M) | Time:00:00.01 | Mem:0.00M, Peak:0.00M | Scene, ViewLayer | Synchronizing object | 07_inlaid_crystal_incisions_0138
Fra:1 Mem:27.57M (Peak 27.57M) | Time:00:00.01 | Mem:0.00M, Peak:0.00M | Scene, ViewLayer | Synchronizing object | 07_inlaid_crystal_incisions_0139
Fra:1 Mem:27.57M (Peak 27.57M) | Time:00:00.01 | Mem:0.00M, Peak:0.00M | Scene, ViewLayer | Synchronizing object | 12_geode_growth_core_0142
Fra:1 Mem:27.58M (Peak 27.58M) | Time:00:00.01 | Mem:0.00M, Peak:0.00M | Scene, ViewLayer | Synchronizing object | Studio floor - excluded from game model
Fra:1 Mem:27.58M (Peak 27.58M) | Time:00:00.01 | Mem:0.00M, Peak:0.00M | Scene, ViewLayer | Synchronizing object | 12_geode_growth_core_0144
Fra:1 Mem:27.58M (Peak 27.58M) | Time:00:00.01 | Mem:0.00M, Peak:0.00M | Scene, ViewLayer | Synchronizing object | 12_geode_growth_core_0145
Fra:1 Mem:27.58M (Peak 27.58M) | Time:00:00.01 | Mem:0.00M, Peak:0.00M | Scene, ViewLayer | Synchronizing object | 05_layer_3_mineral_backing_0147
Fra:1 Mem:27.59M (Peak 27.59M) | Time:00:00.01 | Mem:0.00M, Peak:0.00M | Scene, ViewLayer | Synchronizing object | 05_layer_3_mineral_backing_0148
Fra:1 Mem:27.59M (Peak 27.59M) | Time:00:00.01 | Mem:0.00M, Peak:0.00M | Scene, ViewLayer | Synchronizing object | 05_layer_3_mineral_backing_0150
Fra:1 Mem:27.59M (Peak 27.59M) | Time:00:00.01 | Mem:0.00M, Peak:0.00M | Scene, ViewLayer | Synchronizing object | 06_layer_2_carved_stone_0152
Fra:1 Mem:27.59M (Peak 27.59M) | Time:00:00.01 | Mem:0.00M, Peak:0.00M | Scene, ViewLayer | Synchronizing object | 12_geode_growth_core_0154
Fra:1 Mem:27.60M (Peak 27.60M) | Time:00:00.01 | Mem:0.00M, Peak:0.00M | Scene, ViewLayer | Synchronizing object | 12_geode_growth_core_0155
Fra:1 Mem:27.60M (Peak 27.60M) | Time:00:00.01 | Mem:0.00M, Peak:0.00M | Scene, ViewLayer | Synchronizing object | 05_layer_3_mineral_backing_0157
Fra:1 Mem:27.60M (Peak 27.60M) | Time:00:00.01 | Mem:0.00M, Peak:0.00M | Scene, ViewLayer | Synchronizing object | 06_layer_2_carved_stone_0241
Fra:1 Mem:27.60M (Peak 27.60M) | Time:00:00.01 | Mem:0.00M, Peak:0.00M | Scene, ViewLayer | Synchronizing object | 05_layer_3_mineral_backing_0158
Fra:1 Mem:27.60M (Peak 27.60M) | Time:00:00.01 | Mem:0.00M, Peak:0.00M | Scene, ViewLayer | Synchronizing object | 06_layer_2_carved_stone_0240
Fra:1 Mem:27.61M (Peak 27.61M) | Time:00:00.01 | Mem:0.00M, Peak:0.00M | Scene, ViewLayer | Synchronizing object | 07_inlaid_crystal_incisions_0160
Fra:1 Mem:27.61M (Peak 27.61M) | Time:00:00.01 | Mem:0.00M, Peak:0.00M | Scene, ViewLayer | Synchronizing object | 06_layer_2_carved_stone_0239
Fra:1 Mem:27.61M (Peak 27.61M) | Time:00:00.01 | Mem:0.00M, Peak:0.00M | Scene, ViewLayer | Synchronizing object | 05_layer_3_mineral_backing_0162
Fra:1 Mem:27.61M (Peak 27.61M) | Time:00:00.01 | Mem:0.00M, Peak:0.00M | Scene, ViewLayer | Synchronizing object | 06_layer_2_carved_stone_0238
Fra:1 Mem:27.61M (Peak 27.61M) | Time:00:00.01 | Mem:0.00M, Peak:0.00M | Scene, ViewLayer | Synchronizing object | 05_layer_3_mineral_backing_0163
Fra:1 Mem:27.62M (Peak 27.62M) | Time:00:00.01 | Mem:0.00M, Peak:0.00M | Scene, ViewLayer | Synchronizing object | 06_layer_2_carved_stone_0237
Fra:1 Mem:27.62M (Peak 27.62M) | Time:00:00.01 | Mem:0.00M, Peak:0.00M | Scene, ViewLayer | Synchronizing object | 07_inlaid_crystal_incisions_0165
Fra:1 Mem:27.62M (Peak 27.62M) | Time:00:00.01 | Mem:0.00M, Peak:0.00M | Scene, ViewLayer | Synchronizing object | 12_geode_growth_core_0166
Fra:1 Mem:27.63M (Peak 27.63M) | Time:00:00.01 | Mem:0.00M, Peak:0.00M | Scene, ViewLayer | Synchronizing object | 12_geode_growth_core_0167
Fra:1 Mem:27.63M (Peak 27.63M) | Time:00:00.01 | Mem:0.00M, Peak:0.00M | Scene, ViewLayer | Synchronizing object | 05_layer_3_mineral_backing_0170
Fra:1 Mem:27.63M (Peak 27.63M) | Time:00:00.01 | Mem:0.00M, Peak:0.00M | Scene, ViewLayer | Synchronizing object | 07_inlaid_crystal_incisions_0172
Fra:1 Mem:27.64M (Peak 27.64M) | Time:00:00.01 | Mem:0.00M, Peak:0.00M | Scene, ViewLayer | Synchronizing object | 07_inlaid_crystal_incisions_0173
Fra:1 Mem:27.64M (Peak 27.64M) | Time:00:00.01 | Mem:0.00M, Peak:0.00M | Scene, ViewLayer | Synchronizing object | 05_layer_3_mineral_backing_0175
Fra:1 Mem:27.64M (Peak 27.64M) | Time:00:00.01 | Mem:0.00M, Peak:0.00M | Scene, ViewLayer | Synchronizing object | 05_layer_3_mineral_backing_0176
Fra:1 Mem:27.64M (Peak 27.64M) | Time:00:00.01 | Mem:0.00M, Peak:0.00M | Scene, ViewLayer | Synchronizing object | 06_layer_2_carved_stone_0177
Fra:1 Mem:27.64M (Peak 27.64M) | Time:00:00.01 | Mem:0.00M, Peak:0.00M | Scene, ViewLayer | Synchronizing object | 05_layer_3_mineral_backing_0179
Fra:1 Mem:27.65M (Peak 27.65M) | Time:00:00.01 | Mem:0.00M, Peak:0.00M | Scene, ViewLayer | Synchronizing object | 05_layer_3_mineral_backing_0180
Fra:1 Mem:27.65M (Peak 27.65M) | Time:00:00.01 | Mem:0.00M, Peak:0.00M | Scene, ViewLayer | Synchronizing object | 05_layer_3_mineral_backing_0181
Fra:1 Mem:27.65M (Peak 27.65M) | Time:00:00.01 | Mem:0.00M, Peak:0.00M | Scene, ViewLayer | Synchronizing object | 05_layer_3_mineral_backing_0182
Fra:1 Mem:27.65M (Peak 27.65M) | Time:00:00.01 | Mem:0.00M, Peak:0.00M | Scene, ViewLayer | Synchronizing object | 05_layer_3_mineral_backing_0183
Fra:1 Mem:27.66M (Peak 27.66M) | Time:00:00.02 | Mem:0.00M, Peak:0.00M | Scene, ViewLayer | Synchronizing object | 05_layer_3_mineral_backing_0184
Fra:1 Mem:27.66M (Peak 27.66M) | Time:00:00.02 | Mem:0.00M, Peak:0.00M | Scene, ViewLayer | Synchronizing object | 06_layer_2_carved_stone_0185
Fra:1 Mem:27.66M (Peak 27.66M) | Time:00:00.02 | Mem:0.00M, Peak:0.00M | Scene, ViewLayer | Synchronizing object | 05_layer_3_mineral_backing_0186
Fra:1 Mem:27.66M (Peak 27.66M) | Time:00:00.02 | Mem:0.00M, Peak:0.00M | Scene, ViewLayer | Synchronizing object | 05_layer_3_mineral_backing_0188
Fra:1 Mem:27.66M (Peak 27.66M) | Time:00:00.02 | Mem:0.00M, Peak:0.00M | Scene, ViewLayer | Synchronizing object | 06_layer_2_carved_stone_0189
Fra:1 Mem:27.67M (Peak 27.67M) | Time:00:00.02 | Mem:0.00M, Peak:0.00M | Scene, ViewLayer | Synchronizing object | 10_calcite_corner_shoulders_0190
Fra:1 Mem:27.67M (Peak 27.67M) | Time:00:00.02 | Mem:0.00M, Peak:0.00M | Scene, ViewLayer | Synchronizing object | 10_calcite_corner_shoulders_0191
Fra:1 Mem:27.67M (Peak 27.67M) | Time:00:00.02 | Mem:0.00M, Peak:0.00M | Scene, ViewLayer | Synchronizing object | 09_layer_2_crown_rim_0192
Fra:1 Mem:27.67M (Peak 27.67M) | Time:00:00.02 | Mem:0.00M, Peak:0.00M | Scene, ViewLayer | Synchronizing object | 10_calcite_corner_shoulders_0194
Fra:1 Mem:27.67M (Peak 27.67M) | Time:00:00.02 | Mem:0.00M, Peak:0.00M | Scene, ViewLayer | Synchronizing object | 01_basalt_corner_guards_0195
Fra:1 Mem:27.68M (Peak 27.68M) | Time:00:00.02 | Mem:0.00M, Peak:0.00M | Scene, ViewLayer | Synchronizing object | 08_layer_2_lower_rail_0196
Fra:1 Mem:27.68M (Peak 27.68M) | Time:00:00.02 | Mem:0.00M, Peak:0.00M | Scene, ViewLayer | Synchronizing object | 08_layer_2_lower_rail_0198
Fra:1 Mem:27.68M (Peak 27.68M) | Time:00:00.02 | Mem:0.00M, Peak:0.00M | Scene, ViewLayer | Synchronizing object | 07_inlaid_crystal_incisions_0199
Fra:1 Mem:27.68M (Peak 27.68M) | Time:00:00.02 | Mem:0.00M, Peak:0.00M | Scene, ViewLayer | Synchronizing object | 05_layer_3_mineral_backing_0200
Fra:1 Mem:27.68M (Peak 27.68M) | Time:00:00.02 | Mem:0.00M, Peak:0.00M | Scene, ViewLayer | Synchronizing object | 07_inlaid_crystal_incisions_0201
Fra:1 Mem:27.69M (Peak 27.69M) | Time:00:00.02 | Mem:0.00M, Peak:0.00M | Scene, ViewLayer | Synchronizing object | 05_layer_3_mineral_backing_0203
Fra:1 Mem:27.69M (Peak 27.69M) | Time:00:00.02 | Mem:0.00M, Peak:0.00M | Scene, ViewLayer | Synchronizing object | 07_inlaid_crystal_incisions_0204
Fra:1 Mem:27.69M (Peak 27.69M) | Time:00:00.02 | Mem:0.00M, Peak:0.00M | Scene, ViewLayer | Synchronizing object | 05_layer_3_mineral_backing_0205
Fra:1 Mem:27.70M (Peak 27.70M) | Time:00:00.02 | Mem:0.00M, Peak:0.00M | Scene, ViewLayer | Synchronizing object | 07_inlaid_crystal_incisions_0206
Fra:1 Mem:27.70M (Peak 27.70M) | Time:00:00.02 | Mem:0.00M, Peak:0.00M | Scene, ViewLayer | Synchronizing object | 06_layer_2_carved_stone_0234
Fra:1 Mem:27.70M (Peak 27.70M) | Time:00:00.02 | Mem:0.00M, Peak:0.00M | Scene, ViewLayer | Synchronizing object | 05_layer_3_mineral_backing_0207
Fra:1 Mem:27.70M (Peak 27.70M) | Time:00:00.02 | Mem:0.00M, Peak:0.00M | Scene, ViewLayer | Synchronizing object | 05_layer_3_mineral_backing_0209
Fra:1 Mem:27.71M (Peak 27.71M) | Time:00:00.02 | Mem:0.00M, Peak:0.00M | Scene, ViewLayer | Synchronizing object | 07_inlaid_crystal_incisions_0210
Fra:1 Mem:27.71M (Peak 27.71M) | Time:00:00.02 | Mem:0.00M, Peak:0.00M | Scene, ViewLayer | Synchronizing object | 07_inlaid_crystal_incisions_0212
Fra:1 Mem:27.71M (Peak 27.71M) | Time:00:00.02 | Mem:0.00M, Peak:0.00M | Scene, ViewLayer | Synchronizing object | 07_inlaid_crystal_incisions_0214
Fra:1 Mem:27.71M (Peak 27.71M) | Time:00:00.02 | Mem:0.00M, Peak:0.00M | Scene, ViewLayer | Synchronizing object | 05_layer_3_mineral_backing_0215
Fra:1 Mem:27.71M (Peak 27.71M) | Time:00:00.02 | Mem:0.00M, Peak:0.00M | Scene, ViewLayer | Synchronizing object | 07_inlaid_crystal_incisions_0216
Fra:1 Mem:27.71M (Peak 27.71M) | Time:00:00.02 | Mem:0.00M, Peak:0.00M | Scene, ViewLayer | Synchronizing object | 05_layer_3_mineral_backing_0217
Fra:1 Mem:27.72M (Peak 27.72M) | Time:00:00.02 | Mem:0.00M, Peak:0.00M | Scene, ViewLayer | Synchronizing object | 05_layer_3_mineral_backing_0219
Fra:1 Mem:27.72M (Peak 27.72M) | Time:00:00.02 | Mem:0.00M, Peak:0.00M | Scene, ViewLayer | Synchronizing object | 05_layer_3_mineral_backing_0220
Fra:1 Mem:27.72M (Peak 27.72M) | Time:00:00.02 | Mem:0.00M, Peak:0.00M | Scene, ViewLayer | Synchronizing object | 11_corner_crystal_buds_0223
Fra:1 Mem:27.73M (Peak 27.73M) | Time:00:00.02 | Mem:0.00M, Peak:0.00M | Scene, ViewLayer | Synchronizing object | 11_corner_crystal_buds_0224
Fra:1 Mem:27.73M (Peak 27.73M) | Time:00:00.02 | Mem:0.00M, Peak:0.00M | Scene, ViewLayer | Synchronizing object | 11_corner_crystal_buds_0227
Fra:1 Mem:27.73M (Peak 27.73M) | Time:00:00.02 | Mem:0.00M, Peak:0.00M | Scene, ViewLayer | Synchronizing object | 11_corner_crystal_buds_0228
Fra:1 Mem:27.73M (Peak 27.73M) | Time:00:00.02 | Mem:0.00M, Peak:0.00M | Scene, ViewLayer | Synchronizing object | 06_layer_2_carved_stone_0230
Fra:1 Mem:27.74M (Peak 27.74M) | Time:00:00.02 | Mem:0.00M, Peak:0.00M | Scene, ViewLayer | Synchronizing object | 06_layer_2_carved_stone_0231
Fra:1 Mem:27.74M (Peak 27.74M) | Time:00:00.02 | Mem:0.00M, Peak:0.00M | Scene, ViewLayer | Synchronizing object | 06_layer_2_carved_stone_0232
Fra:1 Mem:27.74M (Peak 27.74M) | Time:00:00.02 | Mem:0.00M, Peak:0.00M | Scene, ViewLayer | Synchronizing object | 06_layer_2_carved_stone_0233
Fra:1 Mem:27.76M (Peak 27.77M) | Time:00:00.02 | Mem:0.00M, Peak:0.00M | Scene, ViewLayer | Initializing
Fra:1 Mem:19.35M (Peak 27.77M) | Time:00:00.02 | Mem:0.00M, Peak:0.00M | Scene, ViewLayer | Waiting for render to start
Fra:1 Mem:19.35M (Peak 27.77M) | Time:00:00.02 | Mem:0.00M, Peak:0.00M | Scene, ViewLayer | Loading render kernels (may take a few minutes the first time)
Fra:1 Mem:19.35M (Peak 27.77M) | Time:00:00.02 | Mem:0.00M, Peak:0.00M | Scene, ViewLayer | Updating Scene
Fra:1 Mem:19.35M (Peak 27.77M) | Time:00:00.02 | Mem:0.00M, Peak:0.00M | Scene, ViewLayer | Updating Shaders
Fra:1 Mem:19.61M (Peak 27.77M) | Time:00:00.08 | Mem:0.01M, Peak:0.01M | Scene, ViewLayer | Updating Procedurals
Fra:1 Mem:19.61M (Peak 27.77M) | Time:00:00.08 | Mem:0.01M, Peak:0.01M | Scene, ViewLayer | Updating Background
Fra:1 Mem:19.61M (Peak 27.77M) | Time:00:00.08 | Mem:0.01M, Peak:0.01M | Scene, ViewLayer | Updating Camera
Fra:1 Mem:19.61M (Peak 27.77M) | Time:00:00.08 | Mem:0.01M, Peak:0.01M | Scene, ViewLayer | Updating Meshes Flags
Fra:1 Mem:19.61M (Peak 27.77M) | Time:00:00.08 | Mem:0.01M, Peak:0.01M | Scene, ViewLayer | Updating Objects
Fra:1 Mem:19.61M (Peak 27.77M) | Time:00:00.08 | Mem:0.01M, Peak:0.01M | Scene, ViewLayer | Updating Objects | Copying Transformations to device
Fra:1 Mem:19.66M (Peak 27.77M) | Time:00:00.08 | Mem:0.06M, Peak:0.06M | Scene, ViewLayer | Updating Objects | Applying Static Transformations
Fra:1 Mem:19.66M (Peak 27.77M) | Time:00:00.08 | Mem:0.06M, Peak:0.06M | Scene, ViewLayer | Updating Particle Systems
Fra:1 Mem:19.66M (Peak 27.77M) | Time:00:00.08 | Mem:0.06M, Peak:0.06M | Scene, ViewLayer | Updating Particle Systems | Copying Particles to device
Fra:1 Mem:19.66M (Peak 27.77M) | Time:00:00.08 | Mem:0.06M, Peak:0.06M | Scene, ViewLayer | Updating Meshes
Fra:1 Mem:19.71M (Peak 27.77M) | Time:00:00.08 | Mem:0.06M, Peak:0.06M | Scene, ViewLayer | Updating Mesh | Computing attributes
Fra:1 Mem:20.05M (Peak 27.77M) | Time:00:00.08 | Mem:0.10M, Peak:0.10M | Scene, ViewLayer | Updating Mesh | Copying Attributes to device
Fra:1 Mem:19.97M (Peak 27.77M) | Time:00:00.08 | Mem:0.32M, Peak:0.32M | Scene, ViewLayer | Updating Geometry BVH Cube.001 1/242 | Building BVH
Fra:1 Mem:19.97M (Peak 27.77M) | Time:00:00.08 | Mem:0.32M, Peak:0.32M | Scene, ViewLayer | Updating Geometry BVH Cube.011 11/242 | Building BVH
Fra:1 Mem:19.97M (Peak 27.77M) | Time:00:00.08 | Mem:0.32M, Peak:0.32M | Scene, ViewLayer | Updating Geometry BVH Cube.015 15/242 | Building BVH
Fra:1 Mem:19.97M (Peak 27.77M) | Time:00:00.08 | Mem:0.32M, Peak:0.32M | Scene, ViewLayer | Updating Geometry BVH Cube.015 15/242 | Building BVH 0%
Fra:1 Mem:19.97M (Peak 27.77M) | Time:00:00.08 | Mem:0.32M, Peak:0.32M | Scene, ViewLayer | Updating Geometry BVH Cube.015 15/242 | Building BVH
Fra:1 Mem:19.97M (Peak 27.77M) | Time:00:00.08 | Mem:0.32M, Peak:0.32M | Scene, ViewLayer | Updating Geometry BVH Cube.016 16/242 | Building BVH
Fra:1 Mem:19.97M (Peak 27.77M) | Time:00:00.08 | Mem:0.32M, Peak:0.32M | Scene, ViewLayer | Updating Geometry BVH Cube.017 17/242 | Building BVH
Fra:1 Mem:19.97M (Peak 27.77M) | Time:00:00.08 | Mem:0.33M, Peak:0.33M | Scene, ViewLayer | Updating Geometry BVH Cube.018 18/242 | Building BVH
Fra:1 Mem:19.97M (Peak 27.77M) | Time:00:00.08 | Mem:0.33M, Peak:0.33M | Scene, ViewLayer | Updating Geometry BVH Cube.019 19/242 | Building BVH
Fra:1 Mem:19.97M (Peak 27.77M) | Time:00:00.08 | Mem:0.33M, Peak:0.33M | Scene, ViewLayer | Updating Geometry BVH Cube.020 20/242 | Building BVH
Fra:1 Mem:19.97M (Peak 27.77M) | Time:00:00.08 | Mem:0.33M, Peak:0.33M | Scene, ViewLayer | Updating Geometry BVH Cube.021 21/242 | Building BVH
Fra:1 Mem:19.97M (Peak 27.77M) | Time:00:00.08 | Mem:0.33M, Peak:0.33M | Scene, ViewLayer | Updating Geometry BVH Cube.023 23/242 | Building BVH
Fra:1 Mem:19.97M (Peak 27.77M) | Time:00:00.08 | Mem:0.33M, Peak:0.33M | Scene, ViewLayer | Updating Geometry BVH Cube.024 24/242 | Building BVH
Fra:1 Mem:19.97M (Peak 27.77M) | Time:00:00.08 | Mem:0.34M, Peak:0.34M | Scene, ViewLayer | Updating Geometry BVH Cube.025 25/242 | Building BVH
Fra:1 Mem:19.97M (Peak 27.77M) | Time:00:00.08 | Mem:0.34M, Peak:0.34M | Scene, ViewLayer | Updating Geometry BVH Cube.026 26/242 | Building BVH
Fra:1 Mem:19.97M (Peak 27.77M) | Time:00:00.08 | Mem:0.34M, Peak:0.34M | Scene, ViewLayer | Updating Geometry BVH Cube.027 27/242 | Building BVH
Fra:1 Mem:19.97M (Peak 27.77M) | Time:00:00.08 | Mem:0.34M, Peak:0.34M | Scene, ViewLayer | Updating Geometry BVH Cube.028 28/242 | Building BVH
Fra:1 Mem:19.97M (Peak 27.77M) | Time:00:00.08 | Mem:0.34M, Peak:0.34M | Scene, ViewLayer | Updating Geometry BVH Cube.029 29/242 | Building BVH
Fra:1 Mem:19.97M (Peak 27.77M) | Time:00:00.08 | Mem:0.34M, Peak:0.34M | Scene, ViewLayer | Updating Geometry BVH Cube.030 30/242 | Building BVH
Fra:1 Mem:19.97M (Peak 27.77M) | Time:00:00.08 | Mem:0.34M, Peak:0.34M | Scene, ViewLayer | Updating Geometry BVH Cube.031 31/242 | Building BVH
Fra:1 Mem:19.97M (Peak 27.77M) | Time:00:00.08 | Mem:0.35M, Peak:0.35M | Scene, ViewLayer | Updating Geometry BVH Cube.032 32/242 | Building BVH
Fra:1 Mem:19.97M (Peak 27.77M) | Time:00:00.08 | Mem:0.35M, Peak:0.35M | Scene, ViewLayer | Updating Geometry BVH Cube.033 33/242 | Building BVH
Fra:1 Mem:19.97M (Peak 27.77M) | Time:00:00.08 | Mem:0.35M, Peak:0.35M | Scene, ViewLayer | Updating Geometry BVH Cube.034 34/242 | Building BVH
Fra:1 Mem:19.97M (Peak 27.77M) | Time:00:00.08 | Mem:0.35M, Peak:0.35M | Scene, ViewLayer | Updating Geometry BVH Cube.036 36/242 | Building BVH
Fra:1 Mem:19.97M (Peak 27.77M) | Time:00:00.08 | Mem:0.35M, Peak:0.35M | Scene, ViewLayer | Updating Geometry BVH Cube.038 38/242 | Building BVH
Fra:1 Mem:19.97M (Peak 27.77M) | Time:00:00.08 | Mem:0.35M, Peak:0.36M | Scene, ViewLayer | Updating Geometry BVH Cube.040 40/242 | Building BVH
Fra:1 Mem:19.97M (Peak 27.77M) | Time:00:00.08 | Mem:0.36M, Peak:0.36M | Scene, ViewLayer | Updating Geometry BVH Cube.041 41/242 | Building BVH
Fra:1 Mem:19.97M (Peak 27.77M) | Time:00:00.08 | Mem:0.36M, Peak:0.36M | Scene, ViewLayer | Updating Geometry BVH Cube.042 42/242 | Building BVH
Fra:1 Mem:19.97M (Peak 27.77M) | Time:00:00.08 | Mem:0.36M, Peak:0.36M | Scene, ViewLayer | Updating Geometry BVH Cube.043 43/242 | Building BVH
Fra:1 Mem:19.97M (Peak 27.77M) | Time:00:00.08 | Mem:0.36M, Peak:0.36M | Scene, ViewLayer | Updating Geometry BVH Cube.044 44/242 | Building BVH
Fra:1 Mem:19.97M (Peak 27.77M) | Time:00:00.08 | Mem:0.36M, Peak:0.36M | Scene, ViewLayer | Updating Geometry BVH Cube.045 45/242 | Building BVH
Fra:1 Mem:19.97M (Peak 27.77M) | Time:00:00.08 | Mem:0.36M, Peak:0.36M | Scene, ViewLayer | Updating Geometry BVH Cube.046 46/242 | Building BVH
Fra:1 Mem:19.97M (Peak 27.77M) | Time:00:00.08 | Mem:0.36M, Peak:0.36M | Scene, ViewLayer | Updating Geometry BVH Cube.047 47/242 | Building BVH
Fra:1 Mem:19.97M (Peak 27.77M) | Time:00:00.08 | Mem:0.36M, Peak:0.37M | Scene, ViewLayer | Updating Geometry BVH Cube.048 48/242 | Building BVH
Fra:1 Mem:19.97M (Peak 27.77M) | Time:00:00.08 | Mem:0.37M, Peak:0.37M | Scene, ViewLayer | Updating Geometry BVH Cube.049 49/242 | Building BVH
Fra:1 Mem:19.97M (Peak 27.77M) | Time:00:00.08 | Mem:0.37M, Peak:0.37M | Scene, ViewLayer | Updating Geometry BVH Cube.050 50/242 | Building BVH
Fra:1 Mem:19.97M (Peak 27.77M) | Time:00:00.08 | Mem:0.37M, Peak:0.37M | Scene, ViewLayer | Updating Geometry BVH Cube.052 52/242 | Building BVH
Fra:1 Mem:19.97M (Peak 27.77M) | Time:00:00.08 | Mem:0.37M, Peak:0.37M | Scene, ViewLayer | Updating Geometry BVH Cube.053 53/242 | Building BVH
Fra:1 Mem:19.97M (Peak 27.77M) | Time:00:00.08 | Mem:0.37M, Peak:0.37M | Scene, ViewLayer | Updating Geometry BVH Cube.054 54/242 | Building BVH
Fra:1 Mem:19.97M (Peak 27.77M) | Time:00:00.08 | Mem:0.37M, Peak:0.37M | Scene, ViewLayer | Updating Geometry BVH Cube.241 241/242 | Building BVH
Fra:1 Mem:19.97M (Peak 27.77M) | Time:00:00.08 | Mem:0.38M, Peak:0.38M | Scene, ViewLayer | Updating Geometry BVH Cube.055 55/242 | Building BVH
Fra:1 Mem:19.97M (Peak 27.77M) | Time:00:00.08 | Mem:0.38M, Peak:0.38M | Scene, ViewLayer | Updating Geometry BVH Cube.057 57/242 | Building BVH
Fra:1 Mem:19.97M (Peak 27.77M) | Time:00:00.08 | Mem:0.38M, Peak:0.38M | Scene, ViewLayer | Updating Geometry BVH Cube.058 58/242 | Building BVH
Fra:1 Mem:19.97M (Peak 27.77M) | Time:00:00.08 | Mem:0.38M, Peak:0.38M | Scene, ViewLayer | Updating Geometry BVH Cube.059 59/242 | Building BVH
Fra:1 Mem:19.97M (Peak 27.77M) | Time:00:00.08 | Mem:0.38M, Peak:0.38M | Scene, ViewLayer | Updating Geometry BVH Cube.060 60/242 | Building BVH
Fra:1 Mem:19.97M (Peak 27.77M) | Time:00:00.08 | Mem:0.39M, Peak:0.39M | Scene, ViewLayer | Updating Geometry BVH Cube.061 61/242 | Building BVH
Fra:1 Mem:19.97M (Peak 27.77M) | Time:00:00.08 | Mem:0.39M, Peak:0.39M | Scene, ViewLayer | Updating Geometry BVH Cube.063 63/242 | Building BVH
Fra:1 Mem:19.97M (Peak 27.77M) | Time:00:00.08 | Mem:0.39M, Peak:0.39M | Scene, ViewLayer | Updating Geometry BVH Cube.064 64/242 | Building BVH
Fra:1 Mem:19.97M (Peak 27.77M) | Time:00:00.08 | Mem:0.39M, Peak:0.39M | Scene, ViewLayer | Updating Geometry BVH Cube.065 65/242 | Building BVH
Fra:1 Mem:19.97M (Peak 27.77M) | Time:00:00.08 | Mem:0.39M, Peak:0.39M | Scene, ViewLayer | Updating Geometry BVH Cube.066 66/242 | Building BVH
Fra:1 Mem:19.97M (Peak 27.77M) | Time:00:00.08 | Mem:0.39M, Peak:0.39M | Scene, ViewLayer | Updating Geometry BVH Cube.067 67/242 | Building BVH
Fra:1 Mem:19.97M (Peak 27.77M) | Time:00:00.08 | Mem:0.39M, Peak:0.39M | Scene, ViewLayer | Updating Geometry BVH Cube.068 68/242 | Building BVH
Fra:1 Mem:19.97M (Peak 27.77M) | Time:00:00.08 | Mem:0.40M, Peak:0.40M | Scene, ViewLayer | Updating Geometry BVH Cube.069 69/242 | Building BVH
Fra:1 Mem:19.97M (Peak 27.77M) | Time:00:00.08 | Mem:0.40M, Peak:0.40M | Scene, ViewLayer | Updating Geometry BVH Cube.070 70/242 | Building BVH
Fra:1 Mem:19.97M (Peak 27.77M) | Time:00:00.08 | Mem:0.40M, Peak:0.40M | Scene, ViewLayer | Updating Geometry BVH Cube.071 71/242 | Building BVH
Fra:1 Mem:19.97M (Peak 27.77M) | Time:00:00.08 | Mem:0.40M, Peak:0.40M | Scene, ViewLayer | Updating Geometry BVH Cube.072 72/242 | Building BVH
Fra:1 Mem:19.97M (Peak 27.77M) | Time:00:00.08 | Mem:0.40M, Peak:0.40M | Scene, ViewLayer | Updating Geometry BVH Cube.073 73/242 | Building BVH
Fra:1 Mem:19.97M (Peak 27.77M) | Time:00:00.08 | Mem:0.40M, Peak:0.40M | Scene, ViewLayer | Updating Geometry BVH Cube.074 74/242 | Building BVH
Fra:1 Mem:19.97M (Peak 27.77M) | Time:00:00.08 | Mem:0.40M, Peak:0.40M | Scene, ViewLayer | Updating Geometry BVH Cube.075 75/242 | Building BVH
Fra:1 Mem:19.97M (Peak 27.77M) | Time:00:00.08 | Mem:0.41M, Peak:0.41M | Scene, ViewLayer | Updating Geometry BVH Cube.076 76/242 | Building BVH
Fra:1 Mem:19.97M (Peak 27.77M) | Time:00:00.08 | Mem:0.41M, Peak:0.41M | Scene, ViewLayer | Updating Geometry BVH Cube.077 77/242 | Building BVH
Fra:1 Mem:19.97M (Peak 27.77M) | Time:00:00.08 | Mem:0.41M, Peak:0.41M | Scene, ViewLayer | Updating Geometry BVH Cube.078 78/242 | Building BVH
Fra:1 Mem:19.97M (Peak 27.77M) | Time:00:00.08 | Mem:0.41M, Peak:0.41M | Scene, ViewLayer | Updating Geometry BVH Cube.079 79/242 | Building BVH
Fra:1 Mem:19.97M (Peak 27.77M) | Time:00:00.08 | Mem:0.41M, Peak:0.41M | Scene, ViewLayer | Updating Geometry BVH Cube.080 80/242 | Building BVH
Fra:1 Mem:19.97M (Peak 27.77M) | Time:00:00.08 | Mem:0.41M, Peak:0.41M | Scene, ViewLayer | Updating Geometry BVH Cube.081 81/242 | Building BVH
Fra:1 Mem:19.97M (Peak 27.77M) | Time:00:00.08 | Mem:0.41M, Peak:0.41M | Scene, ViewLayer | Updating Geometry BVH Cube.083 83/242 | Building BVH
Fra:1 Mem:19.97M (Peak 27.77M) | Time:00:00.08 | Mem:0.42M, Peak:0.42M | Scene, ViewLayer | Updating Geometry BVH Cube.084 84/242 | Building BVH
Fra:1 Mem:19.97M (Peak 27.77M) | Time:00:00.08 | Mem:0.42M, Peak:0.42M | Scene, ViewLayer | Updating Geometry BVH Cube.085 85/242 | Building BVH
Fra:1 Mem:19.97M (Peak 27.77M) | Time:00:00.08 | Mem:0.42M, Peak:0.42M | Scene, ViewLayer | Updating Geometry BVH Cube.086 86/242 | Building BVH
Fra:1 Mem:19.97M (Peak 27.77M) | Time:00:00.08 | Mem:0.42M, Peak:0.42M | Scene, ViewLayer | Updating Geometry BVH Cube.087 87/242 | Building BVH
Fra:1 Mem:19.97M (Peak 27.77M) | Time:00:00.08 | Mem:0.42M, Peak:0.42M | Scene, ViewLayer | Updating Geometry BVH Cube.088 88/242 | Building BVH
Fra:1 Mem:19.97M (Peak 27.77M) | Time:00:00.08 | Mem:0.42M, Peak:0.42M | Scene, ViewLayer | Updating Geometry BVH Cube.089 89/242 | Building BVH
Fra:1 Mem:19.97M (Peak 27.77M) | Time:00:00.08 | Mem:0.43M, Peak:0.43M | Scene, ViewLayer | Updating Geometry BVH Cube.090 90/242 | Building BVH
Fra:1 Mem:19.97M (Peak 27.77M) | Time:00:00.08 | Mem:0.43M, Peak:0.43M | Scene, ViewLayer | Updating Geometry BVH Cube.091 91/242 | Building BVH
Fra:1 Mem:19.97M (Peak 27.77M) | Time:00:00.08 | Mem:0.43M, Peak:0.43M | Scene, ViewLayer | Updating Geometry BVH Cube.239 239/242 | Building BVH
Fra:1 Mem:19.97M (Peak 27.77M) | Time:00:00.08 | Mem:0.43M, Peak:0.43M | Scene, ViewLayer | Updating Geometry BVH Cube.238 238/242 | Building BVH
Fra:1 Mem:19.97M (Peak 27.77M) | Time:00:00.08 | Mem:0.43M, Peak:0.43M | Scene, ViewLayer | Updating Geometry BVH Cube.093 93/242 | Building BVH
Fra:1 Mem:19.97M (Peak 27.77M) | Time:00:00.08 | Mem:0.43M, Peak:0.43M | Scene, ViewLayer | Updating Geometry BVH Cube.094 94/242 | Building BVH
Fra:1 Mem:19.97M (Peak 27.77M) | Time:00:00.08 | Mem:0.43M, Peak:0.43M | Scene, ViewLayer | Updating Geometry BVH Cube.095 95/242 | Building BVH
Fra:1 Mem:19.97M (Peak 27.77M) | Time:00:00.08 | Mem:0.44M, Peak:0.44M | Scene, ViewLayer | Updating Geometry BVH Cube.096 96/242 | Building BVH
Fra:1 Mem:19.97M (Peak 27.77M) | Time:00:00.08 | Mem:0.44M, Peak:0.44M | Scene, ViewLayer | Updating Geometry BVH Cube.098 98/242 | Building BVH
Fra:1 Mem:19.97M (Peak 27.77M) | Time:00:00.08 | Mem:0.44M, Peak:0.44M | Scene, ViewLayer | Updating Geometry BVH Cube.100 100/242 | Building BVH
Fra:1 Mem:19.97M (Peak 27.77M) | Time:00:00.08 | Mem:0.44M, Peak:0.44M | Scene, ViewLayer | Updating Geometry BVH Cube.101 101/242 | Building BVH
Fra:1 Mem:19.97M (Peak 27.77M) | Time:00:00.08 | Mem:0.44M, Peak:0.44M | Scene, ViewLayer | Updating Geometry BVH Cube.102 102/242 | Building BVH
Fra:1 Mem:19.97M (Peak 27.77M) | Time:00:00.08 | Mem:0.45M, Peak:0.45M | Scene, ViewLayer | Updating Geometry BVH Cube.104 104/242 | Building BVH
Fra:1 Mem:19.97M (Peak 27.77M) | Time:00:00.08 | Mem:0.45M, Peak:0.45M | Scene, ViewLayer | Updating Geometry BVH Cube.105 105/242 | Building BVH
Fra:1 Mem:19.97M (Peak 27.77M) | Time:00:00.08 | Mem:0.45M, Peak:0.45M | Scene, ViewLayer | Updating Geometry BVH Cube.107 107/242 | Building BVH
Fra:1 Mem:19.97M (Peak 27.77M) | Time:00:00.08 | Mem:0.45M, Peak:0.45M | Scene, ViewLayer | Updating Geometry BVH Cube.237 237/242 | Building BVH
Fra:1 Mem:19.97M (Peak 27.77M) | Time:00:00.08 | Mem:0.45M, Peak:0.45M | Scene, ViewLayer | Updating Geometry BVH Cube.108 108/242 | Building BVH
Fra:1 Mem:19.97M (Peak 27.77M) | Time:00:00.08 | Mem:0.45M, Peak:0.46M | Scene, ViewLayer | Updating Geometry BVH Cube.109 109/242 | Building BVH
Fra:1 Mem:19.97M (Peak 27.77M) | Time:00:00.08 | Mem:0.45M, Peak:0.46M | Scene, ViewLayer | Updating Geometry BVH Cube.110 110/242 | Building BVH
Fra:1 Mem:19.97M (Peak 27.77M) | Time:00:00.08 | Mem:0.46M, Peak:0.46M | Scene, ViewLayer | Updating Geometry BVH Cube.111 111/242 | Building BVH
Fra:1 Mem:19.97M (Peak 27.77M) | Time:00:00.08 | Mem:0.46M, Peak:0.46M | Scene, ViewLayer | Updating Geometry BVH Cube.112 112/242 | Building BVH
Fra:1 Mem:19.97M (Peak 27.77M) | Time:00:00.08 | Mem:0.46M, Peak:0.46M | Scene, ViewLayer | Updating Geometry BVH Cube.113 113/242 | Building BVH
Fra:1 Mem:19.97M (Peak 27.77M) | Time:00:00.08 | Mem:0.46M, Peak:0.46M | Scene, ViewLayer | Updating Geometry BVH Cube.114 114/242 | Building BVH
Fra:1 Mem:19.97M (Peak 27.77M) | Time:00:00.08 | Mem:0.46M, Peak:0.46M | Scene, ViewLayer | Updating Geometry BVH Cube.115 115/242 | Building BVH
Fra:1 Mem:19.97M (Peak 27.77M) | Time:00:00.08 | Mem:0.46M, Peak:0.46M | Scene, ViewLayer | Updating Geometry BVH Cube.116 116/242 | Building BVH
Fra:1 Mem:19.97M (Peak 27.77M) | Time:00:00.08 | Mem:0.47M, Peak:0.47M | Scene, ViewLayer | Updating Geometry BVH Cube.117 117/242 | Building BVH
Fra:1 Mem:19.97M (Peak 27.77M) | Time:00:00.08 | Mem:0.47M, Peak:0.47M | Scene, ViewLayer | Updating Geometry BVH Cube.119 119/242 | Building BVH
Fra:1 Mem:19.97M (Peak 27.77M) | Time:00:00.08 | Mem:0.47M, Peak:0.47M | Scene, ViewLayer | Updating Geometry BVH Cube.120 120/242 | Building BVH
Fra:1 Mem:19.97M (Peak 27.77M) | Time:00:00.08 | Mem:0.47M, Peak:0.47M | Scene, ViewLayer | Updating Geometry BVH Cube.121 121/242 | Building BVH
Fra:1 Mem:19.97M (Peak 27.77M) | Time:00:00.08 | Mem:0.47M, Peak:0.47M | Scene, ViewLayer | Updating Geometry BVH Cube.122 122/242 | Building BVH
Fra:1 Mem:19.97M (Peak 27.77M) | Time:00:00.08 | Mem:0.47M, Peak:0.47M | Scene, ViewLayer | Updating Geometry BVH Cube.236 236/242 | Building BVH
Fra:1 Mem:19.97M (Peak 27.77M) | Time:00:00.08 | Mem:0.47M, Peak:0.48M | Scene, ViewLayer | Updating Geometry BVH Cube.123 123/242 | Building BVH
Fra:1 Mem:19.97M (Peak 27.77M) | Time:00:00.08 | Mem:0.48M, Peak:0.48M | Scene, ViewLayer | Updating Geometry BVH Cube.124 124/242 | Building BVH
Fra:1 Mem:19.97M (Peak 27.77M) | Time:00:00.08 | Mem:0.48M, Peak:0.48M | Scene, ViewLayer | Updating Geometry BVH Cube.125 125/242 | Building BVH
Fra:1 Mem:19.97M (Peak 27.77M) | Time:00:00.08 | Mem:0.48M, Peak:0.48M | Scene, ViewLayer | Updating Geometry BVH Cube.126 126/242 | Building BVH
Fra:1 Mem:19.97M (Peak 27.77M) | Time:00:00.08 | Mem:0.48M, Peak:0.48M | Scene, ViewLayer | Updating Geometry BVH Cube.127 127/242 | Building BVH
Fra:1 Mem:19.97M (Peak 27.77M) | Time:00:00.08 | Mem:0.48M, Peak:0.48M | Scene, ViewLayer | Updating Geometry BVH Cube.128 128/242 | Building BVH
Fra:1 Mem:19.97M (Peak 27.77M) | Time:00:00.08 | Mem:0.48M, Peak:0.48M | Scene, ViewLayer | Updating Geometry BVH Cube.129 129/242 | Building BVH
Fra:1 Mem:19.97M (Peak 27.77M) | Time:00:00.08 | Mem:0.48M, Peak:0.48M | Scene, ViewLayer | Updating Geometry BVH Cube.130 130/242 | Building BVH
Fra:1 Mem:19.97M (Peak 27.77M) | Time:00:00.08 | Mem:0.49M, Peak:0.49M | Scene, ViewLayer | Updating Geometry BVH Cube.132 132/242 | Building BVH
Fra:1 Mem:19.97M (Peak 27.77M) | Time:00:00.08 | Mem:0.49M, Peak:0.49M | Scene, ViewLayer | Updating Geometry BVH Cube.131 131/242 | Building BVH
Fra:1 Mem:19.97M (Peak 27.77M) | Time:00:00.08 | Mem:0.49M, Peak:0.49M | Scene, ViewLayer | Updating Geometry BVH Cube.133 133/242 | Building BVH
Fra:1 Mem:19.97M (Peak 27.77M) | Time:00:00.08 | Mem:0.49M, Peak:0.49M | Scene, ViewLayer | Updating Geometry BVH Cube.134 134/242 | Building BVH
Fra:1 Mem:19.97M (Peak 27.77M) | Time:00:00.08 | Mem:0.49M, Peak:0.49M | Scene, ViewLayer | Updating Geometry BVH Cube.135 135/242 | Building BVH
Fra:1 Mem:19.97M (Peak 27.77M) | Time:00:00.08 | Mem:0.49M, Peak:0.49M | Scene, ViewLayer | Updating Geometry BVH Cube.136 136/242 | Building BVH
Fra:1 Mem:19.97M (Peak 27.77M) | Time:00:00.08 | Mem:0.49M, Peak:0.49M | Scene, ViewLayer | Updating Geometry BVH Cube.137 137/242 | Building BVH
Fra:1 Mem:19.97M (Peak 27.77M) | Time:00:00.08 | Mem:0.49M, Peak:0.49M | Scene, ViewLayer | Updating Geometry BVH Cube.138 138/242 | Building BVH
Fra:1 Mem:19.97M (Peak 27.77M) | Time:00:00.08 | Mem:0.50M, Peak:0.50M | Scene, ViewLayer | Updating Geometry BVH Cube.139 139/242 | Building BVH
Fra:1 Mem:19.97M (Peak 27.77M) | Time:00:00.08 | Mem:0.50M, Peak:0.50M | Scene, ViewLayer | Updating Geometry BVH Cube.140 140/242 | Building BVH
Fra:1 Mem:19.97M (Peak 27.77M) | Time:00:00.08 | Mem:0.50M, Peak:0.50M | Scene, ViewLayer | Updating Geometry BVH Cube.141 141/242 | Building BVH
Fra:1 Mem:19.97M (Peak 27.77M) | Time:00:00.08 | Mem:0.50M, Peak:0.50M | Scene, ViewLayer | Updating Geometry BVH Cube.142 142/242 | Building BVH
Fra:1 Mem:19.97M (Peak 27.77M) | Time:00:00.08 | Mem:0.50M, Peak:0.50M | Scene, ViewLayer | Updating Geometry BVH Cube.144 144/242 | Building BVH
Fra:1 Mem:19.97M (Peak 27.77M) | Time:00:00.08 | Mem:0.50M, Peak:0.50M | Scene, ViewLayer | Updating Geometry BVH Cube.145 145/242 | Building BVH
Fra:1 Mem:19.97M (Peak 27.77M) | Time:00:00.08 | Mem:0.51M, Peak:0.51M | Scene, ViewLayer | Updating Geometry BVH Cube.147 147/242 | Building BVH
Fra:1 Mem:19.97M (Peak 27.77M) | Time:00:00.08 | Mem:0.51M, Peak:0.51M | Scene, ViewLayer | Updating Geometry BVH Cube.149 149/242 | Building BVH
Fra:1 Mem:19.97M (Peak 27.77M) | Time:00:00.08 | Mem:0.51M, Peak:0.51M | Scene, ViewLayer | Updating Geometry BVH Cube.150 150/242 | Building BVH
Fra:1 Mem:19.97M (Peak 27.77M) | Time:00:00.08 | Mem:0.51M, Peak:0.51M | Scene, ViewLayer | Updating Geometry BVH Cube.235 235/242 | Building BVH
Fra:1 Mem:19.97M (Peak 27.77M) | Time:00:00.08 | Mem:0.51M, Peak:0.51M | Scene, ViewLayer | Updating Geometry BVH Cube.151 151/242 | Building BVH
Fra:1 Mem:19.97M (Peak 27.77M) | Time:00:00.08 | Mem:0.51M, Peak:0.51M | Scene, ViewLayer | Updating Geometry BVH Cube.152 152/242 | Building BVH
Fra:1 Mem:19.97M (Peak 27.77M) | Time:00:00.08 | Mem:0.52M, Peak:0.52M | Scene, ViewLayer | Updating Geometry BVH Cube.153 153/242 | Building BVH
Fra:1 Mem:19.97M (Peak 27.77M) | Time:00:00.08 | Mem:0.52M, Peak:0.52M | Scene, ViewLayer | Updating Geometry BVH Cube.154 154/242 | Building BVH
Fra:1 Mem:19.97M (Peak 27.77M) | Time:00:00.08 | Mem:0.52M, Peak:0.52M | Scene, ViewLayer | Updating Geometry BVH Cube.156 156/242 | Building BVH
Fra:1 Mem:19.97M (Peak 27.77M) | Time:00:00.08 | Mem:0.52M, Peak:0.52M | Scene, ViewLayer | Updating Geometry BVH Cube.157 157/242 | Building BVH
Fra:1 Mem:19.97M (Peak 27.77M) | Time:00:00.08 | Mem:0.52M, Peak:0.52M | Scene, ViewLayer | Updating Geometry BVH Cube.158 158/242 | Building BVH
Fra:1 Mem:19.97M (Peak 27.77M) | Time:00:00.08 | Mem:0.52M, Peak:0.52M | Scene, ViewLayer | Updating Geometry BVH Cube.159 159/242 | Building BVH
Fra:1 Mem:19.97M (Peak 27.77M) | Time:00:00.08 | Mem:0.53M, Peak:0.53M | Scene, ViewLayer | Updating Geometry BVH Cube.160 160/242 | Building BVH
Fra:1 Mem:19.97M (Peak 27.77M) | Time:00:00.08 | Mem:0.53M, Peak:0.53M | Scene, ViewLayer | Updating Geometry BVH Cube.161 161/242 | Building BVH
Fra:1 Mem:19.97M (Peak 27.77M) | Time:00:00.08 | Mem:0.53M, Peak:0.53M | Scene, ViewLayer | Updating Geometry BVH Cube.162 162/242 | Building BVH
Fra:1 Mem:19.97M (Peak 27.77M) | Time:00:00.08 | Mem:0.53M, Peak:0.53M | Scene, ViewLayer | Updating Geometry BVH Cube.163 163/242 | Building BVH
Fra:1 Mem:19.97M (Peak 27.77M) | Time:00:00.08 | Mem:0.53M, Peak:0.53M | Scene, ViewLayer | Updating Geometry BVH Cube.165 165/242 | Building BVH
Fra:1 Mem:19.97M (Peak 27.77M) | Time:00:00.08 | Mem:0.53M, Peak:0.53M | Scene, ViewLayer | Updating Geometry BVH Cube.166 166/242 | Building BVH
Fra:1 Mem:19.97M (Peak 27.77M) | Time:00:00.08 | Mem:0.53M, Peak:0.53M | Scene, ViewLayer | Updating Geometry BVH Cube.167 167/242 | Building BVH
Fra:1 Mem:19.97M (Peak 27.77M) | Time:00:00.08 | Mem:0.54M, Peak:0.54M | Scene, ViewLayer | Updating Geometry BVH Cube.168 168/242 | Building BVH
Fra:1 Mem:19.97M (Peak 27.77M) | Time:00:00.08 | Mem:0.54M, Peak:0.54M | Scene, ViewLayer | Updating Geometry BVH Cube.169 169/242 | Building BVH
Fra:1 Mem:19.97M (Peak 27.77M) | Time:00:00.08 | Mem:0.54M, Peak:0.54M | Scene, ViewLayer | Updating Geometry BVH Cube.170 170/242 | Building BVH
Fra:1 Mem:19.97M (Peak 27.77M) | Time:00:00.08 | Mem:0.54M, Peak:0.54M | Scene, ViewLayer | Updating Geometry BVH Cube.171 171/242 | Building BVH
Fra:1 Mem:19.97M (Peak 27.77M) | Time:00:00.08 | Mem:0.54M, Peak:0.54M | Scene, ViewLayer | Updating Geometry BVH Cube.172 172/242 | Building BVH
Fra:1 Mem:19.97M (Peak 27.77M) | Time:00:00.08 | Mem:0.54M, Peak:0.54M | Scene, ViewLayer | Updating Geometry BVH Cube.174 174/242 | Building BVH
Fra:1 Mem:19.97M (Peak 27.77M) | Time:00:00.08 | Mem:0.55M, Peak:0.55M | Scene, ViewLayer | Updating Geometry BVH Cube.175 175/242 | Building BVH
Fra:1 Mem:19.97M (Peak 27.77M) | Time:00:00.08 | Mem:0.55M, Peak:0.55M | Scene, ViewLayer | Updating Geometry BVH Cube.176 176/242 | Building BVH
Fra:1 Mem:19.97M (Peak 27.77M) | Time:00:00.08 | Mem:0.55M, Peak:0.55M | Scene, ViewLayer | Updating Geometry BVH Cube.177 177/242 | Building BVH
Fra:1 Mem:19.97M (Peak 27.77M) | Time:00:00.08 | Mem:0.55M, Peak:0.55M | Scene, ViewLayer | Updating Geometry BVH Cube.178 178/242 | Building BVH
Fra:1 Mem:19.97M (Peak 27.77M) | Time:00:00.08 | Mem:0.55M, Peak:0.55M | Scene, ViewLayer | Updating Geometry BVH Cube.180 180/242 | Building BVH
Fra:1 Mem:19.97M (Peak 27.77M) | Time:00:00.08 | Mem:0.55M, Peak:0.55M | Scene, ViewLayer | Updating Geometry BVH Cube.181 181/242 | Building BVH
Fra:1 Mem:19.97M (Peak 27.77M) | Time:00:00.08 | Mem:0.56M, Peak:0.56M | Scene, ViewLayer | Updating Geometry BVH Cube.182 182/242 | Building BVH
Fra:1 Mem:19.97M (Peak 27.77M) | Time:00:00.08 | Mem:0.56M, Peak:0.56M | Scene, ViewLayer | Updating Geometry BVH Cube.184 184/242 | Building BVH
Fra:1 Mem:19.97M (Peak 27.77M) | Time:00:00.08 | Mem:0.56M, Peak:0.56M | Scene, ViewLayer | Updating Geometry BVH Cube.185 185/242 | Building BVH
Fra:1 Mem:19.97M (Peak 27.77M) | Time:00:00.08 | Mem:0.56M, Peak:0.56M | Scene, ViewLayer | Updating Geometry BVH Cube.234 234/242 | Building BVH
Fra:1 Mem:19.97M (Peak 27.77M) | Time:00:00.08 | Mem:0.56M, Peak:0.56M | Scene, ViewLayer | Updating Geometry BVH Cube.186 186/242 | Building BVH
Fra:1 Mem:19.97M (Peak 27.77M) | Time:00:00.08 | Mem:0.56M, Peak:0.56M | Scene, ViewLayer | Updating Geometry BVH Cube.187 187/242 | Building BVH
Fra:1 Mem:19.97M (Peak 27.77M) | Time:00:00.08 | Mem:0.57M, Peak:0.57M | Scene, ViewLayer | Updating Geometry BVH Cube.189 189/242 | Building BVH
Fra:1 Mem:19.97M (Peak 27.77M) | Time:00:00.08 | Mem:0.57M, Peak:0.57M | Scene, ViewLayer | Updating Geometry BVH Cube.190 190/242 | Building BVH
Fra:1 Mem:19.97M (Peak 27.77M) | Time:00:00.08 | Mem:0.57M, Peak:0.57M | Scene, ViewLayer | Updating Geometry BVH Cube.191 191/242 | Building BVH
Fra:1 Mem:19.97M (Peak 27.77M) | Time:00:00.08 | Mem:0.57M, Peak:0.57M | Scene, ViewLayer | Updating Geometry BVH Cube.194 194/242 | Building BVH
Fra:1 Mem:19.97M (Peak 27.77M) | Time:00:00.08 | Mem:0.58M, Peak:0.58M | Scene, ViewLayer | Updating Geometry BVH Cube.195 195/242 | Building BVH
Fra:1 Mem:19.97M (Peak 27.77M) | Time:00:00.08 | Mem:0.58M, Peak:0.58M | Scene, ViewLayer | Updating Geometry BVH Cube.197 197/242 | Building BVH
Fra:1 Mem:19.97M (Peak 27.77M) | Time:00:00.08 | Mem:0.58M, Peak:0.58M | Scene, ViewLayer | Updating Geometry BVH Cube.198 198/242 | Building BVH
Fra:1 Mem:19.97M (Peak 27.77M) | Time:00:00.08 | Mem:0.58M, Peak:0.58M | Scene, ViewLayer | Updating Geometry BVH Cube.200 200/242 | Building BVH
Fra:1 Mem:19.97M (Peak 27.77M) | Time:00:00.08 | Mem:0.58M, Peak:0.58M | Scene, ViewLayer | Updating Geometry BVH Cube.201 201/242 | Building BVH
Fra:1 Mem:19.97M (Peak 27.77M) | Time:00:00.08 | Mem:0.58M, Peak:0.58M | Scene, ViewLayer | Updating Geometry BVH Cube.233 233/242 | Building BVH
Fra:1 Mem:19.97M (Peak 27.77M) | Time:00:00.08 | Mem:0.58M, Peak:0.58M | Scene, ViewLayer | Updating Geometry BVH Cube.202 202/242 | Building BVH
Fra:1 Mem:19.97M (Peak 27.77M) | Time:00:00.08 | Mem:0.58M, Peak:0.59M | Scene, ViewLayer | Updating Geometry BVH Cube.203 203/242 | Building BVH
Fra:1 Mem:19.97M (Peak 27.77M) | Time:00:00.08 | Mem:0.59M, Peak:0.59M | Scene, ViewLayer | Updating Geometry BVH Cube.204 204/242 | Building BVH
Fra:1 Mem:19.97M (Peak 27.77M) | Time:00:00.08 | Mem:0.59M, Peak:0.59M | Scene, ViewLayer | Updating Geometry BVH Cube.205 205/242 | Building BVH
Fra:1 Mem:19.97M (Peak 27.77M) | Time:00:00.08 | Mem:0.59M, Peak:0.59M | Scene, ViewLayer | Updating Geometry BVH Cube.206 206/242 | Building BVH
Fra:1 Mem:19.97M (Peak 27.77M) | Time:00:00.08 | Mem:0.59M, Peak:0.59M | Scene, ViewLayer | Updating Geometry BVH Cube.208 208/242 | Building BVH
Fra:1 Mem:19.97M (Peak 27.77M) | Time:00:00.08 | Mem:0.59M, Peak:0.59M | Scene, ViewLayer | Updating Geometry BVH Cube.232 232/242 | Building BVH
Fra:1 Mem:19.97M (Peak 27.77M) | Time:00:00.08 | Mem:0.60M, Peak:0.60M | Scene, ViewLayer | Updating Geometry BVH Cube.209 209/242 | Building BVH
Fra:1 Mem:19.97M (Peak 27.77M) | Time:00:00.08 | Mem:0.60M, Peak:0.60M | Scene, ViewLayer | Updating Geometry BVH Cube.210 210/242 | Building BVH
Fra:1 Mem:19.97M (Peak 27.77M) | Time:00:00.08 | Mem:0.60M, Peak:0.60M | Scene, ViewLayer | Updating Geometry BVH Cube.211 211/242 | Building BVH
Fra:1 Mem:19.97M (Peak 27.77M) | Time:00:00.08 | Mem:0.60M, Peak:0.60M | Scene, ViewLayer | Updating Geometry BVH Cube.212 212/242 | Building BVH
Fra:1 Mem:19.97M (Peak 27.77M) | Time:00:00.08 | Mem:0.60M, Peak:0.60M | Scene, ViewLayer | Updating Geometry BVH Cube.213 213/242 | Building BVH
Fra:1 Mem:19.97M (Peak 27.77M) | Time:00:00.08 | Mem:0.60M, Peak:0.60M | Scene, ViewLayer | Updating Geometry BVH Cube.214 214/242 | Building BVH
Fra:1 Mem:19.97M (Peak 27.77M) | Time:00:00.08 | Mem:0.60M, Peak:0.60M | Scene, ViewLayer | Updating Geometry BVH Cube.215 215/242 | Building BVH
Fra:1 Mem:19.97M (Peak 27.77M) | Time:00:00.08 | Mem:0.61M, Peak:0.61M | Scene, ViewLayer | Updating Geometry BVH Cube.216 216/242 | Building BVH
Fra:1 Mem:19.97M (Peak 27.77M) | Time:00:00.08 | Mem:0.61M, Peak:0.61M | Scene, ViewLayer | Updating Geometry BVH Cube.231 231/242 | Building BVH
Fra:1 Mem:19.97M (Peak 27.77M) | Time:00:00.08 | Mem:0.61M, Peak:0.61M | Scene, ViewLayer | Updating Geometry BVH Cube.217 217/242 | Building BVH
Fra:1 Mem:19.97M (Peak 27.77M) | Time:00:00.08 | Mem:0.61M, Peak:0.61M | Scene, ViewLayer | Updating Geometry BVH Cube.218 218/242 | Building BVH
Fra:1 Mem:19.97M (Peak 27.77M) | Time:00:00.08 | Mem:0.61M, Peak:0.61M | Scene, ViewLayer | Updating Geometry BVH Cube.219 219/242 | Building BVH
Fra:1 Mem:19.97M (Peak 27.77M) | Time:00:00.08 | Mem:0.61M, Peak:0.61M | Scene, ViewLayer | Updating Geometry BVH Cube.220 220/242 | Building BVH
Fra:1 Mem:19.97M (Peak 27.77M) | Time:00:00.08 | Mem:0.61M, Peak:0.61M | Scene, ViewLayer | Updating Geometry BVH Cube.221 221/242 | Building BVH
Fra:1 Mem:19.97M (Peak 27.77M) | Time:00:00.08 | Mem:0.61M, Peak:0.61M | Scene, ViewLayer | Updating Geometry BVH Cube.222 222/242 | Building BVH
Fra:1 Mem:19.97M (Peak 27.77M) | Time:00:00.08 | Mem:0.62M, Peak:0.62M | Scene, ViewLayer | Updating Geometry BVH Cube.223 223/242 | Building BVH
Fra:1 Mem:19.97M (Peak 27.77M) | Time:00:00.08 | Mem:0.62M, Peak:0.62M | Scene, ViewLayer | Updating Geometry BVH Cube.224 224/242 | Building BVH
Fra:1 Mem:19.97M (Peak 27.77M) | Time:00:00.08 | Mem:0.62M, Peak:0.62M | Scene, ViewLayer | Updating Geometry BVH Cube.225 225/242 | Building BVH
Fra:1 Mem:19.97M (Peak 27.77M) | Time:00:00.08 | Mem:0.62M, Peak:0.62M | Scene, ViewLayer | Updating Geometry BVH Cube.226 226/242 | Building BVH
Fra:1 Mem:19.97M (Peak 27.77M) | Time:00:00.08 | Mem:0.62M, Peak:0.62M | Scene, ViewLayer | Updating Geometry BVH Cube.227 227/242 | Building BVH
Fra:1 Mem:19.97M (Peak 27.77M) | Time:00:00.08 | Mem:0.62M, Peak:0.62M | Scene, ViewLayer | Updating Geometry BVH Cube.229 229/242 | Building BVH
Fra:1 Mem:19.97M (Peak 27.77M) | Time:00:00.08 | Mem:0.62M, Peak:0.62M | Scene, ViewLayer | Updating Geometry BVH Cube.230 230/242 | Building BVH
Fra:1 Mem:19.97M (Peak 27.77M) | Time:00:00.08 | Mem:0.65M, Peak:0.65M | Scene, ViewLayer | Updating Scene BVH | Building
Fra:1 Mem:19.97M (Peak 27.77M) | Time:00:00.08 | Mem:0.65M, Peak:0.65M | Scene, ViewLayer | Updating Scene BVH | Building BVH
Fra:1 Mem:19.97M (Peak 27.77M) | Time:00:00.08 | Mem:0.67M, Peak:0.67M | Scene, ViewLayer | Updating Scene BVH | Copying BVH to device
Fra:1 Mem:19.97M (Peak 27.77M) | Time:00:00.08 | Mem:0.67M, Peak:0.67M | Scene, ViewLayer | Updating Mesh | Computing normals
Fra:1 Mem:20.18M (Peak 27.77M) | Time:00:00.08 | Mem:0.67M, Peak:0.67M | Scene, ViewLayer | Updating Mesh | Copying Mesh to device
Fra:1 Mem:20.18M (Peak 27.77M) | Time:00:00.08 | Mem:0.87M, Peak:0.87M | Scene, ViewLayer | Updating Objects Flags
Fra:1 Mem:20.18M (Peak 27.77M) | Time:00:00.08 | Mem:0.87M, Peak:0.87M | Scene, ViewLayer | Updating Primitive Offsets
Fra:1 Mem:20.18M (Peak 27.77M) | Time:00:00.08 | Mem:0.87M, Peak:0.87M | Scene, ViewLayer | Updating Images
Fra:1 Mem:20.18M (Peak 27.77M) | Time:00:00.08 | Mem:0.87M, Peak:0.87M | Scene, ViewLayer | Updating Images | Loading lining_light.png
Fra:1 Mem:20.18M (Peak 27.77M) | Time:00:00.08 | Mem:0.87M, Peak:0.87M | Scene, ViewLayer | Updating Images | Loading engraved_amethyst.png
Fra:1 Mem:20.18M (Peak 27.77M) | Time:00:00.08 | Mem:0.87M, Peak:0.87M | Scene, ViewLayer | Updating Images | Loading side_relief_emission.png
Fra:1 Mem:20.20M (Peak 27.77M) | Time:00:00.09 | Mem:0.87M, Peak:0.87M | Scene, ViewLayer | Updating Images | Loading calcite_light_emission.png
Fra:1 Mem:20.21M (Peak 27.77M) | Time:00:00.09 | Mem:0.87M, Peak:0.87M | Scene, ViewLayer | Updating Images | Loading basalt_emission.png
Fra:1 Mem:20.21M (Peak 27.77M) | Time:00:00.09 | Mem:0.87M, Peak:0.87M | Scene, ViewLayer | Updating Images | Loading engraved_glint_emission.png
Fra:1 Mem:20.21M (Peak 27.77M) | Time:00:00.09 | Mem:0.87M, Peak:0.87M | Scene, ViewLayer | Updating Images | Loading bud_lilac_emission.png
Fra:1 Mem:20.21M (Peak 27.77M) | Time:00:00.09 | Mem:0.88M, Peak:0.88M | Scene, ViewLayer | Updating Images | Loading lining_light_emission.png
Fra:1 Mem:20.21M (Peak 27.77M) | Time:00:00.09 | Mem:0.88M, Peak:0.88M | Scene, ViewLayer | Updating Images | Loading basalt_dark_emission.png
Fra:1 Mem:20.21M (Peak 27.77M) | Time:00:00.09 | Mem:0.88M, Peak:0.88M | Scene, ViewLayer | Updating Images | Loading calcite_shadow_emission.png
Fra:1 Mem:20.21M (Peak 27.77M) | Time:00:00.09 | Mem:0.88M, Peak:0.88M | Scene, ViewLayer | Updating Images | Loading bud_silver_emission.png
Fra:1 Mem:20.21M (Peak 27.77M) | Time:00:00.09 | Mem:0.88M, Peak:0.88M | Scene, ViewLayer | Updating Images | Loading calcite_emission.png
Fra:1 Mem:20.21M (Peak 27.77M) | Time:00:00.09 | Mem:0.88M, Peak:0.88M | Scene, ViewLayer | Updating Images | Loading side_backing_emission.png
Fra:1 Mem:20.21M (Peak 27.77M) | Time:00:00.10 | Mem:0.88M, Peak:0.88M | Scene, ViewLayer | Updating Images | Loading calcite_shadow_normal_preview.png
Fra:1 Mem:20.21M (Peak 27.77M) | Time:00:00.10 | Mem:0.89M, Peak:0.89M | Scene, ViewLayer | Updating Images | Loading side_relief_metal.png
Fra:1 Mem:20.21M (Peak 27.77M) | Time:00:00.10 | Mem:0.89M, Peak:0.89M | Scene, ViewLayer | Updating Images | Loading calcite_light_metal.png
Fra:1 Mem:20.21M (Peak 27.77M) | Time:00:00.10 | Mem:0.89M, Peak:0.89M | Scene, ViewLayer | Updating Images | Loading basalt_metal.png
Fra:1 Mem:20.21M (Peak 27.77M) | Time:00:00.10 | Mem:0.89M, Peak:0.89M | Scene, ViewLayer | Updating Images | Loading engraved_glint_metal.png
Fra:1 Mem:20.21M (Peak 27.77M) | Time:00:00.10 | Mem:0.89M, Peak:0.89M | Scene, ViewLayer | Updating Images | Loading bud_lilac_metal.png
Fra:1 Mem:20.21M (Peak 27.77M) | Time:00:00.10 | Mem:0.89M, Peak:0.89M | Scene, ViewLayer | Updating Images | Loading lining_light_metal.png
Fra:1 Mem:20.21M (Peak 27.77M) | Time:00:00.10 | Mem:0.89M, Peak:0.89M | Scene, ViewLayer | Updating Images | Loading bud_silver_metal.png
Fra:1 Mem:20.21M (Peak 27.77M) | Time:00:00.10 | Mem:0.89M, Peak:0.89M | Scene, ViewLayer | Updating Images | Loading basalt_dark_metal.png
Fra:1 Mem:20.21M (Peak 27.77M) | Time:00:00.10 | Mem:0.89M, Peak:0.89M | Scene, ViewLayer | Updating Images | Loading calcite_metal.png
Fra:1 Mem:20.21M (Peak 27.77M) | Time:00:00.10 | Mem:0.89M, Peak:0.89M | Scene, ViewLayer | Updating Images | Loading bud_pink_metal.png
Fra:1 Mem:20.21M (Peak 27.77M) | Time:00:00.10 | Mem:0.89M, Peak:0.89M | Scene, ViewLayer | Updating Images | Loading lining_normal_preview.png
Fra:1 Mem:20.21M (Peak 27.77M) | Time:00:00.10 | Mem:0.89M, Peak:0.89M | Scene, ViewLayer | Updating Images | Loading engraved_amethyst_metal.png
Fra:1 Mem:20.21M (Peak 27.77M) | Time:00:00.10 | Mem:0.89M, Peak:0.89M | Scene, ViewLayer | Updating Images | Loading side_backing_metal.png
Fra:1 Mem:20.21M (Peak 27.77M) | Time:00:00.10 | Mem:0.89M, Peak:0.89M | Scene, ViewLayer | Updating Images | Loading side_relief_sss.png
Fra:1 Mem:20.21M (Peak 27.77M) | Time:00:00.11 | Mem:0.89M, Peak:0.89M | Scene, ViewLayer | Updating Images | Loading basalt_sss.png
Fra:1 Mem:20.21M (Peak 27.77M) | Time:00:00.11 | Mem:0.89M, Peak:0.89M | Scene, ViewLayer | Updating Images | Loading engraved_glint_sss.png
Fra:1 Mem:20.21M (Peak 27.77M) | Time:00:00.11 | Mem:0.89M, Peak:0.89M | Scene, ViewLayer | Updating Images | Loading bud_silver_sss.png
Fra:1 Mem:20.22M (Peak 27.77M) | Time:00:00.11 | Mem:0.89M, Peak:0.89M | Scene, ViewLayer | Updating Images | Loading basalt_dark_sss.png
Fra:1 Mem:20.22M (Peak 27.77M) | Time:00:00.11 | Mem:0.89M, Peak:0.89M | Scene, ViewLayer | Updating Images | Loading bud_pink_sss.png
Fra:1 Mem:20.22M (Peak 27.77M) | Time:00:00.11 | Mem:0.89M, Peak:0.89M | Scene, ViewLayer | Updating Images | Loading engraved_amethyst_sss.png
Fra:1 Mem:20.22M (Peak 27.77M) | Time:00:00.11 | Mem:0.89M, Peak:0.89M | Scene, ViewLayer | Updating Images | Loading side_backing_sss.png
Fra:1 Mem:20.22M (Peak 27.77M) | Time:00:00.11 | Mem:0.89M, Peak:0.89M | Scene, ViewLayer | Updating Images | Loading basalt_dark_normal_preview.png
Fra:1 Mem:20.22M (Peak 27.77M) | Time:00:00.11 | Mem:0.89M, Peak:0.89M | Scene, ViewLayer | Updating Images | Loading calcite_shadow_sss.png
Fra:1 Mem:20.22M (Peak 27.77M) | Time:00:00.11 | Mem:0.89M, Peak:0.89M | Scene, ViewLayer | Updating Images | Loading lining_sss.png
Fra:1 Mem:20.22M (Peak 27.77M) | Time:00:00.11 | Mem:0.90M, Peak:0.90M | Scene, ViewLayer | Updating Images | Loading calcite_sss.png
Fra:1 Mem:20.22M (Peak 27.77M) | Time:00:00.11 | Mem:0.90M, Peak:0.90M | Scene, ViewLayer | Updating Images | Loading calcite_light_roughness.png
Fra:1 Mem:20.22M (Peak 27.77M) | Time:00:00.11 | Mem:0.90M, Peak:0.90M | Scene, ViewLayer | Updating Images | Loading basalt_roughness.png
Fra:1 Mem:20.22M (Peak 27.77M) | Time:00:00.12 | Mem:0.90M, Peak:0.90M | Scene, ViewLayer | Updating Images | Loading bud_lilac_roughness.png
Fra:1 Mem:20.22M (Peak 27.77M) | Time:00:00.12 | Mem:0.90M, Peak:0.90M | Scene, ViewLayer | Updating Images | Loading bud_pink_roughness.png
Fra:1 Mem:20.22M (Peak 27.77M) | Time:00:00.12 | Mem:0.90M, Peak:0.90M | Scene, ViewLayer | Updating Images | Loading basalt_dark_roughness.png
Fra:1 Mem:20.22M (Peak 27.77M) | Time:00:00.12 | Mem:0.90M, Peak:0.90M | Scene, ViewLayer | Updating Images | Loading engraved_amethyst_roughness.png
Fra:1 Mem:20.22M (Peak 27.77M) | Time:00:00.12 | Mem:0.90M, Peak:0.90M | Scene, ViewLayer | Updating Images | Loading calcite_roughness.png
Fra:1 Mem:20.22M (Peak 27.77M) | Time:00:00.12 | Mem:0.90M, Peak:0.90M | Scene, ViewLayer | Updating Images | Loading lining_roughness.png
Fra:1 Mem:20.22M (Peak 27.77M) | Time:00:00.12 | Mem:0.90M, Peak:0.90M | Scene, ViewLayer | Updating Images | Loading bud_pink_normal_preview.png
Fra:1 Mem:20.22M (Peak 27.77M) | Time:00:00.12 | Mem:0.90M, Peak:0.90M | Scene, ViewLayer | Updating Images | Loading side_backing_roughness.png
Fra:1 Mem:20.22M (Peak 27.77M) | Time:00:00.12 | Mem:0.90M, Peak:0.90M | Scene, ViewLayer | Updating Images | Loading side_relief_normal_preview.png
Fra:1 Mem:20.22M (Peak 27.77M) | Time:00:00.12 | Mem:0.90M, Peak:0.90M | Scene, ViewLayer | Updating Images | Loading calcite_light_normal_preview.png
Fra:1 Mem:20.22M (Peak 27.77M) | Time:00:00.12 | Mem:0.90M, Peak:0.90M | Scene, ViewLayer | Updating Images | Loading basalt_normal_preview.png
Fra:1 Mem:20.23M (Peak 27.77M) | Time:00:00.12 | Mem:0.90M, Peak:0.90M | Scene, ViewLayer | Updating Images | Loading bud_lilac_normal_preview.png
Fra:1 Mem:20.23M (Peak 27.77M) | Time:00:00.13 | Mem:0.90M, Peak:0.90M | Scene, ViewLayer | Updating Images | Loading bud_silver_normal_preview.png
Fra:1 Mem:20.23M (Peak 27.77M) | Time:00:00.13 | Mem:0.90M, Peak:0.90M | Scene, ViewLayer | Updating Images | Loading lining_light_normal_preview.png
Fra:1 Mem:20.23M (Peak 27.77M) | Time:00:00.13 | Mem:0.90M, Peak:0.90M | Scene, ViewLayer | Updating Images | Loading engraved_amethyst_normal_preview.png
Fra:1 Mem:20.23M (Peak 27.77M) | Time:00:00.13 | Mem:0.90M, Peak:0.90M | Scene, ViewLayer | Updating Images | Loading calcite_normal_preview.png
Fra:1 Mem:20.23M (Peak 27.77M) | Time:00:00.14 | Mem:0.91M, Peak:0.91M | Scene, ViewLayer | Updating Camera Volume
Fra:1 Mem:20.23M (Peak 27.77M) | Time:00:00.14 | Mem:0.91M, Peak:0.91M | Scene, ViewLayer | Updating Lookup Tables
Fra:1 Mem:20.23M (Peak 27.77M) | Time:00:00.14 | Mem:1.16M, Peak:1.16M | Scene, ViewLayer | Updating Lights
Fra:1 Mem:20.23M (Peak 27.77M) | Time:00:00.14 | Mem:1.16M, Peak:1.16M | Scene, ViewLayer | Updating Lights | Computing distribution
Fra:1 Mem:20.28M (Peak 27.77M) | Time:00:00.14 | Mem:1.21M, Peak:1.21M | Scene, ViewLayer | Updating Integrator
Fra:1 Mem:20.28M (Peak 27.77M) | Time:00:00.14 | Mem:1.22M, Peak:1.22M | Scene, ViewLayer | Updating Film
Fra:1 Mem:20.29M (Peak 27.77M) | Time:00:00.14 | Mem:0.97M, Peak:1.22M | Scene, ViewLayer | Updating Lookup Tables
Fra:1 Mem:20.29M (Peak 27.77M) | Time:00:00.14 | Mem:1.22M, Peak:1.22M | Scene, ViewLayer | Updating Baking
Fra:1 Mem:20.29M (Peak 27.77M) | Time:00:00.14 | Mem:1.22M, Peak:1.22M | Scene, ViewLayer | Updating Device | Writing constant memory
Fra:1 Mem:20.29M (Peak 27.77M) | Time:00:00.14 | Mem:1.22M, Peak:1.22M | Scene, ViewLayer | Sample 0/48
Fra:1 Mem:92.82M (Peak 92.82M) | Time:00:00.49 | Remaining:00:16.49 | Mem:73.71M, Peak:73.71M | Scene, ViewLayer | Sample 1/48
Fra:1 Mem:123.34M (Peak 169.11M) | Time:00:16.91 | Mem:73.71M, Peak:73.71M | Scene, ViewLayer | Sample 48/48
Fra:1 Mem:123.34M (Peak 169.11M) | Time:00:16.91 | Mem:73.71M, Peak:73.71M | Scene, ViewLayer | Finished
Saved: 'D:\Desktop\Document\Coding\FULL STACK\ConvertTable\assets\geode_prototype\geode_dark.png'
 Time: 00:17.00 (Saving: 00:00.08)

GEODE_VERIFY_OK {"status": "PASS", "blender_version": "3.2.1", "reopened_blend": "D:\\Desktop\\Document\\Coding\\FULL STACK\\ConvertTable\\assets\\geode_prototype\\mother_rock_geode_16px.blend", "editable_parts": 242, "connected_voxels": 2229, "world_min": [-0.5, -0.5, 0.0], "world_max": [0.5, 0.5, 1.0], "integer_pixel_grid": true, "overlapping_voxels": false, "floating_components": false, "rendered": ["D:\\Desktop\\Document\\Coding\\FULL STACK\\ConvertTable\\assets\\geode_prototype\\geode_front.png", "D:\\Desktop\\Document\\Coding\\FULL STACK\\ConvertTable\\assets\\geode_prototype\\geode_side.png", "D:\\Desktop\\Document\\Coding\\FULL STACK\\ConvertTable\\assets\\geode_prototype\\geode_three_quarter.png", "D:\\Desktop\\Document\\Coding\\FULL STACK\\ConvertTable\\assets\\geode_prototype\\geode_dark.png"]}

Blender quit
