TBBmalloc: skip allocation functions replacement in ucrtbase.dll: unknown prologue for function _msize
Blender 3.2.1 (hash a2d59b2dac9e built 2022-07-06 07:45:50)
Read blend: D:\Desktop\Document\Coding\FULL STACK\ConvertTable\assets\geode_prototype\mother_rock_geode_16px.blend
Fra:1 Mem:64.79M (Peak 64.80M) | Time:00:00.04 | Mem:0.00M, Peak:0.00M | Scene, ViewLayer | Synchronizing object | 01_basalt_foundation_0000
Fra:1 Mem:64.79M (Peak 64.80M) | Time:00:00.04 | Mem:0.00M, Peak:0.00M | Scene, ViewLayer | Synchronizing object | 01_basalt_foundation_0005
Fra:1 Mem:64.80M (Peak 64.80M) | Time:00:00.04 | Mem:0.00M, Peak:0.00M | Scene, ViewLayer | Synchronizing object | 07_crystal_seams_0009
Fra:1 Mem:64.80M (Peak 64.80M) | Time:00:00.04 | Mem:0.00M, Peak:0.00M | Scene, ViewLayer | Synchronizing object | 08_calcite_panel_frames_0010
Fra:1 Mem:64.80M (Peak 64.80M) | Time:00:00.04 | Mem:0.00M, Peak:0.00M | Scene, ViewLayer | Synchronizing object | 08_calcite_panel_frames_0012
Fra:1 Mem:64.80M (Peak 64.80M) | Time:00:00.04 | Mem:0.00M, Peak:0.00M | Scene, ViewLayer | Synchronizing object | 10_calcite_corner_shoulders_0014
Fra:1 Mem:64.81M (Peak 64.81M) | Time:00:00.04 | Mem:0.00M, Peak:0.00M | Scene, ViewLayer | Synchronizing object | 10_calcite_corner_shoulders_0017
Fra:1 Mem:64.81M (Peak 64.81M) | Time:00:00.04 | Mem:0.00M, Peak:0.00M | Scene, ViewLayer | Synchronizing object | 10_calcite_corner_shoulders_0018
Fra:1 Mem:64.81M (Peak 64.81M) | Time:00:00.04 | Mem:0.00M, Peak:0.00M | Scene, ViewLayer | Synchronizing object | 10_calcite_corner_shoulders_0019
Fra:1 Mem:64.82M (Peak 64.82M) | Time:00:00.04 | Mem:0.00M, Peak:0.00M | Scene, ViewLayer | Synchronizing object | 10_calcite_corner_shoulders_0020
Fra:1 Mem:64.82M (Peak 64.82M) | Time:00:00.04 | Mem:0.00M, Peak:0.00M | Scene, ViewLayer | Synchronizing object | 10_calcite_corner_shoulders_0022
Fra:1 Mem:64.82M (Peak 64.82M) | Time:00:00.04 | Mem:0.00M, Peak:0.00M | Scene, ViewLayer | Synchronizing object | 10_calcite_corner_shoulders_0024
Fra:1 Mem:64.82M (Peak 64.82M) | Time:00:00.04 | Mem:0.00M, Peak:0.00M | Scene, ViewLayer | Synchronizing object | 10_calcite_corner_shoulders_0026
Fra:1 Mem:64.82M (Peak 64.83M) | Time:00:00.04 | Mem:0.00M, Peak:0.00M | Scene, ViewLayer | Synchronizing object | 10_calcite_corner_shoulders_0027
Fra:1 Mem:64.83M (Peak 64.83M) | Time:00:00.04 | Mem:0.00M, Peak:0.00M | Scene, ViewLayer | Synchronizing object | 10_calcite_corner_shoulders_0028
Fra:1 Mem:64.83M (Peak 64.83M) | Time:00:00.04 | Mem:0.00M, Peak:0.00M | Scene, ViewLayer | Synchronizing object | 10_calcite_corner_shoulders_0029
Fra:1 Mem:64.83M (Peak 64.83M) | Time:00:00.04 | Mem:0.00M, Peak:0.00M | Scene, ViewLayer | Synchronizing object | 10_calcite_corner_shoulders_0030
Fra:1 Mem:64.83M (Peak 64.84M) | Time:00:00.04 | Mem:0.00M, Peak:0.00M | Scene, ViewLayer | Synchronizing object | 10_calcite_corner_shoulders_0031
Fra:1 Mem:64.84M (Peak 64.84M) | Time:00:00.04 | Mem:0.00M, Peak:0.00M | Scene, ViewLayer | Synchronizing object | 02_calcite_lower_shell_0032
Fra:1 Mem:64.84M (Peak 64.84M) | Time:00:00.04 | Mem:0.00M, Peak:0.00M | Scene, ViewLayer | Synchronizing object | 02_calcite_lower_shell_0035
Fra:1 Mem:64.84M (Peak 64.84M) | Time:00:00.04 | Mem:0.00M, Peak:0.00M | Scene, ViewLayer | Synchronizing object | 02_calcite_lower_shell_0036
Fra:1 Mem:64.85M (Peak 64.85M) | Time:00:00.04 | Mem:0.00M, Peak:0.00M | Scene, ViewLayer | Synchronizing object | 02_calcite_lower_shell_0038
Fra:1 Mem:64.85M (Peak 64.85M) | Time:00:00.04 | Mem:0.00M, Peak:0.00M | Scene, ViewLayer | Synchronizing object | 01_basalt_foundation_0040
Fra:1 Mem:64.86M (Peak 64.86M) | Time:00:00.04 | Mem:0.00M, Peak:0.00M | Scene, ViewLayer | Synchronizing object | 01_basalt_foundation_0041
Fra:1 Mem:64.86M (Peak 64.86M) | Time:00:00.04 | Mem:0.00M, Peak:0.00M | Scene, ViewLayer | Synchronizing object | 01_basalt_foundation_0042
Fra:1 Mem:64.86M (Peak 64.86M) | Time:00:00.04 | Mem:0.00M, Peak:0.00M | Scene, ViewLayer | Synchronizing object | 02_calcite_lower_shell_0043
Fra:1 Mem:64.86M (Peak 64.86M) | Time:00:00.04 | Mem:0.00M, Peak:0.00M | Scene, ViewLayer | Synchronizing object | 02_calcite_lower_shell_0045
Fra:1 Mem:64.86M (Peak 64.86M) | Time:00:00.04 | Mem:0.00M, Peak:0.00M | Scene, ViewLayer | Synchronizing object | 02_calcite_lower_shell_0047
Fra:1 Mem:64.86M (Peak 64.86M) | Time:00:00.04 | Mem:0.00M, Peak:0.00M | Scene, ViewLayer | Synchronizing object | 02_calcite_lower_shell_0048
Fra:1 Mem:64.87M (Peak 64.87M) | Time:00:00.04 | Mem:0.00M, Peak:0.00M | Scene, ViewLayer | Synchronizing object | 02_calcite_lower_shell_0049
Fra:1 Mem:64.88M (Peak 64.88M) | Time:00:00.04 | Mem:0.00M, Peak:0.00M | Scene, ViewLayer | Synchronizing object | 02_calcite_lower_shell_0052
Fra:1 Mem:64.88M (Peak 64.88M) | Time:00:00.04 | Mem:0.00M, Peak:0.00M | Scene, ViewLayer | Synchronizing object | 02_calcite_lower_shell_0054
Fra:1 Mem:64.88M (Peak 64.88M) | Time:00:00.04 | Mem:0.00M, Peak:0.00M | Scene, ViewLayer | Synchronizing object | 03_basalt_corner_spines_0056
Fra:1 Mem:64.89M (Peak 64.89M) | Time:00:00.04 | Mem:0.00M, Peak:0.00M | Scene, ViewLayer | Synchronizing object | 03_basalt_corner_spines_0057
Fra:1 Mem:64.89M (Peak 64.89M) | Time:00:00.04 | Mem:0.00M, Peak:0.00M | Scene, ViewLayer | Synchronizing object | 03_basalt_corner_spines_0059
Fra:1 Mem:64.89M (Peak 64.89M) | Time:00:00.04 | Mem:0.00M, Peak:0.00M | Scene, ViewLayer | Synchronizing object | 05_calcite_wall_mass_0060
Fra:1 Mem:64.89M (Peak 64.90M) | Time:00:00.04 | Mem:0.00M, Peak:0.00M | Scene, ViewLayer | Synchronizing object | 05_calcite_wall_mass_0061
Fra:1 Mem:64.90M (Peak 64.90M) | Time:00:00.04 | Mem:0.00M, Peak:0.00M | Scene, ViewLayer | Synchronizing object | 07_crystal_seams_0063
Fra:1 Mem:64.90M (Peak 64.90M) | Time:00:00.05 | Mem:0.00M, Peak:0.00M | Scene, ViewLayer | Synchronizing object | 07_crystal_seams_0064
Fra:1 Mem:64.90M (Peak 64.90M) | Time:00:00.05 | Mem:0.00M, Peak:0.00M | Scene, ViewLayer | Synchronizing object | 06_recessed_side_panels_0065
Fra:1 Mem:64.91M (Peak 64.91M) | Time:00:00.05 | Mem:0.00M, Peak:0.00M | Scene, ViewLayer | Synchronizing object | 03_basalt_corner_spines_0067
Fra:1 Mem:64.91M (Peak 64.91M) | Time:00:00.05 | Mem:0.00M, Peak:0.00M | Scene, ViewLayer | Synchronizing object | 05_calcite_wall_mass_0068
Fra:1 Mem:64.91M (Peak 64.91M) | Time:00:00.05 | Mem:0.00M, Peak:0.00M | Scene, ViewLayer | Synchronizing object | 05_calcite_wall_mass_0070
Fra:1 Mem:64.92M (Peak 64.92M) | Time:00:00.05 | Mem:0.00M, Peak:0.00M | Scene, ViewLayer | Synchronizing object | 03_basalt_corner_spines_0071
Fra:1 Mem:64.92M (Peak 64.92M) | Time:00:00.05 | Mem:0.00M, Peak:0.00M | Scene, ViewLayer | Synchronizing object | 06_recessed_side_panels_0072
Fra:1 Mem:64.92M (Peak 64.92M) | Time:00:00.05 | Mem:0.00M, Peak:0.00M | Scene, ViewLayer | Synchronizing object | 05_calcite_wall_mass_0075
Fra:1 Mem:64.92M (Peak 64.92M) | Time:00:00.05 | Mem:0.00M, Peak:0.00M | Scene, ViewLayer | Synchronizing object | 05_calcite_wall_mass_0076
Fra:1 Mem:64.92M (Peak 64.92M) | Time:00:00.05 | Mem:0.00M, Peak:0.00M | Scene, ViewLayer | Synchronizing object | 03_basalt_corner_spines_0078
Fra:1 Mem:64.93M (Peak 64.93M) | Time:00:00.05 | Mem:0.00M, Peak:0.00M | Scene, ViewLayer | Synchronizing object | 05_calcite_wall_mass_0079
Fra:1 Mem:64.93M (Peak 64.93M) | Time:00:00.05 | Mem:0.00M, Peak:0.00M | Scene, ViewLayer | Synchronizing object | 05_calcite_wall_mass_0080
Fra:1 Mem:64.94M (Peak 64.94M) | Time:00:00.05 | Mem:0.00M, Peak:0.00M | Scene, ViewLayer | Synchronizing object | 10_calcite_corner_shoulders_0082
Fra:1 Mem:64.94M (Peak 64.94M) | Time:00:00.05 | Mem:0.00M, Peak:0.00M | Scene, ViewLayer | Synchronizing object | 10_calcite_corner_shoulders_0083
Fra:1 Mem:64.95M (Peak 64.95M) | Time:00:00.05 | Mem:0.00M, Peak:0.00M | Scene, ViewLayer | Synchronizing object | 05_calcite_wall_mass_0085
Fra:1 Mem:64.95M (Peak 64.95M) | Time:00:00.05 | Mem:0.00M, Peak:0.00M | Scene, ViewLayer | Synchronizing object | 05_calcite_wall_mass_0088
Fra:1 Mem:64.95M (Peak 64.95M) | Time:00:00.05 | Mem:0.00M, Peak:0.00M | Scene, ViewLayer | Synchronizing object | 10_calcite_corner_shoulders_0090
Fra:1 Mem:64.95M (Peak 64.95M) | Time:00:00.05 | Mem:0.00M, Peak:0.00M | Scene, ViewLayer | Synchronizing object | 09_calcite_crown_rim_0092
Fra:1 Mem:64.96M (Peak 64.96M) | Time:00:00.05 | Mem:0.00M, Peak:0.00M | Scene, ViewLayer | Synchronizing object | 09_calcite_crown_rim_0093
Fra:1 Mem:64.96M (Peak 64.96M) | Time:00:00.05 | Mem:0.00M, Peak:0.00M | Scene, ViewLayer | Synchronizing object | 09_calcite_crown_rim_0094
Fra:1 Mem:64.96M (Peak 64.96M) | Time:00:00.05 | Mem:0.00M, Peak:0.00M | Scene, ViewLayer | Synchronizing object | 10_calcite_corner_shoulders_0095
Fra:1 Mem:64.96M (Peak 64.96M) | Time:00:00.05 | Mem:0.00M, Peak:0.00M | Scene, ViewLayer | Synchronizing object | 09_calcite_crown_rim_0097
Fra:1 Mem:64.97M (Peak 64.97M) | Time:00:00.05 | Mem:0.00M, Peak:0.00M | Scene, ViewLayer | Synchronizing object | 09_calcite_crown_rim_0098
Fra:1 Mem:64.97M (Peak 64.97M) | Time:00:00.05 | Mem:0.00M, Peak:0.00M | Scene, ViewLayer | Synchronizing object | 09_calcite_crown_rim_0099
Fra:1 Mem:64.97M (Peak 64.97M) | Time:00:00.05 | Mem:0.00M, Peak:0.00M | Scene, ViewLayer | Synchronizing object | 09_calcite_crown_rim_0100
Fra:1 Mem:64.97M (Peak 64.97M) | Time:00:00.05 | Mem:0.00M, Peak:0.00M | Scene, ViewLayer | Synchronizing object | 09_calcite_crown_rim_0101
Fra:1 Mem:64.98M (Peak 64.98M) | Time:00:00.05 | Mem:0.00M, Peak:0.00M | Scene, ViewLayer | Synchronizing object | 09_calcite_crown_rim_0102
Fra:1 Mem:64.98M (Peak 64.98M) | Time:00:00.05 | Mem:0.00M, Peak:0.00M | Scene, ViewLayer | Synchronizing object | 10_calcite_corner_shoulders_0104
Fra:1 Mem:64.98M (Peak 64.98M) | Time:00:00.05 | Mem:0.00M, Peak:0.00M | Scene, ViewLayer | Synchronizing object | 09_calcite_crown_rim_0106
Fra:1 Mem:64.98M (Peak 64.98M) | Time:00:00.05 | Mem:0.00M, Peak:0.00M | Scene, ViewLayer | Synchronizing object | 10_calcite_corner_shoulders_0107
Fra:1 Mem:64.98M (Peak 64.98M) | Time:00:00.05 | Mem:0.00M, Peak:0.00M | Scene, ViewLayer | Synchronizing object | 11_corner_crystal_buds_0108
Fra:1 Mem:64.99M (Peak 64.99M) | Time:00:00.05 | Mem:0.00M, Peak:0.00M | Scene, ViewLayer | Synchronizing object | 11_corner_crystal_buds_0109
Fra:1 Mem:64.99M (Peak 64.99M) | Time:00:00.05 | Mem:0.00M, Peak:0.00M | Scene, ViewLayer | Synchronizing object | 11_corner_crystal_buds_0111
Fra:1 Mem:64.99M (Peak 64.99M) | Time:00:00.05 | Mem:0.00M, Peak:0.00M | Scene, ViewLayer | Synchronizing object | 11_corner_crystal_buds_0113
Fra:1 Mem:65.00M (Peak 65.00M) | Time:00:00.05 | Mem:0.00M, Peak:0.00M | Scene, ViewLayer | Synchronizing object | 01_basalt_foundation_0114
Fra:1 Mem:65.00M (Peak 65.00M) | Time:00:00.05 | Mem:0.00M, Peak:0.00M | Scene, ViewLayer | Synchronizing object | 01_basalt_foundation_0115
Fra:1 Mem:65.00M (Peak 65.00M) | Time:00:00.05 | Mem:0.00M, Peak:0.00M | Scene, ViewLayer | Synchronizing object | 02_calcite_lower_shell_0117
Fra:1 Mem:65.01M (Peak 65.01M) | Time:00:00.05 | Mem:0.00M, Peak:0.00M | Scene, ViewLayer | Synchronizing object | 02_calcite_lower_shell_0118
Fra:1 Mem:65.01M (Peak 65.01M) | Time:00:00.05 | Mem:0.00M, Peak:0.00M | Scene, ViewLayer | Synchronizing object | 02_calcite_lower_shell_0119
Fra:1 Mem:65.01M (Peak 65.01M) | Time:00:00.05 | Mem:0.00M, Peak:0.00M | Scene, ViewLayer | Synchronizing object | 02_calcite_lower_shell_0120
Fra:1 Mem:65.01M (Peak 65.01M) | Time:00:00.05 | Mem:0.00M, Peak:0.00M | Scene, ViewLayer | Synchronizing object | 01_basalt_foundation_0122
Fra:1 Mem:65.02M (Peak 65.02M) | Time:00:00.05 | Mem:0.00M, Peak:0.00M | Scene, ViewLayer | Synchronizing object | 01_basalt_foundation_0123
Fra:1 Mem:65.02M (Peak 65.02M) | Time:00:00.05 | Mem:0.00M, Peak:0.00M | Scene, ViewLayer | Synchronizing object | 02_calcite_lower_shell_0124
Fra:1 Mem:65.02M (Peak 65.02M) | Time:00:00.05 | Mem:0.00M, Peak:0.00M | Scene, ViewLayer | Synchronizing object | 02_calcite_lower_shell_0125
Fra:1 Mem:65.02M (Peak 65.02M) | Time:00:00.05 | Mem:0.00M, Peak:0.00M | Scene, ViewLayer | Synchronizing object | 02_calcite_lower_shell_0126
Fra:1 Mem:65.03M (Peak 65.03M) | Time:00:00.05 | Mem:0.00M, Peak:0.00M | Scene, ViewLayer | Synchronizing object | 02_calcite_lower_shell_0127
Fra:1 Mem:65.03M (Peak 65.03M) | Time:00:00.05 | Mem:0.00M, Peak:0.00M | Scene, ViewLayer | Synchronizing object | 01_basalt_foundation_0129
Fra:1 Mem:65.03M (Peak 65.03M) | Time:00:00.05 | Mem:0.00M, Peak:0.00M | Scene, ViewLayer | Synchronizing object | 02_calcite_lower_shell_0131
Fra:1 Mem:65.03M (Peak 65.03M) | Time:00:00.05 | Mem:0.00M, Peak:0.00M | Scene, ViewLayer | Synchronizing object | 02_calcite_lower_shell_0132
Fra:1 Mem:65.04M (Peak 65.04M) | Time:00:00.05 | Mem:0.00M, Peak:0.00M | Scene, ViewLayer | Synchronizing object | 03_basalt_corner_spines_0133
Fra:1 Mem:65.04M (Peak 65.04M) | Time:00:00.05 | Mem:0.00M, Peak:0.00M | Scene, ViewLayer | Synchronizing object | 03_basalt_corner_spines_0134
Fra:1 Mem:65.04M (Peak 65.04M) | Time:00:00.05 | Mem:0.00M, Peak:0.00M | Scene, ViewLayer | Synchronizing object | 05_calcite_wall_mass_0136
Fra:1 Mem:65.04M (Peak 65.04M) | Time:00:00.05 | Mem:0.00M, Peak:0.00M | Scene, ViewLayer | Synchronizing object | 05_calcite_wall_mass_0137
Fra:1 Mem:65.05M (Peak 65.05M) | Time:00:00.05 | Mem:0.00M, Peak:0.00M | Scene, ViewLayer | Synchronizing object | 05_calcite_wall_mass_0138
Fra:1 Mem:65.05M (Peak 65.05M) | Time:00:00.05 | Mem:0.00M, Peak:0.00M | Scene, ViewLayer | Synchronizing object | 05_calcite_wall_mass_0140
Fra:1 Mem:65.05M (Peak 65.05M) | Time:00:00.05 | Mem:0.00M, Peak:0.00M | Scene, ViewLayer | Synchronizing object | 05_calcite_wall_mass_0141
Fra:1 Mem:65.05M (Peak 65.06M) | Time:00:00.05 | Mem:0.00M, Peak:0.00M | Scene, ViewLayer | Synchronizing object | 05_calcite_wall_mass_0142
Fra:1 Mem:65.06M (Peak 65.06M) | Time:00:00.05 | Mem:0.00M, Peak:0.00M | Scene, ViewLayer | Synchronizing object | 03_basalt_corner_spines_0144
Fra:1 Mem:65.06M (Peak 65.06M) | Time:00:00.05 | Mem:0.00M, Peak:0.00M | Scene, ViewLayer | Synchronizing object | 03_basalt_corner_spines_0145
Fra:1 Mem:65.06M (Peak 65.06M) | Time:00:00.05 | Mem:0.00M, Peak:0.00M | Scene, ViewLayer | Synchronizing object | 03_basalt_corner_spines_0146
Fra:1 Mem:65.06M (Peak 65.06M) | Time:00:00.05 | Mem:0.00M, Peak:0.00M | Scene, ViewLayer | Synchronizing object | 05_calcite_wall_mass_0147
Fra:1 Mem:65.07M (Peak 65.07M) | Time:00:00.05 | Mem:0.00M, Peak:0.00M | Scene, ViewLayer | Synchronizing object | 03_basalt_corner_spines_0150
Fra:1 Mem:65.07M (Peak 65.07M) | Time:00:00.05 | Mem:0.00M, Peak:0.00M | Scene, ViewLayer | Synchronizing object | 03_basalt_corner_spines_0151
Fra:1 Mem:65.07M (Peak 65.07M) | Time:00:00.05 | Mem:0.00M, Peak:0.00M | Scene, ViewLayer | Synchronizing object | 05_calcite_wall_mass_0152
Fra:1 Mem:65.08M (Peak 65.08M) | Time:00:00.05 | Mem:0.00M, Peak:0.00M | Scene, ViewLayer | Synchronizing object | 05_calcite_wall_mass_0154
Fra:1 Mem:65.08M (Peak 65.08M) | Time:00:00.05 | Mem:0.00M, Peak:0.00M | Scene, ViewLayer | Synchronizing object | 05_calcite_wall_mass_0155
Fra:1 Mem:65.08M (Peak 65.08M) | Time:00:00.05 | Mem:0.00M, Peak:0.00M | Scene, ViewLayer | Synchronizing object | 03_basalt_corner_spines_0157
Fra:1 Mem:65.09M (Peak 65.09M) | Time:00:00.05 | Mem:0.00M, Peak:0.00M | Scene, ViewLayer | Synchronizing object | 03_basalt_corner_spines_0158
Fra:1 Mem:65.09M (Peak 65.09M) | Time:00:00.05 | Mem:0.00M, Peak:0.00M | Scene, ViewLayer | Synchronizing object | 05_calcite_wall_mass_0160
Fra:1 Mem:65.09M (Peak 65.09M) | Time:00:00.05 | Mem:0.00M, Peak:0.00M | Scene, ViewLayer | Synchronizing object | 05_calcite_wall_mass_0161
Fra:1 Mem:65.09M (Peak 65.09M) | Time:00:00.05 | Mem:0.00M, Peak:0.00M | Scene, ViewLayer | Synchronizing object | 05_calcite_wall_mass_0162
Fra:1 Mem:65.09M (Peak 65.09M) | Time:00:00.05 | Mem:0.00M, Peak:0.00M | Scene, ViewLayer | Synchronizing object | 03_basalt_corner_spines_0163
Fra:1 Mem:65.10M (Peak 65.10M) | Time:00:00.05 | Mem:0.00M, Peak:0.00M | Scene, ViewLayer | Synchronizing object | 05_calcite_wall_mass_0165
Fra:1 Mem:65.10M (Peak 65.10M) | Time:00:00.05 | Mem:0.00M, Peak:0.00M | Scene, ViewLayer | Synchronizing object | 05_calcite_wall_mass_0166
Fra:1 Mem:65.10M (Peak 65.10M) | Time:00:00.05 | Mem:0.00M, Peak:0.00M | Scene, ViewLayer | Synchronizing object | 05_calcite_wall_mass_0167
Fra:1 Mem:65.10M (Peak 65.10M) | Time:00:00.05 | Mem:0.00M, Peak:0.00M | Scene, ViewLayer | Synchronizing object | 05_calcite_wall_mass_0169
Fra:1 Mem:65.10M (Peak 65.11M) | Time:00:00.05 | Mem:0.00M, Peak:0.00M | Scene, ViewLayer | Synchronizing object | 05_calcite_wall_mass_0170
Fra:1 Mem:65.11M (Peak 65.11M) | Time:00:00.05 | Mem:0.00M, Peak:0.00M | Scene, ViewLayer | Synchronizing object | 05_calcite_wall_mass_0171
Fra:1 Mem:65.11M (Peak 65.11M) | Time:00:00.05 | Mem:0.00M, Peak:0.00M | Scene, ViewLayer | Synchronizing object | 05_calcite_wall_mass_0172
Fra:1 Mem:65.12M (Peak 65.12M) | Time:00:00.05 | Mem:0.00M, Peak:0.00M | Scene, ViewLayer | Synchronizing object | 03_basalt_corner_spines_0173
Fra:1 Mem:65.12M (Peak 65.12M) | Time:00:00.05 | Mem:0.00M, Peak:0.00M | Scene, ViewLayer | Synchronizing object | 05_calcite_wall_mass_0175
Fra:1 Mem:65.12M (Peak 65.12M) | Time:00:00.05 | Mem:0.00M, Peak:0.00M | Scene, ViewLayer | Synchronizing object | 05_calcite_wall_mass_0176
Fra:1 Mem:65.12M (Peak 65.12M) | Time:00:00.05 | Mem:0.00M, Peak:0.00M | Scene, ViewLayer | Synchronizing object | 05_calcite_wall_mass_0177
Fra:1 Mem:65.12M (Peak 65.12M) | Time:00:00.05 | Mem:0.00M, Peak:0.00M | Scene, ViewLayer | Synchronizing object | 05_calcite_wall_mass_0179
Fra:1 Mem:65.13M (Peak 65.13M) | Time:00:00.05 | Mem:0.00M, Peak:0.00M | Scene, ViewLayer | Synchronizing object | 03_basalt_corner_spines_0180
Fra:1 Mem:65.13M (Peak 65.13M) | Time:00:00.05 | Mem:0.00M, Peak:0.00M | Scene, ViewLayer | Synchronizing object | 10_calcite_corner_shoulders_0181
Fra:1 Mem:65.14M (Peak 65.14M) | Time:00:00.05 | Mem:0.00M, Peak:0.00M | Scene, ViewLayer | Synchronizing object | 10_calcite_corner_shoulders_0182
Fra:1 Mem:65.14M (Peak 65.14M) | Time:00:00.05 | Mem:0.00M, Peak:0.00M | Scene, ViewLayer | Synchronizing object | 05_calcite_wall_mass_0184
Fra:1 Mem:65.14M (Peak 65.14M) | Time:00:00.05 | Mem:0.00M, Peak:0.00M | Scene, ViewLayer | Synchronizing object | 05_calcite_wall_mass_0185
Fra:1 Mem:65.14M (Peak 65.14M) | Time:00:00.05 | Mem:0.00M, Peak:0.00M | Scene, ViewLayer | Synchronizing object | 05_calcite_wall_mass_0186
Fra:1 Mem:65.14M (Peak 65.14M) | Time:00:00.05 | Mem:0.00M, Peak:0.00M | Scene, ViewLayer | Synchronizing object | 10_calcite_corner_shoulders_0189
Fra:1 Mem:65.15M (Peak 65.15M) | Time:00:00.05 | Mem:0.00M, Peak:0.00M | Scene, ViewLayer | Synchronizing object | 09_calcite_crown_rim_0190
Fra:1 Mem:65.15M (Peak 65.15M) | Time:00:00.05 | Mem:0.00M, Peak:0.00M | Scene, ViewLayer | Synchronizing object | 09_calcite_crown_rim_0191
Fra:1 Mem:65.15M (Peak 65.15M) | Time:00:00.05 | Mem:0.00M, Peak:0.00M | Scene, ViewLayer | Synchronizing object | 09_calcite_crown_rim_0192
Fra:1 Mem:65.15M (Peak 65.15M) | Time:00:00.05 | Mem:0.00M, Peak:0.00M | Scene, ViewLayer | Synchronizing object | 09_calcite_crown_rim_0193
Fra:1 Mem:65.15M (Peak 65.16M) | Time:00:00.05 | Mem:0.00M, Peak:0.00M | Scene, ViewLayer | Synchronizing object | 09_calcite_crown_rim_0194
Fra:1 Mem:65.16M (Peak 65.16M) | Time:00:00.05 | Mem:0.00M, Peak:0.00M | Scene, ViewLayer | Synchronizing object | 10_calcite_corner_shoulders_0195
Fra:1 Mem:65.16M (Peak 65.16M) | Time:00:00.05 | Mem:0.00M, Peak:0.00M | Scene, ViewLayer | Synchronizing object | 10_calcite_corner_shoulders_0196
Fra:1 Mem:65.17M (Peak 65.17M) | Time:00:00.05 | Mem:0.00M, Peak:0.00M | Scene, ViewLayer | Synchronizing object | 10_calcite_corner_shoulders_0197
Fra:1 Mem:65.17M (Peak 65.17M) | Time:00:00.05 | Mem:0.00M, Peak:0.00M | Scene, ViewLayer | Synchronizing object | 09_calcite_crown_rim_0199
Fra:1 Mem:65.17M (Peak 65.17M) | Time:00:00.05 | Mem:0.00M, Peak:0.00M | Scene, ViewLayer | Synchronizing object | 09_calcite_crown_rim_0200
Fra:1 Mem:65.17M (Peak 65.17M) | Time:00:00.05 | Mem:0.00M, Peak:0.00M | Scene, ViewLayer | Synchronizing object | 10_calcite_corner_shoulders_0203
Fra:1 Mem:65.17M (Peak 65.17M) | Time:00:00.05 | Mem:0.00M, Peak:0.00M | Scene, ViewLayer | Synchronizing object | 10_calcite_corner_shoulders_0204
Fra:1 Mem:65.18M (Peak 65.18M) | Time:00:00.05 | Mem:0.00M, Peak:0.00M | Scene, ViewLayer | Synchronizing object | 09_calcite_crown_rim_0205
Fra:1 Mem:65.18M (Peak 65.18M) | Time:00:00.05 | Mem:0.00M, Peak:0.00M | Scene, ViewLayer | Synchronizing object | 09_calcite_crown_rim_0206
Fra:1 Mem:65.18M (Peak 65.18M) | Time:00:00.05 | Mem:0.00M, Peak:0.00M | Scene, ViewLayer | Synchronizing object | 10_calcite_corner_shoulders_0207
Fra:1 Mem:65.19M (Peak 65.19M) | Time:00:00.05 | Mem:0.00M, Peak:0.00M | Scene, ViewLayer | Synchronizing object | 02_calcite_lower_shell_0208
Fra:1 Mem:65.19M (Peak 65.19M) | Time:00:00.05 | Mem:0.00M, Peak:0.00M | Scene, ViewLayer | Synchronizing object | 02_calcite_lower_shell_0209
Fra:1 Mem:65.19M (Peak 65.19M) | Time:00:00.05 | Mem:0.00M, Peak:0.00M | Scene, ViewLayer | Synchronizing object | 02_calcite_lower_shell_0211
Fra:1 Mem:65.19M (Peak 65.19M) | Time:00:00.05 | Mem:0.00M, Peak:0.00M | Scene, ViewLayer | Synchronizing object | 02_calcite_lower_shell_0212
Fra:1 Mem:65.20M (Peak 65.20M) | Time:00:00.05 | Mem:0.00M, Peak:0.00M | Scene, ViewLayer | Synchronizing object | 02_calcite_lower_shell_0213
Fra:1 Mem:65.20M (Peak 65.20M) | Time:00:00.05 | Mem:0.00M, Peak:0.00M | Scene, ViewLayer | Synchronizing object | 02_calcite_lower_shell_0215
Fra:1 Mem:65.20M (Peak 65.20M) | Time:00:00.05 | Mem:0.00M, Peak:0.00M | Scene, ViewLayer | Synchronizing object | 02_calcite_lower_shell_0217
Fra:1 Mem:65.20M (Peak 65.20M) | Time:00:00.05 | Mem:0.00M, Peak:0.00M | Scene, ViewLayer | Synchronizing object | 02_calcite_lower_shell_0219
Fra:1 Mem:65.21M (Peak 65.21M) | Time:00:00.05 | Mem:0.00M, Peak:0.00M | Scene, ViewLayer | Synchronizing object | 02_calcite_lower_shell_0220
Fra:1 Mem:65.21M (Peak 65.21M) | Time:00:00.05 | Mem:0.00M, Peak:0.00M | Scene, ViewLayer | Synchronizing object | 02_calcite_lower_shell_0221
Fra:1 Mem:65.21M (Peak 65.21M) | Time:00:00.05 | Mem:0.00M, Peak:0.00M | Scene, ViewLayer | Synchronizing object | 02_calcite_lower_shell_0222
Fra:1 Mem:65.22M (Peak 65.22M) | Time:00:00.05 | Mem:0.00M, Peak:0.00M | Scene, ViewLayer | Synchronizing object | 02_calcite_lower_shell_0223
Fra:1 Mem:65.22M (Peak 65.22M) | Time:00:00.05 | Mem:0.00M, Peak:0.00M | Scene, ViewLayer | Synchronizing object | 02_calcite_lower_shell_0226
Fra:1 Mem:65.22M (Peak 65.22M) | Time:00:00.05 | Mem:0.00M, Peak:0.00M | Scene, ViewLayer | Synchronizing object | 02_calcite_lower_shell_0227
Fra:1 Mem:65.22M (Peak 65.22M) | Time:00:00.05 | Mem:0.00M, Peak:0.00M | Scene, ViewLayer | Synchronizing object | 02_calcite_lower_shell_0229
Fra:1 Mem:65.23M (Peak 65.23M) | Time:00:00.05 | Mem:0.00M, Peak:0.00M | Scene, ViewLayer | Synchronizing object | 02_calcite_lower_shell_0230
Fra:1 Mem:65.23M (Peak 65.23M) | Time:00:00.05 | Mem:0.00M, Peak:0.00M | Scene, ViewLayer | Synchronizing object | 02_calcite_lower_shell_0231
Fra:1 Mem:65.23M (Peak 65.23M) | Time:00:00.05 | Mem:0.00M, Peak:0.00M | Scene, ViewLayer | Synchronizing object | 05_calcite_wall_mass_0233
Fra:1 Mem:65.24M (Peak 65.24M) | Time:00:00.05 | Mem:0.00M, Peak:0.00M | Scene, ViewLayer | Synchronizing object | 05_calcite_wall_mass_0235
Fra:1 Mem:65.24M (Peak 65.24M) | Time:00:00.05 | Mem:0.00M, Peak:0.00M | Scene, ViewLayer | Synchronizing object | 05_calcite_wall_mass_0236
Fra:1 Mem:65.24M (Peak 65.24M) | Time:00:00.05 | Mem:0.00M, Peak:0.00M | Scene, ViewLayer | Synchronizing object | 05_calcite_wall_mass_0237
Fra:1 Mem:65.24M (Peak 65.24M) | Time:00:00.05 | Mem:0.00M, Peak:0.00M | Scene, ViewLayer | Synchronizing object | 05_calcite_wall_mass_0239
Fra:1 Mem:65.24M (Peak 65.24M) | Time:00:00.05 | Mem:0.00M, Peak:0.00M | Scene, ViewLayer | Synchronizing object | 05_calcite_wall_mass_0240
Fra:1 Mem:65.25M (Peak 65.25M) | Time:00:00.05 | Mem:0.00M, Peak:0.00M | Scene, ViewLayer | Synchronizing object | 05_calcite_wall_mass_0242
Fra:1 Mem:65.25M (Peak 65.25M) | Time:00:00.05 | Mem:0.00M, Peak:0.00M | Scene, ViewLayer | Synchronizing object | 05_calcite_wall_mass_0243
Fra:1 Mem:65.25M (Peak 65.25M) | Time:00:00.05 | Mem:0.00M, Peak:0.00M | Scene, ViewLayer | Synchronizing object | 05_calcite_wall_mass_0244
Fra:1 Mem:65.25M (Peak 65.25M) | Time:00:00.05 | Mem:0.00M, Peak:0.00M | Scene, ViewLayer | Synchronizing object | 05_calcite_wall_mass_0246
Fra:1 Mem:65.26M (Peak 65.26M) | Time:00:00.05 | Mem:0.00M, Peak:0.00M | Scene, ViewLayer | Synchronizing object | 05_calcite_wall_mass_0247
Fra:1 Mem:65.26M (Peak 65.26M) | Time:00:00.05 | Mem:0.00M, Peak:0.00M | Scene, ViewLayer | Synchronizing object | 05_calcite_wall_mass_0248
Fra:1 Mem:65.26M (Peak 65.26M) | Time:00:00.05 | Mem:0.00M, Peak:0.00M | Scene, ViewLayer | Synchronizing object | 05_calcite_wall_mass_0250
Fra:1 Mem:65.27M (Peak 65.27M) | Time:00:00.05 | Mem:0.00M, Peak:0.00M | Scene, ViewLayer | Synchronizing object | 05_calcite_wall_mass_0252
Fra:1 Mem:65.27M (Peak 65.27M) | Time:00:00.05 | Mem:0.00M, Peak:0.00M | Scene, ViewLayer | Synchronizing object | 05_calcite_wall_mass_0253
Fra:1 Mem:65.27M (Peak 65.27M) | Time:00:00.05 | Mem:0.00M, Peak:0.00M | Scene, ViewLayer | Synchronizing object | 05_calcite_wall_mass_0254
Fra:1 Mem:65.28M (Peak 65.28M) | Time:00:00.05 | Mem:0.00M, Peak:0.00M | Scene, ViewLayer | Synchronizing object | 05_calcite_wall_mass_0255
Fra:1 Mem:65.28M (Peak 65.28M) | Time:00:00.05 | Mem:0.00M, Peak:0.00M | Scene, ViewLayer | Synchronizing object | 05_calcite_wall_mass_0258
Fra:1 Mem:65.28M (Peak 65.28M) | Time:00:00.05 | Mem:0.00M, Peak:0.00M | Scene, ViewLayer | Synchronizing object | 05_calcite_wall_mass_0259
Fra:1 Mem:65.28M (Peak 65.28M) | Time:00:00.05 | Mem:0.00M, Peak:0.00M | Scene, ViewLayer | Synchronizing object | 05_calcite_wall_mass_0260
Fra:1 Mem:65.29M (Peak 65.29M) | Time:00:00.05 | Mem:0.00M, Peak:0.00M | Scene, ViewLayer | Synchronizing object | 05_calcite_wall_mass_0263
Fra:1 Mem:65.29M (Peak 65.29M) | Time:00:00.05 | Mem:0.00M, Peak:0.00M | Scene, ViewLayer | Synchronizing object | 05_calcite_wall_mass_0265
Fra:1 Mem:65.29M (Peak 65.29M) | Time:00:00.05 | Mem:0.00M, Peak:0.00M | Scene, ViewLayer | Synchronizing object | 05_calcite_wall_mass_0266
Fra:1 Mem:65.30M (Peak 65.30M) | Time:00:00.05 | Mem:0.00M, Peak:0.00M | Scene, ViewLayer | Synchronizing object | 05_calcite_wall_mass_0267
Fra:1 Mem:65.30M (Peak 65.30M) | Time:00:00.05 | Mem:0.00M, Peak:0.00M | Scene, ViewLayer | Synchronizing object | 05_calcite_wall_mass_0271
Fra:1 Mem:65.31M (Peak 65.31M) | Time:00:00.05 | Mem:0.00M, Peak:0.00M | Scene, ViewLayer | Synchronizing object | 05_calcite_wall_mass_0273
Fra:1 Mem:65.31M (Peak 65.31M) | Time:00:00.05 | Mem:0.00M, Peak:0.00M | Scene, ViewLayer | Synchronizing object | 10_calcite_corner_shoulders_0274
Fra:1 Mem:65.31M (Peak 65.31M) | Time:00:00.05 | Mem:0.00M, Peak:0.00M | Scene, ViewLayer | Synchronizing object | 10_calcite_corner_shoulders_0276
Fra:1 Mem:65.32M (Peak 65.32M) | Time:00:00.05 | Mem:0.00M, Peak:0.00M | Scene, ViewLayer | Synchronizing object | 09_calcite_crown_rim_0277
Fra:1 Mem:65.32M (Peak 65.32M) | Time:00:00.05 | Mem:0.00M, Peak:0.00M | Scene, ViewLayer | Synchronizing object | 10_calcite_corner_shoulders_0279
Fra:1 Mem:65.32M (Peak 65.32M) | Time:00:00.05 | Mem:0.00M, Peak:0.00M | Scene, ViewLayer | Synchronizing object | 09_calcite_crown_rim_0280
Fra:1 Mem:65.32M (Peak 65.32M) | Time:00:00.05 | Mem:0.00M, Peak:0.00M | Scene, ViewLayer | Synchronizing object | 09_calcite_crown_rim_0281
Fra:1 Mem:65.32M (Peak 65.32M) | Time:00:00.05 | Mem:0.00M, Peak:0.00M | Scene, ViewLayer | Synchronizing object | 09_calcite_crown_rim_0282
Fra:1 Mem:65.33M (Peak 65.33M) | Time:00:00.05 | Mem:0.00M, Peak:0.00M | Scene, ViewLayer | Synchronizing object | 10_calcite_corner_shoulders_0283
Fra:1 Mem:65.33M (Peak 65.33M) | Time:00:00.05 | Mem:0.00M, Peak:0.00M | Scene, ViewLayer | Synchronizing object | 02_calcite_lower_shell_0284
Fra:1 Mem:65.33M (Peak 65.33M) | Time:00:00.05 | Mem:0.00M, Peak:0.00M | Scene, ViewLayer | Synchronizing object | 02_calcite_lower_shell_0285
Fra:1 Mem:65.34M (Peak 65.34M) | Time:00:00.05 | Mem:0.00M, Peak:0.00M | Scene, ViewLayer | Synchronizing object | 02_calcite_lower_shell_0288
Fra:1 Mem:65.34M (Peak 65.34M) | Time:00:00.05 | Mem:0.00M, Peak:0.00M | Scene, ViewLayer | Synchronizing object | 02_calcite_lower_shell_0289
Fra:1 Mem:65.34M (Peak 65.34M) | Time:00:00.05 | Mem:0.00M, Peak:0.00M | Scene, ViewLayer | Synchronizing object | 02_calcite_lower_shell_0291
Fra:1 Mem:65.34M (Peak 65.34M) | Time:00:00.05 | Mem:0.00M, Peak:0.00M | Scene, ViewLayer | Synchronizing object | 02_calcite_lower_shell_0292
Fra:1 Mem:65.34M (Peak 65.35M) | Time:00:00.05 | Mem:0.00M, Peak:0.00M | Scene, ViewLayer | Synchronizing object | 02_calcite_lower_shell_0293
Fra:1 Mem:65.35M (Peak 65.35M) | Time:00:00.05 | Mem:0.00M, Peak:0.00M | Scene, ViewLayer | Synchronizing object | 02_calcite_lower_shell_0294
Fra:1 Mem:65.35M (Peak 65.35M) | Time:00:00.05 | Mem:0.00M, Peak:0.00M | Scene, ViewLayer | Synchronizing object | 02_calcite_lower_shell_0295
Fra:1 Mem:65.35M (Peak 65.35M) | Time:00:00.05 | Mem:0.00M, Peak:0.00M | Scene, ViewLayer | Synchronizing object | 02_calcite_lower_shell_0296
Fra:1 Mem:65.36M (Peak 65.36M) | Time:00:00.05 | Mem:0.00M, Peak:0.00M | Scene, ViewLayer | Synchronizing object | 02_calcite_lower_shell_0298
Fra:1 Mem:65.36M (Peak 65.36M) | Time:00:00.05 | Mem:0.00M, Peak:0.00M | Scene, ViewLayer | Synchronizing object | 02_calcite_lower_shell_0299
Fra:1 Mem:65.36M (Peak 65.36M) | Time:00:00.05 | Mem:0.00M, Peak:0.00M | Scene, ViewLayer | Synchronizing object | 02_calcite_lower_shell_0300
Fra:1 Mem:65.36M (Peak 65.37M) | Time:00:00.05 | Mem:0.00M, Peak:0.00M | Scene, ViewLayer | Synchronizing object | 08_calcite_panel_frames_0302
Fra:1 Mem:65.37M (Peak 65.37M) | Time:00:00.05 | Mem:0.00M, Peak:0.00M | Scene, ViewLayer | Synchronizing object | 05_calcite_wall_mass_0303
Fra:1 Mem:65.37M (Peak 65.37M) | Time:00:00.05 | Mem:0.00M, Peak:0.00M | Scene, ViewLayer | Synchronizing object | 04_geode_inner_lining_0304
Fra:1 Mem:65.37M (Peak 65.37M) | Time:00:00.05 | Mem:0.00M, Peak:0.00M | Scene, ViewLayer | Synchronizing object | 05_calcite_wall_mass_0305
Fra:1 Mem:65.37M (Peak 65.37M) | Time:00:00.05 | Mem:0.00M, Peak:0.00M | Scene, ViewLayer | Synchronizing object | 08_calcite_panel_frames_0306
Fra:1 Mem:65.38M (Peak 65.38M) | Time:00:00.05 | Mem:0.00M, Peak:0.00M | Scene, ViewLayer | Synchronizing object | 08_calcite_panel_frames_0307
Fra:1 Mem:65.38M (Peak 65.38M) | Time:00:00.05 | Mem:0.00M, Peak:0.00M | Scene, ViewLayer | Synchronizing object | 05_calcite_wall_mass_0309
Fra:1 Mem:65.38M (Peak 65.38M) | Time:00:00.05 | Mem:0.00M, Peak:0.00M | Scene, ViewLayer | Synchronizing object | 05_calcite_wall_mass_0310
Fra:1 Mem:65.38M (Peak 65.38M) | Time:00:00.05 | Mem:0.00M, Peak:0.00M | Scene, ViewLayer | Synchronizing object | 08_calcite_panel_frames_0311
Fra:1 Mem:65.39M (Peak 65.39M) | Time:00:00.05 | Mem:0.00M, Peak:0.00M | Scene, ViewLayer | Synchronizing object | 05_calcite_wall_mass_0312
Fra:1 Mem:65.39M (Peak 65.39M) | Time:00:00.05 | Mem:0.00M, Peak:0.00M | Scene, ViewLayer | Synchronizing object | 05_calcite_wall_mass_0314
Fra:1 Mem:65.39M (Peak 65.39M) | Time:00:00.05 | Mem:0.00M, Peak:0.00M | Scene, ViewLayer | Synchronizing object | 05_calcite_wall_mass_0316
Fra:1 Mem:65.40M (Peak 65.40M) | Time:00:00.05 | Mem:0.00M, Peak:0.00M | Scene, ViewLayer | Synchronizing object | 05_calcite_wall_mass_0317
Fra:1 Mem:65.40M (Peak 65.40M) | Time:00:00.05 | Mem:0.00M, Peak:0.00M | Scene, ViewLayer | Synchronizing object | 05_calcite_wall_mass_0319
Fra:1 Mem:65.40M (Peak 65.40M) | Time:00:00.05 | Mem:0.00M, Peak:0.00M | Scene, ViewLayer | Synchronizing object | 05_calcite_wall_mass_0320
Fra:1 Mem:65.41M (Peak 65.41M) | Time:00:00.05 | Mem:0.00M, Peak:0.00M | Scene, ViewLayer | Synchronizing object | 05_calcite_wall_mass_0322
Fra:1 Mem:65.41M (Peak 65.41M) | Time:00:00.05 | Mem:0.00M, Peak:0.00M | Scene, ViewLayer | Synchronizing object | 08_calcite_panel_frames_0323
Fra:1 Mem:65.41M (Peak 65.41M) | Time:00:00.05 | Mem:0.00M, Peak:0.00M | Scene, ViewLayer | Synchronizing object | 05_calcite_wall_mass_0325
Fra:1 Mem:65.41M (Peak 65.41M) | Time:00:00.05 | Mem:0.00M, Peak:0.00M | Scene, ViewLayer | Synchronizing object | 08_calcite_panel_frames_0328
Fra:1 Mem:65.42M (Peak 65.42M) | Time:00:00.05 | Mem:0.00M, Peak:0.00M | Scene, ViewLayer | Synchronizing object | 09_calcite_crown_rim_0329
Fra:1 Mem:65.42M (Peak 65.42M) | Time:00:00.05 | Mem:0.00M, Peak:0.00M | Scene, ViewLayer | Synchronizing object | 09_calcite_crown_rim_0330
Fra:1 Mem:65.42M (Peak 65.42M) | Time:00:00.05 | Mem:0.00M, Peak:0.00M | Scene, ViewLayer | Synchronizing object | 09_calcite_crown_rim_0332
Fra:1 Mem:65.43M (Peak 65.43M) | Time:00:00.05 | Mem:0.00M, Peak:0.00M | Scene, ViewLayer | Synchronizing object | 09_calcite_crown_rim_0333
Fra:1 Mem:65.43M (Peak 65.43M) | Time:00:00.05 | Mem:0.00M, Peak:0.00M | Scene, ViewLayer | Synchronizing object | 09_calcite_crown_rim_0335
Fra:1 Mem:65.43M (Peak 65.43M) | Time:00:00.05 | Mem:0.00M, Peak:0.00M | Scene, ViewLayer | Synchronizing object | 09_calcite_crown_rim_0336
Fra:1 Mem:65.43M (Peak 65.43M) | Time:00:00.05 | Mem:0.00M, Peak:0.00M | Scene, ViewLayer | Synchronizing object | 09_calcite_crown_rim_0338
Fra:1 Mem:65.43M (Peak 65.43M) | Time:00:00.05 | Mem:0.00M, Peak:0.00M | Scene, ViewLayer | Synchronizing object | 02_calcite_lower_shell_0340
Fra:1 Mem:65.44M (Peak 65.44M) | Time:00:00.05 | Mem:0.00M, Peak:0.00M | Scene, ViewLayer | Synchronizing object | 02_calcite_lower_shell_0341
Fra:1 Mem:65.45M (Peak 65.45M) | Time:00:00.05 | Mem:0.00M, Peak:0.00M | Scene, ViewLayer | Synchronizing object | 02_calcite_lower_shell_0342
Fra:1 Mem:65.45M (Peak 65.45M) | Time:00:00.05 | Mem:0.00M, Peak:0.00M | Scene, ViewLayer | Synchronizing object | 02_calcite_lower_shell_0347
Fra:1 Mem:65.45M (Peak 65.45M) | Time:00:00.05 | Mem:0.00M, Peak:0.00M | Scene, ViewLayer | Synchronizing object | 02_calcite_lower_shell_0348
Fra:1 Mem:65.45M (Peak 65.45M) | Time:00:00.05 | Mem:0.00M, Peak:0.00M | Scene, ViewLayer | Synchronizing object | 02_calcite_lower_shell_0349
Fra:1 Mem:65.46M (Peak 65.46M) | Time:00:00.05 | Mem:0.00M, Peak:0.00M | Scene, ViewLayer | Synchronizing object | 02_calcite_lower_shell_0350
Fra:1 Mem:65.46M (Peak 65.46M) | Time:00:00.05 | Mem:0.00M, Peak:0.00M | Scene, ViewLayer | Synchronizing object | 05_calcite_wall_mass_0351
Fra:1 Mem:65.46M (Peak 65.46M) | Time:00:00.05 | Mem:0.00M, Peak:0.00M | Scene, ViewLayer | Synchronizing object | 06_recessed_side_panels_0352
Fra:1 Mem:65.46M (Peak 65.46M) | Time:00:00.05 | Mem:0.00M, Peak:0.00M | Scene, ViewLayer | Synchronizing object | 05_calcite_wall_mass_0353
Fra:1 Mem:65.47M (Peak 65.47M) | Time:00:00.05 | Mem:0.00M, Peak:0.00M | Scene, ViewLayer | Synchronizing object | 05_calcite_wall_mass_0355
Fra:1 Mem:65.47M (Peak 65.47M) | Time:00:00.05 | Mem:0.00M, Peak:0.00M | Scene, ViewLayer | Synchronizing object | 05_calcite_wall_mass_0356
Fra:1 Mem:65.47M (Peak 65.47M) | Time:00:00.05 | Mem:0.00M, Peak:0.00M | Scene, ViewLayer | Synchronizing object | 05_calcite_wall_mass_0358
Fra:1 Mem:65.48M (Peak 65.48M) | Time:00:00.05 | Mem:0.00M, Peak:0.00M | Scene, ViewLayer | Synchronizing object | 05_calcite_wall_mass_0359
Fra:1 Mem:65.48M (Peak 65.48M) | Time:00:00.05 | Mem:0.00M, Peak:0.00M | Scene, ViewLayer | Synchronizing object | 05_calcite_wall_mass_0360
Fra:1 Mem:65.48M (Peak 65.48M) | Time:00:00.05 | Mem:0.00M, Peak:0.00M | Scene, ViewLayer | Synchronizing object | 05_calcite_wall_mass_0362
Fra:1 Mem:65.49M (Peak 65.49M) | Time:00:00.05 | Mem:0.00M, Peak:0.00M | Scene, ViewLayer | Synchronizing object | 05_calcite_wall_mass_0363
Fra:1 Mem:65.49M (Peak 65.49M) | Time:00:00.05 | Mem:0.00M, Peak:0.00M | Scene, ViewLayer | Synchronizing object | 05_calcite_wall_mass_0366
Fra:1 Mem:65.49M (Peak 65.49M) | Time:00:00.05 | Mem:0.00M, Peak:0.00M | Scene, ViewLayer | Synchronizing object | 12_geode_growth_core_0367
Fra:1 Mem:65.49M (Peak 65.49M) | Time:00:00.05 | Mem:0.00M, Peak:0.00M | Scene, ViewLayer | Synchronizing object | 09_calcite_crown_rim_0368
Fra:1 Mem:65.49M (Peak 65.49M) | Time:00:00.05 | Mem:0.00M, Peak:0.00M | Scene, ViewLayer | Synchronizing object | 09_calcite_crown_rim_0370
Fra:1 Mem:65.49M (Peak 65.49M) | Time:00:00.05 | Mem:0.00M, Peak:0.00M | Scene, ViewLayer | Synchronizing object | 09_calcite_crown_rim_0371
Fra:1 Mem:65.50M (Peak 65.50M) | Time:00:00.05 | Mem:0.00M, Peak:0.00M | Scene, ViewLayer | Synchronizing object | 12_geode_growth_core_0372
Fra:1 Mem:65.50M (Peak 65.50M) | Time:00:00.05 | Mem:0.00M, Peak:0.00M | Scene, ViewLayer | Synchronizing object | 09_calcite_crown_rim_0373
Fra:1 Mem:65.51M (Peak 65.51M) | Time:00:00.05 | Mem:0.00M, Peak:0.00M | Scene, ViewLayer | Synchronizing object | 02_calcite_lower_shell_0376
Fra:1 Mem:65.51M (Peak 65.51M) | Time:00:00.05 | Mem:0.00M, Peak:0.00M | Scene, ViewLayer | Synchronizing object | 02_calcite_lower_shell_0377
Fra:1 Mem:65.51M (Peak 65.51M) | Time:00:00.05 | Mem:0.00M, Peak:0.00M | Scene, ViewLayer | Synchronizing object | 02_calcite_lower_shell_0378
Fra:1 Mem:65.51M (Peak 65.51M) | Time:00:00.05 | Mem:0.00M, Peak:0.00M | Scene, ViewLayer | Synchronizing object | 02_calcite_lower_shell_0380
Fra:1 Mem:65.51M (Peak 65.51M) | Time:00:00.05 | Mem:0.00M, Peak:0.00M | Scene, ViewLayer | Synchronizing object | 02_calcite_lower_shell_0381
Fra:1 Mem:65.52M (Peak 65.52M) | Time:00:00.05 | Mem:0.00M, Peak:0.00M | Scene, ViewLayer | Synchronizing object | 02_calcite_lower_shell_0382
Fra:1 Mem:65.52M (Peak 65.52M) | Time:00:00.05 | Mem:0.00M, Peak:0.00M | Scene, ViewLayer | Synchronizing object | 02_calcite_lower_shell_0384
Fra:1 Mem:65.52M (Peak 65.52M) | Time:00:00.05 | Mem:0.00M, Peak:0.00M | Scene, ViewLayer | Synchronizing object | 07_crystal_seams_0386
Fra:1 Mem:65.53M (Peak 65.53M) | Time:00:00.05 | Mem:0.00M, Peak:0.00M | Scene, ViewLayer | Synchronizing object | 02_calcite_lower_shell_0387
Fra:1 Mem:65.53M (Peak 65.53M) | Time:00:00.05 | Mem:0.00M, Peak:0.00M | Scene, ViewLayer | Synchronizing object | 02_calcite_lower_shell_0389
Fra:1 Mem:65.53M (Peak 65.53M) | Time:00:00.05 | Mem:0.00M, Peak:0.00M | Scene, ViewLayer | Synchronizing object | 07_crystal_seams_0390
Fra:1 Mem:65.54M (Peak 65.54M) | Time:00:00.05 | Mem:0.00M, Peak:0.00M | Scene, ViewLayer | Synchronizing object | 05_calcite_wall_mass_0392
Fra:1 Mem:65.54M (Peak 65.54M) | Time:00:00.05 | Mem:0.00M, Peak:0.00M | Scene, ViewLayer | Synchronizing object | 05_calcite_wall_mass_0393
Fra:1 Mem:65.54M (Peak 65.54M) | Time:00:00.05 | Mem:0.00M, Peak:0.00M | Scene, ViewLayer | Synchronizing object | 05_calcite_wall_mass_0394
Fra:1 Mem:65.54M (Peak 65.54M) | Time:00:00.05 | Mem:0.00M, Peak:0.00M | Scene, ViewLayer | Synchronizing object | 05_calcite_wall_mass_0395
Fra:1 Mem:65.54M (Peak 65.54M) | Time:00:00.05 | Mem:0.00M, Peak:0.00M | Scene, ViewLayer | Synchronizing object | 05_calcite_wall_mass_0396
Fra:1 Mem:65.55M (Peak 65.55M) | Time:00:00.05 | Mem:0.00M, Peak:0.00M | Scene, ViewLayer | Synchronizing object | 12_geode_growth_core_0398
Fra:1 Mem:65.55M (Peak 65.55M) | Time:00:00.05 | Mem:0.00M, Peak:0.00M | Scene, ViewLayer | Synchronizing object | 12_geode_growth_core_0399
Fra:1 Mem:65.55M (Peak 65.55M) | Time:00:00.05 | Mem:0.00M, Peak:0.00M | Scene, ViewLayer | Synchronizing object | 05_calcite_wall_mass_0401
Fra:1 Mem:65.56M (Peak 65.56M) | Time:00:00.05 | Mem:0.00M, Peak:0.00M | Scene, ViewLayer | Synchronizing object | 09_calcite_crown_rim_0402
Fra:1 Mem:65.56M (Peak 65.56M) | Time:00:00.05 | Mem:0.00M, Peak:0.00M | Scene, ViewLayer | Synchronizing object | 09_calcite_crown_rim_0404
Fra:1 Mem:65.56M (Peak 65.56M) | Time:00:00.05 | Mem:0.00M, Peak:0.00M | Scene, ViewLayer | Synchronizing object | 12_geode_growth_core_0405
Fra:1 Mem:65.56M (Peak 65.56M) | Time:00:00.05 | Mem:0.00M, Peak:0.00M | Scene, ViewLayer | Synchronizing object | 02_calcite_lower_shell_0406
Fra:1 Mem:65.57M (Peak 65.57M) | Time:00:00.05 | Mem:0.00M, Peak:0.00M | Scene, ViewLayer | Synchronizing object | 02_calcite_lower_shell_0407
Fra:1 Mem:65.57M (Peak 65.57M) | Time:00:00.05 | Mem:0.00M, Peak:0.00M | Scene, ViewLayer | Synchronizing object | 02_calcite_lower_shell_0408
Fra:1 Mem:65.57M (Peak 65.57M) | Time:00:00.05 | Mem:0.00M, Peak:0.00M | Scene, ViewLayer | Synchronizing object | 02_calcite_lower_shell_0410
Fra:1 Mem:65.57M (Peak 65.57M) | Time:00:00.05 | Mem:0.00M, Peak:0.00M | Scene, ViewLayer | Synchronizing object | 02_calcite_lower_shell_0411
Fra:1 Mem:65.57M (Peak 65.57M) | Time:00:00.05 | Mem:0.00M, Peak:0.00M | Scene, ViewLayer | Synchronizing object | 02_calcite_lower_shell_0412
Fra:1 Mem:65.58M (Peak 65.58M) | Time:00:00.05 | Mem:0.00M, Peak:0.00M | Scene, ViewLayer | Synchronizing object | 02_calcite_lower_shell_0413
Fra:1 Mem:65.58M (Peak 65.58M) | Time:00:00.05 | Mem:0.00M, Peak:0.00M | Scene, ViewLayer | Synchronizing object | 02_calcite_lower_shell_0415
Fra:1 Mem:65.58M (Peak 65.58M) | Time:00:00.05 | Mem:0.00M, Peak:0.00M | Scene, ViewLayer | Synchronizing object | 02_calcite_lower_shell_0416
Fra:1 Mem:65.58M (Peak 65.58M) | Time:00:00.05 | Mem:0.00M, Peak:0.00M | Scene, ViewLayer | Synchronizing object | 02_calcite_lower_shell_0417
Fra:1 Mem:65.59M (Peak 65.59M) | Time:00:00.05 | Mem:0.00M, Peak:0.00M | Scene, ViewLayer | Synchronizing object | 02_calcite_lower_shell_0418
Fra:1 Mem:65.59M (Peak 65.59M) | Time:00:00.05 | Mem:0.00M, Peak:0.00M | Scene, ViewLayer | Synchronizing object | 05_calcite_wall_mass_0420
Fra:1 Mem:65.60M (Peak 65.60M) | Time:00:00.05 | Mem:0.00M, Peak:0.00M | Scene, ViewLayer | Synchronizing object | 07_crystal_seams_0421
Fra:1 Mem:65.60M (Peak 65.60M) | Time:00:00.05 | Mem:0.00M, Peak:0.00M | Scene, ViewLayer | Synchronizing object | 07_crystal_seams_0422
Fra:1 Mem:65.60M (Peak 65.60M) | Time:00:00.05 | Mem:0.00M, Peak:0.00M | Scene, ViewLayer | Synchronizing object | 06_recessed_side_panels_0424
Fra:1 Mem:65.60M (Peak 65.60M) | Time:00:00.05 | Mem:0.00M, Peak:0.00M | Scene, ViewLayer | Synchronizing object | 05_calcite_wall_mass_0426
Fra:1 Mem:65.61M (Peak 65.61M) | Time:00:00.05 | Mem:0.00M, Peak:0.00M | Scene, ViewLayer | Synchronizing object | 05_calcite_wall_mass_0428
Fra:1 Mem:65.61M (Peak 65.61M) | Time:00:00.05 | Mem:0.00M, Peak:0.00M | Scene, ViewLayer | Synchronizing object | 12_geode_growth_core_0430
Fra:1 Mem:65.61M (Peak 65.61M) | Time:00:00.05 | Mem:0.00M, Peak:0.00M | Scene, ViewLayer | Synchronizing object | 09_calcite_crown_rim_0431
Fra:1 Mem:65.61M (Peak 65.61M) | Time:00:00.05 | Mem:0.00M, Peak:0.00M | Scene, ViewLayer | Synchronizing object | 09_calcite_crown_rim_0432
Fra:1 Mem:65.62M (Peak 65.62M) | Time:00:00.05 | Mem:0.00M, Peak:0.00M | Scene, ViewLayer | Synchronizing object | 09_calcite_crown_rim_0434
Fra:1 Mem:65.62M (Peak 65.62M) | Time:00:00.05 | Mem:0.00M, Peak:0.00M | Scene, ViewLayer | Synchronizing object | 12_geode_growth_core_0436
Fra:1 Mem:65.62M (Peak 65.62M) | Time:00:00.05 | Mem:0.00M, Peak:0.00M | Scene, ViewLayer | Synchronizing object | 02_calcite_lower_shell_0438
Fra:1 Mem:65.62M (Peak 65.62M) | Time:00:00.05 | Mem:0.00M, Peak:0.00M | Scene, ViewLayer | Synchronizing object | 02_calcite_lower_shell_0439
Fra:1 Mem:65.63M (Peak 65.63M) | Time:00:00.05 | Mem:0.00M, Peak:0.00M | Scene, ViewLayer | Synchronizing object | 02_calcite_lower_shell_0440
Fra:1 Mem:65.63M (Peak 65.63M) | Time:00:00.05 | Mem:0.00M, Peak:0.00M | Scene, ViewLayer | Synchronizing object | 02_calcite_lower_shell_0441
Fra:1 Mem:65.63M (Peak 65.63M) | Time:00:00.05 | Mem:0.00M, Peak:0.00M | Scene, ViewLayer | Synchronizing object | 02_calcite_lower_shell_0442
Fra:1 Mem:65.64M (Peak 65.64M) | Time:00:00.05 | Mem:0.00M, Peak:0.00M | Scene, ViewLayer | Synchronizing object | 02_calcite_lower_shell_0443
Fra:1 Mem:65.64M (Peak 65.64M) | Time:00:00.05 | Mem:0.00M, Peak:0.00M | Scene, ViewLayer | Synchronizing object | 02_calcite_lower_shell_0445
Fra:1 Mem:65.64M (Peak 65.64M) | Time:00:00.05 | Mem:0.00M, Peak:0.00M | Scene, ViewLayer | Synchronizing object | 02_calcite_lower_shell_0447
Fra:1 Mem:65.64M (Peak 65.64M) | Time:00:00.05 | Mem:0.00M, Peak:0.00M | Scene, ViewLayer | Synchronizing object | 02_calcite_lower_shell_0449
Fra:1 Mem:65.65M (Peak 65.65M) | Time:00:00.05 | Mem:0.00M, Peak:0.00M | Scene, ViewLayer | Synchronizing object | 05_calcite_wall_mass_0452
Fra:1 Mem:65.65M (Peak 65.65M) | Time:00:00.05 | Mem:0.00M, Peak:0.00M | Scene, ViewLayer | Synchronizing object | 05_calcite_wall_mass_0454
Fra:1 Mem:65.66M (Peak 65.66M) | Time:00:00.05 | Mem:0.00M, Peak:0.00M | Scene, ViewLayer | Synchronizing object | 05_calcite_wall_mass_0455
Fra:1 Mem:65.66M (Peak 65.66M) | Time:00:00.05 | Mem:0.00M, Peak:0.00M | Scene, ViewLayer | Synchronizing object | 05_calcite_wall_mass_0456
Fra:1 Mem:65.66M (Peak 65.66M) | Time:00:00.05 | Mem:0.00M, Peak:0.00M | Scene, ViewLayer | Synchronizing object | 05_calcite_wall_mass_0458
Fra:1 Mem:65.67M (Peak 65.67M) | Time:00:00.05 | Mem:0.00M, Peak:0.00M | Scene, ViewLayer | Synchronizing object | 07_crystal_seams_0459
Fra:1 Mem:65.68M (Peak 65.68M) | Time:00:00.05 | Mem:0.00M, Peak:0.00M | Scene, ViewLayer | Synchronizing object | 06_recessed_side_panels_0461
Fra:1 Mem:65.68M (Peak 65.68M) | Time:00:00.05 | Mem:0.00M, Peak:0.00M | Scene, ViewLayer | Synchronizing object | 05_calcite_wall_mass_0462
Fra:1 Mem:65.68M (Peak 65.68M) | Time:00:00.05 | Mem:0.00M, Peak:0.00M | Scene, ViewLayer | Synchronizing object | 05_calcite_wall_mass_0463
Fra:1 Mem:65.68M (Peak 65.68M) | Time:00:00.05 | Mem:0.00M, Peak:0.00M | Scene, ViewLayer | Synchronizing object | 05_calcite_wall_mass_0464
Fra:1 Mem:65.69M (Peak 65.69M) | Time:00:00.05 | Mem:0.00M, Peak:0.00M | Scene, ViewLayer | Synchronizing object | 05_calcite_wall_mass_0466
Fra:1 Mem:65.69M (Peak 65.69M) | Time:00:00.05 | Mem:0.00M, Peak:0.00M | Scene, ViewLayer | Synchronizing object | 12_geode_growth_core_0468
Fra:1 Mem:65.69M (Peak 65.69M) | Time:00:00.05 | Mem:0.00M, Peak:0.00M | Scene, ViewLayer | Synchronizing object | 05_calcite_wall_mass_0469
Fra:1 Mem:65.69M (Peak 65.69M) | Time:00:00.05 | Mem:0.00M, Peak:0.00M | Scene, ViewLayer | Synchronizing object | 05_calcite_wall_mass_0470
Fra:1 Mem:65.69M (Peak 65.69M) | Time:00:00.05 | Mem:0.00M, Peak:0.00M | Scene, ViewLayer | Synchronizing object | 09_calcite_crown_rim_0472
Fra:1 Mem:65.71M (Peak 65.71M) | Time:00:00.05 | Mem:0.00M, Peak:0.00M | Scene, ViewLayer | Synchronizing object | 12_geode_growth_core_0474
Fra:1 Mem:65.71M (Peak 65.71M) | Time:00:00.05 | Mem:0.00M, Peak:0.00M | Scene, ViewLayer | Synchronizing object | 09_calcite_crown_rim_0476
Fra:1 Mem:65.71M (Peak 65.71M) | Time:00:00.05 | Mem:0.00M, Peak:0.00M | Scene, ViewLayer | Synchronizing object | 09_calcite_crown_rim_0479
Fra:1 Mem:65.71M (Peak 65.71M) | Time:00:00.05 | Mem:0.00M, Peak:0.00M | Scene, ViewLayer | Synchronizing object | 12_geode_growth_core_0480
Fra:1 Mem:65.72M (Peak 65.72M) | Time:00:00.05 | Mem:0.00M, Peak:0.00M | Scene, ViewLayer | Synchronizing object | 02_calcite_lower_shell_0481
Fra:1 Mem:65.72M (Peak 65.72M) | Time:00:00.05 | Mem:0.00M, Peak:0.00M | Scene, ViewLayer | Synchronizing object | 02_calcite_lower_shell_0483
Fra:1 Mem:65.72M (Peak 65.72M) | Time:00:00.05 | Mem:0.00M, Peak:0.00M | Scene, ViewLayer | Synchronizing object | 02_calcite_lower_shell_0484
Fra:1 Mem:65.72M (Peak 65.72M) | Time:00:00.05 | Mem:0.00M, Peak:0.00M | Scene, ViewLayer | Synchronizing object | 02_calcite_lower_shell_0486
Fra:1 Mem:65.72M (Peak 65.72M) | Time:00:00.05 | Mem:0.00M, Peak:0.00M | Scene, ViewLayer | Synchronizing object | 02_calcite_lower_shell_0488
Fra:1 Mem:65.73M (Peak 65.73M) | Time:00:00.05 | Mem:0.00M, Peak:0.00M | Scene, ViewLayer | Synchronizing object | 02_calcite_lower_shell_0489
Fra:1 Mem:65.74M (Peak 65.74M) | Time:00:00.05 | Mem:0.00M, Peak:0.00M | Scene, ViewLayer | Synchronizing object | 02_calcite_lower_shell_0491
Fra:1 Mem:65.74M (Peak 65.74M) | Time:00:00.05 | Mem:0.00M, Peak:0.00M | Scene, ViewLayer | Synchronizing object | 07_crystal_seams_0493
Fra:1 Mem:65.74M (Peak 65.74M) | Time:00:00.05 | Mem:0.00M, Peak:0.00M | Scene, ViewLayer | Synchronizing object | 05_calcite_wall_mass_0495
Fra:1 Mem:65.74M (Peak 65.74M) | Time:00:00.05 | Mem:0.00M, Peak:0.00M | Scene, ViewLayer | Synchronizing object | 05_calcite_wall_mass_0496
Fra:1 Mem:65.74M (Peak 65.74M) | Time:00:00.05 | Mem:0.00M, Peak:0.00M | Scene, ViewLayer | Synchronizing object | 06_recessed_side_panels_0498
Fra:1 Mem:65.75M (Peak 65.75M) | Time:00:00.05 | Mem:0.00M, Peak:0.00M | Scene, ViewLayer | Synchronizing object | 05_calcite_wall_mass_0499
Fra:1 Mem:65.75M (Peak 65.75M) | Time:00:00.05 | Mem:0.00M, Peak:0.00M | Scene, ViewLayer | Synchronizing object | 05_calcite_wall_mass_0500
Fra:1 Mem:65.75M (Peak 65.75M) | Time:00:00.05 | Mem:0.00M, Peak:0.00M | Scene, ViewLayer | Synchronizing object | 06_recessed_side_panels_0502
Fra:1 Mem:65.75M (Peak 65.75M) | Time:00:00.05 | Mem:0.00M, Peak:0.00M | Scene, ViewLayer | Synchronizing object | 05_calcite_wall_mass_0503
Fra:1 Mem:65.76M (Peak 65.76M) | Time:00:00.05 | Mem:0.00M, Peak:0.00M | Scene, ViewLayer | Synchronizing object | 05_calcite_wall_mass_0504
Fra:1 Mem:65.76M (Peak 65.76M) | Time:00:00.05 | Mem:0.00M, Peak:0.00M | Scene, ViewLayer | Synchronizing object | 05_calcite_wall_mass_0506
Fra:1 Mem:65.76M (Peak 65.76M) | Time:00:00.05 | Mem:0.00M, Peak:0.00M | Scene, ViewLayer | Synchronizing object | 05_calcite_wall_mass_0507
Fra:1 Mem:65.77M (Peak 65.77M) | Time:00:00.05 | Mem:0.00M, Peak:0.00M | Scene, ViewLayer | Synchronizing object | 05_calcite_wall_mass_0509
Fra:1 Mem:65.77M (Peak 65.77M) | Time:00:00.05 | Mem:0.00M, Peak:0.00M | Scene, ViewLayer | Synchronizing object | 09_calcite_crown_rim_0510
Fra:1 Mem:65.77M (Peak 65.77M) | Time:00:00.05 | Mem:0.00M, Peak:0.00M | Scene, ViewLayer | Synchronizing object | 09_calcite_crown_rim_0513
Fra:1 Mem:65.78M (Peak 65.78M) | Time:00:00.05 | Mem:0.00M, Peak:0.00M | Scene, ViewLayer | Synchronizing object | 09_calcite_crown_rim_0514
Fra:1 Mem:65.78M (Peak 65.78M) | Time:00:00.05 | Mem:0.00M, Peak:0.00M | Scene, ViewLayer | Synchronizing object | 09_calcite_crown_rim_0515
Fra:1 Mem:65.78M (Peak 65.78M) | Time:00:00.05 | Mem:0.00M, Peak:0.00M | Scene, ViewLayer | Synchronizing object | 12_geode_growth_core_0516
Fra:1 Mem:65.78M (Peak 65.78M) | Time:00:00.05 | Mem:0.00M, Peak:0.00M | Scene, ViewLayer | Synchronizing object | 02_calcite_lower_shell_0518
Fra:1 Mem:65.79M (Peak 65.79M) | Time:00:00.05 | Mem:0.00M, Peak:0.00M | Scene, ViewLayer | Synchronizing object | 02_calcite_lower_shell_0519
Fra:1 Mem:65.79M (Peak 65.79M) | Time:00:00.05 | Mem:0.00M, Peak:0.00M | Scene, ViewLayer | Synchronizing object | 02_calcite_lower_shell_0520
Fra:1 Mem:65.79M (Peak 65.79M) | Time:00:00.05 | Mem:0.00M, Peak:0.00M | Scene, ViewLayer | Synchronizing object | 02_calcite_lower_shell_0522
Fra:1 Mem:65.79M (Peak 65.79M) | Time:00:00.05 | Mem:0.00M, Peak:0.00M | Scene, ViewLayer | Synchronizing object | 02_calcite_lower_shell_0523
Fra:1 Mem:65.80M (Peak 65.80M) | Time:00:00.05 | Mem:0.00M, Peak:0.00M | Scene, ViewLayer | Synchronizing object | 02_calcite_lower_shell_0525
Fra:1 Mem:65.80M (Peak 65.80M) | Time:00:00.05 | Mem:0.00M, Peak:0.00M | Scene, ViewLayer | Synchronizing object | 02_calcite_lower_shell_0526
Fra:1 Mem:65.80M (Peak 65.80M) | Time:00:00.05 | Mem:0.00M, Peak:0.00M | Scene, ViewLayer | Synchronizing object | 02_calcite_lower_shell_0527
Fra:1 Mem:65.80M (Peak 65.81M) | Time:00:00.05 | Mem:0.00M, Peak:0.00M | Scene, ViewLayer | Synchronizing object | 02_calcite_lower_shell_0529
Fra:1 Mem:65.81M (Peak 65.81M) | Time:00:00.05 | Mem:0.00M, Peak:0.00M | Scene, ViewLayer | Synchronizing object | 02_calcite_lower_shell_0530
Fra:1 Mem:65.81M (Peak 65.81M) | Time:00:00.05 | Mem:0.00M, Peak:0.00M | Scene, ViewLayer | Synchronizing object | 05_calcite_wall_mass_0532
Fra:1 Mem:65.81M (Peak 65.81M) | Time:00:00.05 | Mem:0.00M, Peak:0.00M | Scene, ViewLayer | Synchronizing object | 05_calcite_wall_mass_0533
Fra:1 Mem:65.81M (Peak 65.81M) | Time:00:00.05 | Mem:0.00M, Peak:0.00M | Scene, ViewLayer | Synchronizing object | 05_calcite_wall_mass_0534
Fra:1 Mem:65.82M (Peak 65.82M) | Time:00:00.05 | Mem:0.00M, Peak:0.00M | Scene, ViewLayer | Synchronizing object | 05_calcite_wall_mass_0535
Fra:1 Mem:65.82M (Peak 65.82M) | Time:00:00.05 | Mem:0.00M, Peak:0.00M | Scene, ViewLayer | Synchronizing object | 05_calcite_wall_mass_0537
Fra:1 Mem:65.82M (Peak 65.82M) | Time:00:00.05 | Mem:0.00M, Peak:0.00M | Scene, ViewLayer | Synchronizing object | 05_calcite_wall_mass_0538
Fra:1 Mem:65.82M (Peak 65.82M) | Time:00:00.05 | Mem:0.00M, Peak:0.00M | Scene, ViewLayer | Synchronizing object | 05_calcite_wall_mass_0539
Fra:1 Mem:65.82M (Peak 65.82M) | Time:00:00.05 | Mem:0.00M, Peak:0.00M | Scene, ViewLayer | Synchronizing object | 12_geode_growth_core_0541
Fra:1 Mem:65.83M (Peak 65.84M) | Time:00:00.05 | Mem:0.00M, Peak:0.00M | Scene, ViewLayer | Synchronizing object | 09_calcite_crown_rim_0542
Fra:1 Mem:65.84M (Peak 65.84M) | Time:00:00.05 | Mem:0.00M, Peak:0.00M | Scene, ViewLayer | Synchronizing object | 09_calcite_crown_rim_0544
Fra:1 Mem:65.84M (Peak 65.84M) | Time:00:00.05 | Mem:0.00M, Peak:0.00M | Scene, ViewLayer | Synchronizing object | 12_geode_growth_core_0546
Fra:1 Mem:65.84M (Peak 65.84M) | Time:00:00.05 | Mem:0.00M, Peak:0.00M | Scene, ViewLayer | Synchronizing object | 02_calcite_lower_shell_0547
Fra:1 Mem:65.84M (Peak 65.84M) | Time:00:00.05 | Mem:0.00M, Peak:0.00M | Scene, ViewLayer | Synchronizing object | 02_calcite_lower_shell_0550
Fra:1 Mem:65.85M (Peak 65.85M) | Time:00:00.05 | Mem:0.00M, Peak:0.00M | Scene, ViewLayer | Synchronizing object | 02_calcite_lower_shell_0552
Fra:1 Mem:65.85M (Peak 65.85M) | Time:00:00.05 | Mem:0.00M, Peak:0.00M | Scene, ViewLayer | Synchronizing object | 02_calcite_lower_shell_0553
Fra:1 Mem:65.85M (Peak 65.85M) | Time:00:00.05 | Mem:0.00M, Peak:0.00M | Scene, ViewLayer | Synchronizing object | 10_calcite_corner_shoulders_0829
Fra:1 Mem:65.86M (Peak 65.86M) | Time:00:00.05 | Mem:0.00M, Peak:0.00M | Scene, ViewLayer | Synchronizing object | 02_calcite_lower_shell_0554
Fra:1 Mem:65.86M (Peak 65.86M) | Time:00:00.05 | Mem:0.00M, Peak:0.00M | Scene, ViewLayer | Synchronizing object | 02_calcite_lower_shell_0556
Fra:1 Mem:65.86M (Peak 65.86M) | Time:00:00.05 | Mem:0.00M, Peak:0.00M | Scene, ViewLayer | Synchronizing object | 02_calcite_lower_shell_0558
Fra:1 Mem:65.86M (Peak 65.86M) | Time:00:00.05 | Mem:0.00M, Peak:0.00M | Scene, ViewLayer | Synchronizing object | 02_calcite_lower_shell_0559
Fra:1 Mem:65.87M (Peak 65.87M) | Time:00:00.05 | Mem:0.00M, Peak:0.00M | Scene, ViewLayer | Synchronizing object | 02_calcite_lower_shell_0561
Fra:1 Mem:65.87M (Peak 65.87M) | Time:00:00.05 | Mem:0.00M, Peak:0.00M | Scene, ViewLayer | Synchronizing object | 05_calcite_wall_mass_0563
Fra:1 Mem:65.87M (Peak 65.87M) | Time:00:00.05 | Mem:0.00M, Peak:0.00M | Scene, ViewLayer | Synchronizing object | 08_calcite_panel_frames_0565
Fra:1 Mem:65.88M (Peak 65.88M) | Time:00:00.05 | Mem:0.00M, Peak:0.00M | Scene, ViewLayer | Synchronizing object | 05_calcite_wall_mass_0566
Fra:1 Mem:65.88M (Peak 65.88M) | Time:00:00.05 | Mem:0.00M, Peak:0.00M | Scene, ViewLayer | Synchronizing object | 05_calcite_wall_mass_0569
Fra:1 Mem:65.88M (Peak 65.88M) | Time:00:00.05 | Mem:0.00M, Peak:0.00M | Scene, ViewLayer | Synchronizing object | 05_calcite_wall_mass_0570
Fra:1 Mem:65.88M (Peak 65.88M) | Time:00:00.05 | Mem:0.00M, Peak:0.00M | Scene, ViewLayer | Synchronizing object | 05_calcite_wall_mass_0571
Fra:1 Mem:65.88M (Peak 65.88M) | Time:00:00.05 | Mem:0.00M, Peak:0.00M | Scene, ViewLayer | Synchronizing object | 05_calcite_wall_mass_0572
Fra:1 Mem:65.89M (Peak 65.89M) | Time:00:00.05 | Mem:0.00M, Peak:0.00M | Scene, ViewLayer | Synchronizing object | 05_calcite_wall_mass_0573
Fra:1 Mem:65.89M (Peak 65.89M) | Time:00:00.05 | Mem:0.00M, Peak:0.00M | Scene, ViewLayer | Synchronizing object | 05_calcite_wall_mass_0574
Fra:1 Mem:65.89M (Peak 65.89M) | Time:00:00.05 | Mem:0.00M, Peak:0.00M | Scene, ViewLayer | Synchronizing object | 05_calcite_wall_mass_0577
Fra:1 Mem:65.90M (Peak 65.90M) | Time:00:00.05 | Mem:0.00M, Peak:0.00M | Scene, ViewLayer | Synchronizing object | 05_calcite_wall_mass_0578
Fra:1 Mem:65.90M (Peak 65.90M) | Time:00:00.05 | Mem:0.00M, Peak:0.00M | Scene, ViewLayer | Synchronizing object | 09_calcite_crown_rim_0579
Fra:1 Mem:65.90M (Peak 65.90M) | Time:00:00.05 | Mem:0.00M, Peak:0.00M | Scene, ViewLayer | Synchronizing object | 09_calcite_crown_rim_0581
Fra:1 Mem:65.90M (Peak 65.90M) | Time:00:00.05 | Mem:0.00M, Peak:0.00M | Scene, ViewLayer | Synchronizing object | 09_calcite_crown_rim_0582
Fra:1 Mem:65.90M (Peak 65.90M) | Time:00:00.05 | Mem:0.00M, Peak:0.00M | Scene, ViewLayer | Synchronizing object | 09_calcite_crown_rim_0584
Fra:1 Mem:65.91M (Peak 65.91M) | Time:00:00.05 | Mem:0.00M, Peak:0.00M | Scene, ViewLayer | Synchronizing object | 10_calcite_corner_shoulders_0827
Fra:1 Mem:65.91M (Peak 65.91M) | Time:00:00.05 | Mem:0.00M, Peak:0.00M | Scene, ViewLayer | Synchronizing object | 02_calcite_lower_shell_0586
Fra:1 Mem:65.91M (Peak 65.91M) | Time:00:00.05 | Mem:0.00M, Peak:0.00M | Scene, ViewLayer | Synchronizing object | 02_calcite_lower_shell_0587
Fra:1 Mem:65.91M (Peak 65.91M) | Time:00:00.05 | Mem:0.00M, Peak:0.00M | Scene, ViewLayer | Synchronizing object | 02_calcite_lower_shell_0588
Fra:1 Mem:65.92M (Peak 65.92M) | Time:00:00.05 | Mem:0.00M, Peak:0.00M | Scene, ViewLayer | Synchronizing object | 02_calcite_lower_shell_0589
Fra:1 Mem:65.92M (Peak 65.92M) | Time:00:00.05 | Mem:0.00M, Peak:0.00M | Scene, ViewLayer | Synchronizing object | 02_calcite_lower_shell_0590
Fra:1 Mem:65.92M (Peak 65.92M) | Time:00:00.05 | Mem:0.00M, Peak:0.00M | Scene, ViewLayer | Synchronizing object | 02_calcite_lower_shell_0592
Fra:1 Mem:65.92M (Peak 65.92M) | Time:00:00.05 | Mem:0.00M, Peak:0.00M | Scene, ViewLayer | Synchronizing object | 02_calcite_lower_shell_0593
Fra:1 Mem:65.92M (Peak 65.92M) | Time:00:00.05 | Mem:0.00M, Peak:0.00M | Scene, ViewLayer | Synchronizing object | 02_calcite_lower_shell_0595
Fra:1 Mem:65.92M (Peak 65.92M) | Time:00:00.05 | Mem:0.00M, Peak:0.00M | Scene, ViewLayer | Synchronizing object | 02_calcite_lower_shell_0596
Fra:1 Mem:65.93M (Peak 65.93M) | Time:00:00.05 | Mem:0.00M, Peak:0.00M | Scene, ViewLayer | Synchronizing object | 02_calcite_lower_shell_0597
Fra:1 Mem:65.93M (Peak 65.93M) | Time:00:00.05 | Mem:0.00M, Peak:0.00M | Scene, ViewLayer | Synchronizing object | 10_calcite_corner_shoulders_0826
Fra:1 Mem:65.93M (Peak 65.93M) | Time:00:00.05 | Mem:0.00M, Peak:0.00M | Scene, ViewLayer | Synchronizing object | 02_calcite_lower_shell_0599
Fra:1 Mem:65.93M (Peak 65.94M) | Time:00:00.05 | Mem:0.00M, Peak:0.00M | Scene, ViewLayer | Synchronizing object | 02_calcite_lower_shell_0600
Fra:1 Mem:65.94M (Peak 65.94M) | Time:00:00.05 | Mem:0.00M, Peak:0.00M | Scene, ViewLayer | Synchronizing object | 05_calcite_wall_mass_0602
Fra:1 Mem:65.94M (Peak 65.94M) | Time:00:00.05 | Mem:0.00M, Peak:0.00M | Scene, ViewLayer | Synchronizing object | 05_calcite_wall_mass_0603
Fra:1 Mem:65.94M (Peak 65.94M) | Time:00:00.05 | Mem:0.00M, Peak:0.00M | Scene, ViewLayer | Synchronizing object | 05_calcite_wall_mass_0605
Fra:1 Mem:65.95M (Peak 65.95M) | Time:00:00.05 | Mem:0.00M, Peak:0.00M | Scene, ViewLayer | Synchronizing object | 05_calcite_wall_mass_0606
Fra:1 Mem:65.95M (Peak 65.95M) | Time:00:00.05 | Mem:0.00M, Peak:0.00M | Scene, ViewLayer | Synchronizing object | 05_calcite_wall_mass_0608
Fra:1 Mem:65.95M (Peak 65.95M) | Time:00:00.05 | Mem:0.00M, Peak:0.00M | Scene, ViewLayer | Synchronizing object | 05_calcite_wall_mass_0609
Fra:1 Mem:65.96M (Peak 65.96M) | Time:00:00.05 | Mem:0.00M, Peak:0.00M | Scene, ViewLayer | Synchronizing object | 05_calcite_wall_mass_0611
Fra:1 Mem:65.96M (Peak 65.96M) | Time:00:00.05 | Mem:0.00M, Peak:0.00M | Scene, ViewLayer | Synchronizing object | 05_calcite_wall_mass_0613
Fra:1 Mem:65.96M (Peak 65.96M) | Time:00:00.05 | Mem:0.00M, Peak:0.00M | Scene, ViewLayer | Synchronizing object | 05_calcite_wall_mass_0614
Fra:1 Mem:65.96M (Peak 65.96M) | Time:00:00.05 | Mem:0.00M, Peak:0.00M | Scene, ViewLayer | Synchronizing object | 05_calcite_wall_mass_0615
Fra:1 Mem:65.96M (Peak 65.96M) | Time:00:00.05 | Mem:0.00M, Peak:0.00M | Scene, ViewLayer | Synchronizing object | 05_calcite_wall_mass_0617
Fra:1 Mem:65.97M (Peak 65.97M) | Time:00:00.05 | Mem:0.00M, Peak:0.00M | Scene, ViewLayer | Synchronizing object | 05_calcite_wall_mass_0618
Fra:1 Mem:65.97M (Peak 65.97M) | Time:00:00.05 | Mem:0.00M, Peak:0.00M | Scene, ViewLayer | Synchronizing object | 05_calcite_wall_mass_0620
Fra:1 Mem:65.97M (Peak 65.97M) | Time:00:00.05 | Mem:0.00M, Peak:0.00M | Scene, ViewLayer | Synchronizing object | 05_calcite_wall_mass_0621
Fra:1 Mem:65.98M (Peak 65.98M) | Time:00:00.05 | Mem:0.00M, Peak:0.00M | Scene, ViewLayer | Synchronizing object | 05_calcite_wall_mass_0622
Fra:1 Mem:65.98M (Peak 65.98M) | Time:00:00.05 | Mem:0.00M, Peak:0.00M | Scene, ViewLayer | Synchronizing object | 10_calcite_corner_shoulders_0825
Fra:1 Mem:65.98M (Peak 65.98M) | Time:00:00.05 | Mem:0.00M, Peak:0.00M | Scene, ViewLayer | Synchronizing object | 05_calcite_wall_mass_0625
Fra:1 Mem:65.98M (Peak 65.98M) | Time:00:00.05 | Mem:0.00M, Peak:0.00M | Scene, ViewLayer | Synchronizing object | 05_calcite_wall_mass_0626
Fra:1 Mem:65.98M (Peak 65.98M) | Time:00:00.05 | Mem:0.00M, Peak:0.00M | Scene, ViewLayer | Synchronizing object | 10_calcite_corner_shoulders_0824
Fra:1 Mem:65.98M (Peak 65.98M) | Time:00:00.05 | Mem:0.00M, Peak:0.00M | Scene, ViewLayer | Synchronizing object | 05_calcite_wall_mass_0627
Fra:1 Mem:65.99M (Peak 65.99M) | Time:00:00.05 | Mem:0.00M, Peak:0.00M | Scene, ViewLayer | Synchronizing object | 05_calcite_wall_mass_0628
Fra:1 Mem:65.99M (Peak 65.99M) | Time:00:00.05 | Mem:0.00M, Peak:0.00M | Scene, ViewLayer | Synchronizing object | 05_calcite_wall_mass_0629
Fra:1 Mem:65.99M (Peak 65.99M) | Time:00:00.05 | Mem:0.00M, Peak:0.00M | Scene, ViewLayer | Synchronizing object | 05_calcite_wall_mass_0631
Fra:1 Mem:65.99M (Peak 65.99M) | Time:00:00.05 | Mem:0.00M, Peak:0.00M | Scene, ViewLayer | Synchronizing object | 10_calcite_corner_shoulders_0632
Fra:1 Mem:66.00M (Peak 66.00M) | Time:00:00.05 | Mem:0.00M, Peak:0.00M | Scene, ViewLayer | Synchronizing object | 10_calcite_corner_shoulders_0633
Fra:1 Mem:66.00M (Peak 66.00M) | Time:00:00.05 | Mem:0.00M, Peak:0.00M | Scene, ViewLayer | Synchronizing object | 05_calcite_wall_mass_0636
Fra:1 Mem:66.00M (Peak 66.00M) | Time:00:00.05 | Mem:0.00M, Peak:0.00M | Scene, ViewLayer | Synchronizing object | 05_calcite_wall_mass_0637
Fra:1 Mem:66.01M (Peak 66.01M) | Time:00:00.05 | Mem:0.00M, Peak:0.00M | Scene, ViewLayer | Synchronizing object | 05_calcite_wall_mass_0638
Fra:1 Mem:66.01M (Peak 66.01M) | Time:00:00.05 | Mem:0.00M, Peak:0.00M | Scene, ViewLayer | Synchronizing object | 10_calcite_corner_shoulders_0641
Fra:1 Mem:66.01M (Peak 66.01M) | Time:00:00.05 | Mem:0.00M, Peak:0.00M | Scene, ViewLayer | Synchronizing object | 08_calcite_panel_frames_0823
Fra:1 Mem:66.01M (Peak 66.01M) | Time:00:00.05 | Mem:0.00M, Peak:0.00M | Scene, ViewLayer | Synchronizing object | 10_calcite_corner_shoulders_0642
Fra:1 Mem:66.01M (Peak 66.02M) | Time:00:00.05 | Mem:0.00M, Peak:0.00M | Scene, ViewLayer | Synchronizing object | 10_calcite_corner_shoulders_0643
Fra:1 Mem:66.02M (Peak 66.02M) | Time:00:00.05 | Mem:0.00M, Peak:0.00M | Scene, ViewLayer | Synchronizing object | 10_calcite_corner_shoulders_0644
Fra:1 Mem:66.02M (Peak 66.02M) | Time:00:00.05 | Mem:0.00M, Peak:0.00M | Scene, ViewLayer | Synchronizing object | 10_calcite_corner_shoulders_0822
Fra:1 Mem:66.02M (Peak 66.02M) | Time:00:00.05 | Mem:0.00M, Peak:0.00M | Scene, ViewLayer | Synchronizing object | 09_calcite_crown_rim_0648
Fra:1 Mem:66.02M (Peak 66.02M) | Time:00:00.05 | Mem:0.00M, Peak:0.00M | Scene, ViewLayer | Synchronizing object | 09_calcite_crown_rim_0649
Fra:1 Mem:66.03M (Peak 66.03M) | Time:00:00.05 | Mem:0.00M, Peak:0.00M | Scene, ViewLayer | Synchronizing object | 09_calcite_crown_rim_0650
Fra:1 Mem:66.03M (Peak 66.03M) | Time:00:00.05 | Mem:0.00M, Peak:0.00M | Scene, ViewLayer | Synchronizing object | 10_calcite_corner_shoulders_0651
Fra:1 Mem:66.03M (Peak 66.03M) | Time:00:00.05 | Mem:0.00M, Peak:0.00M | Scene, ViewLayer | Synchronizing object | 10_calcite_corner_shoulders_0652
Fra:1 Mem:66.04M (Peak 66.04M) | Time:00:00.05 | Mem:0.00M, Peak:0.00M | Scene, ViewLayer | Synchronizing object | 09_calcite_crown_rim_0653
Fra:1 Mem:66.04M (Peak 66.04M) | Time:00:00.05 | Mem:0.00M, Peak:0.00M | Scene, ViewLayer | Synchronizing object | 09_calcite_crown_rim_0655
Fra:1 Mem:66.04M (Peak 66.04M) | Time:00:00.05 | Mem:0.00M, Peak:0.00M | Scene, ViewLayer | Synchronizing object | 09_calcite_crown_rim_0657
Fra:1 Mem:66.04M (Peak 66.04M) | Time:00:00.05 | Mem:0.00M, Peak:0.00M | Scene, ViewLayer | Synchronizing object | 09_calcite_crown_rim_0658
Fra:1 Mem:66.04M (Peak 66.04M) | Time:00:00.05 | Mem:0.00M, Peak:0.00M | Scene, ViewLayer | Synchronizing object | 09_calcite_crown_rim_0659
Fra:1 Mem:66.04M (Peak 66.04M) | Time:00:00.05 | Mem:0.00M, Peak:0.00M | Scene, ViewLayer | Synchronizing object | 09_calcite_crown_rim_0660
Fra:1 Mem:66.05M (Peak 66.05M) | Time:00:00.05 | Mem:0.00M, Peak:0.00M | Scene, ViewLayer | Synchronizing object | 10_calcite_corner_shoulders_0662
Fra:1 Mem:66.05M (Peak 66.05M) | Time:00:00.05 | Mem:0.00M, Peak:0.00M | Scene, ViewLayer | Synchronizing object | 10_calcite_corner_shoulders_0663
Fra:1 Mem:66.05M (Peak 66.05M) | Time:00:00.05 | Mem:0.00M, Peak:0.00M | Scene, ViewLayer | Synchronizing object | 01_basalt_foundation_0664
Fra:1 Mem:66.05M (Peak 66.05M) | Time:00:00.05 | Mem:0.00M, Peak:0.00M | Scene, ViewLayer | Synchronizing object | 02_calcite_lower_shell_0665
Fra:1 Mem:66.06M (Peak 66.06M) | Time:00:00.05 | Mem:0.00M, Peak:0.00M | Scene, ViewLayer | Synchronizing object | 02_calcite_lower_shell_0666
Fra:1 Mem:66.06M (Peak 66.06M) | Time:00:00.05 | Mem:0.00M, Peak:0.00M | Scene, ViewLayer | Synchronizing object | 02_calcite_lower_shell_0667
Fra:1 Mem:66.06M (Peak 66.06M) | Time:00:00.05 | Mem:0.00M, Peak:0.00M | Scene, ViewLayer | Synchronizing object | 01_basalt_foundation_0669
Fra:1 Mem:66.06M (Peak 66.06M) | Time:00:00.05 | Mem:0.00M, Peak:0.00M | Scene, ViewLayer | Synchronizing object | 01_basalt_foundation_0670
Fra:1 Mem:66.06M (Peak 66.06M) | Time:00:00.05 | Mem:0.00M, Peak:0.00M | Scene, ViewLayer | Synchronizing object | 01_basalt_foundation_0672
Fra:1 Mem:66.07M (Peak 66.07M) | Time:00:00.05 | Mem:0.00M, Peak:0.00M | Scene, ViewLayer | Synchronizing object | 08_calcite_panel_frames_0821
Fra:1 Mem:66.07M (Peak 66.07M) | Time:00:00.05 | Mem:0.00M, Peak:0.00M | Scene, ViewLayer | Synchronizing object | 02_calcite_lower_shell_0673
Fra:1 Mem:66.07M (Peak 66.07M) | Time:00:00.05 | Mem:0.00M, Peak:0.00M | Scene, ViewLayer | Synchronizing object | 01_basalt_foundation_0676
Fra:1 Mem:66.08M (Peak 66.08M) | Time:00:00.05 | Mem:0.00M, Peak:0.00M | Scene, ViewLayer | Synchronizing object | 01_basalt_foundation_0677
Fra:1 Mem:66.08M (Peak 66.08M) | Time:00:00.05 | Mem:0.00M, Peak:0.00M | Scene, ViewLayer | Synchronizing object | 02_calcite_lower_shell_0680
Fra:1 Mem:66.08M (Peak 66.08M) | Time:00:00.05 | Mem:0.00M, Peak:0.00M | Scene, ViewLayer | Synchronizing object | 02_calcite_lower_shell_0681
Fra:1 Mem:66.08M (Peak 66.09M) | Time:00:00.05 | Mem:0.00M, Peak:0.00M | Scene, ViewLayer | Synchronizing object | 02_calcite_lower_shell_0682
Fra:1 Mem:66.09M (Peak 66.09M) | Time:00:00.05 | Mem:0.00M, Peak:0.00M | Scene, ViewLayer | Synchronizing object | 02_calcite_lower_shell_0683
Fra:1 Mem:66.09M (Peak 66.09M) | Time:00:00.05 | Mem:0.00M, Peak:0.00M | Scene, ViewLayer | Synchronizing object | 03_basalt_corner_spines_0685
Fra:1 Mem:66.09M (Peak 66.09M) | Time:00:00.05 | Mem:0.00M, Peak:0.00M | Scene, ViewLayer | Synchronizing object | 05_calcite_wall_mass_0686
Fra:1 Mem:66.09M (Peak 66.09M) | Time:00:00.05 | Mem:0.00M, Peak:0.00M | Scene, ViewLayer | Synchronizing object | 05_calcite_wall_mass_0687
Fra:1 Mem:66.10M (Peak 66.10M) | Time:00:00.05 | Mem:0.00M, Peak:0.00M | Scene, ViewLayer | Synchronizing object | 05_calcite_wall_mass_0688
Fra:1 Mem:66.10M (Peak 66.10M) | Time:00:00.05 | Mem:0.00M, Peak:0.00M | Scene, ViewLayer | Synchronizing object | 05_calcite_wall_mass_0689
Fra:1 Mem:66.10M (Peak 66.10M) | Time:00:00.05 | Mem:0.00M, Peak:0.00M | Scene, ViewLayer | Synchronizing object | 03_basalt_corner_spines_0691
Fra:1 Mem:66.11M (Peak 66.11M) | Time:00:00.05 | Mem:0.00M, Peak:0.00M | Scene, ViewLayer | Synchronizing object | 03_basalt_corner_spines_0692
Fra:1 Mem:66.11M (Peak 66.11M) | Time:00:00.05 | Mem:0.00M, Peak:0.00M | Scene, ViewLayer | Synchronizing object | 03_basalt_corner_spines_0693
Fra:1 Mem:66.11M (Peak 66.11M) | Time:00:00.05 | Mem:0.00M, Peak:0.00M | Scene, ViewLayer | Synchronizing object | 03_basalt_corner_spines_0696
Fra:1 Mem:66.11M (Peak 66.11M) | Time:00:00.05 | Mem:0.00M, Peak:0.00M | Scene, ViewLayer | Synchronizing object | 05_calcite_wall_mass_0697
Fra:1 Mem:66.11M (Peak 66.11M) | Time:00:00.05 | Mem:0.00M, Peak:0.00M | Scene, ViewLayer | Synchronizing object | 05_calcite_wall_mass_0699
Fra:1 Mem:66.12M (Peak 66.12M) | Time:00:00.05 | Mem:0.00M, Peak:0.00M | Scene, ViewLayer | Synchronizing object | 05_calcite_wall_mass_0698
Fra:1 Mem:66.12M (Peak 66.12M) | Time:00:00.05 | Mem:0.00M, Peak:0.00M | Scene, ViewLayer | Synchronizing object | 05_calcite_wall_mass_0700
Fra:1 Mem:66.12M (Peak 66.12M) | Time:00:00.05 | Mem:0.00M, Peak:0.00M | Scene, ViewLayer | Synchronizing object | 05_calcite_wall_mass_0703
Fra:1 Mem:66.13M (Peak 66.13M) | Time:00:00.05 | Mem:0.00M, Peak:0.00M | Scene, ViewLayer | Synchronizing object | 05_calcite_wall_mass_0704
Fra:1 Mem:66.13M (Peak 66.13M) | Time:00:00.05 | Mem:0.00M, Peak:0.00M | Scene, ViewLayer | Synchronizing object | 05_calcite_wall_mass_0706
Fra:1 Mem:66.13M (Peak 66.13M) | Time:00:00.05 | Mem:0.00M, Peak:0.00M | Scene, ViewLayer | Synchronizing object | 05_calcite_wall_mass_0707
Fra:1 Mem:66.14M (Peak 66.14M) | Time:00:00.05 | Mem:0.00M, Peak:0.00M | Scene, ViewLayer | Synchronizing object | 05_calcite_wall_mass_0710
Fra:1 Mem:66.14M (Peak 66.14M) | Time:00:00.05 | Mem:0.00M, Peak:0.00M | Scene, ViewLayer | Synchronizing object | 05_calcite_wall_mass_0711
Fra:1 Mem:66.14M (Peak 66.14M) | Time:00:00.05 | Mem:0.00M, Peak:0.00M | Scene, ViewLayer | Synchronizing object | 03_basalt_corner_spines_0712
Fra:1 Mem:66.14M (Peak 66.14M) | Time:00:00.05 | Mem:0.00M, Peak:0.00M | Scene, ViewLayer | Synchronizing object | 05_calcite_wall_mass_0715
Fra:1 Mem:66.14M (Peak 66.14M) | Time:00:00.05 | Mem:0.00M, Peak:0.00M | Scene, ViewLayer | Synchronizing object | 05_calcite_wall_mass_0716
Fra:1 Mem:66.14M (Peak 66.14M) | Time:00:00.05 | Mem:0.00M, Peak:0.00M | Scene, ViewLayer | Synchronizing object | 07_crystal_seams_0818
Fra:1 Mem:66.15M (Peak 66.15M) | Time:00:00.06 | Mem:0.00M, Peak:0.00M | Scene, ViewLayer | Synchronizing object | 05_calcite_wall_mass_0717
Fra:1 Mem:66.15M (Peak 66.15M) | Time:00:00.06 | Mem:0.00M, Peak:0.00M | Scene, ViewLayer | Synchronizing object | 10_calcite_corner_shoulders_0719
Fra:1 Mem:66.16M (Peak 66.16M) | Time:00:00.06 | Mem:0.00M, Peak:0.00M | Scene, ViewLayer | Synchronizing object | 07_crystal_seams_0817
Fra:1 Mem:66.16M (Peak 66.16M) | Time:00:00.06 | Mem:0.00M, Peak:0.00M | Scene, ViewLayer | Synchronizing object | 10_calcite_corner_shoulders_0721
Fra:1 Mem:66.16M (Peak 66.16M) | Time:00:00.06 | Mem:0.00M, Peak:0.00M | Scene, ViewLayer | Synchronizing object | 09_calcite_crown_rim_0722
Fra:1 Mem:66.16M (Peak 66.16M) | Time:00:00.06 | Mem:0.00M, Peak:0.00M | Scene, ViewLayer | Synchronizing object | 09_calcite_crown_rim_0723
Fra:1 Mem:66.16M (Peak 66.17M) | Time:00:00.06 | Mem:0.00M, Peak:0.00M | Scene, ViewLayer | Synchronizing object | 09_calcite_crown_rim_0724
Fra:1 Mem:66.17M (Peak 66.17M) | Time:00:00.06 | Mem:0.00M, Peak:0.00M | Scene, ViewLayer | Synchronizing object | 10_calcite_corner_shoulders_0726
Fra:1 Mem:66.17M (Peak 66.17M) | Time:00:00.06 | Mem:0.00M, Peak:0.00M | Scene, ViewLayer | Synchronizing object | 09_calcite_crown_rim_0730
Fra:1 Mem:66.17M (Peak 66.17M) | Time:00:00.06 | Mem:0.00M, Peak:0.00M | Scene, ViewLayer | Synchronizing object | 09_calcite_crown_rim_0731
Fra:1 Mem:66.18M (Peak 66.18M) | Time:00:00.06 | Mem:0.00M, Peak:0.00M | Scene, ViewLayer | Synchronizing object | 09_calcite_crown_rim_0732
Fra:1 Mem:66.18M (Peak 66.18M) | Time:00:00.06 | Mem:0.00M, Peak:0.00M | Scene, ViewLayer | Synchronizing object | 10_calcite_corner_shoulders_0735
Fra:1 Mem:66.18M (Peak 66.18M) | Time:00:00.06 | Mem:0.00M, Peak:0.00M | Scene, ViewLayer | Synchronizing object | 09_calcite_crown_rim_0737
Fra:1 Mem:66.20M (Peak 66.20M) | Time:00:00.06 | Mem:0.00M, Peak:0.00M | Scene, ViewLayer | Synchronizing object | 11_corner_crystal_buds_0740
Fra:1 Mem:66.20M (Peak 66.20M) | Time:00:00.06 | Mem:0.00M, Peak:0.00M | Scene, ViewLayer | Synchronizing object | 11_corner_crystal_buds_0742
Fra:1 Mem:66.20M (Peak 66.20M) | Time:00:00.06 | Mem:0.00M, Peak:0.00M | Scene, ViewLayer | Synchronizing object | 11_corner_crystal_buds_0744
Fra:1 Mem:66.20M (Peak 66.20M) | Time:00:00.06 | Mem:0.00M, Peak:0.00M | Scene, ViewLayer | Synchronizing object | 02_calcite_lower_shell_0747
Fra:1 Mem:66.21M (Peak 66.21M) | Time:00:00.06 | Mem:0.00M, Peak:0.00M | Scene, ViewLayer | Synchronizing object | 02_calcite_lower_shell_0748
Fra:1 Mem:66.21M (Peak 66.21M) | Time:00:00.06 | Mem:0.00M, Peak:0.00M | Scene, ViewLayer | Synchronizing object | 02_calcite_lower_shell_0750
Fra:1 Mem:66.21M (Peak 66.21M) | Time:00:00.06 | Mem:0.00M, Peak:0.00M | Scene, ViewLayer | Synchronizing object | 01_basalt_foundation_0751
Fra:1 Mem:66.21M (Peak 66.21M) | Time:00:00.06 | Mem:0.00M, Peak:0.00M | Scene, ViewLayer | Synchronizing object | 01_basalt_foundation_0815
Fra:1 Mem:66.22M (Peak 66.22M) | Time:00:00.06 | Mem:0.00M, Peak:0.00M | Scene, ViewLayer | Synchronizing object | 01_basalt_foundation_0752
Fra:1 Mem:66.22M (Peak 66.22M) | Time:00:00.06 | Mem:0.00M, Peak:0.00M | Scene, ViewLayer | Synchronizing object | 02_calcite_lower_shell_0755
Fra:1 Mem:66.22M (Peak 66.22M) | Time:00:00.06 | Mem:0.00M, Peak:0.00M | Scene, ViewLayer | Synchronizing object | 02_calcite_lower_shell_0756
Fra:1 Mem:66.22M (Peak 66.22M) | Time:00:00.06 | Mem:0.00M, Peak:0.00M | Scene, ViewLayer | Synchronizing object | 02_calcite_lower_shell_0757
Fra:1 Mem:66.23M (Peak 66.23M) | Time:00:00.06 | Mem:0.00M, Peak:0.00M | Scene, ViewLayer | Synchronizing object | 02_calcite_lower_shell_0758
Fra:1 Mem:66.23M (Peak 66.23M) | Time:00:00.06 | Mem:0.00M, Peak:0.00M | Scene, ViewLayer | Synchronizing object | 01_basalt_foundation_0759
Fra:1 Mem:66.23M (Peak 66.23M) | Time:00:00.06 | Mem:0.00M, Peak:0.00M | Scene, ViewLayer | Synchronizing object | 01_basalt_foundation_0760
Fra:1 Mem:66.24M (Peak 66.24M) | Time:00:00.06 | Mem:0.00M, Peak:0.00M | Scene, ViewLayer | Synchronizing object | 02_calcite_lower_shell_0761
Fra:1 Mem:66.24M (Peak 66.24M) | Time:00:00.06 | Mem:0.00M, Peak:0.00M | Scene, ViewLayer | Synchronizing object | 02_calcite_lower_shell_0762
Fra:1 Mem:66.24M (Peak 66.24M) | Time:00:00.06 | Mem:0.00M, Peak:0.00M | Scene, ViewLayer | Synchronizing object | 02_calcite_lower_shell_0764
Fra:1 Mem:66.24M (Peak 66.24M) | Time:00:00.06 | Mem:0.00M, Peak:0.00M | Scene, ViewLayer | Synchronizing object | 03_basalt_corner_spines_0766
Fra:1 Mem:66.24M (Peak 66.24M) | Time:00:00.06 | Mem:0.00M, Peak:0.00M | Scene, ViewLayer | Synchronizing object | 01_basalt_foundation_0813
Fra:1 Mem:66.24M (Peak 66.24M) | Time:00:00.06 | Mem:0.00M, Peak:0.00M | Scene, ViewLayer | Synchronizing object | 05_calcite_wall_mass_0768
Fra:1 Mem:66.25M (Peak 66.25M) | Time:00:00.06 | Mem:0.00M, Peak:0.00M | Scene, ViewLayer | Synchronizing object | 03_basalt_corner_spines_0770
Fra:1 Mem:66.25M (Peak 66.25M) | Time:00:00.06 | Mem:0.00M, Peak:0.00M | Scene, ViewLayer | Synchronizing object | 03_basalt_corner_spines_0771
Fra:1 Mem:66.25M (Peak 66.25M) | Time:00:00.06 | Mem:0.00M, Peak:0.00M | Scene, ViewLayer | Synchronizing object | 06_recessed_side_panels_0773
Fra:1 Mem:66.26M (Peak 66.26M) | Time:00:00.06 | Mem:0.00M, Peak:0.00M | Scene, ViewLayer | Synchronizing object | 07_crystal_seams_0775
Fra:1 Mem:66.26M (Peak 66.26M) | Time:00:00.06 | Mem:0.00M, Peak:0.00M | Scene, ViewLayer | Synchronizing object | 03_basalt_corner_spines_0777
Fra:1 Mem:66.26M (Peak 66.26M) | Time:00:00.06 | Mem:0.00M, Peak:0.00M | Scene, ViewLayer | Synchronizing object | 03_basalt_corner_spines_0778
Fra:1 Mem:66.26M (Peak 66.26M) | Time:00:00.06 | Mem:0.00M, Peak:0.00M | Scene, ViewLayer | Synchronizing object | 03_basalt_corner_spines_0780
Fra:1 Mem:66.27M (Peak 66.27M) | Time:00:00.06 | Mem:0.00M, Peak:0.00M | Scene, ViewLayer | Synchronizing object | 03_basalt_corner_spines_0781
Fra:1 Mem:66.27M (Peak 66.27M) | Time:00:00.06 | Mem:0.00M, Peak:0.00M | Scene, ViewLayer | Synchronizing object | 05_calcite_wall_mass_0784
Fra:1 Mem:66.27M (Peak 66.27M) | Time:00:00.06 | Mem:0.00M, Peak:0.00M | Scene, ViewLayer | Synchronizing object | 03_basalt_corner_spines_0785
Fra:1 Mem:66.28M (Peak 66.28M) | Time:00:00.06 | Mem:0.00M, Peak:0.00M | Scene, ViewLayer | Synchronizing object | 03_basalt_corner_spines_0786
Fra:1 Mem:66.28M (Peak 66.28M) | Time:00:00.06 | Mem:0.00M, Peak:0.00M | Scene, ViewLayer | Synchronizing object | 05_calcite_wall_mass_0788
Fra:1 Mem:66.28M (Peak 66.28M) | Time:00:00.06 | Mem:0.00M, Peak:0.00M | Scene, ViewLayer | Synchronizing object | 05_calcite_wall_mass_0789
Fra:1 Mem:66.28M (Peak 66.28M) | Time:00:00.06 | Mem:0.00M, Peak:0.00M | Scene, ViewLayer | Synchronizing object | 05_calcite_wall_mass_0792
Fra:1 Mem:66.29M (Peak 66.29M) | Time:00:00.06 | Mem:0.00M, Peak:0.00M | Scene, ViewLayer | Synchronizing object | 05_calcite_wall_mass_0793
Fra:1 Mem:66.29M (Peak 66.29M) | Time:00:00.06 | Mem:0.00M, Peak:0.00M | Scene, ViewLayer | Synchronizing object | 10_calcite_corner_shoulders_0794
Fra:1 Mem:66.29M (Peak 66.29M) | Time:00:00.06 | Mem:0.00M, Peak:0.00M | Scene, ViewLayer | Synchronizing object | 10_calcite_corner_shoulders_0795
Fra:1 Mem:66.29M (Peak 66.29M) | Time:00:00.06 | Mem:0.00M, Peak:0.00M | Scene, ViewLayer | Synchronizing object | 10_calcite_corner_shoulders_0796
Fra:1 Mem:66.30M (Peak 66.30M) | Time:00:00.06 | Mem:0.00M, Peak:0.00M | Scene, ViewLayer | Synchronizing object | 10_calcite_corner_shoulders_0797
Fra:1 Mem:66.30M (Peak 66.30M) | Time:00:00.06 | Mem:0.00M, Peak:0.00M | Scene, ViewLayer | Synchronizing object | 09_calcite_crown_rim_0799
Fra:1 Mem:66.30M (Peak 66.30M) | Time:00:00.06 | Mem:0.00M, Peak:0.00M | Scene, ViewLayer | Synchronizing object | 09_calcite_crown_rim_0800
Fra:1 Mem:66.30M (Peak 66.31M) | Time:00:00.06 | Mem:0.00M, Peak:0.00M | Scene, ViewLayer | Synchronizing object | 09_calcite_crown_rim_0801
Fra:1 Mem:66.31M (Peak 66.31M) | Time:00:00.06 | Mem:0.00M, Peak:0.00M | Scene, ViewLayer | Synchronizing object | 10_calcite_corner_shoulders_0804
Fra:1 Mem:66.31M (Peak 66.31M) | Time:00:00.06 | Mem:0.00M, Peak:0.00M | Scene, ViewLayer | Synchronizing object | 09_calcite_crown_rim_0805
Fra:1 Mem:66.31M (Peak 66.31M) | Time:00:00.06 | Mem:0.00M, Peak:0.00M | Scene, ViewLayer | Synchronizing object | 09_calcite_crown_rim_0806
Fra:1 Mem:66.32M (Peak 66.32M) | Time:00:00.06 | Mem:0.00M, Peak:0.00M | Scene, ViewLayer | Synchronizing object | 10_calcite_corner_shoulders_0808
Fra:1 Mem:66.32M (Peak 66.32M) | Time:00:00.06 | Mem:0.00M, Peak:0.00M | Scene, ViewLayer | Synchronizing object | 01_basalt_foundation_0811
Fra:1 Mem:66.32M (Peak 66.32M) | Time:00:00.06 | Mem:0.00M, Peak:0.00M | Scene, ViewLayer | Synchronizing object | 09_calcite_crown_rim_0810
Fra:1 Mem:66.34M (Peak 66.34M) | Time:00:00.06 | Mem:0.00M, Peak:0.00M | Scene, ViewLayer | Initializing
Fra:1 Mem:40.37M (Peak 66.34M) | Time:00:00.08 | Mem:0.00M, Peak:0.00M | Scene, ViewLayer | Waiting for render to start
Fra:1 Mem:40.38M (Peak 66.34M) | Time:00:00.08 | Mem:0.00M, Peak:0.00M | Scene, ViewLayer | Loading render kernels (may take a few minutes the first time)
Fra:1 Mem:40.38M (Peak 66.34M) | Time:00:00.08 | Mem:0.00M, Peak:0.00M | Scene, ViewLayer | Updating Scene
Fra:1 Mem:40.38M (Peak 66.34M) | Time:00:00.08 | Mem:0.00M, Peak:0.00M | Scene, ViewLayer | Updating Shaders
Fra:1 Mem:40.89M (Peak 66.34M) | Time:00:00.18 | Mem:0.01M, Peak:0.01M | Scene, ViewLayer | Updating Procedurals
Fra:1 Mem:40.89M (Peak 66.34M) | Time:00:00.18 | Mem:0.01M, Peak:0.01M | Scene, ViewLayer | Updating Background
Fra:1 Mem:40.89M (Peak 66.34M) | Time:00:00.18 | Mem:0.01M, Peak:0.01M | Scene, ViewLayer | Updating Camera
Fra:1 Mem:40.89M (Peak 66.34M) | Time:00:00.18 | Mem:0.01M, Peak:0.01M | Scene, ViewLayer | Updating Meshes Flags
Fra:1 Mem:40.89M (Peak 66.34M) | Time:00:00.18 | Mem:0.01M, Peak:0.01M | Scene, ViewLayer | Updating Objects
Fra:1 Mem:40.89M (Peak 66.34M) | Time:00:00.18 | Mem:0.01M, Peak:0.01M | Scene, ViewLayer | Updating Objects | Copying Transformations to device
Fra:1 Mem:41.06M (Peak 66.34M) | Time:00:00.18 | Mem:0.18M, Peak:0.18M | Scene, ViewLayer | Updating Objects | Applying Static Transformations
Fra:1 Mem:41.06M (Peak 66.34M) | Time:00:00.18 | Mem:0.18M, Peak:0.18M | Scene, ViewLayer | Updating Particle Systems
Fra:1 Mem:41.06M (Peak 66.34M) | Time:00:00.18 | Mem:0.18M, Peak:0.18M | Scene, ViewLayer | Updating Particle Systems | Copying Particles to device
Fra:1 Mem:41.06M (Peak 66.34M) | Time:00:00.18 | Mem:0.18M, Peak:0.18M | Scene, ViewLayer | Updating Meshes
Fra:1 Mem:41.21M (Peak 66.34M) | Time:00:00.18 | Mem:0.18M, Peak:0.18M | Scene, ViewLayer | Updating Mesh | Computing attributes
Fra:1 Mem:42.37M (Peak 66.34M) | Time:00:00.18 | Mem:0.30M, Peak:0.30M | Scene, ViewLayer | Updating Mesh | Copying Attributes to device
Fra:1 Mem:42.10M (Peak 66.34M) | Time:00:00.18 | Mem:1.06M, Peak:1.06M | Scene, ViewLayer | Updating Geometry BVH Cube.004 4/831 | Building BVH
Fra:1 Mem:42.10M (Peak 66.34M) | Time:00:00.18 | Mem:1.06M, Peak:1.06M | Scene, ViewLayer | Updating Geometry BVH Cube.014 14/831 | Building BVH
Fra:1 Mem:42.10M (Peak 66.34M) | Time:00:00.18 | Mem:1.06M, Peak:1.06M | Scene, ViewLayer | Updating Geometry BVH Cube.015 15/831 | Building BVH
Fra:1 Mem:42.10M (Peak 66.34M) | Time:00:00.18 | Mem:1.07M, Peak:1.07M | Scene, ViewLayer | Updating Geometry BVH Cube.015 15/831 | Building BVH 0%
Fra:1 Mem:42.10M (Peak 66.34M) | Time:00:00.18 | Mem:1.07M, Peak:1.07M | Scene, ViewLayer | Updating Geometry BVH Cube.015 15/831 | Building BVH
Fra:1 Mem:42.10M (Peak 66.34M) | Time:00:00.18 | Mem:1.07M, Peak:1.07M | Scene, ViewLayer | Updating Geometry BVH Cube.831 831/831 | Building BVH
Fra:1 Mem:42.10M (Peak 66.34M) | Time:00:00.18 | Mem:1.07M, Peak:1.07M | Scene, ViewLayer | Updating Geometry BVH Cube.016 16/831 | Building BVH
Fra:1 Mem:42.10M (Peak 66.34M) | Time:00:00.18 | Mem:1.07M, Peak:1.07M | Scene, ViewLayer | Updating Geometry BVH Cube.017 17/831 | Building BVH
Fra:1 Mem:42.10M (Peak 66.34M) | Time:00:00.18 | Mem:1.07M, Peak:1.07M | Scene, ViewLayer | Updating Geometry BVH Cube.018 18/831 | Building BVH
Fra:1 Mem:42.10M (Peak 66.34M) | Time:00:00.18 | Mem:1.07M, Peak:1.07M | Scene, ViewLayer | Updating Geometry BVH Cube.019 19/831 | Building BVH
Fra:1 Mem:42.10M (Peak 66.34M) | Time:00:00.18 | Mem:1.07M, Peak:1.08M | Scene, ViewLayer | Updating Geometry BVH Cube.021 21/831 | Building BVH
Fra:1 Mem:42.10M (Peak 66.34M) | Time:00:00.18 | Mem:1.08M, Peak:1.08M | Scene, ViewLayer | Updating Geometry BVH Cube.022 22/831 | Building BVH
Fra:1 Mem:42.10M (Peak 66.34M) | Time:00:00.18 | Mem:1.08M, Peak:1.08M | Scene, ViewLayer | Updating Geometry BVH Cube.024 24/831 | Building BVH
Fra:1 Mem:42.10M (Peak 66.34M) | Time:00:00.18 | Mem:1.08M, Peak:1.08M | Scene, ViewLayer | Updating Geometry BVH Cube.025 25/831 | Building BVH
Fra:1 Mem:42.10M (Peak 66.34M) | Time:00:00.18 | Mem:1.08M, Peak:1.08M | Scene, ViewLayer | Updating Geometry BVH Cube.026 26/831 | Building BVH
Fra:1 Mem:42.10M (Peak 66.34M) | Time:00:00.18 | Mem:1.08M, Peak:1.08M | Scene, ViewLayer | Updating Geometry BVH Cube.027 27/831 | Building BVH
Fra:1 Mem:42.10M (Peak 66.34M) | Time:00:00.18 | Mem:1.08M, Peak:1.08M | Scene, ViewLayer | Updating Geometry BVH Cube.028 28/831 | Building BVH
Fra:1 Mem:42.10M (Peak 66.34M) | Time:00:00.18 | Mem:1.08M, Peak:1.09M | Scene, ViewLayer | Updating Geometry BVH Cube.029 29/831 | Building BVH
Fra:1 Mem:42.10M (Peak 66.34M) | Time:00:00.18 | Mem:1.09M, Peak:1.09M | Scene, ViewLayer | Updating Geometry BVH Cube.030 30/831 | Building BVH
Fra:1 Mem:42.10M (Peak 66.34M) | Time:00:00.18 | Mem:1.09M, Peak:1.09M | Scene, ViewLayer | Updating Geometry BVH Cube.031 31/831 | Building BVH
Fra:1 Mem:42.10M (Peak 66.34M) | Time:00:00.18 | Mem:1.09M, Peak:1.09M | Scene, ViewLayer | Updating Geometry BVH Cube.032 32/831 | Building BVH
Fra:1 Mem:42.10M (Peak 66.34M) | Time:00:00.18 | Mem:1.09M, Peak:1.09M | Scene, ViewLayer | Updating Geometry BVH Cube.033 33/831 | Building BVH
Fra:1 Mem:42.10M (Peak 66.34M) | Time:00:00.18 | Mem:1.09M, Peak:1.09M | Scene, ViewLayer | Updating Geometry BVH Cube.034 34/831 | Building BVH
Fra:1 Mem:42.10M (Peak 66.34M) | Time:00:00.18 | Mem:1.09M, Peak:1.09M | Scene, ViewLayer | Updating Geometry BVH Cube.035 35/831 | Building BVH
Fra:1 Mem:42.10M (Peak 66.34M) | Time:00:00.18 | Mem:1.10M, Peak:1.10M | Scene, ViewLayer | Updating Geometry BVH Cube.036 36/831 | Building BVH
Fra:1 Mem:42.10M (Peak 66.34M) | Time:00:00.18 | Mem:1.10M, Peak:1.10M | Scene, ViewLayer | Updating Geometry BVH Cube.038 38/831 | Building BVH
Fra:1 Mem:42.10M (Peak 66.34M) | Time:00:00.18 | Mem:1.10M, Peak:1.10M | Scene, ViewLayer | Updating Geometry BVH Cube.039 39/831 | Building BVH
Fra:1 Mem:42.10M (Peak 66.34M) | Time:00:00.18 | Mem:1.10M, Peak:1.10M | Scene, ViewLayer | Updating Geometry BVH Cube.040 40/831 | Building BVH
Fra:1 Mem:42.10M (Peak 66.34M) | Time:00:00.18 | Mem:1.10M, Peak:1.10M | Scene, ViewLayer | Updating Geometry BVH Cube.041 41/831 | Building BVH
Fra:1 Mem:42.10M (Peak 66.34M) | Time:00:00.18 | Mem:1.10M, Peak:1.10M | Scene, ViewLayer | Updating Geometry BVH Cube.042 42/831 | Building BVH
Fra:1 Mem:42.10M (Peak 66.34M) | Time:00:00.18 | Mem:1.10M, Peak:1.10M | Scene, ViewLayer | Updating Geometry BVH Cube.043 43/831 | Building BVH
Fra:1 Mem:42.10M (Peak 66.34M) | Time:00:00.18 | Mem:1.11M, Peak:1.11M | Scene, ViewLayer | Updating Geometry BVH Cube.045 45/831 | Building BVH
Fra:1 Mem:42.10M (Peak 66.34M) | Time:00:00.18 | Mem:1.11M, Peak:1.11M | Scene, ViewLayer | Updating Geometry BVH Cube.830 830/831 | Building BVH
Fra:1 Mem:42.10M (Peak 66.34M) | Time:00:00.18 | Mem:1.11M, Peak:1.11M | Scene, ViewLayer | Updating Geometry BVH Cube.046 46/831 | Building BVH
Fra:1 Mem:42.10M (Peak 66.34M) | Time:00:00.18 | Mem:1.11M, Peak:1.11M | Scene, ViewLayer | Updating Geometry BVH Cube.829 829/831 | Building BVH
Fra:1 Mem:42.10M (Peak 66.34M) | Time:00:00.18 | Mem:1.11M, Peak:1.11M | Scene, ViewLayer | Updating Geometry BVH Cube.047 47/831 | Building BVH
Fra:1 Mem:42.10M (Peak 66.34M) | Time:00:00.18 | Mem:1.11M, Peak:1.11M | Scene, ViewLayer | Updating Geometry BVH Cube.048 48/831 | Building BVH
Fra:1 Mem:42.10M (Peak 66.34M) | Time:00:00.18 | Mem:1.11M, Peak:1.11M | Scene, ViewLayer | Updating Geometry BVH Cube.049 49/831 | Building BVH
Fra:1 Mem:42.10M (Peak 66.34M) | Time:00:00.18 | Mem:1.12M, Peak:1.12M | Scene, ViewLayer | Updating Geometry BVH Cube.050 50/831 | Building BVH
Fra:1 Mem:42.10M (Peak 66.34M) | Time:00:00.18 | Mem:1.12M, Peak:1.12M | Scene, ViewLayer | Updating Geometry BVH Cube.052 52/831 | Building BVH
Fra:1 Mem:42.10M (Peak 66.34M) | Time:00:00.18 | Mem:1.12M, Peak:1.12M | Scene, ViewLayer | Updating Geometry BVH Cube.053 53/831 | Building BVH
Fra:1 Mem:42.10M (Peak 66.34M) | Time:00:00.18 | Mem:1.12M, Peak:1.12M | Scene, ViewLayer | Updating Geometry BVH Cube.054 54/831 | Building BVH
Fra:1 Mem:42.10M (Peak 66.34M) | Time:00:00.18 | Mem:1.12M, Peak:1.12M | Scene, ViewLayer | Updating Geometry BVH Cube.055 55/831 | Building BVH
Fra:1 Mem:42.10M (Peak 66.34M) | Time:00:00.18 | Mem:1.12M, Peak:1.12M | Scene, ViewLayer | Updating Geometry BVH Cube.057 57/831 | Building BVH
Fra:1 Mem:42.10M (Peak 66.34M) | Time:00:00.18 | Mem:1.13M, Peak:1.13M | Scene, ViewLayer | Updating Geometry BVH Cube.058 58/831 | Building BVH
Fra:1 Mem:42.10M (Peak 66.34M) | Time:00:00.18 | Mem:1.13M, Peak:1.13M | Scene, ViewLayer | Updating Geometry BVH Cube.060 60/831 | Building BVH
Fra:1 Mem:42.10M (Peak 66.34M) | Time:00:00.18 | Mem:1.13M, Peak:1.13M | Scene, ViewLayer | Updating Geometry BVH Cube.062 62/831 | Building BVH
Fra:1 Mem:42.10M (Peak 66.34M) | Time:00:00.18 | Mem:1.13M, Peak:1.13M | Scene, ViewLayer | Updating Geometry BVH Cube.063 63/831 | Building BVH
Fra:1 Mem:42.10M (Peak 66.34M) | Time:00:00.18 | Mem:1.14M, Peak:1.14M | Scene, ViewLayer | Updating Geometry BVH Cube.064 64/831 | Building BVH
Fra:1 Mem:42.10M (Peak 66.34M) | Time:00:00.18 | Mem:1.14M, Peak:1.14M | Scene, ViewLayer | Updating Geometry BVH Cube.066 66/831 | Building BVH
Fra:1 Mem:42.10M (Peak 66.34M) | Time:00:00.18 | Mem:1.14M, Peak:1.14M | Scene, ViewLayer | Updating Geometry BVH Cube.067 67/831 | Building BVH
Fra:1 Mem:42.10M (Peak 66.34M) | Time:00:00.18 | Mem:1.14M, Peak:1.14M | Scene, ViewLayer | Updating Geometry BVH Cube.068 68/831 | Building BVH
Fra:1 Mem:42.10M (Peak 66.34M) | Time:00:00.18 | Mem:1.14M, Peak:1.14M | Scene, ViewLayer | Updating Geometry BVH Cube.069 69/831 | Building BVH
Fra:1 Mem:42.10M (Peak 66.34M) | Time:00:00.18 | Mem:1.14M, Peak:1.14M | Scene, ViewLayer | Updating Geometry BVH Cube.070 70/831 | Building BVH
Fra:1 Mem:42.10M (Peak 66.34M) | Time:00:00.18 | Mem:1.14M, Peak:1.14M | Scene, ViewLayer | Updating Geometry BVH Cube.071 71/831 | Building BVH
Fra:1 Mem:42.10M (Peak 66.34M) | Time:00:00.18 | Mem:1.15M, Peak:1.15M | Scene, ViewLayer | Updating Geometry BVH Cube.073 73/831 | Building BVH
Fra:1 Mem:42.10M (Peak 66.34M) | Time:00:00.18 | Mem:1.15M, Peak:1.15M | Scene, ViewLayer | Updating Geometry BVH Cube.074 74/831 | Building BVH
Fra:1 Mem:42.10M (Peak 66.34M) | Time:00:00.18 | Mem:1.15M, Peak:1.15M | Scene, ViewLayer | Updating Geometry BVH Cube.075 75/831 | Building BVH
Fra:1 Mem:42.10M (Peak 66.34M) | Time:00:00.18 | Mem:1.15M, Peak:1.15M | Scene, ViewLayer | Updating Geometry BVH Cube.828 828/831 | Building BVH
Fra:1 Mem:42.10M (Peak 66.34M) | Time:00:00.18 | Mem:1.15M, Peak:1.15M | Scene, ViewLayer | Updating Geometry BVH Cube.076 76/831 | Building BVH
Fra:1 Mem:42.10M (Peak 66.34M) | Time:00:00.18 | Mem:1.15M, Peak:1.15M | Scene, ViewLayer | Updating Geometry BVH Cube.077 77/831 | Building BVH
Fra:1 Mem:42.10M (Peak 66.34M) | Time:00:00.18 | Mem:1.16M, Peak:1.16M | Scene, ViewLayer | Updating Geometry BVH Cube.079 79/831 | Building BVH
Fra:1 Mem:42.10M (Peak 66.34M) | Time:00:00.18 | Mem:1.16M, Peak:1.16M | Scene, ViewLayer | Updating Geometry BVH Cube.080 80/831 | Building BVH
Fra:1 Mem:42.10M (Peak 66.34M) | Time:00:00.18 | Mem:1.16M, Peak:1.16M | Scene, ViewLayer | Updating Geometry BVH Cube.827 827/831 | Building BVH
Fra:1 Mem:42.10M (Peak 66.34M) | Time:00:00.18 | Mem:1.16M, Peak:1.16M | Scene, ViewLayer | Updating Geometry BVH Cube.082 82/831 | Building BVH
Fra:1 Mem:42.10M (Peak 66.34M) | Time:00:00.18 | Mem:1.16M, Peak:1.16M | Scene, ViewLayer | Updating Geometry BVH Cube.083 83/831 | Building BVH
Fra:1 Mem:42.10M (Peak 66.34M) | Time:00:00.18 | Mem:1.16M, Peak:1.16M | Scene, ViewLayer | Updating Geometry BVH Cube.084 84/831 | Building BVH
Fra:1 Mem:42.10M (Peak 66.34M) | Time:00:00.18 | Mem:1.16M, Peak:1.16M | Scene, ViewLayer | Updating Geometry BVH Cube.085 85/831 | Building BVH
Fra:1 Mem:42.10M (Peak 66.34M) | Time:00:00.18 | Mem:1.17M, Peak:1.17M | Scene, ViewLayer | Updating Geometry BVH Cube.086 86/831 | Building BVH
Fra:1 Mem:42.10M (Peak 66.34M) | Time:00:00.18 | Mem:1.17M, Peak:1.17M | Scene, ViewLayer | Updating Geometry BVH Cube.087 87/831 | Building BVH
Fra:1 Mem:42.10M (Peak 66.34M) | Time:00:00.18 | Mem:1.17M, Peak:1.17M | Scene, ViewLayer | Updating Geometry BVH Cube.088 88/831 | Building BVH
Fra:1 Mem:42.10M (Peak 66.34M) | Time:00:00.18 | Mem:1.17M, Peak:1.17M | Scene, ViewLayer | Updating Geometry BVH Cube.089 89/831 | Building BVH
Fra:1 Mem:42.10M (Peak 66.34M) | Time:00:00.18 | Mem:1.17M, Peak:1.17M | Scene, ViewLayer | Updating Geometry BVH Cube.091 91/831 | Building BVH
Fra:1 Mem:42.10M (Peak 66.34M) | Time:00:00.18 | Mem:1.17M, Peak:1.18M | Scene, ViewLayer | Updating Geometry BVH Cube.092 92/831 | Building BVH
Fra:1 Mem:42.10M (Peak 66.34M) | Time:00:00.18 | Mem:1.18M, Peak:1.18M | Scene, ViewLayer | Updating Geometry BVH Cube.093 93/831 | Building BVH
Fra:1 Mem:42.10M (Peak 66.34M) | Time:00:00.18 | Mem:1.18M, Peak:1.18M | Scene, ViewLayer | Updating Geometry BVH Cube.094 94/831 | Building BVH
Fra:1 Mem:42.10M (Peak 66.34M) | Time:00:00.18 | Mem:1.18M, Peak:1.18M | Scene, ViewLayer | Updating Geometry BVH Cube.096 96/831 | Building BVH
Fra:1 Mem:42.10M (Peak 66.34M) | Time:00:00.18 | Mem:1.18M, Peak:1.18M | Scene, ViewLayer | Updating Geometry BVH Cube.097 97/831 | Building BVH
Fra:1 Mem:42.10M (Peak 66.34M) | Time:00:00.18 | Mem:1.18M, Peak:1.18M | Scene, ViewLayer | Updating Geometry BVH Cube.098 98/831 | Building BVH
Fra:1 Mem:42.10M (Peak 66.34M) | Time:00:00.18 | Mem:1.18M, Peak:1.18M | Scene, ViewLayer | Updating Geometry BVH Cube.100 100/831 | Building BVH
Fra:1 Mem:42.10M (Peak 66.34M) | Time:00:00.18 | Mem:1.19M, Peak:1.19M | Scene, ViewLayer | Updating Geometry BVH Cube.105 105/831 | Building BVH
Fra:1 Mem:42.10M (Peak 66.34M) | Time:00:00.18 | Mem:1.19M, Peak:1.19M | Scene, ViewLayer | Updating Geometry BVH Cube.106 106/831 | Building BVH
Fra:1 Mem:42.10M (Peak 66.34M) | Time:00:00.18 | Mem:1.19M, Peak:1.20M | Scene, ViewLayer | Updating Geometry BVH Cube.107 107/831 | Building BVH
Fra:1 Mem:42.10M (Peak 66.34M) | Time:00:00.18 | Mem:1.19M, Peak:1.20M | Scene, ViewLayer | Updating Geometry BVH Cube.108 108/831 | Building BVH
Fra:1 Mem:42.10M (Peak 66.34M) | Time:00:00.18 | Mem:1.20M, Peak:1.20M | Scene, ViewLayer | Updating Geometry BVH Cube.109 109/831 | Building BVH
Fra:1 Mem:42.10M (Peak 66.34M) | Time:00:00.18 | Mem:1.20M, Peak:1.20M | Scene, ViewLayer | Updating Geometry BVH Cube.110 110/831 | Building BVH
Fra:1 Mem:42.10M (Peak 66.34M) | Time:00:00.18 | Mem:1.20M, Peak:1.20M | Scene, ViewLayer | Updating Geometry BVH Cube.111 111/831 | Building BVH
Fra:1 Mem:42.10M (Peak 66.34M) | Time:00:00.18 | Mem:1.20M, Peak:1.20M | Scene, ViewLayer | Updating Geometry BVH Cube.112 112/831 | Building BVH
Fra:1 Mem:42.10M (Peak 66.34M) | Time:00:00.18 | Mem:1.20M, Peak:1.20M | Scene, ViewLayer | Updating Geometry BVH Cube.113 113/831 | Building BVH
Fra:1 Mem:42.10M (Peak 66.34M) | Time:00:00.18 | Mem:1.20M, Peak:1.20M | Scene, ViewLayer | Updating Geometry BVH Cube.115 115/831 | Building BVH
Fra:1 Mem:42.10M (Peak 66.34M) | Time:00:00.18 | Mem:1.21M, Peak:1.21M | Scene, ViewLayer | Updating Geometry BVH Cube.114 114/831 | Building BVH
Fra:1 Mem:42.10M (Peak 66.34M) | Time:00:00.18 | Mem:1.21M, Peak:1.21M | Scene, ViewLayer | Updating Geometry BVH Cube.116 116/831 | Building BVH
Fra:1 Mem:42.10M (Peak 66.34M) | Time:00:00.18 | Mem:1.21M, Peak:1.21M | Scene, ViewLayer | Updating Geometry BVH Cube.117 117/831 | Building BVH
Fra:1 Mem:42.10M (Peak 66.34M) | Time:00:00.18 | Mem:1.21M, Peak:1.21M | Scene, ViewLayer | Updating Geometry BVH Cube.118 118/831 | Building BVH
Fra:1 Mem:42.10M (Peak 66.34M) | Time:00:00.18 | Mem:1.21M, Peak:1.21M | Scene, ViewLayer | Updating Geometry BVH Cube.119 119/831 | Building BVH
Fra:1 Mem:42.10M (Peak 66.34M) | Time:00:00.18 | Mem:1.21M, Peak:1.21M | Scene, ViewLayer | Updating Geometry BVH Cube.120 120/831 | Building BVH
Fra:1 Mem:42.10M (Peak 66.34M) | Time:00:00.18 | Mem:1.21M, Peak:1.21M | Scene, ViewLayer | Updating Geometry BVH Cube.121 121/831 | Building BVH
Fra:1 Mem:42.10M (Peak 66.34M) | Time:00:00.18 | Mem:1.21M, Peak:1.22M | Scene, ViewLayer | Updating Geometry BVH Cube.122 122/831 | Building BVH
Fra:1 Mem:42.10M (Peak 66.34M) | Time:00:00.18 | Mem:1.22M, Peak:1.22M | Scene, ViewLayer | Updating Geometry BVH Cube.826 826/831 | Building BVH
Fra:1 Mem:42.10M (Peak 66.34M) | Time:00:00.18 | Mem:1.22M, Peak:1.22M | Scene, ViewLayer | Updating Geometry BVH Cube.123 123/831 | Building BVH
Fra:1 Mem:42.10M (Peak 66.34M) | Time:00:00.18 | Mem:1.22M, Peak:1.22M | Scene, ViewLayer | Updating Geometry BVH Cube.124 124/831 | Building BVH
Fra:1 Mem:42.10M (Peak 66.34M) | Time:00:00.18 | Mem:1.22M, Peak:1.22M | Scene, ViewLayer | Updating Geometry BVH Cube.125 125/831 | Building BVH
Fra:1 Mem:42.10M (Peak 66.34M) | Time:00:00.18 | Mem:1.22M, Peak:1.22M | Scene, ViewLayer | Updating Geometry BVH Cube.126 126/831 | Building BVH
Fra:1 Mem:42.10M (Peak 66.34M) | Time:00:00.18 | Mem:1.22M, Peak:1.22M | Scene, ViewLayer | Updating Geometry BVH Cube.127 127/831 | Building BVH
Fra:1 Mem:42.10M (Peak 66.34M) | Time:00:00.18 | Mem:1.23M, Peak:1.23M | Scene, ViewLayer | Updating Geometry BVH Cube.129 129/831 | Building BVH
Fra:1 Mem:42.10M (Peak 66.34M) | Time:00:00.18 | Mem:1.23M, Peak:1.23M | Scene, ViewLayer | Updating Geometry BVH Cube.130 130/831 | Building BVH
Fra:1 Mem:42.10M (Peak 66.34M) | Time:00:00.18 | Mem:1.23M, Peak:1.23M | Scene, ViewLayer | Updating Geometry BVH Cube.825 825/831 | Building BVH
Fra:1 Mem:42.10M (Peak 66.34M) | Time:00:00.18 | Mem:1.23M, Peak:1.23M | Scene, ViewLayer | Updating Geometry BVH Cube.131 131/831 | Building BVH
Fra:1 Mem:42.10M (Peak 66.34M) | Time:00:00.18 | Mem:1.23M, Peak:1.23M | Scene, ViewLayer | Updating Geometry BVH Cube.133 133/831 | Building BVH
Fra:1 Mem:42.10M (Peak 66.34M) | Time:00:00.18 | Mem:1.23M, Peak:1.23M | Scene, ViewLayer | Updating Geometry BVH Cube.134 134/831 | Building BVH
Fra:1 Mem:42.10M (Peak 66.34M) | Time:00:00.18 | Mem:1.24M, Peak:1.24M | Scene, ViewLayer | Updating Geometry BVH Cube.135 135/831 | Building BVH
Fra:1 Mem:42.10M (Peak 66.34M) | Time:00:00.18 | Mem:1.24M, Peak:1.24M | Scene, ViewLayer | Updating Geometry BVH Cube.136 136/831 | Building BVH
Fra:1 Mem:42.10M (Peak 66.34M) | Time:00:00.18 | Mem:1.24M, Peak:1.24M | Scene, ViewLayer | Updating Geometry BVH Cube.137 137/831 | Building BVH
Fra:1 Mem:42.10M (Peak 66.34M) | Time:00:00.18 | Mem:1.24M, Peak:1.24M | Scene, ViewLayer | Updating Geometry BVH Cube.139 139/831 | Building BVH
Fra:1 Mem:42.10M (Peak 66.34M) | Time:00:00.18 | Mem:1.24M, Peak:1.24M | Scene, ViewLayer | Updating Geometry BVH Cube.141 141/831 | Building BVH
Fra:1 Mem:42.10M (Peak 66.34M) | Time:00:00.18 | Mem:1.24M, Peak:1.24M | Scene, ViewLayer | Updating Geometry BVH Cube.142 142/831 | Building BVH
Fra:1 Mem:42.10M (Peak 66.34M) | Time:00:00.18 | Mem:1.25M, Peak:1.25M | Scene, ViewLayer | Updating Geometry BVH Cube.143 143/831 | Building BVH
Fra:1 Mem:42.10M (Peak 66.34M) | Time:00:00.18 | Mem:1.25M, Peak:1.25M | Scene, ViewLayer | Updating Geometry BVH Cube.144 144/831 | Building BVH
Fra:1 Mem:42.10M (Peak 66.34M) | Time:00:00.18 | Mem:1.25M, Peak:1.25M | Scene, ViewLayer | Updating Geometry BVH Cube.145 145/831 | Building BVH
Fra:1 Mem:42.10M (Peak 66.34M) | Time:00:00.18 | Mem:1.25M, Peak:1.25M | Scene, ViewLayer | Updating Geometry BVH Cube.146 146/831 | Building BVH
Fra:1 Mem:42.10M (Peak 66.34M) | Time:00:00.18 | Mem:1.25M, Peak:1.25M | Scene, ViewLayer | Updating Geometry BVH Cube.148 148/831 | Building BVH
Fra:1 Mem:42.10M (Peak 66.34M) | Time:00:00.18 | Mem:1.25M, Peak:1.25M | Scene, ViewLayer | Updating Geometry BVH Cube.150 150/831 | Building BVH
Fra:1 Mem:42.10M (Peak 66.34M) | Time:00:00.18 | Mem:1.26M, Peak:1.26M | Scene, ViewLayer | Updating Geometry BVH Cube.151 151/831 | Building BVH
Fra:1 Mem:42.10M (Peak 66.34M) | Time:00:00.18 | Mem:1.26M, Peak:1.26M | Scene, ViewLayer | Updating Geometry BVH Cube.154 154/831 | Building BVH
Fra:1 Mem:42.10M (Peak 66.34M) | Time:00:00.18 | Mem:1.26M, Peak:1.26M | Scene, ViewLayer | Updating Geometry BVH Cube.155 155/831 | Building BVH
Fra:1 Mem:42.10M (Peak 66.34M) | Time:00:00.18 | Mem:1.26M, Peak:1.26M | Scene, ViewLayer | Updating Geometry BVH Cube.156 156/831 | Building BVH
Fra:1 Mem:42.10M (Peak 66.34M) | Time:00:00.18 | Mem:1.26M, Peak:1.26M | Scene, ViewLayer | Updating Geometry BVH Cube.157 157/831 | Building BVH
Fra:1 Mem:42.10M (Peak 66.34M) | Time:00:00.18 | Mem:1.27M, Peak:1.27M | Scene, ViewLayer | Updating Geometry BVH Cube.158 158/831 | Building BVH
Fra:1 Mem:42.10M (Peak 66.34M) | Time:00:00.18 | Mem:1.27M, Peak:1.27M | Scene, ViewLayer | Updating Geometry BVH Cube.160 160/831 | Building BVH
Fra:1 Mem:42.10M (Peak 66.34M) | Time:00:00.18 | Mem:1.27M, Peak:1.27M | Scene, ViewLayer | Updating Geometry BVH Cube.159 159/831 | Building BVH
Fra:1 Mem:42.10M (Peak 66.34M) | Time:00:00.18 | Mem:1.27M, Peak:1.27M | Scene, ViewLayer | Updating Geometry BVH Cube.161 161/831 | Building BVH
Fra:1 Mem:42.10M (Peak 66.34M) | Time:00:00.18 | Mem:1.27M, Peak:1.27M | Scene, ViewLayer | Updating Geometry BVH Cube.163 163/831 | Building BVH
Fra:1 Mem:42.10M (Peak 66.34M) | Time:00:00.18 | Mem:1.28M, Peak:1.28M | Scene, ViewLayer | Updating Geometry BVH Cube.164 164/831 | Building BVH
Fra:1 Mem:42.10M (Peak 66.34M) | Time:00:00.18 | Mem:1.28M, Peak:1.28M | Scene, ViewLayer | Updating Geometry BVH Cube.166 166/831 | Building BVH
Fra:1 Mem:42.10M (Peak 66.34M) | Time:00:00.18 | Mem:1.28M, Peak:1.28M | Scene, ViewLayer | Updating Geometry BVH Cube.167 167/831 | Building BVH
Fra:1 Mem:42.10M (Peak 66.34M) | Time:00:00.18 | Mem:1.28M, Peak:1.28M | Scene, ViewLayer | Updating Geometry BVH Cube.168 168/831 | Building BVH
Fra:1 Mem:42.10M (Peak 66.34M) | Time:00:00.18 | Mem:1.28M, Peak:1.28M | Scene, ViewLayer | Updating Geometry BVH Cube.169 169/831 | Building BVH
Fra:1 Mem:42.10M (Peak 66.34M) | Time:00:00.18 | Mem:1.28M, Peak:1.28M | Scene, ViewLayer | Updating Geometry BVH Cube.170 170/831 | Building BVH
Fra:1 Mem:42.10M (Peak 66.34M) | Time:00:00.18 | Mem:1.28M, Peak:1.28M | Scene, ViewLayer | Updating Geometry BVH Cube.171 171/831 | Building BVH
Fra:1 Mem:42.10M (Peak 66.34M) | Time:00:00.18 | Mem:1.29M, Peak:1.29M | Scene, ViewLayer | Updating Geometry BVH Cube.172 172/831 | Building BVH
Fra:1 Mem:42.10M (Peak 66.34M) | Time:00:00.18 | Mem:1.29M, Peak:1.29M | Scene, ViewLayer | Updating Geometry BVH Cube.823 823/831 | Building BVH
Fra:1 Mem:42.10M (Peak 66.34M) | Time:00:00.18 | Mem:1.29M, Peak:1.29M | Scene, ViewLayer | Updating Geometry BVH Cube.822 822/831 | Building BVH
Fra:1 Mem:42.10M (Peak 66.34M) | Time:00:00.18 | Mem:1.29M, Peak:1.29M | Scene, ViewLayer | Updating Geometry BVH Cube.174 174/831 | Building BVH
Fra:1 Mem:42.10M (Peak 66.34M) | Time:00:00.18 | Mem:1.29M, Peak:1.29M | Scene, ViewLayer | Updating Geometry BVH Cube.821 821/831 | Building BVH
Fra:1 Mem:42.10M (Peak 66.34M) | Time:00:00.18 | Mem:1.29M, Peak:1.29M | Scene, ViewLayer | Updating Geometry BVH Cube.820 820/831 | Building BVH
Fra:1 Mem:42.10M (Peak 66.34M) | Time:00:00.18 | Mem:1.29M, Peak:1.29M | Scene, ViewLayer | Updating Geometry BVH Cube.175 175/831 | Building BVH
Fra:1 Mem:42.10M (Peak 66.34M) | Time:00:00.18 | Mem:1.30M, Peak:1.30M | Scene, ViewLayer | Updating Geometry BVH Cube.178 178/831 | Building BVH
Fra:1 Mem:42.10M (Peak 66.34M) | Time:00:00.18 | Mem:1.30M, Peak:1.30M | Scene, ViewLayer | Updating Geometry BVH Cube.180 180/831 | Building BVH
Fra:1 Mem:42.10M (Peak 66.34M) | Time:00:00.18 | Mem:1.30M, Peak:1.30M | Scene, ViewLayer | Updating Geometry BVH Cube.181 181/831 | Building BVH
Fra:1 Mem:42.10M (Peak 66.34M) | Time:00:00.18 | Mem:1.30M, Peak:1.31M | Scene, ViewLayer | Updating Geometry BVH Cube.182 182/831 | Building BVH
Fra:1 Mem:42.10M (Peak 66.34M) | Time:00:00.18 | Mem:1.31M, Peak:1.31M | Scene, ViewLayer | Updating Geometry BVH Cube.183 183/831 | Building BVH
Fra:1 Mem:42.10M (Peak 66.34M) | Time:00:00.18 | Mem:1.31M, Peak:1.31M | Scene, ViewLayer | Updating Geometry BVH Cube.184 184/831 | Building BVH
Fra:1 Mem:42.10M (Peak 66.34M) | Time:00:00.18 | Mem:1.31M, Peak:1.31M | Scene, ViewLayer | Updating Geometry BVH Cube.185 185/831 | Building BVH
Fra:1 Mem:42.10M (Peak 66.34M) | Time:00:00.18 | Mem:1.31M, Peak:1.31M | Scene, ViewLayer | Updating Geometry BVH Cube.186 186/831 | Building BVH
Fra:1 Mem:42.10M (Peak 66.34M) | Time:00:00.18 | Mem:1.31M, Peak:1.31M | Scene, ViewLayer | Updating Geometry BVH Cube.187 187/831 | Building BVH
Fra:1 Mem:42.10M (Peak 66.34M) | Time:00:00.18 | Mem:1.31M, Peak:1.31M | Scene, ViewLayer | Updating Geometry BVH Cube.819 819/831 | Building BVH
Fra:1 Mem:42.10M (Peak 66.34M) | Time:00:00.18 | Mem:1.32M, Peak:1.32M | Scene, ViewLayer | Updating Geometry BVH Cube.818 818/831 | Building BVH
Fra:1 Mem:42.10M (Peak 66.34M) | Time:00:00.18 | Mem:1.32M, Peak:1.32M | Scene, ViewLayer | Updating Geometry BVH Cube.190 190/831 | Building BVH
Fra:1 Mem:42.10M (Peak 66.34M) | Time:00:00.18 | Mem:1.32M, Peak:1.32M | Scene, ViewLayer | Updating Geometry BVH Cube.192 192/831 | Building BVH
Fra:1 Mem:42.10M (Peak 66.34M) | Time:00:00.18 | Mem:1.32M, Peak:1.32M | Scene, ViewLayer | Updating Geometry BVH Cube.194 194/831 | Building BVH
Fra:1 Mem:42.10M (Peak 66.34M) | Time:00:00.18 | Mem:1.32M, Peak:1.32M | Scene, ViewLayer | Updating Geometry BVH Cube.195 195/831 | Building BVH
Fra:1 Mem:42.10M (Peak 66.34M) | Time:00:00.18 | Mem:1.32M, Peak:1.33M | Scene, ViewLayer | Updating Geometry BVH Cube.196 196/831 | Building BVH
Fra:1 Mem:42.10M (Peak 66.34M) | Time:00:00.18 | Mem:1.33M, Peak:1.33M | Scene, ViewLayer | Updating Geometry BVH Cube.197 197/831 | Building BVH
Fra:1 Mem:42.10M (Peak 66.34M) | Time:00:00.18 | Mem:1.33M, Peak:1.33M | Scene, ViewLayer | Updating Geometry BVH Cube.198 198/831 | Building BVH
Fra:1 Mem:42.10M (Peak 66.34M) | Time:00:00.18 | Mem:1.33M, Peak:1.33M | Scene, ViewLayer | Updating Geometry BVH Cube.199 199/831 | Building BVH
Fra:1 Mem:42.10M (Peak 66.34M) | Time:00:00.18 | Mem:1.33M, Peak:1.33M | Scene, ViewLayer | Updating Geometry BVH Cube.200 200/831 | Building BVH
Fra:1 Mem:42.10M (Peak 66.34M) | Time:00:00.18 | Mem:1.33M, Peak:1.33M | Scene, ViewLayer | Updating Geometry BVH Cube.201 201/831 | Building BVH
Fra:1 Mem:42.10M (Peak 66.34M) | Time:00:00.18 | Mem:1.33M, Peak:1.33M | Scene, ViewLayer | Updating Geometry BVH Cube.202 202/831 | Building BVH
Fra:1 Mem:42.10M (Peak 66.34M) | Time:00:00.18 | Mem:1.34M, Peak:1.34M | Scene, ViewLayer | Updating Geometry BVH Cube.203 203/831 | Building BVH
Fra:1 Mem:42.10M (Peak 66.34M) | Time:00:00.18 | Mem:1.34M, Peak:1.34M | Scene, ViewLayer | Updating Geometry BVH Cube.204 204/831 | Building BVH
Fra:1 Mem:42.10M (Peak 66.34M) | Time:00:00.18 | Mem:1.34M, Peak:1.34M | Scene, ViewLayer | Updating Geometry BVH Cube.205 205/831 | Building BVH
Fra:1 Mem:42.10M (Peak 66.34M) | Time:00:00.18 | Mem:1.34M, Peak:1.34M | Scene, ViewLayer | Updating Geometry BVH Cube.817 817/831 | Building BVH
Fra:1 Mem:42.10M (Peak 66.34M) | Time:00:00.18 | Mem:1.34M, Peak:1.34M | Scene, ViewLayer | Updating Geometry BVH Cube.206 206/831 | Building BVH
Fra:1 Mem:42.10M (Peak 66.34M) | Time:00:00.18 | Mem:1.34M, Peak:1.34M | Scene, ViewLayer | Updating Geometry BVH Cube.816 816/831 | Building BVH
Fra:1 Mem:42.10M (Peak 66.34M) | Time:00:00.18 | Mem:1.34M, Peak:1.34M | Scene, ViewLayer | Updating Geometry BVH Cube.207 207/831 | Building BVH
Fra:1 Mem:42.10M (Peak 66.34M) | Time:00:00.18 | Mem:1.35M, Peak:1.35M | Scene, ViewLayer | Updating Geometry BVH Cube.208 208/831 | Building BVH
Fra:1 Mem:42.10M (Peak 66.34M) | Time:00:00.18 | Mem:1.35M, Peak:1.35M | Scene, ViewLayer | Updating Geometry BVH Cube.210 210/831 | Building BVH
Fra:1 Mem:42.10M (Peak 66.34M) | Time:00:00.18 | Mem:1.35M, Peak:1.35M | Scene, ViewLayer | Updating Geometry BVH Cube.211 211/831 | Building BVH
Fra:1 Mem:42.10M (Peak 66.34M) | Time:00:00.19 | Mem:1.35M, Peak:1.35M | Scene, ViewLayer | Updating Geometry BVH Cube.212 212/831 | Building BVH
Fra:1 Mem:42.10M (Peak 66.34M) | Time:00:00.19 | Mem:1.35M, Peak:1.35M | Scene, ViewLayer | Updating Geometry BVH Cube.214 214/831 | Building BVH
Fra:1 Mem:42.10M (Peak 66.34M) | Time:00:00.19 | Mem:1.35M, Peak:1.35M | Scene, ViewLayer | Updating Geometry BVH Cube.215 215/831 | Building BVH
Fra:1 Mem:42.10M (Peak 66.34M) | Time:00:00.19 | Mem:1.35M, Peak:1.35M | Scene, ViewLayer | Updating Geometry BVH Cube.216 216/831 | Building BVH
Fra:1 Mem:42.10M (Peak 66.34M) | Time:00:00.19 | Mem:1.36M, Peak:1.36M | Scene, ViewLayer | Updating Geometry BVH Cube.218 218/831 | Building BVH
Fra:1 Mem:42.10M (Peak 66.34M) | Time:00:00.19 | Mem:1.36M, Peak:1.36M | Scene, ViewLayer | Updating Geometry BVH Cube.219 219/831 | Building BVH
Fra:1 Mem:42.10M (Peak 66.34M) | Time:00:00.19 | Mem:1.36M, Peak:1.36M | Scene, ViewLayer | Updating Geometry BVH Cube.220 220/831 | Building BVH
Fra:1 Mem:42.10M (Peak 66.34M) | Time:00:00.19 | Mem:1.36M, Peak:1.36M | Scene, ViewLayer | Updating Geometry BVH Cube.815 815/831 | Building BVH
Fra:1 Mem:42.10M (Peak 66.34M) | Time:00:00.19 | Mem:1.36M, Peak:1.36M | Scene, ViewLayer | Updating Geometry BVH Cube.221 221/831 | Building BVH
Fra:1 Mem:42.10M (Peak 66.34M) | Time:00:00.19 | Mem:1.37M, Peak:1.37M | Scene, ViewLayer | Updating Geometry BVH Cube.222 222/831 | Building BVH
Fra:1 Mem:42.10M (Peak 66.34M) | Time:00:00.19 | Mem:1.37M, Peak:1.37M | Scene, ViewLayer | Updating Geometry BVH Cube.223 223/831 | Building BVH
Fra:1 Mem:42.10M (Peak 66.34M) | Time:00:00.19 | Mem:1.37M, Peak:1.37M | Scene, ViewLayer | Updating Geometry BVH Cube.224 224/831 | Building BVH
Fra:1 Mem:42.10M (Peak 66.34M) | Time:00:00.19 | Mem:1.37M, Peak:1.37M | Scene, ViewLayer | Updating Geometry BVH Cube.226 226/831 | Building BVH
Fra:1 Mem:42.10M (Peak 66.34M) | Time:00:00.19 | Mem:1.37M, Peak:1.38M | Scene, ViewLayer | Updating Geometry BVH Cube.814 814/831 | Building BVH
Fra:1 Mem:42.10M (Peak 66.34M) | Time:00:00.19 | Mem:1.38M, Peak:1.38M | Scene, ViewLayer | Updating Geometry BVH Cube.229 229/831 | Building BVH
Fra:1 Mem:42.10M (Peak 66.34M) | Time:00:00.19 | Mem:1.38M, Peak:1.38M | Scene, ViewLayer | Updating Geometry BVH Cube.230 230/831 | Building BVH
Fra:1 Mem:42.10M (Peak 66.34M) | Time:00:00.19 | Mem:1.38M, Peak:1.38M | Scene, ViewLayer | Updating Geometry BVH Cube.813 813/831 | Building BVH
Fra:1 Mem:42.10M (Peak 66.34M) | Time:00:00.19 | Mem:1.38M, Peak:1.38M | Scene, ViewLayer | Updating Geometry BVH Cube.231 231/831 | Building BVH
Fra:1 Mem:42.10M (Peak 66.34M) | Time:00:00.19 | Mem:1.38M, Peak:1.38M | Scene, ViewLayer | Updating Geometry BVH Cube.232 232/831 | Building BVH
Fra:1 Mem:42.10M (Peak 66.34M) | Time:00:00.19 | Mem:1.38M, Peak:1.38M | Scene, ViewLayer | Updating Geometry BVH Cube.233 233/831 | Building BVH
Fra:1 Mem:42.10M (Peak 66.34M) | Time:00:00.19 | Mem:1.38M, Peak:1.38M | Scene, ViewLayer | Updating Geometry BVH Cube.234 234/831 | Building BVH
Fra:1 Mem:42.10M (Peak 66.34M) | Time:00:00.19 | Mem:1.38M, Peak:1.38M | Scene, ViewLayer | Updating Geometry BVH Cube.235 235/831 | Building BVH
Fra:1 Mem:42.10M (Peak 66.34M) | Time:00:00.19 | Mem:1.39M, Peak:1.39M | Scene, ViewLayer | Updating Geometry BVH Cube.236 236/831 | Building BVH
Fra:1 Mem:42.10M (Peak 66.34M) | Time:00:00.19 | Mem:1.39M, Peak:1.39M | Scene, ViewLayer | Updating Geometry BVH Cube.812 812/831 | Building BVH
Fra:1 Mem:42.10M (Peak 66.34M) | Time:00:00.19 | Mem:1.39M, Peak:1.39M | Scene, ViewLayer | Updating Geometry BVH Cube.811 811/831 | Building BVH
Fra:1 Mem:42.10M (Peak 66.34M) | Time:00:00.19 | Mem:1.39M, Peak:1.39M | Scene, ViewLayer | Updating Geometry BVH Cube.238 238/831 | Building BVH
Fra:1 Mem:42.10M (Peak 66.34M) | Time:00:00.19 | Mem:1.39M, Peak:1.39M | Scene, ViewLayer | Updating Geometry BVH Cube.240 240/831 | Building BVH
Fra:1 Mem:42.10M (Peak 66.34M) | Time:00:00.19 | Mem:1.40M, Peak:1.40M | Scene, ViewLayer | Updating Geometry BVH Cube.241 241/831 | Building BVH
Fra:1 Mem:42.10M (Peak 66.34M) | Time:00:00.19 | Mem:1.40M, Peak:1.40M | Scene, ViewLayer | Updating Geometry BVH Cube.242 242/831 | Building BVH
Fra:1 Mem:42.10M (Peak 66.34M) | Time:00:00.19 | Mem:1.40M, Peak:1.40M | Scene, ViewLayer | Updating Geometry BVH Cube.243 243/831 | Building BVH
Fra:1 Mem:42.10M (Peak 66.34M) | Time:00:00.19 | Mem:1.40M, Peak:1.40M | Scene, ViewLayer | Updating Geometry BVH Cube.244 244/831 | Building BVH
Fra:1 Mem:42.10M (Peak 66.34M) | Time:00:00.19 | Mem:1.40M, Peak:1.40M | Scene, ViewLayer | Updating Geometry BVH Cube.245 245/831 | Building BVH
Fra:1 Mem:42.10M (Peak 66.34M) | Time:00:00.19 | Mem:1.40M, Peak:1.40M | Scene, ViewLayer | Updating Geometry BVH Cube.246 246/831 | Building BVH
Fra:1 Mem:42.10M (Peak 66.34M) | Time:00:00.19 | Mem:1.40M, Peak:1.40M | Scene, ViewLayer | Updating Geometry BVH Cube.247 247/831 | Building BVH
Fra:1 Mem:42.10M (Peak 66.34M) | Time:00:00.19 | Mem:1.40M, Peak:1.40M | Scene, ViewLayer | Updating Geometry BVH Cube.248 248/831 | Building BVH
Fra:1 Mem:42.10M (Peak 66.34M) | Time:00:00.19 | Mem:1.41M, Peak:1.41M | Scene, ViewLayer | Updating Geometry BVH Cube.249 249/831 | Building BVH
Fra:1 Mem:42.10M (Peak 66.34M) | Time:00:00.19 | Mem:1.41M, Peak:1.41M | Scene, ViewLayer | Updating Geometry BVH Cube.250 250/831 | Building BVH
Fra:1 Mem:42.10M (Peak 66.34M) | Time:00:00.19 | Mem:1.41M, Peak:1.41M | Scene, ViewLayer | Updating Geometry BVH Cube.251 251/831 | Building BVH
Fra:1 Mem:42.10M (Peak 66.34M) | Time:00:00.19 | Mem:1.41M, Peak:1.41M | Scene, ViewLayer | Updating Geometry BVH Cube.253 253/831 | Building BVH
Fra:1 Mem:42.10M (Peak 66.34M) | Time:00:00.19 | Mem:1.41M, Peak:1.41M | Scene, ViewLayer | Updating Geometry BVH Cube.810 810/831 | Building BVH
Fra:1 Mem:42.10M (Peak 66.34M) | Time:00:00.19 | Mem:1.42M, Peak:1.42M | Scene, ViewLayer | Updating Geometry BVH Cube.254 254/831 | Building BVH
Fra:1 Mem:42.10M (Peak 66.34M) | Time:00:00.19 | Mem:1.42M, Peak:1.42M | Scene, ViewLayer | Updating Geometry BVH Cube.255 255/831 | Building BVH
Fra:1 Mem:42.10M (Peak 66.34M) | Time:00:00.19 | Mem:1.42M, Peak:1.42M | Scene, ViewLayer | Updating Geometry BVH Cube.257 257/831 | Building BVH
Fra:1 Mem:42.10M (Peak 66.34M) | Time:00:00.19 | Mem:1.42M, Peak:1.42M | Scene, ViewLayer | Updating Geometry BVH Cube.258 258/831 | Building BVH
Fra:1 Mem:42.10M (Peak 66.34M) | Time:00:00.19 | Mem:1.42M, Peak:1.42M | Scene, ViewLayer | Updating Geometry BVH Cube.259 259/831 | Building BVH
Fra:1 Mem:42.10M (Peak 66.34M) | Time:00:00.19 | Mem:1.42M, Peak:1.42M | Scene, ViewLayer | Updating Geometry BVH Cube.260 260/831 | Building BVH
Fra:1 Mem:42.10M (Peak 66.34M) | Time:00:00.19 | Mem:1.42M, Peak:1.42M | Scene, ViewLayer | Updating Geometry BVH Cube.261 261/831 | Building BVH
Fra:1 Mem:42.10M (Peak 66.34M) | Time:00:00.19 | Mem:1.43M, Peak:1.43M | Scene, ViewLayer | Updating Geometry BVH Cube.265 265/831 | Building BVH
Fra:1 Mem:42.11M (Peak 66.34M) | Time:00:00.19 | Mem:1.43M, Peak:1.43M | Scene, ViewLayer | Updating Geometry BVH Cube.267 267/831 | Building BVH
Fra:1 Mem:42.11M (Peak 66.34M) | Time:00:00.19 | Mem:1.43M, Peak:1.43M | Scene, ViewLayer | Updating Geometry BVH Cube.809 809/831 | Building BVH
Fra:1 Mem:42.11M (Peak 66.34M) | Time:00:00.19 | Mem:1.43M, Peak:1.43M | Scene, ViewLayer | Updating Geometry BVH Cube.268 268/831 | Building BVH
Fra:1 Mem:42.11M (Peak 66.34M) | Time:00:00.19 | Mem:1.44M, Peak:1.44M | Scene, ViewLayer | Updating Geometry BVH Cube.269 269/831 | Building BVH
Fra:1 Mem:42.11M (Peak 66.34M) | Time:00:00.19 | Mem:1.44M, Peak:1.44M | Scene, ViewLayer | Updating Geometry BVH Cube.271 271/831 | Building BVH
Fra:1 Mem:42.11M (Peak 66.34M) | Time:00:00.19 | Mem:1.44M, Peak:1.44M | Scene, ViewLayer | Updating Geometry BVH Cube.272 272/831 | Building BVH
Fra:1 Mem:42.11M (Peak 66.34M) | Time:00:00.19 | Mem:1.44M, Peak:1.44M | Scene, ViewLayer | Updating Geometry BVH Cube.273 273/831 | Building BVH
Fra:1 Mem:42.11M (Peak 66.34M) | Time:00:00.19 | Mem:1.44M, Peak:1.44M | Scene, ViewLayer | Updating Geometry BVH Cube.274 274/831 | Building BVH
Fra:1 Mem:42.11M (Peak 66.34M) | Time:00:00.19 | Mem:1.44M, Peak:1.44M | Scene, ViewLayer | Updating Geometry BVH Cube.808 808/831 | Building BVH
Fra:1 Mem:42.11M (Peak 66.34M) | Time:00:00.19 | Mem:1.45M, Peak:1.45M | Scene, ViewLayer | Updating Geometry BVH Cube.275 275/831 | Building BVH
Fra:1 Mem:42.11M (Peak 66.34M) | Time:00:00.19 | Mem:1.45M, Peak:1.45M | Scene, ViewLayer | Updating Geometry BVH Cube.277 277/831 | Building BVH
Fra:1 Mem:42.11M (Peak 66.34M) | Time:00:00.19 | Mem:1.45M, Peak:1.45M | Scene, ViewLayer | Updating Geometry BVH Cube.279 279/831 | Building BVH
Fra:1 Mem:42.11M (Peak 66.34M) | Time:00:00.19 | Mem:1.45M, Peak:1.45M | Scene, ViewLayer | Updating Geometry BVH Cube.280 280/831 | Building BVH
Fra:1 Mem:42.11M (Peak 66.34M) | Time:00:00.19 | Mem:1.46M, Peak:1.46M | Scene, ViewLayer | Updating Geometry BVH Cube.282 282/831 | Building BVH
Fra:1 Mem:42.11M (Peak 66.34M) | Time:00:00.19 | Mem:1.46M, Peak:1.46M | Scene, ViewLayer | Updating Geometry BVH Cube.283 283/831 | Building BVH
Fra:1 Mem:42.11M (Peak 66.34M) | Time:00:00.19 | Mem:1.46M, Peak:1.46M | Scene, ViewLayer | Updating Geometry BVH Cube.807 807/831 | Building BVH
Fra:1 Mem:42.11M (Peak 66.34M) | Time:00:00.19 | Mem:1.46M, Peak:1.46M | Scene, ViewLayer | Updating Geometry BVH Cube.284 284/831 | Building BVH
Fra:1 Mem:42.11M (Peak 66.34M) | Time:00:00.19 | Mem:1.46M, Peak:1.46M | Scene, ViewLayer | Updating Geometry BVH Cube.806 806/831 | Building BVH
Fra:1 Mem:42.11M (Peak 66.34M) | Time:00:00.19 | Mem:1.46M, Peak:1.46M | Scene, ViewLayer | Updating Geometry BVH Cube.285 285/831 | Building BVH
Fra:1 Mem:42.11M (Peak 66.34M) | Time:00:00.19 | Mem:1.46M, Peak:1.47M | Scene, ViewLayer | Updating Geometry BVH Cube.286 286/831 | Building BVH
Fra:1 Mem:42.11M (Peak 66.34M) | Time:00:00.19 | Mem:1.47M, Peak:1.47M | Scene, ViewLayer | Updating Geometry BVH Cube.287 287/831 | Building BVH
Fra:1 Mem:42.11M (Peak 66.34M) | Time:00:00.19 | Mem:1.47M, Peak:1.47M | Scene, ViewLayer | Updating Geometry BVH Cube.288 288/831 | Building BVH
Fra:1 Mem:42.11M (Peak 66.34M) | Time:00:00.19 | Mem:1.47M, Peak:1.47M | Scene, ViewLayer | Updating Geometry BVH Cube.289 289/831 | Building BVH
Fra:1 Mem:42.11M (Peak 66.34M) | Time:00:00.19 | Mem:1.47M, Peak:1.47M | Scene, ViewLayer | Updating Geometry BVH Cube.290 290/831 | Building BVH
Fra:1 Mem:42.11M (Peak 66.34M) | Time:00:00.19 | Mem:1.47M, Peak:1.47M | Scene, ViewLayer | Updating Geometry BVH Cube.291 291/831 | Building BVH
Fra:1 Mem:42.11M (Peak 66.34M) | Time:00:00.19 | Mem:1.47M, Peak:1.47M | Scene, ViewLayer | Updating Geometry BVH Cube.292 292/831 | Building BVH
Fra:1 Mem:42.11M (Peak 66.34M) | Time:00:00.19 | Mem:1.47M, Peak:1.47M | Scene, ViewLayer | Updating Geometry BVH Cube.293 293/831 | Building BVH
Fra:1 Mem:42.11M (Peak 66.34M) | Time:00:00.19 | Mem:1.47M, Peak:1.47M | Scene, ViewLayer | Updating Geometry BVH Cube.294 294/831 | Building BVH
Fra:1 Mem:42.11M (Peak 66.34M) | Time:00:00.19 | Mem:1.48M, Peak:1.48M | Scene, ViewLayer | Updating Geometry BVH Cube.295 295/831 | Building BVH
Fra:1 Mem:42.11M (Peak 66.34M) | Time:00:00.19 | Mem:1.48M, Peak:1.48M | Scene, ViewLayer | Updating Geometry BVH Cube.296 296/831 | Building BVH
Fra:1 Mem:42.11M (Peak 66.34M) | Time:00:00.19 | Mem:1.48M, Peak:1.48M | Scene, ViewLayer | Updating Geometry BVH Cube.297 297/831 | Building BVH
Fra:1 Mem:42.11M (Peak 66.34M) | Time:00:00.19 | Mem:1.48M, Peak:1.48M | Scene, ViewLayer | Updating Geometry BVH Cube.298 298/831 | Building BVH
Fra:1 Mem:42.11M (Peak 66.34M) | Time:00:00.19 | Mem:1.48M, Peak:1.48M | Scene, ViewLayer | Updating Geometry BVH Cube.299 299/831 | Building BVH
Fra:1 Mem:42.11M (Peak 66.34M) | Time:00:00.19 | Mem:1.48M, Peak:1.48M | Scene, ViewLayer | Updating Geometry BVH Cube.804 804/831 | Building BVH
Fra:1 Mem:42.11M (Peak 66.34M) | Time:00:00.19 | Mem:1.48M, Peak:1.48M | Scene, ViewLayer | Updating Geometry BVH Cube.300 300/831 | Building BVH
Fra:1 Mem:42.11M (Peak 66.34M) | Time:00:00.19 | Mem:1.49M, Peak:1.49M | Scene, ViewLayer | Updating Geometry BVH Cube.301 301/831 | Building BVH
Fra:1 Mem:42.11M (Peak 66.34M) | Time:00:00.19 | Mem:1.49M, Peak:1.49M | Scene, ViewLayer | Updating Geometry BVH Cube.302 302/831 | Building BVH
Fra:1 Mem:42.11M (Peak 66.34M) | Time:00:00.19 | Mem:1.49M, Peak:1.49M | Scene, ViewLayer | Updating Geometry BVH Cube.303 303/831 | Building BVH
Fra:1 Mem:42.11M (Peak 66.34M) | Time:00:00.19 | Mem:1.49M, Peak:1.49M | Scene, ViewLayer | Updating Geometry BVH Cube.304 304/831 | Building BVH
Fra:1 Mem:42.11M (Peak 66.34M) | Time:00:00.19 | Mem:1.49M, Peak:1.49M | Scene, ViewLayer | Updating Geometry BVH Cube.305 305/831 | Building BVH
Fra:1 Mem:42.11M (Peak 66.34M) | Time:00:00.19 | Mem:1.49M, Peak:1.49M | Scene, ViewLayer | Updating Geometry BVH Cube.306 306/831 | Building BVH
Fra:1 Mem:42.11M (Peak 66.34M) | Time:00:00.19 | Mem:1.49M, Peak:1.49M | Scene, ViewLayer | Updating Geometry BVH Cube.307 307/831 | Building BVH
Fra:1 Mem:42.11M (Peak 66.34M) | Time:00:00.19 | Mem:1.50M, Peak:1.50M | Scene, ViewLayer | Updating Geometry BVH Cube.309 309/831 | Building BVH
Fra:1 Mem:42.11M (Peak 66.34M) | Time:00:00.19 | Mem:1.50M, Peak:1.50M | Scene, ViewLayer | Updating Geometry BVH Cube.311 311/831 | Building BVH
Fra:1 Mem:42.11M (Peak 66.34M) | Time:00:00.19 | Mem:1.50M, Peak:1.50M | Scene, ViewLayer | Updating Geometry BVH Cube.312 312/831 | Building BVH
Fra:1 Mem:42.11M (Peak 66.34M) | Time:00:00.19 | Mem:1.50M, Peak:1.50M | Scene, ViewLayer | Updating Geometry BVH Cube.313 313/831 | Building BVH
Fra:1 Mem:42.11M (Peak 66.34M) | Time:00:00.19 | Mem:1.50M, Peak:1.50M | Scene, ViewLayer | Updating Geometry BVH Cube.314 314/831 | Building BVH
Fra:1 Mem:42.11M (Peak 66.34M) | Time:00:00.19 | Mem:1.50M, Peak:1.50M | Scene, ViewLayer | Updating Geometry BVH Cube.803 803/831 | Building BVH
Fra:1 Mem:42.11M (Peak 66.34M) | Time:00:00.19 | Mem:1.51M, Peak:1.51M | Scene, ViewLayer | Updating Geometry BVH Cube.316 316/831 | Building BVH
Fra:1 Mem:42.11M (Peak 66.34M) | Time:00:00.19 | Mem:1.51M, Peak:1.51M | Scene, ViewLayer | Updating Geometry BVH Cube.317 317/831 | Building BVH
Fra:1 Mem:42.11M (Peak 66.34M) | Time:00:00.19 | Mem:1.51M, Peak:1.51M | Scene, ViewLayer | Updating Geometry BVH Cube.318 318/831 | Building BVH
Fra:1 Mem:42.11M (Peak 66.34M) | Time:00:00.19 | Mem:1.51M, Peak:1.51M | Scene, ViewLayer | Updating Geometry BVH Cube.319 319/831 | Building BVH
Fra:1 Mem:42.11M (Peak 66.34M) | Time:00:00.19 | Mem:1.51M, Peak:1.51M | Scene, ViewLayer | Updating Geometry BVH Cube.321 321/831 | Building BVH
Fra:1 Mem:42.11M (Peak 66.34M) | Time:00:00.19 | Mem:1.52M, Peak:1.52M | Scene, ViewLayer | Updating Geometry BVH Cube.802 802/831 | Building BVH
Fra:1 Mem:42.11M (Peak 66.34M) | Time:00:00.19 | Mem:1.52M, Peak:1.52M | Scene, ViewLayer | Updating Geometry BVH Cube.323 323/831 | Building BVH
Fra:1 Mem:42.11M (Peak 66.34M) | Time:00:00.19 | Mem:1.52M, Peak:1.52M | Scene, ViewLayer | Updating Geometry BVH Cube.324 324/831 | Building BVH
Fra:1 Mem:42.11M (Peak 66.34M) | Time:00:00.19 | Mem:1.52M, Peak:1.52M | Scene, ViewLayer | Updating Geometry BVH Cube.325 325/831 | Building BVH
Fra:1 Mem:42.11M (Peak 66.34M) | Time:00:00.19 | Mem:1.52M, Peak:1.52M | Scene, ViewLayer | Updating Geometry BVH Cube.326 326/831 | Building BVH
Fra:1 Mem:42.11M (Peak 66.34M) | Time:00:00.19 | Mem:1.52M, Peak:1.52M | Scene, ViewLayer | Updating Geometry BVH Cube.327 327/831 | Building BVH
Fra:1 Mem:42.11M (Peak 66.34M) | Time:00:00.19 | Mem:1.53M, Peak:1.53M | Scene, ViewLayer | Updating Geometry BVH Cube.328 328/831 | Building BVH
Fra:1 Mem:42.11M (Peak 66.34M) | Time:00:00.19 | Mem:1.53M, Peak:1.53M | Scene, ViewLayer | Updating Geometry BVH Cube.329 329/831 | Building BVH
Fra:1 Mem:42.11M (Peak 66.34M) | Time:00:00.19 | Mem:1.53M, Peak:1.53M | Scene, ViewLayer | Updating Geometry BVH Cube.801 801/831 | Building BVH
Fra:1 Mem:42.11M (Peak 66.34M) | Time:00:00.19 | Mem:1.53M, Peak:1.53M | Scene, ViewLayer | Updating Geometry BVH Cube.330 330/831 | Building BVH
Fra:1 Mem:42.11M (Peak 66.34M) | Time:00:00.19 | Mem:1.53M, Peak:1.53M | Scene, ViewLayer | Updating Geometry BVH Cube.331 331/831 | Building BVH
Fra:1 Mem:42.11M (Peak 66.34M) | Time:00:00.19 | Mem:1.53M, Peak:1.53M | Scene, ViewLayer | Updating Geometry BVH Cube.333 333/831 | Building BVH
Fra:1 Mem:42.11M (Peak 66.34M) | Time:00:00.19 | Mem:1.53M, Peak:1.53M | Scene, ViewLayer | Updating Geometry BVH Cube.334 334/831 | Building BVH
Fra:1 Mem:42.11M (Peak 66.34M) | Time:00:00.19 | Mem:1.53M, Peak:1.53M | Scene, ViewLayer | Updating Geometry BVH Cube.335 335/831 | Building BVH
Fra:1 Mem:42.11M (Peak 66.34M) | Time:00:00.19 | Mem:1.54M, Peak:1.54M | Scene, ViewLayer | Updating Geometry BVH Cube.336 336/831 | Building BVH
Fra:1 Mem:42.11M (Peak 66.34M) | Time:00:00.19 | Mem:1.54M, Peak:1.54M | Scene, ViewLayer | Updating Geometry BVH Cube.337 337/831 | Building BVH
Fra:1 Mem:42.11M (Peak 66.34M) | Time:00:00.19 | Mem:1.54M, Peak:1.54M | Scene, ViewLayer | Updating Geometry BVH Cube.338 338/831 | Building BVH
Fra:1 Mem:42.11M (Peak 66.34M) | Time:00:00.19 | Mem:1.54M, Peak:1.54M | Scene, ViewLayer | Updating Geometry BVH Cube.339 339/831 | Building BVH
Fra:1 Mem:42.11M (Peak 66.34M) | Time:00:00.19 | Mem:1.54M, Peak:1.54M | Scene, ViewLayer | Updating Geometry BVH Cube.340 340/831 | Building BVH
Fra:1 Mem:42.11M (Peak 66.34M) | Time:00:00.19 | Mem:1.54M, Peak:1.54M | Scene, ViewLayer | Updating Geometry BVH Cube.341 341/831 | Building BVH
Fra:1 Mem:42.11M (Peak 66.34M) | Time:00:00.19 | Mem:1.54M, Peak:1.54M | Scene, ViewLayer | Updating Geometry BVH Cube.342 342/831 | Building BVH
Fra:1 Mem:42.11M (Peak 66.34M) | Time:00:00.19 | Mem:1.55M, Peak:1.55M | Scene, ViewLayer | Updating Geometry BVH Cube.343 343/831 | Building BVH
Fra:1 Mem:42.11M (Peak 66.34M) | Time:00:00.19 | Mem:1.55M, Peak:1.55M | Scene, ViewLayer | Updating Geometry BVH Cube.344 344/831 | Building BVH
Fra:1 Mem:42.11M (Peak 66.34M) | Time:00:00.19 | Mem:1.55M, Peak:1.55M | Scene, ViewLayer | Updating Geometry BVH Cube.345 345/831 | Building BVH
Fra:1 Mem:42.11M (Peak 66.34M) | Time:00:00.19 | Mem:1.55M, Peak:1.55M | Scene, ViewLayer | Updating Geometry BVH Cube.346 346/831 | Building BVH
Fra:1 Mem:42.11M (Peak 66.34M) | Time:00:00.19 | Mem:1.55M, Peak:1.55M | Scene, ViewLayer | Updating Geometry BVH Cube.348 348/831 | Building BVH
Fra:1 Mem:42.11M (Peak 66.34M) | Time:00:00.19 | Mem:1.55M, Peak:1.55M | Scene, ViewLayer | Updating Geometry BVH Cube.349 349/831 | Building BVH
Fra:1 Mem:42.11M (Peak 66.34M) | Time:00:00.19 | Mem:1.56M, Peak:1.56M | Scene, ViewLayer | Updating Geometry BVH Cube.351 351/831 | Building BVH
Fra:1 Mem:42.11M (Peak 66.34M) | Time:00:00.19 | Mem:1.56M, Peak:1.56M | Scene, ViewLayer | Updating Geometry BVH Cube.352 352/831 | Building BVH
Fra:1 Mem:42.11M (Peak 66.34M) | Time:00:00.19 | Mem:1.56M, Peak:1.56M | Scene, ViewLayer | Updating Geometry BVH Cube.353 353/831 | Building BVH
Fra:1 Mem:42.11M (Peak 66.34M) | Time:00:00.19 | Mem:1.56M, Peak:1.56M | Scene, ViewLayer | Updating Geometry BVH Cube.354 354/831 | Building BVH
Fra:1 Mem:42.11M (Peak 66.34M) | Time:00:00.19 | Mem:1.56M, Peak:1.56M | Scene, ViewLayer | Updating Geometry BVH Cube.355 355/831 | Building BVH
Fra:1 Mem:42.11M (Peak 66.34M) | Time:00:00.19 | Mem:1.56M, Peak:1.56M | Scene, ViewLayer | Updating Geometry BVH Cube.356 356/831 | Building BVH
Fra:1 Mem:42.11M (Peak 66.34M) | Time:00:00.19 | Mem:1.57M, Peak:1.57M | Scene, ViewLayer | Updating Geometry BVH Cube.358 358/831 | Building BVH
Fra:1 Mem:42.11M (Peak 66.34M) | Time:00:00.19 | Mem:1.57M, Peak:1.57M | Scene, ViewLayer | Updating Geometry BVH Cube.359 359/831 | Building BVH
Fra:1 Mem:42.11M (Peak 66.34M) | Time:00:00.19 | Mem:1.57M, Peak:1.57M | Scene, ViewLayer | Updating Geometry BVH Cube.360 360/831 | Building BVH
Fra:1 Mem:42.11M (Peak 66.34M) | Time:00:00.19 | Mem:1.57M, Peak:1.57M | Scene, ViewLayer | Updating Geometry BVH Cube.361 361/831 | Building BVH
Fra:1 Mem:42.11M (Peak 66.34M) | Time:00:00.19 | Mem:1.57M, Peak:1.57M | Scene, ViewLayer | Updating Geometry BVH Cube.362 362/831 | Building BVH
Fra:1 Mem:42.11M (Peak 66.34M) | Time:00:00.19 | Mem:1.57M, Peak:1.57M | Scene, ViewLayer | Updating Geometry BVH Cube.363 363/831 | Building BVH
Fra:1 Mem:42.11M (Peak 66.34M) | Time:00:00.19 | Mem:1.57M, Peak:1.57M | Scene, ViewLayer | Updating Geometry BVH Cube.364 364/831 | Building BVH
Fra:1 Mem:42.11M (Peak 66.34M) | Time:00:00.19 | Mem:1.58M, Peak:1.58M | Scene, ViewLayer | Updating Geometry BVH Cube.365 365/831 | Building BVH
Fra:1 Mem:42.11M (Peak 66.34M) | Time:00:00.19 | Mem:1.58M, Peak:1.58M | Scene, ViewLayer | Updating Geometry BVH Cube.366 366/831 | Building BVH
Fra:1 Mem:42.11M (Peak 66.34M) | Time:00:00.19 | Mem:1.58M, Peak:1.58M | Scene, ViewLayer | Updating Geometry BVH Cube.367 367/831 | Building BVH
Fra:1 Mem:42.11M (Peak 66.34M) | Time:00:00.19 | Mem:1.58M, Peak:1.58M | Scene, ViewLayer | Updating Geometry BVH Cube.369 369/831 | Building BVH
Fra:1 Mem:42.11M (Peak 66.34M) | Time:00:00.19 | Mem:1.58M, Peak:1.58M | Scene, ViewLayer | Updating Geometry BVH Cube.371 371/831 | Building BVH
Fra:1 Mem:42.11M (Peak 66.34M) | Time:00:00.19 | Mem:1.59M, Peak:1.59M | Scene, ViewLayer | Updating Geometry BVH Cube.372 372/831 | Building BVH
Fra:1 Mem:42.11M (Peak 66.34M) | Time:00:00.19 | Mem:1.59M, Peak:1.59M | Scene, ViewLayer | Updating Geometry BVH Cube.373 373/831 | Building BVH
Fra:1 Mem:42.11M (Peak 66.34M) | Time:00:00.19 | Mem:1.59M, Peak:1.59M | Scene, ViewLayer | Updating Geometry BVH Cube.374 374/831 | Building BVH
Fra:1 Mem:42.11M (Peak 66.34M) | Time:00:00.19 | Mem:1.59M, Peak:1.59M | Scene, ViewLayer | Updating Geometry BVH Cube.800 800/831 | Building BVH
Fra:1 Mem:42.11M (Peak 66.34M) | Time:00:00.19 | Mem:1.59M, Peak:1.59M | Scene, ViewLayer | Updating Geometry BVH Cube.799 799/831 | Building BVH
Fra:1 Mem:42.11M (Peak 66.34M) | Time:00:00.19 | Mem:1.59M, Peak:1.59M | Scene, ViewLayer | Updating Geometry BVH Cube.376 376/831 | Building BVH
Fra:1 Mem:42.11M (Peak 66.34M) | Time:00:00.19 | Mem:1.59M, Peak:1.60M | Scene, ViewLayer | Updating Geometry BVH Cube.377 377/831 | Building BVH
Fra:1 Mem:42.11M (Peak 66.34M) | Time:00:00.19 | Mem:1.59M, Peak:1.60M | Scene, ViewLayer | Updating Geometry BVH Cube.378 378/831 | Building BVH
Fra:1 Mem:42.11M (Peak 66.34M) | Time:00:00.19 | Mem:1.60M, Peak:1.60M | Scene, ViewLayer | Updating Geometry BVH Cube.379 379/831 | Building BVH
Fra:1 Mem:42.11M (Peak 66.34M) | Time:00:00.19 | Mem:1.60M, Peak:1.60M | Scene, ViewLayer | Updating Geometry BVH Cube.380 380/831 | Building BVH
Fra:1 Mem:42.11M (Peak 66.34M) | Time:00:00.19 | Mem:1.60M, Peak:1.60M | Scene, ViewLayer | Updating Geometry BVH Cube.381 381/831 | Building BVH
Fra:1 Mem:42.11M (Peak 66.34M) | Time:00:00.19 | Mem:1.60M, Peak:1.60M | Scene, ViewLayer | Updating Geometry BVH Cube.382 382/831 | Building BVH
Fra:1 Mem:42.11M (Peak 66.34M) | Time:00:00.19 | Mem:1.60M, Peak:1.60M | Scene, ViewLayer | Updating Geometry BVH Cube.384 384/831 | Building BVH
Fra:1 Mem:42.11M (Peak 66.34M) | Time:00:00.19 | Mem:1.60M, Peak:1.60M | Scene, ViewLayer | Updating Geometry BVH Cube.383 383/831 | Building BVH
Fra:1 Mem:42.11M (Peak 66.34M) | Time:00:00.19 | Mem:1.60M, Peak:1.60M | Scene, ViewLayer | Updating Geometry BVH Cube.385 385/831 | Building BVH
Fra:1 Mem:42.11M (Peak 66.34M) | Time:00:00.19 | Mem:1.61M, Peak:1.61M | Scene, ViewLayer | Updating Geometry BVH Cube.386 386/831 | Building BVH
Fra:1 Mem:42.11M (Peak 66.34M) | Time:00:00.19 | Mem:1.61M, Peak:1.61M | Scene, ViewLayer | Updating Geometry BVH Cube.388 388/831 | Building BVH
Fra:1 Mem:42.11M (Peak 66.34M) | Time:00:00.19 | Mem:1.61M, Peak:1.61M | Scene, ViewLayer | Updating Geometry BVH Cube.389 389/831 | Building BVH
Fra:1 Mem:42.11M (Peak 66.34M) | Time:00:00.19 | Mem:1.61M, Peak:1.61M | Scene, ViewLayer | Updating Geometry BVH Cube.798 798/831 | Building BVH
Fra:1 Mem:42.11M (Peak 66.34M) | Time:00:00.19 | Mem:1.61M, Peak:1.61M | Scene, ViewLayer | Updating Geometry BVH Cube.391 391/831 | Building BVH
Fra:1 Mem:42.11M (Peak 66.34M) | Time:00:00.19 | Mem:1.62M, Peak:1.62M | Scene, ViewLayer | Updating Geometry BVH Cube.393 393/831 | Building BVH
Fra:1 Mem:42.11M (Peak 66.34M) | Time:00:00.19 | Mem:1.62M, Peak:1.62M | Scene, ViewLayer | Updating Geometry BVH Cube.394 394/831 | Building BVH
Fra:1 Mem:42.11M (Peak 66.34M) | Time:00:00.19 | Mem:1.62M, Peak:1.62M | Scene, ViewLayer | Updating Geometry BVH Cube.396 396/831 | Building BVH
Fra:1 Mem:42.11M (Peak 66.34M) | Time:00:00.19 | Mem:1.62M, Peak:1.62M | Scene, ViewLayer | Updating Geometry BVH Cube.398 398/831 | Building BVH
Fra:1 Mem:42.11M (Peak 66.34M) | Time:00:00.19 | Mem:1.63M, Peak:1.63M | Scene, ViewLayer | Updating Geometry BVH Cube.399 399/831 | Building BVH
Fra:1 Mem:42.11M (Peak 66.34M) | Time:00:00.19 | Mem:1.63M, Peak:1.63M | Scene, ViewLayer | Updating Geometry BVH Cube.401 401/831 | Building BVH
Fra:1 Mem:42.11M (Peak 66.34M) | Time:00:00.19 | Mem:1.63M, Peak:1.63M | Scene, ViewLayer | Updating Geometry BVH Cube.402 402/831 | Building BVH
Fra:1 Mem:42.11M (Peak 66.34M) | Time:00:00.19 | Mem:1.63M, Peak:1.63M | Scene, ViewLayer | Updating Geometry BVH Cube.404 404/831 | Building BVH
Fra:1 Mem:42.11M (Peak 66.34M) | Time:00:00.19 | Mem:1.63M, Peak:1.63M | Scene, ViewLayer | Updating Geometry BVH Cube.405 405/831 | Building BVH
Fra:1 Mem:42.11M (Peak 66.34M) | Time:00:00.19 | Mem:1.63M, Peak:1.63M | Scene, ViewLayer | Updating Geometry BVH Cube.406 406/831 | Building BVH
Fra:1 Mem:42.11M (Peak 66.34M) | Time:00:00.19 | Mem:1.64M, Peak:1.64M | Scene, ViewLayer | Updating Geometry BVH Cube.797 797/831 | Building BVH
Fra:1 Mem:42.11M (Peak 66.34M) | Time:00:00.19 | Mem:1.64M, Peak:1.64M | Scene, ViewLayer | Updating Geometry BVH Cube.407 407/831 | Building BVH
Fra:1 Mem:42.11M (Peak 66.34M) | Time:00:00.19 | Mem:1.64M, Peak:1.64M | Scene, ViewLayer | Updating Geometry BVH Cube.796 796/831 | Building BVH
Fra:1 Mem:42.11M (Peak 66.34M) | Time:00:00.19 | Mem:1.64M, Peak:1.64M | Scene, ViewLayer | Updating Geometry BVH Cube.408 408/831 | Building BVH
Fra:1 Mem:42.11M (Peak 66.34M) | Time:00:00.19 | Mem:1.64M, Peak:1.64M | Scene, ViewLayer | Updating Geometry BVH Cube.409 409/831 | Building BVH
Fra:1 Mem:42.11M (Peak 66.34M) | Time:00:00.19 | Mem:1.64M, Peak:1.64M | Scene, ViewLayer | Updating Geometry BVH Cube.410 410/831 | Building BVH
Fra:1 Mem:42.11M (Peak 66.34M) | Time:00:00.19 | Mem:1.64M, Peak:1.65M | Scene, ViewLayer | Updating Geometry BVH Cube.412 412/831 | Building BVH
Fra:1 Mem:42.11M (Peak 66.34M) | Time:00:00.19 | Mem:1.65M, Peak:1.65M | Scene, ViewLayer | Updating Geometry BVH Cube.413 413/831 | Building BVH
Fra:1 Mem:42.11M (Peak 66.34M) | Time:00:00.19 | Mem:1.65M, Peak:1.65M | Scene, ViewLayer | Updating Geometry BVH Cube.414 414/831 | Building BVH
Fra:1 Mem:42.11M (Peak 66.34M) | Time:00:00.19 | Mem:1.65M, Peak:1.65M | Scene, ViewLayer | Updating Geometry BVH Cube.415 415/831 | Building BVH
Fra:1 Mem:42.11M (Peak 66.34M) | Time:00:00.19 | Mem:1.65M, Peak:1.65M | Scene, ViewLayer | Updating Geometry BVH Cube.416 416/831 | Building BVH
Fra:1 Mem:42.11M (Peak 66.34M) | Time:00:00.19 | Mem:1.65M, Peak:1.65M | Scene, ViewLayer | Updating Geometry BVH Cube.795 795/831 | Building BVH
Fra:1 Mem:42.11M (Peak 66.34M) | Time:00:00.19 | Mem:1.65M, Peak:1.65M | Scene, ViewLayer | Updating Geometry BVH Cube.417 417/831 | Building BVH
Fra:1 Mem:42.11M (Peak 66.34M) | Time:00:00.19 | Mem:1.65M, Peak:1.65M | Scene, ViewLayer | Updating Geometry BVH Cube.418 418/831 | Building BVH
Fra:1 Mem:42.11M (Peak 66.34M) | Time:00:00.19 | Mem:1.66M, Peak:1.66M | Scene, ViewLayer | Updating Geometry BVH Cube.419 419/831 | Building BVH
Fra:1 Mem:42.11M (Peak 66.34M) | Time:00:00.19 | Mem:1.66M, Peak:1.66M | Scene, ViewLayer | Updating Geometry BVH Cube.420 420/831 | Building BVH
Fra:1 Mem:42.11M (Peak 66.34M) | Time:00:00.19 | Mem:1.66M, Peak:1.66M | Scene, ViewLayer | Updating Geometry BVH Cube.421 421/831 | Building BVH
Fra:1 Mem:42.11M (Peak 66.34M) | Time:00:00.19 | Mem:1.66M, Peak:1.66M | Scene, ViewLayer | Updating Geometry BVH Cube.422 422/831 | Building BVH
Fra:1 Mem:42.11M (Peak 66.34M) | Time:00:00.19 | Mem:1.66M, Peak:1.66M | Scene, ViewLayer | Updating Geometry BVH Cube.423 423/831 | Building BVH
Fra:1 Mem:42.11M (Peak 66.34M) | Time:00:00.19 | Mem:1.66M, Peak:1.66M | Scene, ViewLayer | Updating Geometry BVH Cube.424 424/831 | Building BVH
Fra:1 Mem:42.11M (Peak 66.34M) | Time:00:00.19 | Mem:1.67M, Peak:1.67M | Scene, ViewLayer | Updating Geometry BVH Cube.425 425/831 | Building BVH
Fra:1 Mem:42.11M (Peak 66.34M) | Time:00:00.19 | Mem:1.67M, Peak:1.67M | Scene, ViewLayer | Updating Geometry BVH Cube.427 427/831 | Building BVH
Fra:1 Mem:42.11M (Peak 66.34M) | Time:00:00.19 | Mem:1.67M, Peak:1.67M | Scene, ViewLayer | Updating Geometry BVH Cube.428 428/831 | Building BVH
Fra:1 Mem:42.11M (Peak 66.34M) | Time:00:00.19 | Mem:1.67M, Peak:1.67M | Scene, ViewLayer | Updating Geometry BVH Cube.429 429/831 | Building BVH
Fra:1 Mem:42.11M (Peak 66.34M) | Time:00:00.19 | Mem:1.67M, Peak:1.67M | Scene, ViewLayer | Updating Geometry BVH Cube.794 794/831 | Building BVH
Fra:1 Mem:42.11M (Peak 66.34M) | Time:00:00.19 | Mem:1.67M, Peak:1.67M | Scene, ViewLayer | Updating Geometry BVH Cube.793 793/831 | Building BVH
Fra:1 Mem:42.11M (Peak 66.34M) | Time:00:00.19 | Mem:1.67M, Peak:1.67M | Scene, ViewLayer | Updating Geometry BVH Cube.792 792/831 | Building BVH
Fra:1 Mem:42.11M (Peak 66.34M) | Time:00:00.19 | Mem:1.68M, Peak:1.68M | Scene, ViewLayer | Updating Geometry BVH Cube.430 430/831 | Building BVH
Fra:1 Mem:42.11M (Peak 66.34M) | Time:00:00.19 | Mem:1.68M, Peak:1.68M | Scene, ViewLayer | Updating Geometry BVH Cube.431 431/831 | Building BVH
Fra:1 Mem:42.11M (Peak 66.34M) | Time:00:00.19 | Mem:1.68M, Peak:1.68M | Scene, ViewLayer | Updating Geometry BVH Cube.432 432/831 | Building BVH
Fra:1 Mem:42.11M (Peak 66.34M) | Time:00:00.19 | Mem:1.68M, Peak:1.68M | Scene, ViewLayer | Updating Geometry BVH Cube.434 434/831 | Building BVH
Fra:1 Mem:42.11M (Peak 66.34M) | Time:00:00.19 | Mem:1.68M, Peak:1.68M | Scene, ViewLayer | Updating Geometry BVH Cube.435 435/831 | Building BVH
Fra:1 Mem:42.11M (Peak 66.34M) | Time:00:00.19 | Mem:1.68M, Peak:1.68M | Scene, ViewLayer | Updating Geometry BVH Cube.436 436/831 | Building BVH
Fra:1 Mem:42.11M (Peak 66.34M) | Time:00:00.19 | Mem:1.68M, Peak:1.69M | Scene, ViewLayer | Updating Geometry BVH Cube.437 437/831 | Building BVH
Fra:1 Mem:42.11M (Peak 66.34M) | Time:00:00.19 | Mem:1.69M, Peak:1.69M | Scene, ViewLayer | Updating Geometry BVH Cube.438 438/831 | Building BVH
Fra:1 Mem:42.11M (Peak 66.34M) | Time:00:00.19 | Mem:1.69M, Peak:1.69M | Scene, ViewLayer | Updating Geometry BVH Cube.439 439/831 | Building BVH
Fra:1 Mem:42.11M (Peak 66.34M) | Time:00:00.19 | Mem:1.69M, Peak:1.69M | Scene, ViewLayer | Updating Geometry BVH Cube.440 440/831 | Building BVH
Fra:1 Mem:42.11M (Peak 66.34M) | Time:00:00.19 | Mem:1.69M, Peak:1.69M | Scene, ViewLayer | Updating Geometry BVH Cube.441 441/831 | Building BVH
Fra:1 Mem:42.11M (Peak 66.34M) | Time:00:00.19 | Mem:1.69M, Peak:1.69M | Scene, ViewLayer | Updating Geometry BVH Cube.442 442/831 | Building BVH
Fra:1 Mem:42.11M (Peak 66.34M) | Time:00:00.19 | Mem:1.69M, Peak:1.69M | Scene, ViewLayer | Updating Geometry BVH Cube.443 443/831 | Building BVH
Fra:1 Mem:42.11M (Peak 66.34M) | Time:00:00.19 | Mem:1.69M, Peak:1.69M | Scene, ViewLayer | Updating Geometry BVH Cube.444 444/831 | Building BVH
Fra:1 Mem:42.11M (Peak 66.34M) | Time:00:00.19 | Mem:1.70M, Peak:1.70M | Scene, ViewLayer | Updating Geometry BVH Cube.445 445/831 | Building BVH
Fra:1 Mem:42.11M (Peak 66.34M) | Time:00:00.19 | Mem:1.70M, Peak:1.70M | Scene, ViewLayer | Updating Geometry BVH Cube.446 446/831 | Building BVH
Fra:1 Mem:42.11M (Peak 66.34M) | Time:00:00.19 | Mem:1.70M, Peak:1.70M | Scene, ViewLayer | Updating Geometry BVH Cube.447 447/831 | Building BVH
Fra:1 Mem:42.11M (Peak 66.34M) | Time:00:00.19 | Mem:1.70M, Peak:1.70M | Scene, ViewLayer | Updating Geometry BVH Cube.448 448/831 | Building BVH
Fra:1 Mem:42.11M (Peak 66.34M) | Time:00:00.19 | Mem:1.70M, Peak:1.70M | Scene, ViewLayer | Updating Geometry BVH Cube.449 449/831 | Building BVH
Fra:1 Mem:42.11M (Peak 66.34M) | Time:00:00.19 | Mem:1.70M, Peak:1.70M | Scene, ViewLayer | Updating Geometry BVH Cube.450 450/831 | Building BVH
Fra:1 Mem:42.11M (Peak 66.34M) | Time:00:00.19 | Mem:1.70M, Peak:1.70M | Scene, ViewLayer | Updating Geometry BVH Cube.451 451/831 | Building BVH
Fra:1 Mem:42.11M (Peak 66.34M) | Time:00:00.19 | Mem:1.70M, Peak:1.70M | Scene, ViewLayer | Updating Geometry BVH Cube.452 452/831 | Building BVH
Fra:1 Mem:42.11M (Peak 66.34M) | Time:00:00.19 | Mem:1.71M, Peak:1.71M | Scene, ViewLayer | Updating Geometry BVH Cube.453 453/831 | Building BVH
Fra:1 Mem:42.11M (Peak 66.34M) | Time:00:00.19 | Mem:1.71M, Peak:1.71M | Scene, ViewLayer | Updating Geometry BVH Cube.455 455/831 | Building BVH
Fra:1 Mem:42.11M (Peak 66.34M) | Time:00:00.19 | Mem:1.71M, Peak:1.71M | Scene, ViewLayer | Updating Geometry BVH Cube.456 456/831 | Building BVH
Fra:1 Mem:42.11M (Peak 66.34M) | Time:00:00.19 | Mem:1.71M, Peak:1.71M | Scene, ViewLayer | Updating Geometry BVH Cube.457 457/831 | Building BVH
Fra:1 Mem:42.11M (Peak 66.34M) | Time:00:00.19 | Mem:1.71M, Peak:1.71M | Scene, ViewLayer | Updating Geometry BVH Cube.458 458/831 | Building BVH
Fra:1 Mem:42.11M (Peak 66.34M) | Time:00:00.19 | Mem:1.71M, Peak:1.71M | Scene, ViewLayer | Updating Geometry BVH Cube.459 459/831 | Building BVH
Fra:1 Mem:42.11M (Peak 66.34M) | Time:00:00.19 | Mem:1.71M, Peak:1.71M | Scene, ViewLayer | Updating Geometry BVH Cube.791 791/831 | Building BVH
Fra:1 Mem:42.11M (Peak 66.34M) | Time:00:00.19 | Mem:1.72M, Peak:1.72M | Scene, ViewLayer | Updating Geometry BVH Cube.460 460/831 | Building BVH
Fra:1 Mem:42.11M (Peak 66.34M) | Time:00:00.19 | Mem:1.72M, Peak:1.72M | Scene, ViewLayer | Updating Geometry BVH Cube.461 461/831 | Building BVH
Fra:1 Mem:42.11M (Peak 66.34M) | Time:00:00.19 | Mem:1.72M, Peak:1.72M | Scene, ViewLayer | Updating Geometry BVH Cube.462 462/831 | Building BVH
Fra:1 Mem:42.11M (Peak 66.34M) | Time:00:00.19 | Mem:1.72M, Peak:1.72M | Scene, ViewLayer | Updating Geometry BVH Cube.463 463/831 | Building BVH
Fra:1 Mem:42.11M (Peak 66.34M) | Time:00:00.19 | Mem:1.72M, Peak:1.72M | Scene, ViewLayer | Updating Geometry BVH Cube.464 464/831 | Building BVH
Fra:1 Mem:42.11M (Peak 66.34M) | Time:00:00.19 | Mem:1.72M, Peak:1.72M | Scene, ViewLayer | Updating Geometry BVH Cube.465 465/831 | Building BVH
Fra:1 Mem:42.11M (Peak 66.34M) | Time:00:00.19 | Mem:1.72M, Peak:1.72M | Scene, ViewLayer | Updating Geometry BVH Cube.466 466/831 | Building BVH
Fra:1 Mem:42.11M (Peak 66.34M) | Time:00:00.19 | Mem:1.73M, Peak:1.73M | Scene, ViewLayer | Updating Geometry BVH Cube.790 790/831 | Building BVH
Fra:1 Mem:42.11M (Peak 66.34M) | Time:00:00.19 | Mem:1.73M, Peak:1.73M | Scene, ViewLayer | Updating Geometry BVH Cube.467 467/831 | Building BVH
Fra:1 Mem:42.11M (Peak 66.34M) | Time:00:00.19 | Mem:1.73M, Peak:1.73M | Scene, ViewLayer | Updating Geometry BVH Cube.789 789/831 | Building BVH
Fra:1 Mem:42.11M (Peak 66.34M) | Time:00:00.19 | Mem:1.73M, Peak:1.73M | Scene, ViewLayer | Updating Geometry BVH Cube.788 788/831 | Building BVH
Fra:1 Mem:42.11M (Peak 66.34M) | Time:00:00.19 | Mem:1.73M, Peak:1.73M | Scene, ViewLayer | Updating Geometry BVH Cube.468 468/831 | Building BVH
Fra:1 Mem:42.11M (Peak 66.34M) | Time:00:00.19 | Mem:1.73M, Peak:1.73M | Scene, ViewLayer | Updating Geometry BVH Cube.469 469/831 | Building BVH
Fra:1 Mem:42.11M (Peak 66.34M) | Time:00:00.19 | Mem:1.73M, Peak:1.73M | Scene, ViewLayer | Updating Geometry BVH Cube.470 470/831 | Building BVH
Fra:1 Mem:42.11M (Peak 66.34M) | Time:00:00.19 | Mem:1.74M, Peak:1.74M | Scene, ViewLayer | Updating Geometry BVH Cube.471 471/831 | Building BVH
Fra:1 Mem:42.11M (Peak 66.34M) | Time:00:00.19 | Mem:1.74M, Peak:1.74M | Scene, ViewLayer | Updating Geometry BVH Cube.472 472/831 | Building BVH
Fra:1 Mem:42.11M (Peak 66.34M) | Time:00:00.19 | Mem:1.74M, Peak:1.74M | Scene, ViewLayer | Updating Geometry BVH Cube.474 474/831 | Building BVH
Fra:1 Mem:42.11M (Peak 66.34M) | Time:00:00.19 | Mem:1.74M, Peak:1.74M | Scene, ViewLayer | Updating Geometry BVH Cube.475 475/831 | Building BVH
Fra:1 Mem:42.11M (Peak 66.34M) | Time:00:00.19 | Mem:1.74M, Peak:1.74M | Scene, ViewLayer | Updating Geometry BVH Cube.476 476/831 | Building BVH
Fra:1 Mem:42.11M (Peak 66.34M) | Time:00:00.19 | Mem:1.74M, Peak:1.74M | Scene, ViewLayer | Updating Geometry BVH Cube.477 477/831 | Building BVH
Fra:1 Mem:42.11M (Peak 66.34M) | Time:00:00.19 | Mem:1.75M, Peak:1.75M | Scene, ViewLayer | Updating Geometry BVH Cube.478 478/831 | Building BVH
Fra:1 Mem:42.11M (Peak 66.34M) | Time:00:00.19 | Mem:1.75M, Peak:1.75M | Scene, ViewLayer | Updating Geometry BVH Cube.480 480/831 | Building BVH
Fra:1 Mem:42.11M (Peak 66.34M) | Time:00:00.19 | Mem:1.75M, Peak:1.75M | Scene, ViewLayer | Updating Geometry BVH Cube.481 481/831 | Building BVH
Fra:1 Mem:42.11M (Peak 66.34M) | Time:00:00.19 | Mem:1.75M, Peak:1.75M | Scene, ViewLayer | Updating Geometry BVH Cube.787 787/831 | Building BVH
Fra:1 Mem:42.11M (Peak 66.34M) | Time:00:00.19 | Mem:1.75M, Peak:1.75M | Scene, ViewLayer | Updating Geometry BVH Cube.482 482/831 | Building BVH
Fra:1 Mem:42.11M (Peak 66.34M) | Time:00:00.19 | Mem:1.75M, Peak:1.75M | Scene, ViewLayer | Updating Geometry BVH Cube.483 483/831 | Building BVH
Fra:1 Mem:42.11M (Peak 66.34M) | Time:00:00.19 | Mem:1.75M, Peak:1.75M | Scene, ViewLayer | Updating Geometry BVH Cube.484 484/831 | Building BVH
Fra:1 Mem:42.11M (Peak 66.34M) | Time:00:00.19 | Mem:1.75M, Peak:1.76M | Scene, ViewLayer | Updating Geometry BVH Cube.485 485/831 | Building BVH
Fra:1 Mem:42.11M (Peak 66.34M) | Time:00:00.19 | Mem:1.76M, Peak:1.76M | Scene, ViewLayer | Updating Geometry BVH Cube.486 486/831 | Building BVH
Fra:1 Mem:42.11M (Peak 66.34M) | Time:00:00.19 | Mem:1.76M, Peak:1.76M | Scene, ViewLayer | Updating Geometry BVH Cube.487 487/831 | Building BVH
Fra:1 Mem:42.11M (Peak 66.34M) | Time:00:00.19 | Mem:1.76M, Peak:1.76M | Scene, ViewLayer | Updating Geometry BVH Cube.488 488/831 | Building BVH
Fra:1 Mem:42.11M (Peak 66.34M) | Time:00:00.19 | Mem:1.76M, Peak:1.76M | Scene, ViewLayer | Updating Geometry BVH Cube.489 489/831 | Building BVH
Fra:1 Mem:42.11M (Peak 66.34M) | Time:00:00.19 | Mem:1.76M, Peak:1.76M | Scene, ViewLayer | Updating Geometry BVH Cube.490 490/831 | Building BVH
Fra:1 Mem:42.11M (Peak 66.34M) | Time:00:00.19 | Mem:1.76M, Peak:1.76M | Scene, ViewLayer | Updating Geometry BVH Cube.492 492/831 | Building BVH
Fra:1 Mem:42.11M (Peak 66.34M) | Time:00:00.19 | Mem:1.77M, Peak:1.77M | Scene, ViewLayer | Updating Geometry BVH Cube.493 493/831 | Building BVH
Fra:1 Mem:42.11M (Peak 66.34M) | Time:00:00.19 | Mem:1.77M, Peak:1.77M | Scene, ViewLayer | Updating Geometry BVH Cube.494 494/831 | Building BVH
Fra:1 Mem:42.11M (Peak 66.34M) | Time:00:00.19 | Mem:1.77M, Peak:1.77M | Scene, ViewLayer | Updating Geometry BVH Cube.495 495/831 | Building BVH
Fra:1 Mem:42.11M (Peak 66.34M) | Time:00:00.19 | Mem:1.77M, Peak:1.77M | Scene, ViewLayer | Updating Geometry BVH Cube.496 496/831 | Building BVH
Fra:1 Mem:42.11M (Peak 66.34M) | Time:00:00.19 | Mem:1.77M, Peak:1.77M | Scene, ViewLayer | Updating Geometry BVH Cube.497 497/831 | Building BVH
Fra:1 Mem:42.11M (Peak 66.34M) | Time:00:00.19 | Mem:1.77M, Peak:1.77M | Scene, ViewLayer | Updating Geometry BVH Cube.498 498/831 | Building BVH
Fra:1 Mem:42.11M (Peak 66.34M) | Time:00:00.19 | Mem:1.77M, Peak:1.78M | Scene, ViewLayer | Updating Geometry BVH Cube.499 499/831 | Building BVH
Fra:1 Mem:42.11M (Peak 66.34M) | Time:00:00.19 | Mem:1.78M, Peak:1.78M | Scene, ViewLayer | Updating Geometry BVH Cube.500 500/831 | Building BVH
Fra:1 Mem:42.11M (Peak 66.34M) | Time:00:00.19 | Mem:1.78M, Peak:1.78M | Scene, ViewLayer | Updating Geometry BVH Cube.501 501/831 | Building BVH
Fra:1 Mem:42.11M (Peak 66.34M) | Time:00:00.19 | Mem:1.78M, Peak:1.78M | Scene, ViewLayer | Updating Geometry BVH Cube.786 786/831 | Building BVH
Fra:1 Mem:42.11M (Peak 66.34M) | Time:00:00.19 | Mem:1.78M, Peak:1.78M | Scene, ViewLayer | Updating Geometry BVH Cube.502 502/831 | Building BVH
Fra:1 Mem:42.11M (Peak 66.34M) | Time:00:00.19 | Mem:1.78M, Peak:1.78M | Scene, ViewLayer | Updating Geometry BVH Cube.503 503/831 | Building BVH
Fra:1 Mem:42.11M (Peak 66.34M) | Time:00:00.19 | Mem:1.78M, Peak:1.78M | Scene, ViewLayer | Updating Geometry BVH Cube.504 504/831 | Building BVH
Fra:1 Mem:42.11M (Peak 66.34M) | Time:00:00.19 | Mem:1.78M, Peak:1.78M | Scene, ViewLayer | Updating Geometry BVH Cube.505 505/831 | Building BVH
Fra:1 Mem:42.11M (Peak 66.34M) | Time:00:00.19 | Mem:1.79M, Peak:1.79M | Scene, ViewLayer | Updating Geometry BVH Cube.506 506/831 | Building BVH
Fra:1 Mem:42.11M (Peak 66.34M) | Time:00:00.19 | Mem:1.79M, Peak:1.79M | Scene, ViewLayer | Updating Geometry BVH Cube.507 507/831 | Building BVH
Fra:1 Mem:42.11M (Peak 66.34M) | Time:00:00.19 | Mem:1.79M, Peak:1.79M | Scene, ViewLayer | Updating Geometry BVH Cube.508 508/831 | Building BVH
Fra:1 Mem:42.11M (Peak 66.34M) | Time:00:00.19 | Mem:1.79M, Peak:1.79M | Scene, ViewLayer | Updating Geometry BVH Cube.509 509/831 | Building BVH
Fra:1 Mem:42.11M (Peak 66.34M) | Time:00:00.19 | Mem:1.79M, Peak:1.79M | Scene, ViewLayer | Updating Geometry BVH Cube.511 511/831 | Building BVH
Fra:1 Mem:42.11M (Peak 66.34M) | Time:00:00.19 | Mem:1.80M, Peak:1.80M | Scene, ViewLayer | Updating Geometry BVH Cube.513 513/831 | Building BVH
Fra:1 Mem:42.11M (Peak 66.34M) | Time:00:00.19 | Mem:1.80M, Peak:1.80M | Scene, ViewLayer | Updating Geometry BVH Cube.515 515/831 | Building BVH
Fra:1 Mem:42.11M (Peak 66.34M) | Time:00:00.19 | Mem:1.80M, Peak:1.80M | Scene, ViewLayer | Updating Geometry BVH Cube.516 516/831 | Building BVH
Fra:1 Mem:42.11M (Peak 66.34M) | Time:00:00.19 | Mem:1.80M, Peak:1.80M | Scene, ViewLayer | Updating Geometry BVH Cube.517 517/831 | Building BVH
Fra:1 Mem:42.11M (Peak 66.34M) | Time:00:00.19 | Mem:1.80M, Peak:1.80M | Scene, ViewLayer | Updating Geometry BVH Cube.518 518/831 | Building BVH
Fra:1 Mem:42.11M (Peak 66.34M) | Time:00:00.19 | Mem:1.80M, Peak:1.80M | Scene, ViewLayer | Updating Geometry BVH Cube.519 519/831 | Building BVH
Fra:1 Mem:42.11M (Peak 66.34M) | Time:00:00.19 | Mem:1.80M, Peak:1.80M | Scene, ViewLayer | Updating Geometry BVH Cube.520 520/831 | Building BVH
Fra:1 Mem:42.11M (Peak 66.34M) | Time:00:00.19 | Mem:1.80M, Peak:1.80M | Scene, ViewLayer | Updating Geometry BVH Cube.521 521/831 | Building BVH
Fra:1 Mem:42.11M (Peak 66.34M) | Time:00:00.19 | Mem:1.81M, Peak:1.81M | Scene, ViewLayer | Updating Geometry BVH Cube.522 522/831 | Building BVH
Fra:1 Mem:42.11M (Peak 66.34M) | Time:00:00.19 | Mem:1.81M, Peak:1.81M | Scene, ViewLayer | Updating Geometry BVH Cube.523 523/831 | Building BVH
Fra:1 Mem:42.11M (Peak 66.34M) | Time:00:00.19 | Mem:1.81M, Peak:1.81M | Scene, ViewLayer | Updating Geometry BVH Cube.524 524/831 | Building BVH
Fra:1 Mem:42.11M (Peak 66.34M) | Time:00:00.19 | Mem:1.81M, Peak:1.81M | Scene, ViewLayer | Updating Geometry BVH Cube.525 525/831 | Building BVH
Fra:1 Mem:42.11M (Peak 66.34M) | Time:00:00.19 | Mem:1.81M, Peak:1.81M | Scene, ViewLayer | Updating Geometry BVH Cube.526 526/831 | Building BVH
Fra:1 Mem:42.11M (Peak 66.34M) | Time:00:00.19 | Mem:1.81M, Peak:1.81M | Scene, ViewLayer | Updating Geometry BVH Cube.527 527/831 | Building BVH
Fra:1 Mem:42.11M (Peak 66.34M) | Time:00:00.19 | Mem:1.81M, Peak:1.81M | Scene, ViewLayer | Updating Geometry BVH Cube.528 528/831 | Building BVH
Fra:1 Mem:42.11M (Peak 66.34M) | Time:00:00.19 | Mem:1.82M, Peak:1.82M | Scene, ViewLayer | Updating Geometry BVH Cube.529 529/831 | Building BVH
Fra:1 Mem:42.11M (Peak 66.34M) | Time:00:00.19 | Mem:1.82M, Peak:1.82M | Scene, ViewLayer | Updating Geometry BVH Cube.530 530/831 | Building BVH
Fra:1 Mem:42.11M (Peak 66.34M) | Time:00:00.19 | Mem:1.82M, Peak:1.82M | Scene, ViewLayer | Updating Geometry BVH Cube.531 531/831 | Building BVH
Fra:1 Mem:42.11M (Peak 66.34M) | Time:00:00.19 | Mem:1.82M, Peak:1.82M | Scene, ViewLayer | Updating Geometry BVH Cube.532 532/831 | Building BVH
Fra:1 Mem:42.11M (Peak 66.34M) | Time:00:00.19 | Mem:1.82M, Peak:1.82M | Scene, ViewLayer | Updating Geometry BVH Cube.533 533/831 | Building BVH
Fra:1 Mem:42.11M (Peak 66.34M) | Time:00:00.19 | Mem:1.82M, Peak:1.82M | Scene, ViewLayer | Updating Geometry BVH Cube.534 534/831 | Building BVH
Fra:1 Mem:42.11M (Peak 66.34M) | Time:00:00.19 | Mem:1.83M, Peak:1.83M | Scene, ViewLayer | Updating Geometry BVH Cube.785 785/831 | Building BVH
Fra:1 Mem:42.11M (Peak 66.34M) | Time:00:00.19 | Mem:1.83M, Peak:1.83M | Scene, ViewLayer | Updating Geometry BVH Cube.536 536/831 | Building BVH
Fra:1 Mem:42.11M (Peak 66.34M) | Time:00:00.19 | Mem:1.83M, Peak:1.83M | Scene, ViewLayer | Updating Geometry BVH Cube.537 537/831 | Building BVH
Fra:1 Mem:42.11M (Peak 66.34M) | Time:00:00.19 | Mem:1.83M, Peak:1.83M | Scene, ViewLayer | Updating Geometry BVH Cube.538 538/831 | Building BVH
Fra:1 Mem:42.11M (Peak 66.34M) | Time:00:00.19 | Mem:1.83M, Peak:1.83M | Scene, ViewLayer | Updating Geometry BVH Cube.539 539/831 | Building BVH
Fra:1 Mem:42.11M (Peak 66.34M) | Time:00:00.19 | Mem:1.83M, Peak:1.83M | Scene, ViewLayer | Updating Geometry BVH Cube.540 540/831 | Building BVH
Fra:1 Mem:42.11M (Peak 66.34M) | Time:00:00.19 | Mem:1.83M, Peak:1.83M | Scene, ViewLayer | Updating Geometry BVH Cube.541 541/831 | Building BVH
Fra:1 Mem:42.11M (Peak 66.34M) | Time:00:00.19 | Mem:1.83M, Peak:1.83M | Scene, ViewLayer | Updating Geometry BVH Cube.542 542/831 | Building BVH
Fra:1 Mem:42.11M (Peak 66.34M) | Time:00:00.19 | Mem:1.84M, Peak:1.84M | Scene, ViewLayer | Updating Geometry BVH Cube.544 544/831 | Building BVH
Fra:1 Mem:42.11M (Peak 66.34M) | Time:00:00.19 | Mem:1.84M, Peak:1.84M | Scene, ViewLayer | Updating Geometry BVH Cube.545 545/831 | Building BVH
Fra:1 Mem:42.11M (Peak 66.34M) | Time:00:00.19 | Mem:1.84M, Peak:1.84M | Scene, ViewLayer | Updating Geometry BVH Cube.784 784/831 | Building BVH
Fra:1 Mem:42.11M (Peak 66.34M) | Time:00:00.19 | Mem:1.84M, Peak:1.84M | Scene, ViewLayer | Updating Geometry BVH Cube.546 546/831 | Building BVH
Fra:1 Mem:42.11M (Peak 66.34M) | Time:00:00.19 | Mem:1.84M, Peak:1.84M | Scene, ViewLayer | Updating Geometry BVH Cube.547 547/831 | Building BVH
Fra:1 Mem:42.11M (Peak 66.34M) | Time:00:00.19 | Mem:1.84M, Peak:1.85M | Scene, ViewLayer | Updating Geometry BVH Cube.548 548/831 | Building BVH
Fra:1 Mem:42.11M (Peak 66.34M) | Time:00:00.19 | Mem:1.84M, Peak:1.85M | Scene, ViewLayer | Updating Geometry BVH Cube.549 549/831 | Building BVH
Fra:1 Mem:42.11M (Peak 66.34M) | Time:00:00.19 | Mem:1.85M, Peak:1.85M | Scene, ViewLayer | Updating Geometry BVH Cube.550 550/831 | Building BVH
Fra:1 Mem:42.11M (Peak 66.34M) | Time:00:00.19 | Mem:1.85M, Peak:1.85M | Scene, ViewLayer | Updating Geometry BVH Cube.551 551/831 | Building BVH
Fra:1 Mem:42.11M (Peak 66.34M) | Time:00:00.19 | Mem:1.85M, Peak:1.85M | Scene, ViewLayer | Updating Geometry BVH Cube.552 552/831 | Building BVH
Fra:1 Mem:42.11M (Peak 66.34M) | Time:00:00.19 | Mem:1.85M, Peak:1.85M | Scene, ViewLayer | Updating Geometry BVH Cube.553 553/831 | Building BVH
Fra:1 Mem:42.11M (Peak 66.34M) | Time:00:00.19 | Mem:1.85M, Peak:1.85M | Scene, ViewLayer | Updating Geometry BVH Cube.554 554/831 | Building BVH
Fra:1 Mem:42.11M (Peak 66.34M) | Time:00:00.19 | Mem:1.85M, Peak:1.85M | Scene, ViewLayer | Updating Geometry BVH Cube.555 555/831 | Building BVH
Fra:1 Mem:42.11M (Peak 66.34M) | Time:00:00.19 | Mem:1.85M, Peak:1.85M | Scene, ViewLayer | Updating Geometry BVH Cube.556 556/831 | Building BVH
Fra:1 Mem:42.11M (Peak 66.34M) | Time:00:00.19 | Mem:1.86M, Peak:1.86M | Scene, ViewLayer | Updating Geometry BVH Cube.557 557/831 | Building BVH
Fra:1 Mem:42.11M (Peak 66.34M) | Time:00:00.19 | Mem:1.86M, Peak:1.86M | Scene, ViewLayer | Updating Geometry BVH Cube.558 558/831 | Building BVH
Fra:1 Mem:42.11M (Peak 66.34M) | Time:00:00.19 | Mem:1.86M, Peak:1.86M | Scene, ViewLayer | Updating Geometry BVH Cube.559 559/831 | Building BVH
Fra:1 Mem:42.11M (Peak 66.34M) | Time:00:00.19 | Mem:1.86M, Peak:1.86M | Scene, ViewLayer | Updating Geometry BVH Cube.560 560/831 | Building BVH
Fra:1 Mem:42.11M (Peak 66.34M) | Time:00:00.19 | Mem:1.86M, Peak:1.86M | Scene, ViewLayer | Updating Geometry BVH Cube.561 561/831 | Building BVH
Fra:1 Mem:42.11M (Peak 66.34M) | Time:00:00.19 | Mem:1.86M, Peak:1.86M | Scene, ViewLayer | Updating Geometry BVH Cube.562 562/831 | Building BVH
Fra:1 Mem:42.11M (Peak 66.34M) | Time:00:00.19 | Mem:1.86M, Peak:1.87M | Scene, ViewLayer | Updating Geometry BVH Cube.563 563/831 | Building BVH
Fra:1 Mem:42.11M (Peak 66.34M) | Time:00:00.19 | Mem:1.87M, Peak:1.87M | Scene, ViewLayer | Updating Geometry BVH Cube.564 564/831 | Building BVH
Fra:1 Mem:42.11M (Peak 66.34M) | Time:00:00.19 | Mem:1.87M, Peak:1.87M | Scene, ViewLayer | Updating Geometry BVH Cube.565 565/831 | Building BVH
Fra:1 Mem:42.11M (Peak 66.34M) | Time:00:00.19 | Mem:1.87M, Peak:1.87M | Scene, ViewLayer | Updating Geometry BVH Cube.566 566/831 | Building BVH
Fra:1 Mem:42.11M (Peak 66.34M) | Time:00:00.19 | Mem:1.87M, Peak:1.87M | Scene, ViewLayer | Updating Geometry BVH Cube.567 567/831 | Building BVH
Fra:1 Mem:42.11M (Peak 66.34M) | Time:00:00.19 | Mem:1.87M, Peak:1.87M | Scene, ViewLayer | Updating Geometry BVH Cube.783 783/831 | Building BVH
Fra:1 Mem:42.11M (Peak 66.34M) | Time:00:00.19 | Mem:1.87M, Peak:1.87M | Scene, ViewLayer | Updating Geometry BVH Cube.568 568/831 | Building BVH
Fra:1 Mem:42.11M (Peak 66.34M) | Time:00:00.19 | Mem:1.87M, Peak:1.87M | Scene, ViewLayer | Updating Geometry BVH Cube.782 782/831 | Building BVH
Fra:1 Mem:42.11M (Peak 66.34M) | Time:00:00.19 | Mem:1.87M, Peak:1.87M | Scene, ViewLayer | Updating Geometry BVH Cube.569 569/831 | Building BVH
Fra:1 Mem:42.11M (Peak 66.34M) | Time:00:00.19 | Mem:1.88M, Peak:1.88M | Scene, ViewLayer | Updating Geometry BVH Cube.781 781/831 | Building BVH
Fra:1 Mem:42.11M (Peak 66.34M) | Time:00:00.19 | Mem:1.88M, Peak:1.88M | Scene, ViewLayer | Updating Geometry BVH Cube.570 570/831 | Building BVH
Fra:1 Mem:42.11M (Peak 66.34M) | Time:00:00.19 | Mem:1.88M, Peak:1.88M | Scene, ViewLayer | Updating Geometry BVH Cube.571 571/831 | Building BVH
Fra:1 Mem:42.11M (Peak 66.34M) | Time:00:00.19 | Mem:1.88M, Peak:1.88M | Scene, ViewLayer | Updating Geometry BVH Cube.572 572/831 | Building BVH
Fra:1 Mem:42.11M (Peak 66.34M) | Time:00:00.19 | Mem:1.88M, Peak:1.88M | Scene, ViewLayer | Updating Geometry BVH Cube.573 573/831 | Building BVH
Fra:1 Mem:42.11M (Peak 66.34M) | Time:00:00.19 | Mem:1.88M, Peak:1.88M | Scene, ViewLayer | Updating Geometry BVH Cube.574 574/831 | Building BVH
Fra:1 Mem:42.11M (Peak 66.34M) | Time:00:00.19 | Mem:1.88M, Peak:1.89M | Scene, ViewLayer | Updating Geometry BVH Cube.575 575/831 | Building BVH
Fra:1 Mem:42.11M (Peak 66.34M) | Time:00:00.19 | Mem:1.89M, Peak:1.89M | Scene, ViewLayer | Updating Geometry BVH Cube.576 576/831 | Building BVH
Fra:1 Mem:42.11M (Peak 66.34M) | Time:00:00.19 | Mem:1.89M, Peak:1.89M | Scene, ViewLayer | Updating Geometry BVH Cube.577 577/831 | Building BVH
Fra:1 Mem:42.11M (Peak 66.34M) | Time:00:00.19 | Mem:1.89M, Peak:1.89M | Scene, ViewLayer | Updating Geometry BVH Cube.578 578/831 | Building BVH
Fra:1 Mem:42.11M (Peak 66.34M) | Time:00:00.19 | Mem:1.89M, Peak:1.89M | Scene, ViewLayer | Updating Geometry BVH Cube.579 579/831 | Building BVH
Fra:1 Mem:42.11M (Peak 66.34M) | Time:00:00.19 | Mem:1.89M, Peak:1.89M | Scene, ViewLayer | Updating Geometry BVH Cube.580 580/831 | Building BVH
Fra:1 Mem:42.11M (Peak 66.34M) | Time:00:00.19 | Mem:1.89M, Peak:1.89M | Scene, ViewLayer | Updating Geometry BVH Cube.581 581/831 | Building BVH
Fra:1 Mem:42.11M (Peak 66.34M) | Time:00:00.19 | Mem:1.89M, Peak:1.89M | Scene, ViewLayer | Updating Geometry BVH Cube.583 583/831 | Building BVH
Fra:1 Mem:42.11M (Peak 66.34M) | Time:00:00.19 | Mem:1.90M, Peak:1.90M | Scene, ViewLayer | Updating Geometry BVH Cube.585 585/831 | Building BVH
Fra:1 Mem:42.11M (Peak 66.34M) | Time:00:00.19 | Mem:1.90M, Peak:1.90M | Scene, ViewLayer | Updating Geometry BVH Cube.586 586/831 | Building BVH
Fra:1 Mem:42.11M (Peak 66.34M) | Time:00:00.19 | Mem:1.90M, Peak:1.90M | Scene, ViewLayer | Updating Geometry BVH Cube.587 587/831 | Building BVH
Fra:1 Mem:42.11M (Peak 66.34M) | Time:00:00.19 | Mem:1.90M, Peak:1.90M | Scene, ViewLayer | Updating Geometry BVH Cube.589 589/831 | Building BVH
Fra:1 Mem:42.11M (Peak 66.34M) | Time:00:00.19 | Mem:1.91M, Peak:1.91M | Scene, ViewLayer | Updating Geometry BVH Cube.590 590/831 | Building BVH
Fra:1 Mem:42.11M (Peak 66.34M) | Time:00:00.19 | Mem:1.91M, Peak:1.91M | Scene, ViewLayer | Updating Geometry BVH Cube.780 780/831 | Building BVH
Fra:1 Mem:42.11M (Peak 66.34M) | Time:00:00.19 | Mem:1.91M, Peak:1.91M | Scene, ViewLayer | Updating Geometry BVH Cube.592 592/831 | Building BVH
Fra:1 Mem:42.11M (Peak 66.34M) | Time:00:00.19 | Mem:1.91M, Peak:1.91M | Scene, ViewLayer | Updating Geometry BVH Cube.593 593/831 | Building BVH
Fra:1 Mem:42.11M (Peak 66.34M) | Time:00:00.19 | Mem:1.91M, Peak:1.91M | Scene, ViewLayer | Updating Geometry BVH Cube.594 594/831 | Building BVH
Fra:1 Mem:42.11M (Peak 66.34M) | Time:00:00.19 | Mem:1.91M, Peak:1.91M | Scene, ViewLayer | Updating Geometry BVH Cube.596 596/831 | Building BVH
Fra:1 Mem:42.11M (Peak 66.34M) | Time:00:00.19 | Mem:1.92M, Peak:1.92M | Scene, ViewLayer | Updating Geometry BVH Cube.597 597/831 | Building BVH
Fra:1 Mem:42.11M (Peak 66.34M) | Time:00:00.19 | Mem:1.92M, Peak:1.92M | Scene, ViewLayer | Updating Geometry BVH Cube.598 598/831 | Building BVH
Fra:1 Mem:42.11M (Peak 66.34M) | Time:00:00.19 | Mem:1.92M, Peak:1.92M | Scene, ViewLayer | Updating Geometry BVH Cube.599 599/831 | Building BVH
Fra:1 Mem:42.11M (Peak 66.34M) | Time:00:00.19 | Mem:1.92M, Peak:1.92M | Scene, ViewLayer | Updating Geometry BVH Cube.600 600/831 | Building BVH
Fra:1 Mem:42.11M (Peak 66.34M) | Time:00:00.19 | Mem:1.92M, Peak:1.92M | Scene, ViewLayer | Updating Geometry BVH Cube.601 601/831 | Building BVH
Fra:1 Mem:42.11M (Peak 66.34M) | Time:00:00.19 | Mem:1.92M, Peak:1.92M | Scene, ViewLayer | Updating Geometry BVH Cube.602 602/831 | Building BVH
Fra:1 Mem:42.11M (Peak 66.34M) | Time:00:00.19 | Mem:1.92M, Peak:1.92M | Scene, ViewLayer | Updating Geometry BVH Cube.603 603/831 | Building BVH
Fra:1 Mem:42.11M (Peak 66.34M) | Time:00:00.19 | Mem:1.92M, Peak:1.92M | Scene, ViewLayer | Updating Geometry BVH Cube.604 604/831 | Building BVH
Fra:1 Mem:42.11M (Peak 66.34M) | Time:00:00.19 | Mem:1.93M, Peak:1.93M | Scene, ViewLayer | Updating Geometry BVH Cube.605 605/831 | Building BVH
Fra:1 Mem:42.11M (Peak 66.34M) | Time:00:00.19 | Mem:1.93M, Peak:1.93M | Scene, ViewLayer | Updating Geometry BVH Cube.606 606/831 | Building BVH
Fra:1 Mem:42.11M (Peak 66.34M) | Time:00:00.19 | Mem:1.93M, Peak:1.93M | Scene, ViewLayer | Updating Geometry BVH Cube.607 607/831 | Building BVH
Fra:1 Mem:42.11M (Peak 66.34M) | Time:00:00.19 | Mem:1.93M, Peak:1.93M | Scene, ViewLayer | Updating Geometry BVH Cube.608 608/831 | Building BVH
Fra:1 Mem:42.11M (Peak 66.34M) | Time:00:00.19 | Mem:1.93M, Peak:1.93M | Scene, ViewLayer | Updating Geometry BVH Cube.609 609/831 | Building BVH
Fra:1 Mem:42.11M (Peak 66.34M) | Time:00:00.19 | Mem:1.93M, Peak:1.93M | Scene, ViewLayer | Updating Geometry BVH Cube.610 610/831 | Building BVH
Fra:1 Mem:42.11M (Peak 66.34M) | Time:00:00.19 | Mem:1.93M, Peak:1.93M | Scene, ViewLayer | Updating Geometry BVH Cube.611 611/831 | Building BVH
Fra:1 Mem:42.11M (Peak 66.34M) | Time:00:00.19 | Mem:1.93M, Peak:1.94M | Scene, ViewLayer | Updating Geometry BVH Cube.612 612/831 | Building BVH
Fra:1 Mem:42.11M (Peak 66.34M) | Time:00:00.19 | Mem:1.94M, Peak:1.94M | Scene, ViewLayer | Updating Geometry BVH Cube.613 613/831 | Building BVH
Fra:1 Mem:42.11M (Peak 66.34M) | Time:00:00.19 | Mem:1.94M, Peak:1.94M | Scene, ViewLayer | Updating Geometry BVH Cube.614 614/831 | Building BVH
Fra:1 Mem:42.11M (Peak 66.34M) | Time:00:00.19 | Mem:1.94M, Peak:1.94M | Scene, ViewLayer | Updating Geometry BVH Cube.615 615/831 | Building BVH
Fra:1 Mem:42.11M (Peak 66.34M) | Time:00:00.19 | Mem:1.94M, Peak:1.94M | Scene, ViewLayer | Updating Geometry BVH Cube.616 616/831 | Building BVH
Fra:1 Mem:42.11M (Peak 66.34M) | Time:00:00.19 | Mem:1.94M, Peak:1.94M | Scene, ViewLayer | Updating Geometry BVH Cube.617 617/831 | Building BVH
Fra:1 Mem:42.11M (Peak 66.34M) | Time:00:00.19 | Mem:1.94M, Peak:1.94M | Scene, ViewLayer | Updating Geometry BVH Cube.618 618/831 | Building BVH
Fra:1 Mem:42.11M (Peak 66.34M) | Time:00:00.19 | Mem:1.94M, Peak:1.94M | Scene, ViewLayer | Updating Geometry BVH Cube.619 619/831 | Building BVH
Fra:1 Mem:42.11M (Peak 66.34M) | Time:00:00.19 | Mem:1.95M, Peak:1.95M | Scene, ViewLayer | Updating Geometry BVH Cube.620 620/831 | Building BVH
Fra:1 Mem:42.11M (Peak 66.34M) | Time:00:00.19 | Mem:1.95M, Peak:1.95M | Scene, ViewLayer | Updating Geometry BVH Cube.621 621/831 | Building BVH
Fra:1 Mem:42.11M (Peak 66.34M) | Time:00:00.19 | Mem:1.95M, Peak:1.95M | Scene, ViewLayer | Updating Geometry BVH Cube.622 622/831 | Building BVH
Fra:1 Mem:42.11M (Peak 66.34M) | Time:00:00.19 | Mem:1.95M, Peak:1.95M | Scene, ViewLayer | Updating Geometry BVH Cube.623 623/831 | Building BVH
Fra:1 Mem:42.11M (Peak 66.34M) | Time:00:00.19 | Mem:1.95M, Peak:1.95M | Scene, ViewLayer | Updating Geometry BVH Cube.625 625/831 | Building BVH
Fra:1 Mem:42.11M (Peak 66.34M) | Time:00:00.19 | Mem:1.96M, Peak:1.96M | Scene, ViewLayer | Updating Geometry BVH Cube.627 627/831 | Building BVH
Fra:1 Mem:42.11M (Peak 66.34M) | Time:00:00.19 | Mem:1.96M, Peak:1.96M | Scene, ViewLayer | Updating Geometry BVH Cube.628 628/831 | Building BVH
Fra:1 Mem:42.11M (Peak 66.34M) | Time:00:00.19 | Mem:1.96M, Peak:1.96M | Scene, ViewLayer | Updating Geometry BVH Cube.629 629/831 | Building BVH
Fra:1 Mem:42.11M (Peak 66.34M) | Time:00:00.19 | Mem:1.96M, Peak:1.96M | Scene, ViewLayer | Updating Geometry BVH Cube.779 779/831 | Building BVH
Fra:1 Mem:42.11M (Peak 66.34M) | Time:00:00.19 | Mem:1.96M, Peak:1.96M | Scene, ViewLayer | Updating Geometry BVH Cube.630 630/831 | Building BVH
Fra:1 Mem:42.11M (Peak 66.34M) | Time:00:00.19 | Mem:1.96M, Peak:1.96M | Scene, ViewLayer | Updating Geometry BVH Cube.631 631/831 | Building BVH
Fra:1 Mem:42.11M (Peak 66.34M) | Time:00:00.19 | Mem:1.97M, Peak:1.97M | Scene, ViewLayer | Updating Geometry BVH Cube.633 633/831 | Building BVH
Fra:1 Mem:42.11M (Peak 66.34M) | Time:00:00.19 | Mem:1.97M, Peak:1.97M | Scene, ViewLayer | Updating Geometry BVH Cube.634 634/831 | Building BVH
Fra:1 Mem:42.11M (Peak 66.34M) | Time:00:00.19 | Mem:1.97M, Peak:1.97M | Scene, ViewLayer | Updating Geometry BVH Cube.635 635/831 | Building BVH
Fra:1 Mem:42.11M (Peak 66.34M) | Time:00:00.19 | Mem:1.97M, Peak:1.97M | Scene, ViewLayer | Updating Geometry BVH Cube.636 636/831 | Building BVH
Fra:1 Mem:42.11M (Peak 66.34M) | Time:00:00.19 | Mem:1.97M, Peak:1.97M | Scene, ViewLayer | Updating Geometry BVH Cube.638 638/831 | Building BVH
Fra:1 Mem:42.11M (Peak 66.34M) | Time:00:00.19 | Mem:1.97M, Peak:1.97M | Scene, ViewLayer | Updating Geometry BVH Cube.639 639/831 | Building BVH
Fra:1 Mem:42.11M (Peak 66.34M) | Time:00:00.19 | Mem:1.98M, Peak:1.98M | Scene, ViewLayer | Updating Geometry BVH Cube.640 640/831 | Building BVH
Fra:1 Mem:42.11M (Peak 66.34M) | Time:00:00.20 | Mem:1.98M, Peak:1.98M | Scene, ViewLayer | Updating Geometry BVH Cube.642 642/831 | Building BVH
Fra:1 Mem:42.11M (Peak 66.34M) | Time:00:00.20 | Mem:1.98M, Peak:1.98M | Scene, ViewLayer | Updating Geometry BVH Cube.643 643/831 | Building BVH
Fra:1 Mem:42.11M (Peak 66.34M) | Time:00:00.20 | Mem:1.98M, Peak:1.98M | Scene, ViewLayer | Updating Geometry BVH Cube.644 644/831 | Building BVH
Fra:1 Mem:42.11M (Peak 66.34M) | Time:00:00.20 | Mem:1.98M, Peak:1.98M | Scene, ViewLayer | Updating Geometry BVH Cube.646 646/831 | Building BVH
Fra:1 Mem:42.11M (Peak 66.34M) | Time:00:00.20 | Mem:1.98M, Peak:1.98M | Scene, ViewLayer | Updating Geometry BVH Cube.647 647/831 | Building BVH
Fra:1 Mem:42.11M (Peak 66.34M) | Time:00:00.20 | Mem:1.98M, Peak:1.98M | Scene, ViewLayer | Updating Geometry BVH Cube.648 648/831 | Building BVH
Fra:1 Mem:42.11M (Peak 66.34M) | Time:00:00.20 | Mem:1.99M, Peak:1.99M | Scene, ViewLayer | Updating Geometry BVH Cube.649 649/831 | Building BVH
Fra:1 Mem:42.11M (Peak 66.34M) | Time:00:00.20 | Mem:1.99M, Peak:1.99M | Scene, ViewLayer | Updating Geometry BVH Cube.650 650/831 | Building BVH
Fra:1 Mem:42.11M (Peak 66.34M) | Time:00:00.20 | Mem:1.99M, Peak:1.99M | Scene, ViewLayer | Updating Geometry BVH Cube.651 651/831 | Building BVH
Fra:1 Mem:42.11M (Peak 66.34M) | Time:00:00.20 | Mem:1.99M, Peak:1.99M | Scene, ViewLayer | Updating Geometry BVH Cube.778 778/831 | Building BVH
Fra:1 Mem:42.11M (Peak 66.34M) | Time:00:00.20 | Mem:1.99M, Peak:1.99M | Scene, ViewLayer | Updating Geometry BVH Cube.653 653/831 | Building BVH
Fra:1 Mem:42.11M (Peak 66.34M) | Time:00:00.20 | Mem:2.00M, Peak:2.00M | Scene, ViewLayer | Updating Geometry BVH Cube.655 655/831 | Building BVH
Fra:1 Mem:42.11M (Peak 66.34M) | Time:00:00.20 | Mem:2.00M, Peak:2.00M | Scene, ViewLayer | Updating Geometry BVH Cube.656 656/831 | Building BVH
Fra:1 Mem:42.11M (Peak 66.34M) | Time:00:00.20 | Mem:2.00M, Peak:2.00M | Scene, ViewLayer | Updating Geometry BVH Cube.657 657/831 | Building BVH
Fra:1 Mem:42.11M (Peak 66.34M) | Time:00:00.20 | Mem:2.00M, Peak:2.00M | Scene, ViewLayer | Updating Geometry BVH Cube.658 658/831 | Building BVH
Fra:1 Mem:42.11M (Peak 66.34M) | Time:00:00.20 | Mem:2.00M, Peak:2.00M | Scene, ViewLayer | Updating Geometry BVH Cube.659 659/831 | Building BVH
Fra:1 Mem:42.11M (Peak 66.34M) | Time:00:00.20 | Mem:2.00M, Peak:2.00M | Scene, ViewLayer | Updating Geometry BVH Cube.660 660/831 | Building BVH
Fra:1 Mem:42.11M (Peak 66.34M) | Time:00:00.20 | Mem:2.00M, Peak:2.00M | Scene, ViewLayer | Updating Geometry BVH Cube.661 661/831 | Building BVH
Fra:1 Mem:42.11M (Peak 66.34M) | Time:00:00.20 | Mem:2.01M, Peak:2.01M | Scene, ViewLayer | Updating Geometry BVH Cube.662 662/831 | Building BVH
Fra:1 Mem:42.11M (Peak 66.34M) | Time:00:00.20 | Mem:2.01M, Peak:2.01M | Scene, ViewLayer | Updating Geometry BVH Cube.663 663/831 | Building BVH
Fra:1 Mem:42.11M (Peak 66.34M) | Time:00:00.20 | Mem:2.01M, Peak:2.01M | Scene, ViewLayer | Updating Geometry BVH Cube.664 664/831 | Building BVH
Fra:1 Mem:42.11M (Peak 66.34M) | Time:00:00.20 | Mem:2.01M, Peak:2.01M | Scene, ViewLayer | Updating Geometry BVH Cube.665 665/831 | Building BVH
Fra:1 Mem:42.11M (Peak 66.34M) | Time:00:00.20 | Mem:2.01M, Peak:2.01M | Scene, ViewLayer | Updating Geometry BVH Cube.667 667/831 | Building BVH
Fra:1 Mem:42.11M (Peak 66.34M) | Time:00:00.20 | Mem:2.01M, Peak:2.01M | Scene, ViewLayer | Updating Geometry BVH Cube.777 777/831 | Building BVH
Fra:1 Mem:42.11M (Peak 66.34M) | Time:00:00.20 | Mem:2.02M, Peak:2.02M | Scene, ViewLayer | Updating Geometry BVH Cube.668 668/831 | Building BVH
Fra:1 Mem:42.11M (Peak 66.34M) | Time:00:00.20 | Mem:2.02M, Peak:2.02M | Scene, ViewLayer | Updating Geometry BVH Cube.669 669/831 | Building BVH
Fra:1 Mem:42.11M (Peak 66.34M) | Time:00:00.20 | Mem:2.02M, Peak:2.02M | Scene, ViewLayer | Updating Geometry BVH Cube.670 670/831 | Building BVH
Fra:1 Mem:42.11M (Peak 66.34M) | Time:00:00.20 | Mem:2.02M, Peak:2.02M | Scene, ViewLayer | Updating Geometry BVH Cube.671 671/831 | Building BVH
Fra:1 Mem:42.11M (Peak 66.34M) | Time:00:00.20 | Mem:2.02M, Peak:2.02M | Scene, ViewLayer | Updating Geometry BVH Cube.672 672/831 | Building BVH
Fra:1 Mem:42.11M (Peak 66.34M) | Time:00:00.20 | Mem:2.02M, Peak:2.02M | Scene, ViewLayer | Updating Geometry BVH Cube.673 673/831 | Building BVH
Fra:1 Mem:42.11M (Peak 66.34M) | Time:00:00.20 | Mem:2.02M, Peak:2.02M | Scene, ViewLayer | Updating Geometry BVH Cube.674 674/831 | Building BVH
Fra:1 Mem:42.11M (Peak 66.34M) | Time:00:00.20 | Mem:2.02M, Peak:2.02M | Scene, ViewLayer | Updating Geometry BVH Cube.675 675/831 | Building BVH
Fra:1 Mem:42.11M (Peak 66.34M) | Time:00:00.20 | Mem:2.03M, Peak:2.03M | Scene, ViewLayer | Updating Geometry BVH Cube.677 677/831 | Building BVH
Fra:1 Mem:42.11M (Peak 66.34M) | Time:00:00.20 | Mem:2.03M, Peak:2.03M | Scene, ViewLayer | Updating Geometry BVH Cube.678 678/831 | Building BVH
Fra:1 Mem:42.11M (Peak 66.34M) | Time:00:00.20 | Mem:2.03M, Peak:2.03M | Scene, ViewLayer | Updating Geometry BVH Cube.679 679/831 | Building BVH
Fra:1 Mem:42.11M (Peak 66.34M) | Time:00:00.20 | Mem:2.03M, Peak:2.03M | Scene, ViewLayer | Updating Geometry BVH Cube.680 680/831 | Building BVH
Fra:1 Mem:42.11M (Peak 66.34M) | Time:00:00.20 | Mem:2.03M, Peak:2.03M | Scene, ViewLayer | Updating Geometry BVH Cube.682 682/831 | Building BVH
Fra:1 Mem:42.11M (Peak 66.34M) | Time:00:00.20 | Mem:2.04M, Peak:2.04M | Scene, ViewLayer | Updating Geometry BVH Cube.683 683/831 | Building BVH
Fra:1 Mem:42.11M (Peak 66.34M) | Time:00:00.20 | Mem:2.04M, Peak:2.04M | Scene, ViewLayer | Updating Geometry BVH Cube.684 684/831 | Building BVH
Fra:1 Mem:42.11M (Peak 66.34M) | Time:00:00.20 | Mem:2.04M, Peak:2.04M | Scene, ViewLayer | Updating Geometry BVH Cube.686 686/831 | Building BVH
Fra:1 Mem:42.11M (Peak 66.34M) | Time:00:00.20 | Mem:2.04M, Peak:2.04M | Scene, ViewLayer | Updating Geometry BVH Cube.687 687/831 | Building BVH
Fra:1 Mem:42.11M (Peak 66.34M) | Time:00:00.20 | Mem:2.04M, Peak:2.04M | Scene, ViewLayer | Updating Geometry BVH Cube.688 688/831 | Building BVH
Fra:1 Mem:42.11M (Peak 66.34M) | Time:00:00.20 | Mem:2.04M, Peak:2.04M | Scene, ViewLayer | Updating Geometry BVH Cube.689 689/831 | Building BVH
Fra:1 Mem:42.11M (Peak 66.34M) | Time:00:00.20 | Mem:2.04M, Peak:2.05M | Scene, ViewLayer | Updating Geometry BVH Cube.690 690/831 | Building BVH
Fra:1 Mem:42.11M (Peak 66.34M) | Time:00:00.20 | Mem:2.05M, Peak:2.05M | Scene, ViewLayer | Updating Geometry BVH Cube.691 691/831 | Building BVH
Fra:1 Mem:42.11M (Peak 66.34M) | Time:00:00.20 | Mem:2.05M, Peak:2.05M | Scene, ViewLayer | Updating Geometry BVH Cube.692 692/831 | Building BVH
Fra:1 Mem:42.11M (Peak 66.34M) | Time:00:00.20 | Mem:2.05M, Peak:2.05M | Scene, ViewLayer | Updating Geometry BVH Cube.693 693/831 | Building BVH
Fra:1 Mem:42.11M (Peak 66.34M) | Time:00:00.20 | Mem:2.05M, Peak:2.05M | Scene, ViewLayer | Updating Geometry BVH Cube.694 694/831 | Building BVH
Fra:1 Mem:42.11M (Peak 66.34M) | Time:00:00.20 | Mem:2.05M, Peak:2.05M | Scene, ViewLayer | Updating Geometry BVH Cube.776 776/831 | Building BVH
Fra:1 Mem:42.11M (Peak 66.34M) | Time:00:00.20 | Mem:2.05M, Peak:2.05M | Scene, ViewLayer | Updating Geometry BVH Cube.695 695/831 | Building BVH
Fra:1 Mem:42.11M (Peak 66.34M) | Time:00:00.20 | Mem:2.05M, Peak:2.05M | Scene, ViewLayer | Updating Geometry BVH Cube.696 696/831 | Building BVH
Fra:1 Mem:42.11M (Peak 66.34M) | Time:00:00.20 | Mem:2.05M, Peak:2.05M | Scene, ViewLayer | Updating Geometry BVH Cube.697 697/831 | Building BVH
Fra:1 Mem:42.11M (Peak 66.34M) | Time:00:00.20 | Mem:2.06M, Peak:2.06M | Scene, ViewLayer | Updating Geometry BVH Cube.698 698/831 | Building BVH
Fra:1 Mem:42.11M (Peak 66.34M) | Time:00:00.20 | Mem:2.06M, Peak:2.06M | Scene, ViewLayer | Updating Geometry BVH Cube.699 699/831 | Building BVH
Fra:1 Mem:42.11M (Peak 66.34M) | Time:00:00.20 | Mem:2.06M, Peak:2.06M | Scene, ViewLayer | Updating Geometry BVH Cube.701 701/831 | Building BVH
Fra:1 Mem:42.11M (Peak 66.34M) | Time:00:00.20 | Mem:2.06M, Peak:2.06M | Scene, ViewLayer | Updating Geometry BVH Cube.703 703/831 | Building BVH
Fra:1 Mem:42.11M (Peak 66.34M) | Time:00:00.20 | Mem:2.07M, Peak:2.07M | Scene, ViewLayer | Updating Geometry BVH Cube.704 704/831 | Building BVH
Fra:1 Mem:42.11M (Peak 66.34M) | Time:00:00.20 | Mem:2.07M, Peak:2.07M | Scene, ViewLayer | Updating Geometry BVH Cube.705 705/831 | Building BVH
Fra:1 Mem:42.11M (Peak 66.34M) | Time:00:00.20 | Mem:2.07M, Peak:2.07M | Scene, ViewLayer | Updating Geometry BVH Cube.706 706/831 | Building BVH
Fra:1 Mem:42.11M (Peak 66.34M) | Time:00:00.20 | Mem:2.07M, Peak:2.07M | Scene, ViewLayer | Updating Geometry BVH Cube.708 708/831 | Building BVH
Fra:1 Mem:42.11M (Peak 66.34M) | Time:00:00.20 | Mem:2.07M, Peak:2.07M | Scene, ViewLayer | Updating Geometry BVH Cube.709 709/831 | Building BVH
Fra:1 Mem:42.11M (Peak 66.34M) | Time:00:00.20 | Mem:2.07M, Peak:2.07M | Scene, ViewLayer | Updating Geometry BVH Cube.710 710/831 | Building BVH
Fra:1 Mem:42.11M (Peak 66.34M) | Time:00:00.20 | Mem:2.07M, Peak:2.07M | Scene, ViewLayer | Updating Geometry BVH Cube.775 775/831 | Building BVH
Fra:1 Mem:42.11M (Peak 66.34M) | Time:00:00.20 | Mem:2.07M, Peak:2.07M | Scene, ViewLayer | Updating Geometry BVH Cube.711 711/831 | Building BVH
Fra:1 Mem:42.11M (Peak 66.34M) | Time:00:00.20 | Mem:2.08M, Peak:2.08M | Scene, ViewLayer | Updating Geometry BVH Cube.712 712/831 | Building BVH
Fra:1 Mem:42.11M (Peak 66.34M) | Time:00:00.20 | Mem:2.08M, Peak:2.08M | Scene, ViewLayer | Updating Geometry BVH Cube.713 713/831 | Building BVH
Fra:1 Mem:42.11M (Peak 66.34M) | Time:00:00.20 | Mem:2.08M, Peak:2.08M | Scene, ViewLayer | Updating Geometry BVH Cube.715 715/831 | Building BVH
Fra:1 Mem:42.11M (Peak 66.34M) | Time:00:00.20 | Mem:2.08M, Peak:2.08M | Scene, ViewLayer | Updating Geometry BVH Cube.716 716/831 | Building BVH
Fra:1 Mem:42.11M (Peak 66.34M) | Time:00:00.20 | Mem:2.08M, Peak:2.08M | Scene, ViewLayer | Updating Geometry BVH Cube.717 717/831 | Building BVH
Fra:1 Mem:42.11M (Peak 66.34M) | Time:00:00.20 | Mem:2.08M, Peak:2.08M | Scene, ViewLayer | Updating Geometry BVH Cube.718 718/831 | Building BVH
Fra:1 Mem:42.11M (Peak 66.34M) | Time:00:00.20 | Mem:2.09M, Peak:2.09M | Scene, ViewLayer | Updating Geometry BVH Cube.719 719/831 | Building BVH
Fra:1 Mem:42.11M (Peak 66.34M) | Time:00:00.20 | Mem:2.09M, Peak:2.09M | Scene, ViewLayer | Updating Geometry BVH Cube.720 720/831 | Building BVH
Fra:1 Mem:42.11M (Peak 66.34M) | Time:00:00.20 | Mem:2.09M, Peak:2.09M | Scene, ViewLayer | Updating Geometry BVH Cube.721 721/831 | Building BVH
Fra:1 Mem:42.11M (Peak 66.34M) | Time:00:00.20 | Mem:2.09M, Peak:2.09M | Scene, ViewLayer | Updating Geometry BVH Cube.722 722/831 | Building BVH
Fra:1 Mem:42.11M (Peak 66.34M) | Time:00:00.20 | Mem:2.09M, Peak:2.09M | Scene, ViewLayer | Updating Geometry BVH Cube.723 723/831 | Building BVH
Fra:1 Mem:42.11M (Peak 66.34M) | Time:00:00.20 | Mem:2.09M, Peak:2.09M | Scene, ViewLayer | Updating Geometry BVH Cube.724 724/831 | Building BVH
Fra:1 Mem:42.11M (Peak 66.34M) | Time:00:00.20 | Mem:2.09M, Peak:2.09M | Scene, ViewLayer | Updating Geometry BVH Cube.725 725/831 | Building BVH
Fra:1 Mem:42.11M (Peak 66.34M) | Time:00:00.20 | Mem:2.10M, Peak:2.10M | Scene, ViewLayer | Updating Geometry BVH Cube.726 726/831 | Building BVH
Fra:1 Mem:42.11M (Peak 66.34M) | Time:00:00.20 | Mem:2.10M, Peak:2.10M | Scene, ViewLayer | Updating Geometry BVH Cube.727 727/831 | Building BVH
Fra:1 Mem:42.11M (Peak 66.34M) | Time:00:00.20 | Mem:2.10M, Peak:2.10M | Scene, ViewLayer | Updating Geometry BVH Cube.728 728/831 | Building BVH
Fra:1 Mem:42.11M (Peak 66.34M) | Time:00:00.20 | Mem:2.10M, Peak:2.10M | Scene, ViewLayer | Updating Geometry BVH Cube.774 774/831 | Building BVH
Fra:1 Mem:42.11M (Peak 66.34M) | Time:00:00.20 | Mem:2.10M, Peak:2.10M | Scene, ViewLayer | Updating Geometry BVH Cube.730 730/831 | Building BVH
Fra:1 Mem:42.11M (Peak 66.34M) | Time:00:00.20 | Mem:2.10M, Peak:2.10M | Scene, ViewLayer | Updating Geometry BVH Cube.731 731/831 | Building BVH
Fra:1 Mem:42.11M (Peak 66.34M) | Time:00:00.20 | Mem:2.11M, Peak:2.11M | Scene, ViewLayer | Updating Geometry BVH Cube.732 732/831 | Building BVH
Fra:1 Mem:42.11M (Peak 66.34M) | Time:00:00.20 | Mem:2.11M, Peak:2.11M | Scene, ViewLayer | Updating Geometry BVH Cube.733 733/831 | Building BVH
Fra:1 Mem:42.11M (Peak 66.34M) | Time:00:00.20 | Mem:2.11M, Peak:2.11M | Scene, ViewLayer | Updating Geometry BVH Cube.734 734/831 | Building BVH
Fra:1 Mem:42.11M (Peak 66.34M) | Time:00:00.20 | Mem:2.11M, Peak:2.11M | Scene, ViewLayer | Updating Geometry BVH Cube.735 735/831 | Building BVH
Fra:1 Mem:42.11M (Peak 66.34M) | Time:00:00.20 | Mem:2.11M, Peak:2.11M | Scene, ViewLayer | Updating Geometry BVH Cube.736 736/831 | Building BVH
Fra:1 Mem:42.11M (Peak 66.34M) | Time:00:00.20 | Mem:2.11M, Peak:2.11M | Scene, ViewLayer | Updating Geometry BVH Cube.737 737/831 | Building BVH
Fra:1 Mem:42.11M (Peak 66.34M) | Time:00:00.20 | Mem:2.11M, Peak:2.11M | Scene, ViewLayer | Updating Geometry BVH Cube.738 738/831 | Building BVH
Fra:1 Mem:42.11M (Peak 66.34M) | Time:00:00.20 | Mem:2.11M, Peak:2.11M | Scene, ViewLayer | Updating Geometry BVH Cube.773 773/831 | Building BVH
Fra:1 Mem:42.11M (Peak 66.34M) | Time:00:00.20 | Mem:2.12M, Peak:2.12M | Scene, ViewLayer | Updating Geometry BVH Cube.739 739/831 | Building BVH
Fra:1 Mem:42.11M (Peak 66.34M) | Time:00:00.20 | Mem:2.12M, Peak:2.12M | Scene, ViewLayer | Updating Geometry BVH Cube.740 740/831 | Building BVH
Fra:1 Mem:42.11M (Peak 66.34M) | Time:00:00.20 | Mem:2.12M, Peak:2.12M | Scene, ViewLayer | Updating Geometry BVH Cube.741 741/831 | Building BVH
Fra:1 Mem:42.11M (Peak 66.34M) | Time:00:00.20 | Mem:2.12M, Peak:2.12M | Scene, ViewLayer | Updating Geometry BVH Cube.742 742/831 | Building BVH
Fra:1 Mem:42.11M (Peak 66.34M) | Time:00:00.20 | Mem:2.12M, Peak:2.12M | Scene, ViewLayer | Updating Geometry BVH Cube.743 743/831 | Building BVH
Fra:1 Mem:42.11M (Peak 66.34M) | Time:00:00.20 | Mem:2.12M, Peak:2.12M | Scene, ViewLayer | Updating Geometry BVH Cube.744 744/831 | Building BVH
Fra:1 Mem:42.11M (Peak 66.34M) | Time:00:00.20 | Mem:2.12M, Peak:2.12M | Scene, ViewLayer | Updating Geometry BVH Cube.745 745/831 | Building BVH
Fra:1 Mem:42.11M (Peak 66.34M) | Time:00:00.20 | Mem:2.12M, Peak:2.12M | Scene, ViewLayer | Updating Geometry BVH Cube.746 746/831 | Building BVH
Fra:1 Mem:42.11M (Peak 66.34M) | Time:00:00.20 | Mem:2.13M, Peak:2.13M | Scene, ViewLayer | Updating Geometry BVH Cube.747 747/831 | Building BVH
Fra:1 Mem:42.11M (Peak 66.34M) | Time:00:00.20 | Mem:2.13M, Peak:2.13M | Scene, ViewLayer | Updating Geometry BVH Cube.748 748/831 | Building BVH
Fra:1 Mem:42.11M (Peak 66.34M) | Time:00:00.20 | Mem:2.13M, Peak:2.13M | Scene, ViewLayer | Updating Geometry BVH Cube.749 749/831 | Building BVH
Fra:1 Mem:42.11M (Peak 66.34M) | Time:00:00.20 | Mem:2.13M, Peak:2.13M | Scene, ViewLayer | Updating Geometry BVH Cube.750 750/831 | Building BVH
Fra:1 Mem:42.11M (Peak 66.34M) | Time:00:00.20 | Mem:2.13M, Peak:2.13M | Scene, ViewLayer | Updating Geometry BVH Cube.751 751/831 | Building BVH
Fra:1 Mem:42.11M (Peak 66.34M) | Time:00:00.20 | Mem:2.13M, Peak:2.13M | Scene, ViewLayer | Updating Geometry BVH Cube.752 752/831 | Building BVH
Fra:1 Mem:42.11M (Peak 66.34M) | Time:00:00.20 | Mem:2.13M, Peak:2.13M | Scene, ViewLayer | Updating Geometry BVH Cube.772 772/831 | Building BVH
Fra:1 Mem:42.11M (Peak 66.34M) | Time:00:00.20 | Mem:2.13M, Peak:2.14M | Scene, ViewLayer | Updating Geometry BVH Cube.753 753/831 | Building BVH
Fra:1 Mem:42.11M (Peak 66.34M) | Time:00:00.20 | Mem:2.14M, Peak:2.14M | Scene, ViewLayer | Updating Geometry BVH Cube.754 754/831 | Building BVH
Fra:1 Mem:42.11M (Peak 66.34M) | Time:00:00.20 | Mem:2.14M, Peak:2.14M | Scene, ViewLayer | Updating Geometry BVH Cube.755 755/831 | Building BVH
Fra:1 Mem:42.11M (Peak 66.34M) | Time:00:00.20 | Mem:2.14M, Peak:2.14M | Scene, ViewLayer | Updating Geometry BVH Cube.756 756/831 | Building BVH
Fra:1 Mem:42.11M (Peak 66.34M) | Time:00:00.20 | Mem:2.14M, Peak:2.14M | Scene, ViewLayer | Updating Geometry BVH Cube.757 757/831 | Building BVH
Fra:1 Mem:42.11M (Peak 66.34M) | Time:00:00.20 | Mem:2.14M, Peak:2.14M | Scene, ViewLayer | Updating Geometry BVH Cube.758 758/831 | Building BVH
Fra:1 Mem:42.11M (Peak 66.34M) | Time:00:00.20 | Mem:2.15M, Peak:2.15M | Scene, ViewLayer | Updating Geometry BVH Cube.759 759/831 | Building BVH
Fra:1 Mem:42.11M (Peak 66.34M) | Time:00:00.20 | Mem:2.15M, Peak:2.15M | Scene, ViewLayer | Updating Geometry BVH Cube.762 762/831 | Building BVH
Fra:1 Mem:42.11M (Peak 66.34M) | Time:00:00.20 | Mem:2.15M, Peak:2.15M | Scene, ViewLayer | Updating Geometry BVH Cube.763 763/831 | Building BVH
Fra:1 Mem:42.11M (Peak 66.34M) | Time:00:00.20 | Mem:2.15M, Peak:2.15M | Scene, ViewLayer | Updating Geometry BVH Cube.764 764/831 | Building BVH
Fra:1 Mem:42.11M (Peak 66.34M) | Time:00:00.20 | Mem:2.15M, Peak:2.15M | Scene, ViewLayer | Updating Geometry BVH Cube.765 765/831 | Building BVH
Fra:1 Mem:42.11M (Peak 66.34M) | Time:00:00.20 | Mem:2.15M, Peak:2.15M | Scene, ViewLayer | Updating Geometry BVH Cube.767 767/831 | Building BVH
Fra:1 Mem:42.11M (Peak 66.34M) | Time:00:00.20 | Mem:2.16M, Peak:2.16M | Scene, ViewLayer | Updating Geometry BVH Cube.771 771/831 | Building BVH
Fra:1 Mem:42.11M (Peak 66.34M) | Time:00:00.20 | Mem:2.16M, Peak:2.16M | Scene, ViewLayer | Updating Geometry BVH Cube.768 768/831 | Building BVH
Fra:1 Mem:42.11M (Peak 66.34M) | Time:00:00.20 | Mem:2.16M, Peak:2.16M | Scene, ViewLayer | Updating Geometry BVH Cube.769 769/831 | Building BVH
Fra:1 Mem:42.11M (Peak 66.34M) | Time:00:00.20 | Mem:2.16M, Peak:2.16M | Scene, ViewLayer | Updating Geometry BVH Cube.770 770/831 | Building BVH
Fra:1 Mem:42.11M (Peak 66.34M) | Time:00:00.20 | Mem:2.18M, Peak:2.18M | Scene, ViewLayer | Updating Scene BVH | Building
Fra:1 Mem:42.13M (Peak 66.34M) | Time:00:00.20 | Mem:2.18M, Peak:2.18M | Scene, ViewLayer | Updating Scene BVH | Building BVH
Fra:1 Mem:42.13M (Peak 66.34M) | Time:00:00.20 | Mem:2.24M, Peak:2.28M | Scene, ViewLayer | Updating Scene BVH | Copying BVH to device
Fra:1 Mem:42.13M (Peak 66.34M) | Time:00:00.20 | Mem:2.24M, Peak:2.28M | Scene, ViewLayer | Updating Mesh | Computing normals
Fra:1 Mem:42.82M (Peak 66.34M) | Time:00:00.20 | Mem:2.24M, Peak:2.28M | Scene, ViewLayer | Updating Mesh | Copying Mesh to device
Fra:1 Mem:42.82M (Peak 66.34M) | Time:00:00.20 | Mem:2.94M, Peak:2.94M | Scene, ViewLayer | Updating Objects Flags
Fra:1 Mem:42.82M (Peak 66.34M) | Time:00:00.20 | Mem:2.95M, Peak:2.95M | Scene, ViewLayer | Updating Primitive Offsets
Fra:1 Mem:42.82M (Peak 66.34M) | Time:00:00.20 | Mem:2.95M, Peak:2.95M | Scene, ViewLayer | Updating Images
Fra:1 Mem:42.82M (Peak 66.34M) | Time:00:00.20 | Mem:2.95M, Peak:2.95M | Scene, ViewLayer | Updating Images | Loading basalt_normal_preview.png
Fra:1 Mem:42.82M (Peak 66.34M) | Time:00:00.20 | Mem:2.95M, Peak:2.95M | Scene, ViewLayer | Updating Images | Loading calcite_light_emission.png
Fra:1 Mem:42.82M (Peak 66.34M) | Time:00:00.20 | Mem:2.95M, Peak:2.95M | Scene, ViewLayer | Updating Images | Loading lining_emission.png
Fra:1 Mem:42.86M (Peak 66.34M) | Time:00:00.21 | Mem:2.95M, Peak:2.95M | Scene, ViewLayer | Updating Images | Loading lining_normal_preview.png
Fra:1 Mem:42.86M (Peak 66.34M) | Time:00:00.21 | Mem:2.95M, Peak:2.95M | Scene, ViewLayer | Updating Images | Loading vein_emission.png
Fra:1 Mem:42.86M (Peak 66.34M) | Time:00:00.21 | Mem:2.95M, Peak:2.95M | Scene, ViewLayer | Updating Images | Loading basalt_dark_emission.png
Fra:1 Mem:42.86M (Peak 66.34M) | Time:00:00.21 | Mem:2.95M, Peak:2.95M | Scene, ViewLayer | Updating Images | Loading calcite_shadow_emission.png
Fra:1 Mem:42.86M (Peak 66.34M) | Time:00:00.21 | Mem:2.95M, Peak:2.95M | Scene, ViewLayer | Updating Images | Loading lining_light_emission.png
Fra:1 Mem:42.86M (Peak 66.34M) | Time:00:00.21 | Mem:2.95M, Peak:2.95M | Scene, ViewLayer | Updating Images | Loading calcite_emission.png
Fra:1 Mem:42.86M (Peak 66.34M) | Time:00:00.21 | Mem:2.95M, Peak:2.95M | Scene, ViewLayer | Updating Images | Loading bud_pink_emission.png
Fra:1 Mem:42.86M (Peak 66.34M) | Time:00:00.21 | Mem:2.95M, Peak:2.95M | Scene, ViewLayer | Updating Images | Loading bud_silver_emission.png
Fra:1 Mem:42.86M (Peak 66.34M) | Time:00:00.21 | Mem:2.96M, Peak:2.96M | Scene, ViewLayer | Updating Images | Loading basalt_light_emission.png
Fra:1 Mem:42.86M (Peak 66.34M) | Time:00:00.21 | Mem:2.96M, Peak:2.96M | Scene, ViewLayer | Updating Images | Loading bud_lilac_emission.png
Fra:1 Mem:42.86M (Peak 66.34M) | Time:00:00.21 | Mem:2.96M, Peak:2.96M | Scene, ViewLayer | Updating Images | Loading lining_light_metal.png
Fra:1 Mem:42.86M (Peak 66.34M) | Time:00:00.21 | Mem:2.96M, Peak:2.96M | Scene, ViewLayer | Updating Images | Loading vein_metal.png
Fra:1 Mem:42.86M (Peak 66.34M) | Time:00:00.21 | Mem:2.96M, Peak:2.96M | Scene, ViewLayer | Updating Images | Loading basalt_dark_metal.png
Fra:1 Mem:42.86M (Peak 66.34M) | Time:00:00.22 | Mem:2.96M, Peak:2.96M | Scene, ViewLayer | Updating Images | Loading lining_metal.png
Fra:1 Mem:42.86M (Peak 66.34M) | Time:00:00.22 | Mem:2.96M, Peak:2.96M | Scene, ViewLayer | Updating Images | Loading bud_lilac_normal_preview.png
Fra:1 Mem:42.86M (Peak 66.34M) | Time:00:00.22 | Mem:2.96M, Peak:2.96M | Scene, ViewLayer | Updating Images | Loading calcite_shadow_metal.png
Fra:1 Mem:42.86M (Peak 66.34M) | Time:00:00.22 | Mem:2.96M, Peak:2.96M | Scene, ViewLayer | Updating Images | Loading basalt_metal.png
Fra:1 Mem:42.86M (Peak 66.34M) | Time:00:00.22 | Mem:2.96M, Peak:2.96M | Scene, ViewLayer | Updating Images | Loading basalt_light_metal.png
Fra:1 Mem:42.86M (Peak 66.34M) | Time:00:00.22 | Mem:2.96M, Peak:2.96M | Scene, ViewLayer | Updating Images | Loading calcite_metal.png
Fra:1 Mem:42.86M (Peak 66.34M) | Time:00:00.22 | Mem:2.96M, Peak:2.96M | Scene, ViewLayer | Updating Images | Loading bud_lilac_metal.png
Fra:1 Mem:42.86M (Peak 66.34M) | Time:00:00.22 | Mem:2.96M, Peak:2.96M | Scene, ViewLayer | Updating Images | Loading calcite_light_sss.png
Fra:1 Mem:42.86M (Peak 66.34M) | Time:00:00.22 | Mem:2.96M, Peak:2.96M | Scene, ViewLayer | Updating Images | Loading lining_light_sss.png
Fra:1 Mem:42.86M (Peak 66.34M) | Time:00:00.22 | Mem:2.97M, Peak:2.97M | Scene, ViewLayer | Updating Images | Loading bud_silver_sss.png
Fra:1 Mem:42.86M (Peak 66.34M) | Time:00:00.22 | Mem:2.97M, Peak:2.97M | Scene, ViewLayer | Updating Images | Loading vein_sss.png
Fra:1 Mem:42.86M (Peak 66.34M) | Time:00:00.22 | Mem:2.97M, Peak:2.97M | Scene, ViewLayer | Updating Images | Loading bud_pink_sss.png
Fra:1 Mem:42.86M (Peak 66.34M) | Time:00:00.22 | Mem:2.97M, Peak:2.97M | Scene, ViewLayer | Updating Images | Loading basalt_dark_sss.png
Fra:1 Mem:42.86M (Peak 66.34M) | Time:00:00.22 | Mem:2.97M, Peak:2.97M | Scene, ViewLayer | Updating Images | Loading calcite_sss.png
Fra:1 Mem:42.86M (Peak 66.34M) | Time:00:00.22 | Mem:2.97M, Peak:2.97M | Scene, ViewLayer | Updating Images | Loading basalt_sss.png
Fra:1 Mem:42.86M (Peak 66.34M) | Time:00:00.23 | Mem:2.97M, Peak:2.97M | Scene, ViewLayer | Updating Images | Loading calcite_normal_preview.png
Fra:1 Mem:42.87M (Peak 66.34M) | Time:00:00.23 | Mem:2.97M, Peak:2.97M | Scene, ViewLayer | Updating Images | Loading bud_lilac_sss.png
Fra:1 Mem:42.87M (Peak 66.34M) | Time:00:00.23 | Mem:2.97M, Peak:2.97M | Scene, ViewLayer | Updating Images | Loading lining_sss.png
Fra:1 Mem:42.87M (Peak 66.34M) | Time:00:00.23 | Mem:2.97M, Peak:2.97M | Scene, ViewLayer | Updating Images | Loading basalt_light_sss.png
Fra:1 Mem:42.87M (Peak 66.34M) | Time:00:00.23 | Mem:2.97M, Peak:2.97M | Scene, ViewLayer | Updating Images | Loading calcite_light_roughness.png
Fra:1 Mem:42.87M (Peak 66.34M) | Time:00:00.23 | Mem:2.97M, Peak:2.97M | Scene, ViewLayer | Updating Images | Loading lining_light_roughness.png
Fra:1 Mem:42.87M (Peak 66.34M) | Time:00:00.23 | Mem:2.97M, Peak:2.97M | Scene, ViewLayer | Updating Images | Loading bud_silver_roughness.png
Fra:1 Mem:42.87M (Peak 66.34M) | Time:00:00.23 | Mem:2.97M, Peak:2.97M | Scene, ViewLayer | Updating Images | Loading bud_pink_roughness.png
Fra:1 Mem:42.87M (Peak 66.34M) | Time:00:00.23 | Mem:2.97M, Peak:2.97M | Scene, ViewLayer | Updating Images | Loading vein_roughness.png
Fra:1 Mem:42.87M (Peak 66.34M) | Time:00:00.23 | Mem:2.97M, Peak:2.97M | Scene, ViewLayer | Updating Images | Loading basalt_dark_roughness.png
Fra:1 Mem:42.87M (Peak 66.34M) | Time:00:00.23 | Mem:2.97M, Peak:2.97M | Scene, ViewLayer | Updating Images | Loading calcite_shadow_roughness.png
Fra:1 Mem:42.87M (Peak 66.34M) | Time:00:00.23 | Mem:2.97M, Peak:2.97M | Scene, ViewLayer | Updating Images | Loading bud_lilac_roughness.png
Fra:1 Mem:42.87M (Peak 66.34M) | Time:00:00.23 | Mem:2.97M, Peak:2.97M | Scene, ViewLayer | Updating Images | Loading lining_roughness.png
Fra:1 Mem:42.87M (Peak 66.34M) | Time:00:00.23 | Mem:2.97M, Peak:2.97M | Scene, ViewLayer | Updating Images | Loading calcite_roughness.png
Fra:1 Mem:42.87M (Peak 66.34M) | Time:00:00.23 | Mem:2.97M, Peak:2.97M | Scene, ViewLayer | Updating Images | Loading basalt_roughness.png
Fra:1 Mem:42.87M (Peak 66.34M) | Time:00:00.24 | Mem:2.97M, Peak:2.97M | Scene, ViewLayer | Updating Images | Loading basalt_light_normal_preview.png
Fra:1 Mem:42.87M (Peak 66.34M) | Time:00:00.24 | Mem:2.97M, Peak:2.97M | Scene, ViewLayer | Updating Images | Loading basalt_dark_normal_preview.png
Fra:1 Mem:42.87M (Peak 66.34M) | Time:00:00.24 | Mem:2.97M, Peak:2.97M | Scene, ViewLayer | Updating Images | Loading bud_silver_normal_preview.png
Fra:1 Mem:42.87M (Peak 66.34M) | Time:00:00.24 | Mem:2.97M, Peak:2.97M | Scene, ViewLayer | Updating Images | Loading vein_normal_preview.png
Fra:1 Mem:42.87M (Peak 66.34M) | Time:00:00.24 | Mem:2.97M, Peak:2.97M | Scene, ViewLayer | Updating Images | Loading bud_pink_normal_preview.png
Fra:1 Mem:42.88M (Peak 66.34M) | Time:00:00.24 | Mem:2.97M, Peak:2.97M | Scene, ViewLayer | Updating Images | Loading calcite_shadow_normal_preview.png
Fra:1 Mem:42.88M (Peak 66.34M) | Time:00:00.25 | Mem:2.98M, Peak:2.98M | Scene, ViewLayer | Updating Camera Volume
Fra:1 Mem:42.88M (Peak 66.34M) | Time:00:00.25 | Mem:2.98M, Peak:2.98M | Scene, ViewLayer | Updating Lookup Tables
Fra:1 Mem:42.88M (Peak 66.34M) | Time:00:00.25 | Mem:3.23M, Peak:3.23M | Scene, ViewLayer | Updating Lights
Fra:1 Mem:42.88M (Peak 66.34M) | Time:00:00.25 | Mem:3.23M, Peak:3.23M | Scene, ViewLayer | Updating Lights | Computing distribution
Fra:1 Mem:43.03M (Peak 66.34M) | Time:00:00.25 | Mem:3.39M, Peak:3.39M | Scene, ViewLayer | Updating Integrator
Fra:1 Mem:43.04M (Peak 66.34M) | Time:00:00.25 | Mem:3.39M, Peak:3.39M | Scene, ViewLayer | Updating Film
Fra:1 Mem:43.04M (Peak 66.34M) | Time:00:00.25 | Mem:3.14M, Peak:3.39M | Scene, ViewLayer | Updating Lookup Tables
Fra:1 Mem:43.04M (Peak 66.34M) | Time:00:00.25 | Mem:3.40M, Peak:3.40M | Scene, ViewLayer | Updating Baking
Fra:1 Mem:43.04M (Peak 66.34M) | Time:00:00.25 | Mem:3.40M, Peak:3.40M | Scene, ViewLayer | Updating Device | Writing constant memory
Fra:1 Mem:43.05M (Peak 66.34M) | Time:00:00.25 | Mem:3.40M, Peak:3.40M | Scene, ViewLayer | Sample 0/48
Fra:1 Mem:115.58M (Peak 115.58M) | Time:00:00.49 | Remaining:00:11.61 | Mem:75.90M, Peak:75.90M | Scene, ViewLayer | Sample 1/48
Fra:1 Mem:146.10M (Peak 191.88M) | Time:00:13.00 | Mem:75.90M, Peak:75.90M | Scene, ViewLayer | Sample 48/48
Fra:1 Mem:146.10M (Peak 191.88M) | Time:00:13.00 | Mem:75.90M, Peak:75.90M | Scene, ViewLayer | Finished
Saved: 'D:\Desktop\Document\Coding\FULL STACK\ConvertTable\assets\geode_prototype\geode_front.png'
 Time: 00:13.15 (Saving: 00:00.13)

Fra:1 Mem:65.04M (Peak 65.05M) | Time:00:00.05 | Mem:0.00M, Peak:0.00M | Scene, ViewLayer | Synchronizing object | 01_basalt_foundation_0000
Fra:1 Mem:65.04M (Peak 65.05M) | Time:00:00.05 | Mem:0.00M, Peak:0.00M | Scene, ViewLayer | Synchronizing object | 01_basalt_foundation_0003
Fra:1 Mem:65.05M (Peak 65.05M) | Time:00:00.05 | Mem:0.00M, Peak:0.00M | Scene, ViewLayer | Synchronizing object | 01_basalt_foundation_0005
Fra:1 Mem:65.05M (Peak 65.05M) | Time:00:00.05 | Mem:0.00M, Peak:0.00M | Scene, ViewLayer | Synchronizing object | 01_basalt_foundation_0006
Fra:1 Mem:65.05M (Peak 65.05M) | Time:00:00.05 | Mem:0.00M, Peak:0.00M | Scene, ViewLayer | Synchronizing object | 08_calcite_panel_frames_0011
Fra:1 Mem:65.05M (Peak 65.05M) | Time:00:00.05 | Mem:0.00M, Peak:0.00M | Scene, ViewLayer | Synchronizing object | 10_calcite_corner_shoulders_0014
Fra:1 Mem:65.06M (Peak 65.06M) | Time:00:00.05 | Mem:0.00M, Peak:0.00M | Scene, ViewLayer | Synchronizing object | 10_calcite_corner_shoulders_0015
Fra:1 Mem:65.06M (Peak 65.06M) | Time:00:00.05 | Mem:0.00M, Peak:0.00M | Scene, ViewLayer | Synchronizing object | 08_calcite_panel_frames_0016
Fra:1 Mem:65.06M (Peak 65.06M) | Time:00:00.05 | Mem:0.00M, Peak:0.00M | Scene, ViewLayer | Synchronizing object | 10_calcite_corner_shoulders_0018
Fra:1 Mem:65.06M (Peak 65.06M) | Time:00:00.05 | Mem:0.00M, Peak:0.00M | Scene, ViewLayer | Synchronizing object | 10_calcite_corner_shoulders_0019
Fra:1 Mem:65.06M (Peak 65.06M) | Time:00:00.05 | Mem:0.00M, Peak:0.00M | Scene, ViewLayer | Synchronizing object | 10_calcite_corner_shoulders_0021
Fra:1 Mem:65.07M (Peak 65.07M) | Time:00:00.05 | Mem:0.00M, Peak:0.00M | Scene, ViewLayer | Synchronizing object | 10_calcite_corner_shoulders_0023
Fra:1 Mem:65.07M (Peak 65.07M) | Time:00:00.05 | Mem:0.00M, Peak:0.00M | Scene, ViewLayer | Synchronizing object | 10_calcite_corner_shoulders_0024
Fra:1 Mem:65.07M (Peak 65.07M) | Time:00:00.05 | Mem:0.00M, Peak:0.00M | Scene, ViewLayer | Synchronizing object | 10_calcite_corner_shoulders_0025
Fra:1 Mem:65.07M (Peak 65.07M) | Time:00:00.05 | Mem:0.00M, Peak:0.00M | Scene, ViewLayer | Synchronizing object | 10_calcite_corner_shoulders_0026
Fra:1 Mem:65.08M (Peak 65.08M) | Time:00:00.05 | Mem:0.00M, Peak:0.00M | Scene, ViewLayer | Synchronizing object | 10_calcite_corner_shoulders_0027
Fra:1 Mem:65.08M (Peak 65.08M) | Time:00:00.05 | Mem:0.00M, Peak:0.00M | Scene, ViewLayer | Synchronizing object | 10_calcite_corner_shoulders_0029
Fra:1 Mem:65.08M (Peak 65.08M) | Time:00:00.05 | Mem:0.00M, Peak:0.00M | Scene, ViewLayer | Synchronizing object | 10_calcite_corner_shoulders_0030
Fra:1 Mem:65.09M (Peak 65.09M) | Time:00:00.05 | Mem:0.00M, Peak:0.00M | Scene, ViewLayer | Synchronizing object | 10_calcite_corner_shoulders_0031
Fra:1 Mem:65.09M (Peak 65.09M) | Time:00:00.05 | Mem:0.00M, Peak:0.00M | Scene, ViewLayer | Synchronizing object | 02_calcite_lower_shell_0033
Fra:1 Mem:65.09M (Peak 65.09M) | Time:00:00.05 | Mem:0.00M, Peak:0.00M | Scene, ViewLayer | Synchronizing object | 02_calcite_lower_shell_0034
Fra:1 Mem:65.09M (Peak 65.09M) | Time:00:00.05 | Mem:0.00M, Peak:0.00M | Scene, ViewLayer | Synchronizing object | 02_calcite_lower_shell_0036
Fra:1 Mem:65.10M (Peak 65.10M) | Time:00:00.05 | Mem:0.00M, Peak:0.00M | Scene, ViewLayer | Synchronizing object | 02_calcite_lower_shell_0037
Fra:1 Mem:65.10M (Peak 65.10M) | Time:00:00.05 | Mem:0.00M, Peak:0.00M | Scene, ViewLayer | Synchronizing object | 02_calcite_lower_shell_0038
Fra:1 Mem:65.10M (Peak 65.10M) | Time:00:00.05 | Mem:0.00M, Peak:0.00M | Scene, ViewLayer | Synchronizing object | 01_basalt_foundation_0039
Fra:1 Mem:65.10M (Peak 65.11M) | Time:00:00.05 | Mem:0.00M, Peak:0.00M | Scene, ViewLayer | Synchronizing object | 01_basalt_foundation_0040
Fra:1 Mem:65.11M (Peak 65.11M) | Time:00:00.05 | Mem:0.00M, Peak:0.00M | Scene, ViewLayer | Synchronizing object | 01_basalt_foundation_0041
Fra:1 Mem:65.11M (Peak 65.11M) | Time:00:00.05 | Mem:0.00M, Peak:0.00M | Scene, ViewLayer | Synchronizing object | 02_calcite_lower_shell_0043
Fra:1 Mem:65.11M (Peak 65.11M) | Time:00:00.05 | Mem:0.00M, Peak:0.00M | Scene, ViewLayer | Synchronizing object | 02_calcite_lower_shell_0044
Fra:1 Mem:65.12M (Peak 65.12M) | Time:00:00.05 | Mem:0.00M, Peak:0.00M | Scene, ViewLayer | Synchronizing object | 02_calcite_lower_shell_0045
Fra:1 Mem:65.12M (Peak 65.12M) | Time:00:00.05 | Mem:0.00M, Peak:0.00M | Scene, ViewLayer | Synchronizing object | 02_calcite_lower_shell_0046
Fra:1 Mem:65.12M (Peak 65.12M) | Time:00:00.05 | Mem:0.00M, Peak:0.00M | Scene, ViewLayer | Synchronizing object | 02_calcite_lower_shell_0048
Fra:1 Mem:65.12M (Peak 65.12M) | Time:00:00.05 | Mem:0.00M, Peak:0.00M | Scene, ViewLayer | Synchronizing object | 02_calcite_lower_shell_0049
Fra:1 Mem:65.12M (Peak 65.12M) | Time:00:00.05 | Mem:0.00M, Peak:0.00M | Scene, ViewLayer | Synchronizing object | 01_basalt_foundation_0050
Fra:1 Mem:65.13M (Peak 65.13M) | Time:00:00.05 | Mem:0.00M, Peak:0.00M | Scene, ViewLayer | Synchronizing object | 03_basalt_corner_spines_0051
Fra:1 Mem:65.13M (Peak 65.13M) | Time:00:00.05 | Mem:0.00M, Peak:0.00M | Scene, ViewLayer | Synchronizing object | 02_calcite_lower_shell_0052
Fra:1 Mem:65.13M (Peak 65.13M) | Time:00:00.05 | Mem:0.00M, Peak:0.00M | Scene, ViewLayer | Synchronizing object | 02_calcite_lower_shell_0053
Fra:1 Mem:65.14M (Peak 65.14M) | Time:00:00.05 | Mem:0.00M, Peak:0.00M | Scene, ViewLayer | Synchronizing object | 03_basalt_corner_spines_0055
Fra:1 Mem:65.14M (Peak 65.14M) | Time:00:00.05 | Mem:0.00M, Peak:0.00M | Scene, ViewLayer | Synchronizing object | 03_basalt_corner_spines_0056
Fra:1 Mem:65.14M (Peak 65.14M) | Time:00:00.05 | Mem:0.00M, Peak:0.00M | Scene, ViewLayer | Synchronizing object | 03_basalt_corner_spines_0057
Fra:1 Mem:65.14M (Peak 65.14M) | Time:00:00.05 | Mem:0.00M, Peak:0.00M | Scene, ViewLayer | Synchronizing object | 03_basalt_corner_spines_0059
Fra:1 Mem:65.14M (Peak 65.14M) | Time:00:00.05 | Mem:0.00M, Peak:0.00M | Scene, ViewLayer | Synchronizing object | 05_calcite_wall_mass_0061
Fra:1 Mem:65.15M (Peak 65.15M) | Time:00:00.05 | Mem:0.00M, Peak:0.00M | Scene, ViewLayer | Synchronizing object | 06_recessed_side_panels_0062
Fra:1 Mem:65.15M (Peak 65.15M) | Time:00:00.05 | Mem:0.00M, Peak:0.00M | Scene, ViewLayer | Synchronizing object | 07_crystal_seams_0063
Fra:1 Mem:65.16M (Peak 65.16M) | Time:00:00.05 | Mem:0.00M, Peak:0.00M | Scene, ViewLayer | Synchronizing object | 07_crystal_seams_0064
Fra:1 Mem:65.16M (Peak 65.16M) | Time:00:00.05 | Mem:0.00M, Peak:0.00M | Scene, ViewLayer | Synchronizing object | 06_recessed_side_panels_0065
Fra:1 Mem:65.16M (Peak 65.16M) | Time:00:00.05 | Mem:0.00M, Peak:0.00M | Scene, ViewLayer | Synchronizing object | 05_calcite_wall_mass_0066
Fra:1 Mem:65.16M (Peak 65.16M) | Time:00:00.05 | Mem:0.00M, Peak:0.00M | Scene, ViewLayer | Synchronizing object | 05_calcite_wall_mass_0069
Fra:1 Mem:65.17M (Peak 65.17M) | Time:00:00.05 | Mem:0.00M, Peak:0.00M | Scene, ViewLayer | Synchronizing object | 03_basalt_corner_spines_0071
Fra:1 Mem:65.17M (Peak 65.17M) | Time:00:00.05 | Mem:0.00M, Peak:0.00M | Scene, ViewLayer | Synchronizing object | 06_recessed_side_panels_0072
Fra:1 Mem:65.17M (Peak 65.17M) | Time:00:00.05 | Mem:0.00M, Peak:0.00M | Scene, ViewLayer | Synchronizing object | 05_calcite_wall_mass_0073
Fra:1 Mem:65.17M (Peak 65.17M) | Time:00:00.05 | Mem:0.00M, Peak:0.00M | Scene, ViewLayer | Synchronizing object | 05_calcite_wall_mass_0075
Fra:1 Mem:65.18M (Peak 65.18M) | Time:00:00.05 | Mem:0.00M, Peak:0.00M | Scene, ViewLayer | Synchronizing object | 05_calcite_wall_mass_0076
Fra:1 Mem:65.18M (Peak 65.18M) | Time:00:00.05 | Mem:0.00M, Peak:0.00M | Scene, ViewLayer | Synchronizing object | 05_calcite_wall_mass_0077
Fra:1 Mem:65.18M (Peak 65.18M) | Time:00:00.05 | Mem:0.00M, Peak:0.00M | Scene, ViewLayer | Synchronizing object | 03_basalt_corner_spines_0078
Fra:1 Mem:65.18M (Peak 65.18M) | Time:00:00.05 | Mem:0.00M, Peak:0.00M | Scene, ViewLayer | Synchronizing object | 05_calcite_wall_mass_0079
Fra:1 Mem:65.19M (Peak 65.19M) | Time:00:00.05 | Mem:0.00M, Peak:0.00M | Scene, ViewLayer | Synchronizing object | 05_calcite_wall_mass_0080
Fra:1 Mem:65.19M (Peak 65.19M) | Time:00:00.05 | Mem:0.00M, Peak:0.00M | Scene, ViewLayer | Synchronizing object | 05_calcite_wall_mass_0081
Fra:1 Mem:65.19M (Peak 65.19M) | Time:00:00.05 | Mem:0.00M, Peak:0.00M | Scene, ViewLayer | Synchronizing object | 10_calcite_corner_shoulders_0082
Fra:1 Mem:65.19M (Peak 65.19M) | Time:00:00.05 | Mem:0.00M, Peak:0.00M | Scene, ViewLayer | Synchronizing object | 10_calcite_corner_shoulders_0083
Fra:1 Mem:65.19M (Peak 65.19M) | Time:00:00.05 | Mem:0.00M, Peak:0.00M | Scene, ViewLayer | Synchronizing object | 05_calcite_wall_mass_0085
Fra:1 Mem:65.20M (Peak 65.20M) | Time:00:00.05 | Mem:0.00M, Peak:0.00M | Scene, ViewLayer | Synchronizing object | 05_calcite_wall_mass_0086
Fra:1 Mem:65.20M (Peak 65.20M) | Time:00:00.05 | Mem:0.00M, Peak:0.00M | Scene, ViewLayer | Synchronizing object | 05_calcite_wall_mass_0087
Fra:1 Mem:65.20M (Peak 65.20M) | Time:00:00.05 | Mem:0.00M, Peak:0.00M | Scene, ViewLayer | Synchronizing object | 05_calcite_wall_mass_0089
Fra:1 Mem:65.20M (Peak 65.20M) | Time:00:00.05 | Mem:0.00M, Peak:0.00M | Scene, ViewLayer | Synchronizing object | 10_calcite_corner_shoulders_0090
Fra:1 Mem:65.21M (Peak 65.21M) | Time:00:00.05 | Mem:0.00M, Peak:0.00M | Scene, ViewLayer | Synchronizing object | 09_calcite_crown_rim_0091
Fra:1 Mem:65.21M (Peak 65.21M) | Time:00:00.05 | Mem:0.00M, Peak:0.00M | Scene, ViewLayer | Synchronizing object | 09_calcite_crown_rim_0094
Fra:1 Mem:65.22M (Peak 65.22M) | Time:00:00.05 | Mem:0.00M, Peak:0.00M | Scene, ViewLayer | Synchronizing object | 10_calcite_corner_shoulders_0095
Fra:1 Mem:65.22M (Peak 65.22M) | Time:00:00.05 | Mem:0.00M, Peak:0.00M | Scene, ViewLayer | Synchronizing object | 10_calcite_corner_shoulders_0096
Fra:1 Mem:65.22M (Peak 65.22M) | Time:00:00.05 | Mem:0.00M, Peak:0.00M | Scene, ViewLayer | Synchronizing object | 09_calcite_crown_rim_0097
Fra:1 Mem:65.22M (Peak 65.22M) | Time:00:00.05 | Mem:0.00M, Peak:0.00M | Scene, ViewLayer | Synchronizing object | 09_calcite_crown_rim_0099
Fra:1 Mem:65.23M (Peak 65.23M) | Time:00:00.05 | Mem:0.00M, Peak:0.00M | Scene, ViewLayer | Synchronizing object | 09_calcite_crown_rim_0100
Fra:1 Mem:65.23M (Peak 65.23M) | Time:00:00.05 | Mem:0.00M, Peak:0.00M | Scene, ViewLayer | Synchronizing object | 09_calcite_crown_rim_0101
Fra:1 Mem:65.23M (Peak 65.23M) | Time:00:00.05 | Mem:0.00M, Peak:0.00M | Scene, ViewLayer | Synchronizing object | 09_calcite_crown_rim_0102
Fra:1 Mem:65.23M (Peak 65.23M) | Time:00:00.05 | Mem:0.00M, Peak:0.00M | Scene, ViewLayer | Synchronizing object | 09_calcite_crown_rim_0103
Fra:1 Mem:65.23M (Peak 65.23M) | Time:00:00.05 | Mem:0.00M, Peak:0.00M | Scene, ViewLayer | Synchronizing object | 10_calcite_corner_shoulders_0104
Fra:1 Mem:65.24M (Peak 65.24M) | Time:00:00.05 | Mem:0.00M, Peak:0.00M | Scene, ViewLayer | Synchronizing object | 09_calcite_crown_rim_0105
Fra:1 Mem:65.24M (Peak 65.24M) | Time:00:00.05 | Mem:0.00M, Peak:0.00M | Scene, ViewLayer | Synchronizing object | 10_calcite_corner_shoulders_0107
Fra:1 Mem:65.24M (Peak 65.24M) | Time:00:00.05 | Mem:0.00M, Peak:0.00M | Scene, ViewLayer | Synchronizing object | 11_corner_crystal_buds_0108
Fra:1 Mem:65.25M (Peak 65.25M) | Time:00:00.05 | Mem:0.00M, Peak:0.00M | Scene, ViewLayer | Synchronizing object | 11_corner_crystal_buds_0111
Fra:1 Mem:65.25M (Peak 65.25M) | Time:00:00.05 | Mem:0.00M, Peak:0.00M | Scene, ViewLayer | Synchronizing object | 11_corner_crystal_buds_0113
Fra:1 Mem:65.26M (Peak 65.26M) | Time:00:00.05 | Mem:0.00M, Peak:0.00M | Scene, ViewLayer | Synchronizing object | 01_basalt_foundation_0115
Fra:1 Mem:65.26M (Peak 65.26M) | Time:00:00.05 | Mem:0.00M, Peak:0.00M | Scene, ViewLayer | Synchronizing object | 02_calcite_lower_shell_0116
Fra:1 Mem:65.26M (Peak 65.26M) | Time:00:00.05 | Mem:0.00M, Peak:0.00M | Scene, ViewLayer | Synchronizing object | 02_calcite_lower_shell_0117
Fra:1 Mem:65.26M (Peak 65.26M) | Time:00:00.05 | Mem:0.00M, Peak:0.00M | Scene, ViewLayer | Synchronizing object | 02_calcite_lower_shell_0118
Fra:1 Mem:65.27M (Peak 65.27M) | Time:00:00.05 | Mem:0.00M, Peak:0.00M | Scene, ViewLayer | Synchronizing object | 02_calcite_lower_shell_0120
Fra:1 Mem:65.27M (Peak 65.27M) | Time:00:00.05 | Mem:0.00M, Peak:0.00M | Scene, ViewLayer | Synchronizing object | 02_calcite_lower_shell_0121
Fra:1 Mem:65.27M (Peak 65.27M) | Time:00:00.05 | Mem:0.00M, Peak:0.00M | Scene, ViewLayer | Synchronizing object | 01_basalt_foundation_0123
Fra:1 Mem:65.27M (Peak 65.27M) | Time:00:00.05 | Mem:0.00M, Peak:0.00M | Scene, ViewLayer | Synchronizing object | 02_calcite_lower_shell_0124
Fra:1 Mem:65.28M (Peak 65.28M) | Time:00:00.05 | Mem:0.00M, Peak:0.00M | Scene, ViewLayer | Synchronizing object | 02_calcite_lower_shell_0125
Fra:1 Mem:65.28M (Peak 65.28M) | Time:00:00.05 | Mem:0.00M, Peak:0.00M | Scene, ViewLayer | Synchronizing object | 02_calcite_lower_shell_0126
Fra:1 Mem:65.28M (Peak 65.28M) | Time:00:00.05 | Mem:0.00M, Peak:0.00M | Scene, ViewLayer | Synchronizing object | 02_calcite_lower_shell_0127
Fra:1 Mem:65.28M (Peak 65.28M) | Time:00:00.05 | Mem:0.00M, Peak:0.00M | Scene, ViewLayer | Synchronizing object | 01_basalt_foundation_0128
Fra:1 Mem:65.28M (Peak 65.29M) | Time:00:00.05 | Mem:0.00M, Peak:0.00M | Scene, ViewLayer | Synchronizing object | 02_calcite_lower_shell_0130
Fra:1 Mem:65.29M (Peak 65.29M) | Time:00:00.05 | Mem:0.00M, Peak:0.00M | Scene, ViewLayer | Synchronizing object | 02_calcite_lower_shell_0132
Fra:1 Mem:65.29M (Peak 65.29M) | Time:00:00.05 | Mem:0.00M, Peak:0.00M | Scene, ViewLayer | Synchronizing object | 03_basalt_corner_spines_0133
Fra:1 Mem:65.30M (Peak 65.30M) | Time:00:00.05 | Mem:0.00M, Peak:0.00M | Scene, ViewLayer | Synchronizing object | 03_basalt_corner_spines_0134
Fra:1 Mem:65.30M (Peak 65.30M) | Time:00:00.05 | Mem:0.00M, Peak:0.00M | Scene, ViewLayer | Synchronizing object | 05_calcite_wall_mass_0137
Fra:1 Mem:65.30M (Peak 65.30M) | Time:00:00.05 | Mem:0.00M, Peak:0.00M | Scene, ViewLayer | Synchronizing object | 05_calcite_wall_mass_0138
Fra:1 Mem:65.30M (Peak 65.30M) | Time:00:00.05 | Mem:0.00M, Peak:0.00M | Scene, ViewLayer | Synchronizing object | 05_calcite_wall_mass_0139
Fra:1 Mem:65.31M (Peak 65.31M) | Time:00:00.05 | Mem:0.00M, Peak:0.00M | Scene, ViewLayer | Synchronizing object | 05_calcite_wall_mass_0142
Fra:1 Mem:65.31M (Peak 65.31M) | Time:00:00.05 | Mem:0.00M, Peak:0.00M | Scene, ViewLayer | Synchronizing object | 05_calcite_wall_mass_0143
Fra:1 Mem:65.31M (Peak 65.31M) | Time:00:00.05 | Mem:0.00M, Peak:0.00M | Scene, ViewLayer | Synchronizing object | 03_basalt_corner_spines_0145
Fra:1 Mem:65.32M (Peak 65.32M) | Time:00:00.05 | Mem:0.00M, Peak:0.00M | Scene, ViewLayer | Synchronizing object | 03_basalt_corner_spines_0146
Fra:1 Mem:65.32M (Peak 65.32M) | Time:00:00.05 | Mem:0.00M, Peak:0.00M | Scene, ViewLayer | Synchronizing object | 05_calcite_wall_mass_0147
Fra:1 Mem:65.32M (Peak 65.32M) | Time:00:00.05 | Mem:0.00M, Peak:0.00M | Scene, ViewLayer | Synchronizing object | 03_basalt_corner_spines_0149
Fra:1 Mem:65.32M (Peak 65.32M) | Time:00:00.05 | Mem:0.00M, Peak:0.00M | Scene, ViewLayer | Synchronizing object | 03_basalt_corner_spines_0151
Fra:1 Mem:65.33M (Peak 65.33M) | Time:00:00.05 | Mem:0.00M, Peak:0.00M | Scene, ViewLayer | Synchronizing object | 05_calcite_wall_mass_0153
Fra:1 Mem:65.33M (Peak 65.33M) | Time:00:00.05 | Mem:0.00M, Peak:0.00M | Scene, ViewLayer | Synchronizing object | 05_calcite_wall_mass_0154
Fra:1 Mem:65.34M (Peak 65.34M) | Time:00:00.05 | Mem:0.00M, Peak:0.00M | Scene, ViewLayer | Synchronizing object | 05_calcite_wall_mass_0155
Fra:1 Mem:65.34M (Peak 65.34M) | Time:00:00.05 | Mem:0.00M, Peak:0.00M | Scene, ViewLayer | Synchronizing object | 03_basalt_corner_spines_0157
Fra:1 Mem:65.34M (Peak 65.34M) | Time:00:00.05 | Mem:0.00M, Peak:0.00M | Scene, ViewLayer | Synchronizing object | 03_basalt_corner_spines_0158
Fra:1 Mem:65.34M (Peak 65.34M) | Time:00:00.05 | Mem:0.00M, Peak:0.00M | Scene, ViewLayer | Synchronizing object | 05_calcite_wall_mass_0160
Fra:1 Mem:65.35M (Peak 65.35M) | Time:00:00.05 | Mem:0.00M, Peak:0.00M | Scene, ViewLayer | Synchronizing object | 05_calcite_wall_mass_0161
Fra:1 Mem:65.35M (Peak 65.35M) | Time:00:00.05 | Mem:0.00M, Peak:0.00M | Scene, ViewLayer | Synchronizing object | 03_basalt_corner_spines_0163
Fra:1 Mem:65.35M (Peak 65.35M) | Time:00:00.05 | Mem:0.00M, Peak:0.00M | Scene, ViewLayer | Synchronizing object | 03_basalt_corner_spines_0164
Fra:1 Mem:65.35M (Peak 65.35M) | Time:00:00.05 | Mem:0.00M, Peak:0.00M | Scene, ViewLayer | Synchronizing object | 05_calcite_wall_mass_0165
Fra:1 Mem:65.36M (Peak 65.36M) | Time:00:00.05 | Mem:0.00M, Peak:0.00M | Scene, ViewLayer | Synchronizing object | 05_calcite_wall_mass_0166
Fra:1 Mem:65.36M (Peak 65.36M) | Time:00:00.05 | Mem:0.00M, Peak:0.00M | Scene, ViewLayer | Synchronizing object | 05_calcite_wall_mass_0169
Fra:1 Mem:65.36M (Peak 65.36M) | Time:00:00.05 | Mem:0.00M, Peak:0.00M | Scene, ViewLayer | Synchronizing object | 05_calcite_wall_mass_0170
Fra:1 Mem:65.36M (Peak 65.37M) | Time:00:00.05 | Mem:0.00M, Peak:0.00M | Scene, ViewLayer | Synchronizing object | 05_calcite_wall_mass_0171
Fra:1 Mem:65.37M (Peak 65.37M) | Time:00:00.05 | Mem:0.00M, Peak:0.00M | Scene, ViewLayer | Synchronizing object | 05_calcite_wall_mass_0172
Fra:1 Mem:65.37M (Peak 65.37M) | Time:00:00.05 | Mem:0.00M, Peak:0.00M | Scene, ViewLayer | Synchronizing object | 03_basalt_corner_spines_0173
Fra:1 Mem:65.37M (Peak 65.37M) | Time:00:00.05 | Mem:0.00M, Peak:0.00M | Scene, ViewLayer | Synchronizing object | 05_calcite_wall_mass_0176
Fra:1 Mem:65.38M (Peak 65.38M) | Time:00:00.05 | Mem:0.00M, Peak:0.00M | Scene, ViewLayer | Synchronizing object | 05_calcite_wall_mass_0177
Fra:1 Mem:65.38M (Peak 65.38M) | Time:00:00.05 | Mem:0.00M, Peak:0.00M | Scene, ViewLayer | Synchronizing object | 05_calcite_wall_mass_0178
Fra:1 Mem:65.38M (Peak 65.38M) | Time:00:00.05 | Mem:0.00M, Peak:0.00M | Scene, ViewLayer | Synchronizing object | 03_basalt_corner_spines_0180
Fra:1 Mem:65.38M (Peak 65.38M) | Time:00:00.05 | Mem:0.00M, Peak:0.00M | Scene, ViewLayer | Synchronizing object | 10_calcite_corner_shoulders_0182
Fra:1 Mem:65.39M (Peak 65.39M) | Time:00:00.05 | Mem:0.00M, Peak:0.00M | Scene, ViewLayer | Synchronizing object | 05_calcite_wall_mass_0183
Fra:1 Mem:65.39M (Peak 65.39M) | Time:00:00.05 | Mem:0.00M, Peak:0.00M | Scene, ViewLayer | Synchronizing object | 05_calcite_wall_mass_0184
Fra:1 Mem:65.39M (Peak 65.39M) | Time:00:00.05 | Mem:0.00M, Peak:0.00M | Scene, ViewLayer | Synchronizing object | 05_calcite_wall_mass_0185
Fra:1 Mem:65.39M (Peak 65.39M) | Time:00:00.05 | Mem:0.00M, Peak:0.00M | Scene, ViewLayer | Synchronizing object | 10_calcite_corner_shoulders_0188
Fra:1 Mem:65.40M (Peak 65.40M) | Time:00:00.05 | Mem:0.00M, Peak:0.00M | Scene, ViewLayer | Synchronizing object | 10_calcite_corner_shoulders_0189
Fra:1 Mem:65.41M (Peak 65.41M) | Time:00:00.05 | Mem:0.00M, Peak:0.00M | Scene, ViewLayer | Synchronizing object | 09_calcite_crown_rim_0191
Fra:1 Mem:65.41M (Peak 65.41M) | Time:00:00.05 | Mem:0.00M, Peak:0.00M | Scene, ViewLayer | Synchronizing object | 10_calcite_corner_shoulders_0195
Fra:1 Mem:65.42M (Peak 65.42M) | Time:00:00.05 | Mem:0.00M, Peak:0.00M | Scene, ViewLayer | Synchronizing object | 10_calcite_corner_shoulders_0196
Fra:1 Mem:65.42M (Peak 65.42M) | Time:00:00.05 | Mem:0.00M, Peak:0.00M | Scene, ViewLayer | Synchronizing object | 09_calcite_crown_rim_0199
Fra:1 Mem:65.42M (Peak 65.42M) | Time:00:00.05 | Mem:0.00M, Peak:0.00M | Scene, ViewLayer | Synchronizing object | 09_calcite_crown_rim_0200
Fra:1 Mem:65.42M (Peak 65.42M) | Time:00:00.05 | Mem:0.00M, Peak:0.00M | Scene, ViewLayer | Synchronizing object | 10_calcite_corner_shoulders_0203
Fra:1 Mem:65.43M (Peak 65.43M) | Time:00:00.05 | Mem:0.00M, Peak:0.00M | Scene, ViewLayer | Synchronizing object | 10_calcite_corner_shoulders_0204
Fra:1 Mem:65.43M (Peak 65.43M) | Time:00:00.05 | Mem:0.00M, Peak:0.00M | Scene, ViewLayer | Synchronizing object | 09_calcite_crown_rim_0205
Fra:1 Mem:65.43M (Peak 65.43M) | Time:00:00.05 | Mem:0.00M, Peak:0.00M | Scene, ViewLayer | Synchronizing object | 09_calcite_crown_rim_0206
Fra:1 Mem:65.44M (Peak 65.44M) | Time:00:00.05 | Mem:0.00M, Peak:0.00M | Scene, ViewLayer | Synchronizing object | 10_calcite_corner_shoulders_0207
Fra:1 Mem:65.44M (Peak 65.44M) | Time:00:00.05 | Mem:0.00M, Peak:0.00M | Scene, ViewLayer | Synchronizing object | 02_calcite_lower_shell_0210
Fra:1 Mem:65.44M (Peak 65.44M) | Time:00:00.05 | Mem:0.00M, Peak:0.00M | Scene, ViewLayer | Synchronizing object | 02_calcite_lower_shell_0211
Fra:1 Mem:65.45M (Peak 65.45M) | Time:00:00.05 | Mem:0.00M, Peak:0.00M | Scene, ViewLayer | Synchronizing object | 02_calcite_lower_shell_0212
Fra:1 Mem:65.45M (Peak 65.45M) | Time:00:00.05 | Mem:0.00M, Peak:0.00M | Scene, ViewLayer | Synchronizing object | 02_calcite_lower_shell_0215
Fra:1 Mem:65.45M (Peak 65.45M) | Time:00:00.05 | Mem:0.00M, Peak:0.00M | Scene, ViewLayer | Synchronizing object | 02_calcite_lower_shell_0216
Fra:1 Mem:65.45M (Peak 65.45M) | Time:00:00.05 | Mem:0.00M, Peak:0.00M | Scene, ViewLayer | Synchronizing object | 02_calcite_lower_shell_0217
Fra:1 Mem:65.45M (Peak 65.46M) | Time:00:00.05 | Mem:0.00M, Peak:0.00M | Scene, ViewLayer | Synchronizing object | 02_calcite_lower_shell_0218
Fra:1 Mem:65.46M (Peak 65.46M) | Time:00:00.05 | Mem:0.00M, Peak:0.00M | Scene, ViewLayer | Synchronizing object | 02_calcite_lower_shell_0219
Fra:1 Mem:65.46M (Peak 65.46M) | Time:00:00.05 | Mem:0.00M, Peak:0.00M | Scene, ViewLayer | Synchronizing object | 02_calcite_lower_shell_0220
Fra:1 Mem:65.46M (Peak 65.46M) | Time:00:00.05 | Mem:0.00M, Peak:0.00M | Scene, ViewLayer | Synchronizing object | 02_calcite_lower_shell_0222
Fra:1 Mem:65.46M (Peak 65.46M) | Time:00:00.05 | Mem:0.00M, Peak:0.00M | Scene, ViewLayer | Synchronizing object | 02_calcite_lower_shell_0224
Fra:1 Mem:65.47M (Peak 65.47M) | Time:00:00.05 | Mem:0.00M, Peak:0.00M | Scene, ViewLayer | Synchronizing object | 02_calcite_lower_shell_0225
Fra:1 Mem:65.47M (Peak 65.47M) | Time:00:00.05 | Mem:0.00M, Peak:0.00M | Scene, ViewLayer | Synchronizing object | 02_calcite_lower_shell_0227
Fra:1 Mem:65.47M (Peak 65.47M) | Time:00:00.05 | Mem:0.00M, Peak:0.00M | Scene, ViewLayer | Synchronizing object | 02_calcite_lower_shell_0228
Fra:1 Mem:65.48M (Peak 65.48M) | Time:00:00.05 | Mem:0.00M, Peak:0.00M | Scene, ViewLayer | Synchronizing object | 02_calcite_lower_shell_0229
Fra:1 Mem:65.48M (Peak 65.48M) | Time:00:00.05 | Mem:0.00M, Peak:0.00M | Scene, ViewLayer | Synchronizing object | 02_calcite_lower_shell_0230
Fra:1 Mem:65.48M (Peak 65.48M) | Time:00:00.05 | Mem:0.00M, Peak:0.00M | Scene, ViewLayer | Synchronizing object | 05_calcite_wall_mass_0233
Fra:1 Mem:65.49M (Peak 65.49M) | Time:00:00.05 | Mem:0.00M, Peak:0.00M | Scene, ViewLayer | Synchronizing object | 05_calcite_wall_mass_0234
Fra:1 Mem:65.49M (Peak 65.49M) | Time:00:00.05 | Mem:0.00M, Peak:0.00M | Scene, ViewLayer | Synchronizing object | 05_calcite_wall_mass_0235
Fra:1 Mem:65.49M (Peak 65.49M) | Time:00:00.05 | Mem:0.00M, Peak:0.00M | Scene, ViewLayer | Synchronizing object | 05_calcite_wall_mass_0236
Fra:1 Mem:65.49M (Peak 65.49M) | Time:00:00.05 | Mem:0.00M, Peak:0.00M | Scene, ViewLayer | Synchronizing object | 05_calcite_wall_mass_0239
Fra:1 Mem:65.49M (Peak 65.49M) | Time:00:00.05 | Mem:0.00M, Peak:0.00M | Scene, ViewLayer | Synchronizing object | 05_calcite_wall_mass_0240
Fra:1 Mem:65.50M (Peak 65.50M) | Time:00:00.05 | Mem:0.00M, Peak:0.00M | Scene, ViewLayer | Synchronizing object | 05_calcite_wall_mass_0242
Fra:1 Mem:65.50M (Peak 65.50M) | Time:00:00.05 | Mem:0.00M, Peak:0.00M | Scene, ViewLayer | Synchronizing object | 05_calcite_wall_mass_0243
Fra:1 Mem:65.51M (Peak 65.51M) | Time:00:00.05 | Mem:0.00M, Peak:0.00M | Scene, ViewLayer | Synchronizing object | 05_calcite_wall_mass_0244
Fra:1 Mem:65.51M (Peak 65.51M) | Time:00:00.05 | Mem:0.00M, Peak:0.00M | Scene, ViewLayer | Synchronizing object | 05_calcite_wall_mass_0245
Fra:1 Mem:65.51M (Peak 65.51M) | Time:00:00.05 | Mem:0.00M, Peak:0.00M | Scene, ViewLayer | Synchronizing object | 05_calcite_wall_mass_0247
Fra:1 Mem:65.51M (Peak 65.51M) | Time:00:00.05 | Mem:0.00M, Peak:0.00M | Scene, ViewLayer | Synchronizing object | 05_calcite_wall_mass_0248
Fra:1 Mem:65.51M (Peak 65.51M) | Time:00:00.05 | Mem:0.00M, Peak:0.00M | Scene, ViewLayer | Synchronizing object | 05_calcite_wall_mass_0249
Fra:1 Mem:65.52M (Peak 65.52M) | Time:00:00.05 | Mem:0.00M, Peak:0.00M | Scene, ViewLayer | Synchronizing object | 05_calcite_wall_mass_0251
Fra:1 Mem:65.52M (Peak 65.52M) | Time:00:00.05 | Mem:0.00M, Peak:0.00M | Scene, ViewLayer | Synchronizing object | 05_calcite_wall_mass_0252
Fra:1 Mem:65.52M (Peak 65.52M) | Time:00:00.05 | Mem:0.00M, Peak:0.00M | Scene, ViewLayer | Synchronizing object | 05_calcite_wall_mass_0253
Fra:1 Mem:65.53M (Peak 65.53M) | Time:00:00.05 | Mem:0.00M, Peak:0.00M | Scene, ViewLayer | Synchronizing object | 05_calcite_wall_mass_0255
Fra:1 Mem:65.53M (Peak 65.53M) | Time:00:00.05 | Mem:0.00M, Peak:0.00M | Scene, ViewLayer | Synchronizing object | 05_calcite_wall_mass_0256
Fra:1 Mem:65.53M (Peak 65.53M) | Time:00:00.05 | Mem:0.00M, Peak:0.00M | Scene, ViewLayer | Synchronizing object | 05_calcite_wall_mass_0258
Fra:1 Mem:65.53M (Peak 65.53M) | Time:00:00.05 | Mem:0.00M, Peak:0.00M | Scene, ViewLayer | Synchronizing object | 05_calcite_wall_mass_0259
Fra:1 Mem:65.53M (Peak 65.53M) | Time:00:00.05 | Mem:0.00M, Peak:0.00M | Scene, ViewLayer | Synchronizing object | 05_calcite_wall_mass_0260
Fra:1 Mem:65.54M (Peak 65.54M) | Time:00:00.05 | Mem:0.00M, Peak:0.00M | Scene, ViewLayer | Synchronizing object | 05_calcite_wall_mass_0261
Fra:1 Mem:65.54M (Peak 65.54M) | Time:00:00.05 | Mem:0.00M, Peak:0.00M | Scene, ViewLayer | Synchronizing object | 05_calcite_wall_mass_0262
Fra:1 Mem:65.54M (Peak 65.54M) | Time:00:00.05 | Mem:0.00M, Peak:0.00M | Scene, ViewLayer | Synchronizing object | 05_calcite_wall_mass_0264
Fra:1 Mem:65.54M (Peak 65.54M) | Time:00:00.05 | Mem:0.00M, Peak:0.00M | Scene, ViewLayer | Synchronizing object | 05_calcite_wall_mass_0265
Fra:1 Mem:65.55M (Peak 65.55M) | Time:00:00.05 | Mem:0.00M, Peak:0.00M | Scene, ViewLayer | Synchronizing object | 05_calcite_wall_mass_0266
Fra:1 Mem:65.55M (Peak 65.55M) | Time:00:00.05 | Mem:0.00M, Peak:0.00M | Scene, ViewLayer | Synchronizing object | 05_calcite_wall_mass_0267
Fra:1 Mem:65.55M (Peak 65.55M) | Time:00:00.05 | Mem:0.00M, Peak:0.00M | Scene, ViewLayer | Synchronizing object | 10_calcite_corner_shoulders_0269
Fra:1 Mem:65.55M (Peak 65.55M) | Time:00:00.05 | Mem:0.00M, Peak:0.00M | Scene, ViewLayer | Synchronizing object | 05_calcite_wall_mass_0270
Fra:1 Mem:65.56M (Peak 65.56M) | Time:00:00.05 | Mem:0.00M, Peak:0.00M | Scene, ViewLayer | Synchronizing object | 05_calcite_wall_mass_0271
Fra:1 Mem:65.56M (Peak 65.56M) | Time:00:00.05 | Mem:0.00M, Peak:0.00M | Scene, ViewLayer | Synchronizing object | 05_calcite_wall_mass_0272
Fra:1 Mem:65.56M (Peak 65.56M) | Time:00:00.05 | Mem:0.00M, Peak:0.00M | Scene, ViewLayer | Synchronizing object | 10_calcite_corner_shoulders_0274
Fra:1 Mem:65.56M (Peak 65.56M) | Time:00:00.05 | Mem:0.00M, Peak:0.00M | Scene, ViewLayer | Synchronizing object | 10_calcite_corner_shoulders_0275
Fra:1 Mem:65.57M (Peak 65.57M) | Time:00:00.05 | Mem:0.00M, Peak:0.00M | Scene, ViewLayer | Synchronizing object | 10_calcite_corner_shoulders_0276
Fra:1 Mem:65.57M (Peak 65.57M) | Time:00:00.05 | Mem:0.00M, Peak:0.00M | Scene, ViewLayer | Synchronizing object | 09_calcite_crown_rim_0277
Fra:1 Mem:65.58M (Peak 65.58M) | Time:00:00.05 | Mem:0.00M, Peak:0.00M | Scene, ViewLayer | Synchronizing object | 09_calcite_crown_rim_0278
Fra:1 Mem:65.58M (Peak 65.58M) | Time:00:00.05 | Mem:0.00M, Peak:0.00M | Scene, ViewLayer | Synchronizing object | 09_calcite_crown_rim_0280
Fra:1 Mem:65.58M (Peak 65.58M) | Time:00:00.05 | Mem:0.00M, Peak:0.00M | Scene, ViewLayer | Synchronizing object | 09_calcite_crown_rim_0281
Fra:1 Mem:65.58M (Peak 65.58M) | Time:00:00.05 | Mem:0.00M, Peak:0.00M | Scene, ViewLayer | Synchronizing object | 09_calcite_crown_rim_0282
Fra:1 Mem:65.58M (Peak 65.58M) | Time:00:00.05 | Mem:0.00M, Peak:0.00M | Scene, ViewLayer | Synchronizing object | 10_calcite_corner_shoulders_0283
Fra:1 Mem:65.59M (Peak 65.59M) | Time:00:00.05 | Mem:0.00M, Peak:0.00M | Scene, ViewLayer | Synchronizing object | 02_calcite_lower_shell_0284
Fra:1 Mem:65.59M (Peak 65.59M) | Time:00:00.05 | Mem:0.00M, Peak:0.00M | Scene, ViewLayer | Synchronizing object | 02_calcite_lower_shell_0287
Fra:1 Mem:65.59M (Peak 65.59M) | Time:00:00.05 | Mem:0.00M, Peak:0.00M | Scene, ViewLayer | Synchronizing object | 02_calcite_lower_shell_0288
Fra:1 Mem:65.60M (Peak 65.60M) | Time:00:00.05 | Mem:0.00M, Peak:0.00M | Scene, ViewLayer | Synchronizing object | 02_calcite_lower_shell_0289
Fra:1 Mem:65.60M (Peak 65.60M) | Time:00:00.05 | Mem:0.00M, Peak:0.00M | Scene, ViewLayer | Synchronizing object | 02_calcite_lower_shell_0292
Fra:1 Mem:65.60M (Peak 65.60M) | Time:00:00.05 | Mem:0.00M, Peak:0.00M | Scene, ViewLayer | Synchronizing object | 02_calcite_lower_shell_0293
Fra:1 Mem:65.61M (Peak 65.61M) | Time:00:00.05 | Mem:0.00M, Peak:0.00M | Scene, ViewLayer | Synchronizing object | 02_calcite_lower_shell_0295
Fra:1 Mem:65.61M (Peak 65.61M) | Time:00:00.05 | Mem:0.00M, Peak:0.00M | Scene, ViewLayer | Synchronizing object | 02_calcite_lower_shell_0296
Fra:1 Mem:65.61M (Peak 65.61M) | Time:00:00.05 | Mem:0.00M, Peak:0.00M | Scene, ViewLayer | Synchronizing object | 02_calcite_lower_shell_0297
Fra:1 Mem:65.61M (Peak 65.61M) | Time:00:00.05 | Mem:0.00M, Peak:0.00M | Scene, ViewLayer | Synchronizing object | 02_calcite_lower_shell_0299
Fra:1 Mem:65.62M (Peak 65.62M) | Time:00:00.05 | Mem:0.00M, Peak:0.00M | Scene, ViewLayer | Synchronizing object | 02_calcite_lower_shell_0300
Fra:1 Mem:65.62M (Peak 65.62M) | Time:00:00.05 | Mem:0.00M, Peak:0.00M | Scene, ViewLayer | Synchronizing object | 02_calcite_lower_shell_0301
Fra:1 Mem:65.62M (Peak 65.62M) | Time:00:00.05 | Mem:0.00M, Peak:0.00M | Scene, ViewLayer | Synchronizing object | 05_calcite_wall_mass_0303
Fra:1 Mem:65.62M (Peak 65.63M) | Time:00:00.05 | Mem:0.00M, Peak:0.00M | Scene, ViewLayer | Synchronizing object | 04_geode_inner_lining_0304
Fra:1 Mem:65.63M (Peak 65.63M) | Time:00:00.05 | Mem:0.00M, Peak:0.00M | Scene, ViewLayer | Synchronizing object | 05_calcite_wall_mass_0305
Fra:1 Mem:65.63M (Peak 65.63M) | Time:00:00.05 | Mem:0.00M, Peak:0.00M | Scene, ViewLayer | Synchronizing object | 08_calcite_panel_frames_0307
Fra:1 Mem:65.63M (Peak 65.63M) | Time:00:00.05 | Mem:0.00M, Peak:0.00M | Scene, ViewLayer | Synchronizing object | 05_calcite_wall_mass_0308
Fra:1 Mem:65.63M (Peak 65.63M) | Time:00:00.05 | Mem:0.00M, Peak:0.00M | Scene, ViewLayer | Synchronizing object | 05_calcite_wall_mass_0309
Fra:1 Mem:65.63M (Peak 65.64M) | Time:00:00.05 | Mem:0.00M, Peak:0.00M | Scene, ViewLayer | Synchronizing object | 05_calcite_wall_mass_0310
Fra:1 Mem:65.64M (Peak 65.64M) | Time:00:00.05 | Mem:0.00M, Peak:0.00M | Scene, ViewLayer | Synchronizing object | 08_calcite_panel_frames_0311
Fra:1 Mem:65.64M (Peak 65.64M) | Time:00:00.05 | Mem:0.00M, Peak:0.00M | Scene, ViewLayer | Synchronizing object | 05_calcite_wall_mass_0313
Fra:1 Mem:65.64M (Peak 65.64M) | Time:00:00.05 | Mem:0.00M, Peak:0.00M | Scene, ViewLayer | Synchronizing object | 05_calcite_wall_mass_0314
Fra:1 Mem:65.65M (Peak 65.65M) | Time:00:00.05 | Mem:0.00M, Peak:0.00M | Scene, ViewLayer | Synchronizing object | 05_calcite_wall_mass_0315
Fra:1 Mem:65.65M (Peak 65.65M) | Time:00:00.05 | Mem:0.00M, Peak:0.00M | Scene, ViewLayer | Synchronizing object | 05_calcite_wall_mass_0317
Fra:1 Mem:65.65M (Peak 65.65M) | Time:00:00.05 | Mem:0.00M, Peak:0.00M | Scene, ViewLayer | Synchronizing object | 05_calcite_wall_mass_0318
Fra:1 Mem:65.65M (Peak 65.65M) | Time:00:00.05 | Mem:0.00M, Peak:0.00M | Scene, ViewLayer | Synchronizing object | 05_calcite_wall_mass_0319
Fra:1 Mem:65.65M (Peak 65.65M) | Time:00:00.05 | Mem:0.00M, Peak:0.00M | Scene, ViewLayer | Synchronizing object | 05_calcite_wall_mass_0320
Fra:1 Mem:65.66M (Peak 65.66M) | Time:00:00.05 | Mem:0.00M, Peak:0.00M | Scene, ViewLayer | Synchronizing object | 04_geode_inner_lining_0321
Fra:1 Mem:65.66M (Peak 65.66M) | Time:00:00.05 | Mem:0.00M, Peak:0.00M | Scene, ViewLayer | Synchronizing object | 08_calcite_panel_frames_0323
Fra:1 Mem:65.66M (Peak 65.66M) | Time:00:00.05 | Mem:0.00M, Peak:0.00M | Scene, ViewLayer | Synchronizing object | 05_calcite_wall_mass_0324
Fra:1 Mem:65.67M (Peak 65.67M) | Time:00:00.05 | Mem:0.00M, Peak:0.00M | Scene, ViewLayer | Synchronizing object | 05_calcite_wall_mass_0326
Fra:1 Mem:65.67M (Peak 65.67M) | Time:00:00.05 | Mem:0.00M, Peak:0.00M | Scene, ViewLayer | Synchronizing object | 08_calcite_panel_frames_0328
Fra:1 Mem:65.67M (Peak 65.68M) | Time:00:00.05 | Mem:0.00M, Peak:0.00M | Scene, ViewLayer | Synchronizing object | 09_calcite_crown_rim_0330
Fra:1 Mem:65.68M (Peak 65.68M) | Time:00:00.05 | Mem:0.00M, Peak:0.00M | Scene, ViewLayer | Synchronizing object | 09_calcite_crown_rim_0331
Fra:1 Mem:65.68M (Peak 65.68M) | Time:00:00.05 | Mem:0.00M, Peak:0.00M | Scene, ViewLayer | Synchronizing object | 09_calcite_crown_rim_0333
Fra:1 Mem:65.68M (Peak 65.68M) | Time:00:00.05 | Mem:0.00M, Peak:0.00M | Scene, ViewLayer | Synchronizing object | 09_calcite_crown_rim_0334
Fra:1 Mem:65.68M (Peak 65.68M) | Time:00:00.05 | Mem:0.00M, Peak:0.00M | Scene, ViewLayer | Synchronizing object | 09_calcite_crown_rim_0335
Fra:1 Mem:65.69M (Peak 65.69M) | Time:00:00.05 | Mem:0.00M, Peak:0.00M | Scene, ViewLayer | Synchronizing object | 09_calcite_crown_rim_0336
Fra:1 Mem:65.69M (Peak 65.69M) | Time:00:00.05 | Mem:0.00M, Peak:0.00M | Scene, ViewLayer | Synchronizing object | 09_calcite_crown_rim_0337
Fra:1 Mem:65.69M (Peak 65.69M) | Time:00:00.05 | Mem:0.00M, Peak:0.00M | Scene, ViewLayer | Synchronizing object | 02_calcite_lower_shell_0339
Fra:1 Mem:65.69M (Peak 65.69M) | Time:00:00.05 | Mem:0.00M, Peak:0.00M | Scene, ViewLayer | Synchronizing object | 02_calcite_lower_shell_0340
Fra:1 Mem:65.69M (Peak 65.69M) | Time:00:00.05 | Mem:0.00M, Peak:0.00M | Scene, ViewLayer | Synchronizing object | 02_calcite_lower_shell_0341
Fra:1 Mem:65.70M (Peak 65.70M) | Time:00:00.05 | Mem:0.00M, Peak:0.00M | Scene, ViewLayer | Synchronizing object | 02_calcite_lower_shell_0342
Fra:1 Mem:65.70M (Peak 65.70M) | Time:00:00.05 | Mem:0.00M, Peak:0.00M | Scene, ViewLayer | Synchronizing object | 02_calcite_lower_shell_0343
Fra:1 Mem:65.70M (Peak 65.70M) | Time:00:00.05 | Mem:0.00M, Peak:0.00M | Scene, ViewLayer | Synchronizing object | 02_calcite_lower_shell_0346
Fra:1 Mem:65.71M (Peak 65.71M) | Time:00:00.05 | Mem:0.00M, Peak:0.00M | Scene, ViewLayer | Synchronizing object | 02_calcite_lower_shell_0347
Fra:1 Mem:65.71M (Peak 65.71M) | Time:00:00.05 | Mem:0.00M, Peak:0.00M | Scene, ViewLayer | Synchronizing object | 02_calcite_lower_shell_0348
Fra:1 Mem:65.71M (Peak 65.71M) | Time:00:00.05 | Mem:0.00M, Peak:0.00M | Scene, ViewLayer | Synchronizing object | 02_calcite_lower_shell_0350
Fra:1 Mem:65.71M (Peak 65.71M) | Time:00:00.05 | Mem:0.00M, Peak:0.00M | Scene, ViewLayer | Synchronizing object | 06_recessed_side_panels_0352
Fra:1 Mem:65.72M (Peak 65.72M) | Time:00:00.05 | Mem:0.00M, Peak:0.00M | Scene, ViewLayer | Synchronizing object | 05_calcite_wall_mass_0353
Fra:1 Mem:65.72M (Peak 65.72M) | Time:00:00.05 | Mem:0.00M, Peak:0.00M | Scene, ViewLayer | Synchronizing object | 06_recessed_side_panels_0354
Fra:1 Mem:65.72M (Peak 65.72M) | Time:00:00.05 | Mem:0.00M, Peak:0.00M | Scene, ViewLayer | Synchronizing object | 05_calcite_wall_mass_0356
Fra:1 Mem:65.73M (Peak 65.73M) | Time:00:00.05 | Mem:0.00M, Peak:0.00M | Scene, ViewLayer | Synchronizing object | 05_calcite_wall_mass_0358
Fra:1 Mem:65.73M (Peak 65.73M) | Time:00:00.05 | Mem:0.00M, Peak:0.00M | Scene, ViewLayer | Synchronizing object | 05_calcite_wall_mass_0359
Fra:1 Mem:65.73M (Peak 65.73M) | Time:00:00.05 | Mem:0.00M, Peak:0.00M | Scene, ViewLayer | Synchronizing object | 05_calcite_wall_mass_0360
Fra:1 Mem:65.74M (Peak 65.74M) | Time:00:00.05 | Mem:0.00M, Peak:0.00M | Scene, ViewLayer | Synchronizing object | 05_calcite_wall_mass_0361
Fra:1 Mem:65.74M (Peak 65.74M) | Time:00:00.05 | Mem:0.00M, Peak:0.00M | Scene, ViewLayer | Synchronizing object | 05_calcite_wall_mass_0362
Fra:1 Mem:65.74M (Peak 65.74M) | Time:00:00.05 | Mem:0.00M, Peak:0.00M | Scene, ViewLayer | Synchronizing object | 12_geode_growth_core_0364
Fra:1 Mem:65.74M (Peak 65.74M) | Time:00:00.05 | Mem:0.00M, Peak:0.00M | Scene, ViewLayer | Synchronizing object | 05_calcite_wall_mass_0365
Fra:1 Mem:65.74M (Peak 65.74M) | Time:00:00.05 | Mem:0.00M, Peak:0.00M | Scene, ViewLayer | Synchronizing object | 05_calcite_wall_mass_0366
Fra:1 Mem:65.75M (Peak 65.75M) | Time:00:00.05 | Mem:0.00M, Peak:0.00M | Scene, ViewLayer | Synchronizing object | 09_calcite_crown_rim_0368
Fra:1 Mem:65.75M (Peak 65.75M) | Time:00:00.05 | Mem:0.00M, Peak:0.00M | Scene, ViewLayer | Synchronizing object | 09_calcite_crown_rim_0369
Fra:1 Mem:65.75M (Peak 65.75M) | Time:00:00.05 | Mem:0.00M, Peak:0.00M | Scene, ViewLayer | Synchronizing object | 09_calcite_crown_rim_0370
Fra:1 Mem:65.75M (Peak 65.75M) | Time:00:00.05 | Mem:0.00M, Peak:0.00M | Scene, ViewLayer | Synchronizing object | 09_calcite_crown_rim_0371
Fra:1 Mem:65.76M (Peak 65.76M) | Time:00:00.05 | Mem:0.00M, Peak:0.00M | Scene, ViewLayer | Synchronizing object | 12_geode_growth_core_0372
Fra:1 Mem:65.76M (Peak 65.76M) | Time:00:00.05 | Mem:0.00M, Peak:0.00M | Scene, ViewLayer | Synchronizing object | 09_calcite_crown_rim_0374
Fra:1 Mem:65.76M (Peak 65.76M) | Time:00:00.05 | Mem:0.00M, Peak:0.00M | Scene, ViewLayer | Synchronizing object | 02_calcite_lower_shell_0375
Fra:1 Mem:65.77M (Peak 65.77M) | Time:00:00.05 | Mem:0.00M, Peak:0.00M | Scene, ViewLayer | Synchronizing object | 02_calcite_lower_shell_0377
Fra:1 Mem:65.77M (Peak 65.77M) | Time:00:00.05 | Mem:0.00M, Peak:0.00M | Scene, ViewLayer | Synchronizing object | 02_calcite_lower_shell_0378
Fra:1 Mem:65.77M (Peak 65.77M) | Time:00:00.05 | Mem:0.00M, Peak:0.00M | Scene, ViewLayer | Synchronizing object | 02_calcite_lower_shell_0379
Fra:1 Mem:65.77M (Peak 65.77M) | Time:00:00.05 | Mem:0.00M, Peak:0.00M | Scene, ViewLayer | Synchronizing object | 02_calcite_lower_shell_0380
Fra:1 Mem:65.77M (Peak 65.77M) | Time:00:00.05 | Mem:0.00M, Peak:0.00M | Scene, ViewLayer | Synchronizing object | 02_calcite_lower_shell_0381
Fra:1 Mem:65.77M (Peak 65.77M) | Time:00:00.05 | Mem:0.00M, Peak:0.00M | Scene, ViewLayer | Synchronizing object | 02_calcite_lower_shell_0382
Fra:1 Mem:65.78M (Peak 65.78M) | Time:00:00.05 | Mem:0.00M, Peak:0.00M | Scene, ViewLayer | Synchronizing object | 02_calcite_lower_shell_0383
Fra:1 Mem:65.78M (Peak 65.78M) | Time:00:00.05 | Mem:0.00M, Peak:0.00M | Scene, ViewLayer | Synchronizing object | 02_calcite_lower_shell_0384
Fra:1 Mem:65.78M (Peak 65.78M) | Time:00:00.05 | Mem:0.00M, Peak:0.00M | Scene, ViewLayer | Synchronizing object | 02_calcite_lower_shell_0385
Fra:1 Mem:65.78M (Peak 65.78M) | Time:00:00.05 | Mem:0.00M, Peak:0.00M | Scene, ViewLayer | Synchronizing object | 07_crystal_seams_0386
Fra:1 Mem:65.78M (Peak 65.78M) | Time:00:00.05 | Mem:0.00M, Peak:0.00M | Scene, ViewLayer | Synchronizing object | 02_calcite_lower_shell_0387
Fra:1 Mem:65.79M (Peak 65.79M) | Time:00:00.05 | Mem:0.00M, Peak:0.00M | Scene, ViewLayer | Synchronizing object | 02_calcite_lower_shell_0388
Fra:1 Mem:65.79M (Peak 65.79M) | Time:00:00.05 | Mem:0.00M, Peak:0.00M | Scene, ViewLayer | Synchronizing object | 02_calcite_lower_shell_0389
Fra:1 Mem:65.79M (Peak 65.79M) | Time:00:00.05 | Mem:0.00M, Peak:0.00M | Scene, ViewLayer | Synchronizing object | 07_crystal_seams_0390
Fra:1 Mem:65.79M (Peak 65.79M) | Time:00:00.05 | Mem:0.00M, Peak:0.00M | Scene, ViewLayer | Synchronizing object | 05_calcite_wall_mass_0391
Fra:1 Mem:65.79M (Peak 65.79M) | Time:00:00.05 | Mem:0.00M, Peak:0.00M | Scene, ViewLayer | Synchronizing object | 05_calcite_wall_mass_0392
Fra:1 Mem:65.80M (Peak 65.80M) | Time:00:00.05 | Mem:0.00M, Peak:0.00M | Scene, ViewLayer | Synchronizing object | 05_calcite_wall_mass_0394
Fra:1 Mem:65.80M (Peak 65.80M) | Time:00:00.05 | Mem:0.00M, Peak:0.00M | Scene, ViewLayer | Synchronizing object | 05_calcite_wall_mass_0395
Fra:1 Mem:65.80M (Peak 65.80M) | Time:00:00.05 | Mem:0.00M, Peak:0.00M | Scene, ViewLayer | Synchronizing object | 05_calcite_wall_mass_0396
Fra:1 Mem:65.80M (Peak 65.81M) | Time:00:00.05 | Mem:0.00M, Peak:0.00M | Scene, ViewLayer | Synchronizing object | 05_calcite_wall_mass_0397
Fra:1 Mem:65.81M (Peak 65.81M) | Time:00:00.05 | Mem:0.00M, Peak:0.00M | Scene, ViewLayer | Synchronizing object | 12_geode_growth_core_0398
Fra:1 Mem:65.81M (Peak 65.81M) | Time:00:00.05 | Mem:0.00M, Peak:0.00M | Scene, ViewLayer | Synchronizing object | 12_geode_growth_core_0399
Fra:1 Mem:65.81M (Peak 65.81M) | Time:00:00.05 | Mem:0.00M, Peak:0.00M | Scene, ViewLayer | Synchronizing object | 12_geode_growth_core_0400
Fra:1 Mem:65.82M (Peak 65.82M) | Time:00:00.05 | Mem:0.00M, Peak:0.00M | Scene, ViewLayer | Synchronizing object | 05_calcite_wall_mass_0401
Fra:1 Mem:65.82M (Peak 65.82M) | Time:00:00.05 | Mem:0.00M, Peak:0.00M | Scene, ViewLayer | Synchronizing object | 02_calcite_lower_shell_0406
Fra:1 Mem:65.82M (Peak 65.82M) | Time:00:00.05 | Mem:0.00M, Peak:0.00M | Scene, ViewLayer | Synchronizing object | 02_calcite_lower_shell_0407
Fra:1 Mem:65.82M (Peak 65.82M) | Time:00:00.05 | Mem:0.00M, Peak:0.00M | Scene, ViewLayer | Synchronizing object | 02_calcite_lower_shell_0408
Fra:1 Mem:65.83M (Peak 65.83M) | Time:00:00.05 | Mem:0.00M, Peak:0.00M | Scene, ViewLayer | Synchronizing object | 02_calcite_lower_shell_0410
Fra:1 Mem:65.83M (Peak 65.83M) | Time:00:00.05 | Mem:0.00M, Peak:0.00M | Scene, ViewLayer | Synchronizing object | 02_calcite_lower_shell_0412
Fra:1 Mem:65.84M (Peak 65.84M) | Time:00:00.05 | Mem:0.00M, Peak:0.00M | Scene, ViewLayer | Synchronizing object | 02_calcite_lower_shell_0414
Fra:1 Mem:65.84M (Peak 65.84M) | Time:00:00.05 | Mem:0.00M, Peak:0.00M | Scene, ViewLayer | Synchronizing object | 02_calcite_lower_shell_0415
Fra:1 Mem:65.84M (Peak 65.84M) | Time:00:00.05 | Mem:0.00M, Peak:0.00M | Scene, ViewLayer | Synchronizing object | 02_calcite_lower_shell_0417
Fra:1 Mem:65.85M (Peak 65.85M) | Time:00:00.05 | Mem:0.00M, Peak:0.00M | Scene, ViewLayer | Synchronizing object | 02_calcite_lower_shell_0418
Fra:1 Mem:65.85M (Peak 65.85M) | Time:00:00.05 | Mem:0.00M, Peak:0.00M | Scene, ViewLayer | Synchronizing object | 05_calcite_wall_mass_0420
Fra:1 Mem:65.85M (Peak 65.85M) | Time:00:00.05 | Mem:0.00M, Peak:0.00M | Scene, ViewLayer | Synchronizing object | 07_crystal_seams_0422
Fra:1 Mem:65.85M (Peak 65.85M) | Time:00:00.05 | Mem:0.00M, Peak:0.00M | Scene, ViewLayer | Synchronizing object | 06_recessed_side_panels_0424
Fra:1 Mem:65.86M (Peak 65.86M) | Time:00:00.05 | Mem:0.00M, Peak:0.00M | Scene, ViewLayer | Synchronizing object | 05_calcite_wall_mass_0425
Fra:1 Mem:65.86M (Peak 65.86M) | Time:00:00.06 | Mem:0.00M, Peak:0.00M | Scene, ViewLayer | Synchronizing object | 05_calcite_wall_mass_0426
Fra:1 Mem:65.87M (Peak 65.87M) | Time:00:00.06 | Mem:0.00M, Peak:0.00M | Scene, ViewLayer | Synchronizing object | 05_calcite_wall_mass_0427
Fra:1 Mem:65.87M (Peak 65.88M) | Time:00:00.06 | Mem:0.00M, Peak:0.00M | Scene, ViewLayer | Synchronizing object | 05_calcite_wall_mass_0429
Fra:1 Mem:65.88M (Peak 65.88M) | Time:00:00.06 | Mem:0.00M, Peak:0.00M | Scene, ViewLayer | Synchronizing object | 09_calcite_crown_rim_0433
Fra:1 Mem:65.88M (Peak 65.88M) | Time:00:00.06 | Mem:0.00M, Peak:0.00M | Scene, ViewLayer | Synchronizing object | 09_calcite_crown_rim_0434
Fra:1 Mem:65.88M (Peak 65.88M) | Time:00:00.06 | Mem:0.00M, Peak:0.00M | Scene, ViewLayer | Synchronizing object | 09_calcite_crown_rim_0435
Fra:1 Mem:65.88M (Peak 65.88M) | Time:00:00.06 | Mem:0.00M, Peak:0.00M | Scene, ViewLayer | Synchronizing object | 12_geode_growth_core_0437
Fra:1 Mem:65.89M (Peak 65.89M) | Time:00:00.06 | Mem:0.00M, Peak:0.00M | Scene, ViewLayer | Synchronizing object | 02_calcite_lower_shell_0438
Fra:1 Mem:65.89M (Peak 65.89M) | Time:00:00.06 | Mem:0.00M, Peak:0.00M | Scene, ViewLayer | Synchronizing object | 02_calcite_lower_shell_0439
Fra:1 Mem:65.89M (Peak 65.89M) | Time:00:00.06 | Mem:0.00M, Peak:0.00M | Scene, ViewLayer | Synchronizing object | 02_calcite_lower_shell_0440
Fra:1 Mem:65.89M (Peak 65.89M) | Time:00:00.06 | Mem:0.00M, Peak:0.00M | Scene, ViewLayer | Synchronizing object | 02_calcite_lower_shell_0441
Fra:1 Mem:65.89M (Peak 65.89M) | Time:00:00.06 | Mem:0.00M, Peak:0.00M | Scene, ViewLayer | Synchronizing object | 02_calcite_lower_shell_0443
Fra:1 Mem:65.90M (Peak 65.90M) | Time:00:00.06 | Mem:0.00M, Peak:0.00M | Scene, ViewLayer | Synchronizing object | 02_calcite_lower_shell_0444
Fra:1 Mem:65.90M (Peak 65.90M) | Time:00:00.06 | Mem:0.00M, Peak:0.00M | Scene, ViewLayer | Synchronizing object | 02_calcite_lower_shell_0446
Fra:1 Mem:65.90M (Peak 65.91M) | Time:00:00.06 | Mem:0.00M, Peak:0.00M | Scene, ViewLayer | Synchronizing object | 02_calcite_lower_shell_0447
Fra:1 Mem:65.91M (Peak 65.91M) | Time:00:00.06 | Mem:0.00M, Peak:0.00M | Scene, ViewLayer | Synchronizing object | 02_calcite_lower_shell_0450
Fra:1 Mem:65.91M (Peak 65.91M) | Time:00:00.06 | Mem:0.00M, Peak:0.00M | Scene, ViewLayer | Synchronizing object | 02_calcite_lower_shell_0451
Fra:1 Mem:65.91M (Peak 65.91M) | Time:00:00.06 | Mem:0.00M, Peak:0.00M | Scene, ViewLayer | Synchronizing object | 05_calcite_wall_mass_0452
Fra:1 Mem:65.91M (Peak 65.91M) | Time:00:00.06 | Mem:0.00M, Peak:0.00M | Scene, ViewLayer | Synchronizing object | 05_calcite_wall_mass_0454
Fra:1 Mem:65.92M (Peak 65.92M) | Time:00:00.06 | Mem:0.00M, Peak:0.00M | Scene, ViewLayer | Synchronizing object | 05_calcite_wall_mass_0455
Fra:1 Mem:65.92M (Peak 65.92M) | Time:00:00.06 | Mem:0.00M, Peak:0.00M | Scene, ViewLayer | Synchronizing object | 05_calcite_wall_mass_0456
Fra:1 Mem:65.93M (Peak 65.93M) | Time:00:00.06 | Mem:0.00M, Peak:0.00M | Scene, ViewLayer | Synchronizing object | 05_calcite_wall_mass_0458
Fra:1 Mem:65.93M (Peak 65.93M) | Time:00:00.06 | Mem:0.00M, Peak:0.00M | Scene, ViewLayer | Synchronizing object | 07_crystal_seams_0459
Fra:1 Mem:65.93M (Peak 65.93M) | Time:00:00.06 | Mem:0.00M, Peak:0.00M | Scene, ViewLayer | Synchronizing object | 05_calcite_wall_mass_0460
Fra:1 Mem:65.93M (Peak 65.93M) | Time:00:00.06 | Mem:0.00M, Peak:0.00M | Scene, ViewLayer | Synchronizing object | 06_recessed_side_panels_0461
Fra:1 Mem:65.93M (Peak 65.93M) | Time:00:00.06 | Mem:0.00M, Peak:0.00M | Scene, ViewLayer | Synchronizing object | 05_calcite_wall_mass_0462
Fra:1 Mem:65.93M (Peak 65.93M) | Time:00:00.06 | Mem:0.00M, Peak:0.00M | Scene, ViewLayer | Synchronizing object | 05_calcite_wall_mass_0463
Fra:1 Mem:65.94M (Peak 65.94M) | Time:00:00.06 | Mem:0.00M, Peak:0.00M | Scene, ViewLayer | Synchronizing object | 05_calcite_wall_mass_0464
Fra:1 Mem:65.94M (Peak 65.94M) | Time:00:00.06 | Mem:0.00M, Peak:0.00M | Scene, ViewLayer | Synchronizing object | 05_calcite_wall_mass_0465
Fra:1 Mem:65.94M (Peak 65.94M) | Time:00:00.06 | Mem:0.00M, Peak:0.00M | Scene, ViewLayer | Synchronizing object | 05_calcite_wall_mass_0466
Fra:1 Mem:65.94M (Peak 65.94M) | Time:00:00.06 | Mem:0.00M, Peak:0.00M | Scene, ViewLayer | Synchronizing object | 05_calcite_wall_mass_0467
Fra:1 Mem:65.94M (Peak 65.94M) | Time:00:00.06 | Mem:0.00M, Peak:0.00M | Scene, ViewLayer | Synchronizing object | 12_geode_growth_core_0468
Fra:1 Mem:65.95M (Peak 65.95M) | Time:00:00.06 | Mem:0.00M, Peak:0.00M | Scene, ViewLayer | Synchronizing object | 05_calcite_wall_mass_0469
Fra:1 Mem:65.95M (Peak 65.95M) | Time:00:00.06 | Mem:0.00M, Peak:0.00M | Scene, ViewLayer | Synchronizing object | 05_calcite_wall_mass_0470
Fra:1 Mem:65.95M (Peak 65.95M) | Time:00:00.06 | Mem:0.00M, Peak:0.00M | Scene, ViewLayer | Synchronizing object | 09_calcite_crown_rim_0472
Fra:1 Mem:65.96M (Peak 65.96M) | Time:00:00.06 | Mem:0.00M, Peak:0.00M | Scene, ViewLayer | Synchronizing object | 12_geode_growth_core_0474
Fra:1 Mem:65.96M (Peak 65.96M) | Time:00:00.06 | Mem:0.00M, Peak:0.00M | Scene, ViewLayer | Synchronizing object | 09_calcite_crown_rim_0475
Fra:1 Mem:65.96M (Peak 65.96M) | Time:00:00.06 | Mem:0.00M, Peak:0.00M | Scene, ViewLayer | Synchronizing object | 09_calcite_crown_rim_0476
Fra:1 Mem:65.96M (Peak 65.96M) | Time:00:00.06 | Mem:0.00M, Peak:0.00M | Scene, ViewLayer | Synchronizing object | 09_calcite_crown_rim_0479
Fra:1 Mem:65.97M (Peak 65.97M) | Time:00:00.06 | Mem:0.00M, Peak:0.00M | Scene, ViewLayer | Synchronizing object | 12_geode_growth_core_0480
Fra:1 Mem:65.97M (Peak 65.97M) | Time:00:00.06 | Mem:0.00M, Peak:0.00M | Scene, ViewLayer | Synchronizing object | 02_calcite_lower_shell_0482
Fra:1 Mem:65.97M (Peak 65.97M) | Time:00:00.06 | Mem:0.00M, Peak:0.00M | Scene, ViewLayer | Synchronizing object | 02_calcite_lower_shell_0484
Fra:1 Mem:65.98M (Peak 65.98M) | Time:00:00.06 | Mem:0.00M, Peak:0.00M | Scene, ViewLayer | Synchronizing object | 02_calcite_lower_shell_0485
Fra:1 Mem:65.98M (Peak 65.98M) | Time:00:00.06 | Mem:0.00M, Peak:0.00M | Scene, ViewLayer | Synchronizing object | 02_calcite_lower_shell_0487
Fra:1 Mem:65.98M (Peak 65.98M) | Time:00:00.06 | Mem:0.00M, Peak:0.00M | Scene, ViewLayer | Synchronizing object | 02_calcite_lower_shell_0488
Fra:1 Mem:65.98M (Peak 65.99M) | Time:00:00.06 | Mem:0.00M, Peak:0.00M | Scene, ViewLayer | Synchronizing object | 07_crystal_seams_0490
Fra:1 Mem:65.99M (Peak 65.99M) | Time:00:00.06 | Mem:0.00M, Peak:0.00M | Scene, ViewLayer | Synchronizing object | 02_calcite_lower_shell_0491
Fra:1 Mem:65.99M (Peak 65.99M) | Time:00:00.06 | Mem:0.00M, Peak:0.00M | Scene, ViewLayer | Synchronizing object | 07_crystal_seams_0493
Fra:1 Mem:65.99M (Peak 65.99M) | Time:00:00.06 | Mem:0.00M, Peak:0.00M | Scene, ViewLayer | Synchronizing object | 05_calcite_wall_mass_0494
Fra:1 Mem:66.00M (Peak 66.00M) | Time:00:00.06 | Mem:0.00M, Peak:0.00M | Scene, ViewLayer | Synchronizing object | 05_calcite_wall_mass_0496
Fra:1 Mem:66.00M (Peak 66.00M) | Time:00:00.06 | Mem:0.00M, Peak:0.00M | Scene, ViewLayer | Synchronizing object | 05_calcite_wall_mass_0497
Fra:1 Mem:66.00M (Peak 66.00M) | Time:00:00.06 | Mem:0.00M, Peak:0.00M | Scene, ViewLayer | Synchronizing object | 05_calcite_wall_mass_0499
Fra:1 Mem:66.00M (Peak 66.00M) | Time:00:00.06 | Mem:0.00M, Peak:0.00M | Scene, ViewLayer | Synchronizing object | 05_calcite_wall_mass_0500
Fra:1 Mem:66.01M (Peak 66.01M) | Time:00:00.06 | Mem:0.00M, Peak:0.00M | Scene, ViewLayer | Synchronizing object | 05_calcite_wall_mass_0501
Fra:1 Mem:66.01M (Peak 66.01M) | Time:00:00.06 | Mem:0.00M, Peak:0.00M | Scene, ViewLayer | Synchronizing object | 06_recessed_side_panels_0502
Fra:1 Mem:66.01M (Peak 66.01M) | Time:00:00.06 | Mem:0.00M, Peak:0.00M | Scene, ViewLayer | Synchronizing object | 05_calcite_wall_mass_0504
Fra:1 Mem:66.01M (Peak 66.01M) | Time:00:00.06 | Mem:0.00M, Peak:0.00M | Scene, ViewLayer | Synchronizing object | 05_calcite_wall_mass_0505
Fra:1 Mem:66.02M (Peak 66.02M) | Time:00:00.06 | Mem:0.00M, Peak:0.00M | Scene, ViewLayer | Synchronizing object | 05_calcite_wall_mass_0506
Fra:1 Mem:66.02M (Peak 66.02M) | Time:00:00.06 | Mem:0.00M, Peak:0.00M | Scene, ViewLayer | Synchronizing object | 05_calcite_wall_mass_0508
Fra:1 Mem:66.02M (Peak 66.02M) | Time:00:00.06 | Mem:0.00M, Peak:0.00M | Scene, ViewLayer | Synchronizing object | Studio floor - excluded from game model
Fra:1 Mem:66.02M (Peak 66.03M) | Time:00:00.06 | Mem:0.00M, Peak:0.00M | Scene, ViewLayer | Synchronizing object | 05_calcite_wall_mass_0509
Fra:1 Mem:66.02M (Peak 66.03M) | Time:00:00.06 | Mem:0.00M, Peak:0.00M | Scene, ViewLayer | Synchronizing object | 09_calcite_crown_rim_0510
Fra:1 Mem:66.03M (Peak 66.03M) | Time:00:00.06 | Mem:0.00M, Peak:0.00M | Scene, ViewLayer | Synchronizing object | 09_calcite_crown_rim_0512
Fra:1 Mem:66.03M (Peak 66.03M) | Time:00:00.06 | Mem:0.00M, Peak:0.00M | Scene, ViewLayer | Synchronizing object | 09_calcite_crown_rim_0513
Fra:1 Mem:66.03M (Peak 66.03M) | Time:00:00.06 | Mem:0.00M, Peak:0.00M | Scene, ViewLayer | Synchronizing object | 09_calcite_crown_rim_0514
Fra:1 Mem:66.03M (Peak 66.03M) | Time:00:00.06 | Mem:0.00M, Peak:0.00M | Scene, ViewLayer | Synchronizing object | 09_calcite_crown_rim_0515
Fra:1 Mem:66.04M (Peak 66.04M) | Time:00:00.06 | Mem:0.00M, Peak:0.00M | Scene, ViewLayer | Synchronizing object | 02_calcite_lower_shell_0517
Fra:1 Mem:66.04M (Peak 66.04M) | Time:00:00.06 | Mem:0.00M, Peak:0.00M | Scene, ViewLayer | Synchronizing object | 02_calcite_lower_shell_0519
Fra:1 Mem:66.04M (Peak 66.04M) | Time:00:00.06 | Mem:0.00M, Peak:0.00M | Scene, ViewLayer | Synchronizing object | 02_calcite_lower_shell_0520
Fra:1 Mem:66.04M (Peak 66.04M) | Time:00:00.06 | Mem:0.00M, Peak:0.00M | Scene, ViewLayer | Synchronizing object | 02_calcite_lower_shell_0521
Fra:1 Mem:66.05M (Peak 66.05M) | Time:00:00.06 | Mem:0.00M, Peak:0.00M | Scene, ViewLayer | Synchronizing object | 02_calcite_lower_shell_0523
Fra:1 Mem:66.05M (Peak 66.05M) | Time:00:00.06 | Mem:0.00M, Peak:0.00M | Scene, ViewLayer | Synchronizing object | 02_calcite_lower_shell_0524
Fra:1 Mem:66.05M (Peak 66.05M) | Time:00:00.06 | Mem:0.00M, Peak:0.00M | Scene, ViewLayer | Synchronizing object | 02_calcite_lower_shell_0525
Fra:1 Mem:66.05M (Peak 66.05M) | Time:00:00.06 | Mem:0.00M, Peak:0.00M | Scene, ViewLayer | Synchronizing object | 02_calcite_lower_shell_0526
Fra:1 Mem:66.06M (Peak 66.06M) | Time:00:00.06 | Mem:0.00M, Peak:0.00M | Scene, ViewLayer | Synchronizing object | 02_calcite_lower_shell_0528
Fra:1 Mem:66.06M (Peak 66.06M) | Time:00:00.06 | Mem:0.00M, Peak:0.00M | Scene, ViewLayer | Synchronizing object | 02_calcite_lower_shell_0529
Fra:1 Mem:66.06M (Peak 66.06M) | Time:00:00.06 | Mem:0.00M, Peak:0.00M | Scene, ViewLayer | Synchronizing object | 02_calcite_lower_shell_0530
Fra:1 Mem:66.06M (Peak 66.06M) | Time:00:00.06 | Mem:0.00M, Peak:0.00M | Scene, ViewLayer | Synchronizing object | 02_calcite_lower_shell_0531
Fra:1 Mem:66.07M (Peak 66.07M) | Time:00:00.06 | Mem:0.00M, Peak:0.00M | Scene, ViewLayer | Synchronizing object | 05_calcite_wall_mass_0533
Fra:1 Mem:66.07M (Peak 66.07M) | Time:00:00.06 | Mem:0.00M, Peak:0.00M | Scene, ViewLayer | Synchronizing object | 05_calcite_wall_mass_0535
Fra:1 Mem:66.07M (Peak 66.07M) | Time:00:00.06 | Mem:0.00M, Peak:0.00M | Scene, ViewLayer | Synchronizing object | 05_calcite_wall_mass_0536
Fra:1 Mem:66.07M (Peak 66.07M) | Time:00:00.06 | Mem:0.00M, Peak:0.00M | Scene, ViewLayer | Synchronizing object | 05_calcite_wall_mass_0537
Fra:1 Mem:66.08M (Peak 66.08M) | Time:00:00.06 | Mem:0.00M, Peak:0.00M | Scene, ViewLayer | Synchronizing object | 05_calcite_wall_mass_0539
Fra:1 Mem:66.08M (Peak 66.08M) | Time:00:00.06 | Mem:0.00M, Peak:0.00M | Scene, ViewLayer | Synchronizing object | 09_calcite_crown_rim_0540
Fra:1 Mem:66.08M (Peak 66.08M) | Time:00:00.06 | Mem:0.00M, Peak:0.00M | Scene, ViewLayer | Synchronizing object | 12_geode_growth_core_0541
Fra:1 Mem:66.08M (Peak 66.08M) | Time:00:00.06 | Mem:0.00M, Peak:0.00M | Scene, ViewLayer | Synchronizing object | 09_calcite_crown_rim_0542
Fra:1 Mem:66.08M (Peak 66.08M) | Time:00:00.06 | Mem:0.00M, Peak:0.00M | Scene, ViewLayer | Synchronizing object | 09_calcite_crown_rim_0544
Fra:1 Mem:66.09M (Peak 66.09M) | Time:00:00.06 | Mem:0.00M, Peak:0.00M | Scene, ViewLayer | Synchronizing object | 09_calcite_crown_rim_0545
Fra:1 Mem:66.09M (Peak 66.09M) | Time:00:00.06 | Mem:0.00M, Peak:0.00M | Scene, ViewLayer | Synchronizing object | 12_geode_growth_core_0546
Fra:1 Mem:66.09M (Peak 66.09M) | Time:00:00.06 | Mem:0.00M, Peak:0.00M | Scene, ViewLayer | Synchronizing object | 02_calcite_lower_shell_0548
Fra:1 Mem:66.09M (Peak 66.09M) | Time:00:00.06 | Mem:0.00M, Peak:0.00M | Scene, ViewLayer | Synchronizing object | 02_calcite_lower_shell_0549
Fra:1 Mem:66.09M (Peak 66.09M) | Time:00:00.06 | Mem:0.00M, Peak:0.00M | Scene, ViewLayer | Synchronizing object | 02_calcite_lower_shell_0550
Fra:1 Mem:66.10M (Peak 66.10M) | Time:00:00.06 | Mem:0.00M, Peak:0.00M | Scene, ViewLayer | Synchronizing object | 02_calcite_lower_shell_0551
Fra:1 Mem:66.10M (Peak 66.10M) | Time:00:00.06 | Mem:0.00M, Peak:0.00M | Scene, ViewLayer | Synchronizing object | 02_calcite_lower_shell_0552
Fra:1 Mem:66.10M (Peak 66.10M) | Time:00:00.06 | Mem:0.00M, Peak:0.00M | Scene, ViewLayer | Synchronizing object | 02_calcite_lower_shell_0553
Fra:1 Mem:66.10M (Peak 66.10M) | Time:00:00.06 | Mem:0.00M, Peak:0.00M | Scene, ViewLayer | Synchronizing object | 02_calcite_lower_shell_0554
Fra:1 Mem:66.10M (Peak 66.10M) | Time:00:00.06 | Mem:0.00M, Peak:0.00M | Scene, ViewLayer | Synchronizing object | 02_calcite_lower_shell_0555
Fra:1 Mem:66.11M (Peak 66.11M) | Time:00:00.06 | Mem:0.00M, Peak:0.00M | Scene, ViewLayer | Synchronizing object | 02_calcite_lower_shell_0556
Fra:1 Mem:66.11M (Peak 66.11M) | Time:00:00.06 | Mem:0.00M, Peak:0.00M | Scene, ViewLayer | Synchronizing object | 02_calcite_lower_shell_0557
Fra:1 Mem:66.11M (Peak 66.11M) | Time:00:00.06 | Mem:0.00M, Peak:0.00M | Scene, ViewLayer | Synchronizing object | 02_calcite_lower_shell_0558
Fra:1 Mem:66.11M (Peak 66.11M) | Time:00:00.06 | Mem:0.00M, Peak:0.00M | Scene, ViewLayer | Synchronizing object | 02_calcite_lower_shell_0559
Fra:1 Mem:66.11M (Peak 66.11M) | Time:00:00.06 | Mem:0.00M, Peak:0.00M | Scene, ViewLayer | Synchronizing object | 02_calcite_lower_shell_0560
Fra:1 Mem:66.11M (Peak 66.11M) | Time:00:00.06 | Mem:0.00M, Peak:0.00M | Scene, ViewLayer | Synchronizing object | 02_calcite_lower_shell_0561
Fra:1 Mem:66.12M (Peak 66.12M) | Time:00:00.06 | Mem:0.00M, Peak:0.00M | Scene, ViewLayer | Synchronizing object | 05_calcite_wall_mass_0562
Fra:1 Mem:66.12M (Peak 66.12M) | Time:00:00.06 | Mem:0.00M, Peak:0.00M | Scene, ViewLayer | Synchronizing object | 05_calcite_wall_mass_0564
Fra:1 Mem:66.12M (Peak 66.12M) | Time:00:00.06 | Mem:0.00M, Peak:0.00M | Scene, ViewLayer | Synchronizing object | 10_calcite_corner_shoulders_0828
Fra:1 Mem:66.12M (Peak 66.12M) | Time:00:00.06 | Mem:0.00M, Peak:0.00M | Scene, ViewLayer | Synchronizing object | 05_calcite_wall_mass_0566
Fra:1 Mem:66.13M (Peak 66.13M) | Time:00:00.06 | Mem:0.00M, Peak:0.00M | Scene, ViewLayer | Synchronizing object | 05_calcite_wall_mass_0567
Fra:1 Mem:66.13M (Peak 66.13M) | Time:00:00.06 | Mem:0.00M, Peak:0.00M | Scene, ViewLayer | Synchronizing object | 05_calcite_wall_mass_0569
Fra:1 Mem:66.13M (Peak 66.13M) | Time:00:00.06 | Mem:0.00M, Peak:0.00M | Scene, ViewLayer | Synchronizing object | 05_calcite_wall_mass_0571
Fra:1 Mem:66.13M (Peak 66.13M) | Time:00:00.06 | Mem:0.00M, Peak:0.00M | Scene, ViewLayer | Synchronizing object | 05_calcite_wall_mass_0572
Fra:1 Mem:66.14M (Peak 66.14M) | Time:00:00.06 | Mem:0.00M, Peak:0.00M | Scene, ViewLayer | Synchronizing object | 05_calcite_wall_mass_0573
Fra:1 Mem:66.14M (Peak 66.14M) | Time:00:00.06 | Mem:0.00M, Peak:0.00M | Scene, ViewLayer | Synchronizing object | 05_calcite_wall_mass_0574
Fra:1 Mem:66.14M (Peak 66.14M) | Time:00:00.06 | Mem:0.00M, Peak:0.00M | Scene, ViewLayer | Synchronizing object | 05_calcite_wall_mass_0576
Fra:1 Mem:66.14M (Peak 66.14M) | Time:00:00.06 | Mem:0.00M, Peak:0.00M | Scene, ViewLayer | Synchronizing object | 05_calcite_wall_mass_0578
Fra:1 Mem:66.15M (Peak 66.15M) | Time:00:00.06 | Mem:0.00M, Peak:0.00M | Scene, ViewLayer | Synchronizing object | 10_calcite_corner_shoulders_0827
Fra:1 Mem:66.15M (Peak 66.15M) | Time:00:00.06 | Mem:0.00M, Peak:0.00M | Scene, ViewLayer | Synchronizing object | 09_calcite_crown_rim_0580
Fra:1 Mem:66.15M (Peak 66.15M) | Time:00:00.06 | Mem:0.00M, Peak:0.00M | Scene, ViewLayer | Synchronizing object | 09_calcite_crown_rim_0582
Fra:1 Mem:66.16M (Peak 66.16M) | Time:00:00.06 | Mem:0.00M, Peak:0.00M | Scene, ViewLayer | Synchronizing object | 09_calcite_crown_rim_0583
Fra:1 Mem:66.16M (Peak 66.16M) | Time:00:00.06 | Mem:0.00M, Peak:0.00M | Scene, ViewLayer | Synchronizing object | 02_calcite_lower_shell_0586
Fra:1 Mem:66.17M (Peak 66.17M) | Time:00:00.06 | Mem:0.00M, Peak:0.00M | Scene, ViewLayer | Synchronizing object | 02_calcite_lower_shell_0587
Fra:1 Mem:66.17M (Peak 66.17M) | Time:00:00.06 | Mem:0.00M, Peak:0.00M | Scene, ViewLayer | Synchronizing object | 02_calcite_lower_shell_0588
Fra:1 Mem:66.17M (Peak 66.17M) | Time:00:00.06 | Mem:0.00M, Peak:0.00M | Scene, ViewLayer | Synchronizing object | 02_calcite_lower_shell_0591
Fra:1 Mem:66.17M (Peak 66.17M) | Time:00:00.06 | Mem:0.00M, Peak:0.00M | Scene, ViewLayer | Synchronizing object | 02_calcite_lower_shell_0592
Fra:1 Mem:66.17M (Peak 66.17M) | Time:00:00.06 | Mem:0.00M, Peak:0.00M | Scene, ViewLayer | Synchronizing object | 02_calcite_lower_shell_0593
Fra:1 Mem:66.17M (Peak 66.18M) | Time:00:00.06 | Mem:0.00M, Peak:0.00M | Scene, ViewLayer | Synchronizing object | 02_calcite_lower_shell_0594
Fra:1 Mem:66.18M (Peak 66.18M) | Time:00:00.06 | Mem:0.00M, Peak:0.00M | Scene, ViewLayer | Synchronizing object | 02_calcite_lower_shell_0595
Fra:1 Mem:66.18M (Peak 66.18M) | Time:00:00.06 | Mem:0.00M, Peak:0.00M | Scene, ViewLayer | Synchronizing object | 02_calcite_lower_shell_0596
Fra:1 Mem:66.18M (Peak 66.18M) | Time:00:00.06 | Mem:0.00M, Peak:0.00M | Scene, ViewLayer | Synchronizing object | 10_calcite_corner_shoulders_0825
Fra:1 Mem:66.18M (Peak 66.18M) | Time:00:00.06 | Mem:0.00M, Peak:0.00M | Scene, ViewLayer | Synchronizing object | 02_calcite_lower_shell_0598
Fra:1 Mem:66.19M (Peak 66.19M) | Time:00:00.06 | Mem:0.00M, Peak:0.00M | Scene, ViewLayer | Synchronizing object | 02_calcite_lower_shell_0599
Fra:1 Mem:66.19M (Peak 66.19M) | Time:00:00.06 | Mem:0.00M, Peak:0.00M | Scene, ViewLayer | Synchronizing object | 02_calcite_lower_shell_0600
Fra:1 Mem:66.19M (Peak 66.19M) | Time:00:00.06 | Mem:0.00M, Peak:0.00M | Scene, ViewLayer | Synchronizing object | 05_calcite_wall_mass_0601
Fra:1 Mem:66.19M (Peak 66.19M) | Time:00:00.06 | Mem:0.00M, Peak:0.00M | Scene, ViewLayer | Synchronizing object | 05_calcite_wall_mass_0602
Fra:1 Mem:66.19M (Peak 66.19M) | Time:00:00.06 | Mem:0.00M, Peak:0.00M | Scene, ViewLayer | Synchronizing object | 05_calcite_wall_mass_0603
Fra:1 Mem:66.20M (Peak 66.20M) | Time:00:00.06 | Mem:0.00M, Peak:0.00M | Scene, ViewLayer | Synchronizing object | 05_calcite_wall_mass_0604
Fra:1 Mem:66.20M (Peak 66.20M) | Time:00:00.06 | Mem:0.00M, Peak:0.00M | Scene, ViewLayer | Synchronizing object | 05_calcite_wall_mass_0605
Fra:1 Mem:66.20M (Peak 66.20M) | Time:00:00.06 | Mem:0.00M, Peak:0.00M | Scene, ViewLayer | Synchronizing object | 05_calcite_wall_mass_0607
Fra:1 Mem:66.20M (Peak 66.20M) | Time:00:00.06 | Mem:0.00M, Peak:0.00M | Scene, ViewLayer | Synchronizing object | 05_calcite_wall_mass_0608
Fra:1 Mem:66.20M (Peak 66.20M) | Time:00:00.06 | Mem:0.00M, Peak:0.00M | Scene, ViewLayer | Synchronizing object | 05_calcite_wall_mass_0610
Fra:1 Mem:66.21M (Peak 66.21M) | Time:00:00.06 | Mem:0.00M, Peak:0.00M | Scene, ViewLayer | Synchronizing object | 10_calcite_corner_shoulders_0824
Fra:1 Mem:66.21M (Peak 66.21M) | Time:00:00.06 | Mem:0.00M, Peak:0.00M | Scene, ViewLayer | Synchronizing object | 05_calcite_wall_mass_0612
Fra:1 Mem:66.21M (Peak 66.21M) | Time:00:00.06 | Mem:0.00M, Peak:0.00M | Scene, ViewLayer | Synchronizing object | 05_calcite_wall_mass_0613
Fra:1 Mem:66.21M (Peak 66.21M) | Time:00:00.06 | Mem:0.00M, Peak:0.00M | Scene, ViewLayer | Synchronizing object | 05_calcite_wall_mass_0614
Fra:1 Mem:66.21M (Peak 66.21M) | Time:00:00.06 | Mem:0.00M, Peak:0.00M | Scene, ViewLayer | Synchronizing object | 05_calcite_wall_mass_0616
Fra:1 Mem:66.22M (Peak 66.22M) | Time:00:00.06 | Mem:0.00M, Peak:0.00M | Scene, ViewLayer | Synchronizing object | 05_calcite_wall_mass_0617
Fra:1 Mem:66.22M (Peak 66.22M) | Time:00:00.06 | Mem:0.00M, Peak:0.00M | Scene, ViewLayer | Synchronizing object | 05_calcite_wall_mass_0618
Fra:1 Mem:66.22M (Peak 66.22M) | Time:00:00.06 | Mem:0.00M, Peak:0.00M | Scene, ViewLayer | Synchronizing object | 05_calcite_wall_mass_0620
Fra:1 Mem:66.22M (Peak 66.22M) | Time:00:00.06 | Mem:0.00M, Peak:0.00M | Scene, ViewLayer | Synchronizing object | 05_calcite_wall_mass_0621
Fra:1 Mem:66.23M (Peak 66.23M) | Time:00:00.06 | Mem:0.00M, Peak:0.00M | Scene, ViewLayer | Synchronizing object | 05_calcite_wall_mass_0622
Fra:1 Mem:66.23M (Peak 66.23M) | Time:00:00.06 | Mem:0.00M, Peak:0.00M | Scene, ViewLayer | Synchronizing object | 05_calcite_wall_mass_0623
Fra:1 Mem:66.23M (Peak 66.23M) | Time:00:00.06 | Mem:0.00M, Peak:0.00M | Scene, ViewLayer | Synchronizing object | 05_calcite_wall_mass_0624
Fra:1 Mem:66.23M (Peak 66.23M) | Time:00:00.06 | Mem:0.00M, Peak:0.00M | Scene, ViewLayer | Synchronizing object | 05_calcite_wall_mass_0625
Fra:1 Mem:66.24M (Peak 66.24M) | Time:00:00.06 | Mem:0.00M, Peak:0.00M | Scene, ViewLayer | Synchronizing object | 05_calcite_wall_mass_0628
Fra:1 Mem:66.24M (Peak 66.24M) | Time:00:00.06 | Mem:0.00M, Peak:0.00M | Scene, ViewLayer | Synchronizing object | 05_calcite_wall_mass_0629
Fra:1 Mem:66.24M (Peak 66.24M) | Time:00:00.06 | Mem:0.00M, Peak:0.00M | Scene, ViewLayer | Synchronizing object | 05_calcite_wall_mass_0630
Fra:1 Mem:66.24M (Peak 66.24M) | Time:00:00.06 | Mem:0.00M, Peak:0.00M | Scene, ViewLayer | Synchronizing object | 05_calcite_wall_mass_0631
Fra:1 Mem:66.24M (Peak 66.24M) | Time:00:00.06 | Mem:0.00M, Peak:0.00M | Scene, ViewLayer | Synchronizing object | 10_calcite_corner_shoulders_0633
Fra:1 Mem:66.25M (Peak 66.25M) | Time:00:00.06 | Mem:0.00M, Peak:0.00M | Scene, ViewLayer | Synchronizing object | 10_calcite_corner_shoulders_0635
Fra:1 Mem:66.25M (Peak 66.25M) | Time:00:00.06 | Mem:0.00M, Peak:0.00M | Scene, ViewLayer | Synchronizing object | 05_calcite_wall_mass_0636
Fra:1 Mem:66.25M (Peak 66.25M) | Time:00:00.06 | Mem:0.00M, Peak:0.00M | Scene, ViewLayer | Synchronizing object | 05_calcite_wall_mass_0638
Fra:1 Mem:66.25M (Peak 66.25M) | Time:00:00.06 | Mem:0.00M, Peak:0.00M | Scene, ViewLayer | Synchronizing object | 05_calcite_wall_mass_0639
Fra:1 Mem:66.26M (Peak 66.26M) | Time:00:00.06 | Mem:0.00M, Peak:0.00M | Scene, ViewLayer | Synchronizing object | 10_calcite_corner_shoulders_0640
Fra:1 Mem:66.26M (Peak 66.26M) | Time:00:00.06 | Mem:0.00M, Peak:0.00M | Scene, ViewLayer | Synchronizing object | 10_calcite_corner_shoulders_0641
Fra:1 Mem:66.26M (Peak 66.26M) | Time:00:00.06 | Mem:0.00M, Peak:0.00M | Scene, ViewLayer | Synchronizing object | 10_calcite_corner_shoulders_0643
Fra:1 Mem:66.27M (Peak 66.27M) | Time:00:00.06 | Mem:0.00M, Peak:0.00M | Scene, ViewLayer | Synchronizing object | 10_calcite_corner_shoulders_0644
Fra:1 Mem:66.27M (Peak 66.27M) | Time:00:00.06 | Mem:0.00M, Peak:0.00M | Scene, ViewLayer | Synchronizing object | 10_calcite_corner_shoulders_0645
Fra:1 Mem:66.27M (Peak 66.27M) | Time:00:00.06 | Mem:0.00M, Peak:0.00M | Scene, ViewLayer | Synchronizing object | 09_calcite_crown_rim_0646
Fra:1 Mem:66.27M (Peak 66.27M) | Time:00:00.06 | Mem:0.00M, Peak:0.00M | Scene, ViewLayer | Synchronizing object | 09_calcite_crown_rim_0648
Fra:1 Mem:66.27M (Peak 66.27M) | Time:00:00.06 | Mem:0.00M, Peak:0.00M | Scene, ViewLayer | Synchronizing object | 09_calcite_crown_rim_0649
Fra:1 Mem:66.27M (Peak 66.27M) | Time:00:00.06 | Mem:0.00M, Peak:0.00M | Scene, ViewLayer | Synchronizing object | 09_calcite_crown_rim_0650
Fra:1 Mem:66.28M (Peak 66.28M) | Time:00:00.06 | Mem:0.00M, Peak:0.00M | Scene, ViewLayer | Synchronizing object | 08_calcite_panel_frames_0823
Fra:1 Mem:66.28M (Peak 66.28M) | Time:00:00.06 | Mem:0.00M, Peak:0.00M | Scene, ViewLayer | Synchronizing object | 10_calcite_corner_shoulders_0652
Fra:1 Mem:66.28M (Peak 66.28M) | Time:00:00.06 | Mem:0.00M, Peak:0.00M | Scene, ViewLayer | Synchronizing object | 09_calcite_crown_rim_0653
Fra:1 Mem:66.28M (Peak 66.28M) | Time:00:00.06 | Mem:0.00M, Peak:0.00M | Scene, ViewLayer | Synchronizing object | 09_calcite_crown_rim_0654
Fra:1 Mem:66.29M (Peak 66.29M) | Time:00:00.06 | Mem:0.00M, Peak:0.00M | Scene, ViewLayer | Synchronizing object | 09_calcite_crown_rim_0656
Fra:1 Mem:66.29M (Peak 66.29M) | Time:00:00.06 | Mem:0.00M, Peak:0.00M | Scene, ViewLayer | Synchronizing object | 09_calcite_crown_rim_0657
Fra:1 Mem:66.29M (Peak 66.29M) | Time:00:00.06 | Mem:0.00M, Peak:0.00M | Scene, ViewLayer | Synchronizing object | 09_calcite_crown_rim_0658
Fra:1 Mem:66.29M (Peak 66.29M) | Time:00:00.06 | Mem:0.00M, Peak:0.00M | Scene, ViewLayer | Synchronizing object | 09_calcite_crown_rim_0659
Fra:1 Mem:66.29M (Peak 66.29M) | Time:00:00.06 | Mem:0.00M, Peak:0.00M | Scene, ViewLayer | Synchronizing object | 10_calcite_corner_shoulders_0661
Fra:1 Mem:66.30M (Peak 66.30M) | Time:00:00.06 | Mem:0.00M, Peak:0.00M | Scene, ViewLayer | Synchronizing object | 10_calcite_corner_shoulders_0662
Fra:1 Mem:66.30M (Peak 66.30M) | Time:00:00.06 | Mem:0.00M, Peak:0.00M | Scene, ViewLayer | Synchronizing object | 10_calcite_corner_shoulders_0663
Fra:1 Mem:66.30M (Peak 66.30M) | Time:00:00.06 | Mem:0.00M, Peak:0.00M | Scene, ViewLayer | Synchronizing object | 01_basalt_foundation_0664
Fra:1 Mem:66.30M (Peak 66.30M) | Time:00:00.06 | Mem:0.00M, Peak:0.00M | Scene, ViewLayer | Synchronizing object | 02_calcite_lower_shell_0666
Fra:1 Mem:66.31M (Peak 66.31M) | Time:00:00.06 | Mem:0.00M, Peak:0.00M | Scene, ViewLayer | Synchronizing object | 02_calcite_lower_shell_0668
Fra:1 Mem:66.31M (Peak 66.31M) | Time:00:00.06 | Mem:0.00M, Peak:0.00M | Scene, ViewLayer | Synchronizing object | 08_calcite_panel_frames_0821
Fra:1 Mem:66.31M (Peak 66.31M) | Time:00:00.06 | Mem:0.00M, Peak:0.00M | Scene, ViewLayer | Synchronizing object | 01_basalt_foundation_0669
Fra:1 Mem:66.32M (Peak 66.32M) | Time:00:00.06 | Mem:0.00M, Peak:0.00M | Scene, ViewLayer | Synchronizing object | 01_basalt_foundation_0670
Fra:1 Mem:66.32M (Peak 66.32M) | Time:00:00.06 | Mem:0.00M, Peak:0.00M | Scene, ViewLayer | Synchronizing object | 08_calcite_panel_frames_0820
Fra:1 Mem:66.32M (Peak 66.32M) | Time:00:00.06 | Mem:0.00M, Peak:0.00M | Scene, ViewLayer | Synchronizing object | 02_calcite_lower_shell_0673
Fra:1 Mem:66.32M (Peak 66.32M) | Time:00:00.06 | Mem:0.00M, Peak:0.00M | Scene, ViewLayer | Synchronizing object | 02_calcite_lower_shell_0674
Fra:1 Mem:66.32M (Peak 66.32M) | Time:00:00.06 | Mem:0.00M, Peak:0.00M | Scene, ViewLayer | Synchronizing object | 01_basalt_foundation_0676
Fra:1 Mem:66.33M (Peak 66.33M) | Time:00:00.06 | Mem:0.00M, Peak:0.00M | Scene, ViewLayer | Synchronizing object | 01_basalt_foundation_0677
Fra:1 Mem:66.33M (Peak 66.33M) | Time:00:00.06 | Mem:0.00M, Peak:0.00M | Scene, ViewLayer | Synchronizing object | 01_basalt_foundation_0678
Fra:1 Mem:66.33M (Peak 66.33M) | Time:00:00.06 | Mem:0.00M, Peak:0.00M | Scene, ViewLayer | Synchronizing object | 03_basalt_corner_spines_0679
Fra:1 Mem:66.33M (Peak 66.33M) | Time:00:00.06 | Mem:0.00M, Peak:0.00M | Scene, ViewLayer | Synchronizing object | 02_calcite_lower_shell_0681
Fra:1 Mem:66.34M (Peak 66.34M) | Time:00:00.06 | Mem:0.00M, Peak:0.00M | Scene, ViewLayer | Synchronizing object | 02_calcite_lower_shell_0682
Fra:1 Mem:66.34M (Peak 66.34M) | Time:00:00.06 | Mem:0.00M, Peak:0.00M | Scene, ViewLayer | Synchronizing object | 02_calcite_lower_shell_0683
Fra:1 Mem:66.34M (Peak 66.34M) | Time:00:00.06 | Mem:0.00M, Peak:0.00M | Scene, ViewLayer | Synchronizing object | 03_basalt_corner_spines_0684
Fra:1 Mem:66.34M (Peak 66.34M) | Time:00:00.06 | Mem:0.00M, Peak:0.00M | Scene, ViewLayer | Synchronizing object | 03_basalt_corner_spines_0685
Fra:1 Mem:66.35M (Peak 66.35M) | Time:00:00.06 | Mem:0.00M, Peak:0.00M | Scene, ViewLayer | Synchronizing object | 05_calcite_wall_mass_0686
Fra:1 Mem:66.35M (Peak 66.35M) | Time:00:00.06 | Mem:0.00M, Peak:0.00M | Scene, ViewLayer | Synchronizing object | 05_calcite_wall_mass_0687
Fra:1 Mem:66.35M (Peak 66.35M) | Time:00:00.06 | Mem:0.00M, Peak:0.00M | Scene, ViewLayer | Synchronizing object | 05_calcite_wall_mass_0690
Fra:1 Mem:66.35M (Peak 66.35M) | Time:00:00.06 | Mem:0.00M, Peak:0.00M | Scene, ViewLayer | Synchronizing object | 03_basalt_corner_spines_0691
Fra:1 Mem:66.35M (Peak 66.35M) | Time:00:00.06 | Mem:0.00M, Peak:0.00M | Scene, ViewLayer | Synchronizing object | 03_basalt_corner_spines_0692
Fra:1 Mem:66.36M (Peak 66.36M) | Time:00:00.06 | Mem:0.00M, Peak:0.00M | Scene, ViewLayer | Synchronizing object | 03_basalt_corner_spines_0693
Fra:1 Mem:66.36M (Peak 66.36M) | Time:00:00.06 | Mem:0.00M, Peak:0.00M | Scene, ViewLayer | Synchronizing object | 03_basalt_corner_spines_0694
Fra:1 Mem:66.36M (Peak 66.36M) | Time:00:00.06 | Mem:0.00M, Peak:0.00M | Scene, ViewLayer | Synchronizing object | 05_calcite_wall_mass_0695
Fra:1 Mem:66.36M (Peak 66.36M) | Time:00:00.06 | Mem:0.00M, Peak:0.00M | Scene, ViewLayer | Synchronizing object | 05_calcite_wall_mass_0698
Fra:1 Mem:66.37M (Peak 66.37M) | Time:00:00.06 | Mem:0.00M, Peak:0.00M | Scene, ViewLayer | Synchronizing object | 05_calcite_wall_mass_0699
Fra:1 Mem:66.37M (Peak 66.37M) | Time:00:00.06 | Mem:0.00M, Peak:0.00M | Scene, ViewLayer | Synchronizing object | 05_calcite_wall_mass_0700
Fra:1 Mem:66.37M (Peak 66.37M) | Time:00:00.06 | Mem:0.00M, Peak:0.00M | Scene, ViewLayer | Synchronizing object | 05_calcite_wall_mass_0701
Fra:1 Mem:66.37M (Peak 66.37M) | Time:00:00.06 | Mem:0.00M, Peak:0.00M | Scene, ViewLayer | Synchronizing object | 05_calcite_wall_mass_0702
Fra:1 Mem:66.37M (Peak 66.37M) | Time:00:00.06 | Mem:0.00M, Peak:0.00M | Scene, ViewLayer | Synchronizing object | 05_calcite_wall_mass_0704
Fra:1 Mem:66.38M (Peak 66.38M) | Time:00:00.06 | Mem:0.00M, Peak:0.00M | Scene, ViewLayer | Synchronizing object | 05_calcite_wall_mass_0705
Fra:1 Mem:66.38M (Peak 66.38M) | Time:00:00.06 | Mem:0.00M, Peak:0.00M | Scene, ViewLayer | Synchronizing object | 05_calcite_wall_mass_0706
Fra:1 Mem:66.38M (Peak 66.38M) | Time:00:00.06 | Mem:0.00M, Peak:0.00M | Scene, ViewLayer | Synchronizing object | 05_calcite_wall_mass_0708
Fra:1 Mem:66.38M (Peak 66.38M) | Time:00:00.06 | Mem:0.00M, Peak:0.00M | Scene, ViewLayer | Synchronizing object | 05_calcite_wall_mass_0709
Fra:1 Mem:66.38M (Peak 66.38M) | Time:00:00.06 | Mem:0.00M, Peak:0.00M | Scene, ViewLayer | Synchronizing object | 05_calcite_wall_mass_0710
Fra:1 Mem:66.39M (Peak 66.39M) | Time:00:00.06 | Mem:0.00M, Peak:0.00M | Scene, ViewLayer | Synchronizing object | 05_calcite_wall_mass_0711
Fra:1 Mem:66.39M (Peak 66.39M) | Time:00:00.06 | Mem:0.00M, Peak:0.00M | Scene, ViewLayer | Synchronizing object | 03_basalt_corner_spines_0712
Fra:1 Mem:66.39M (Peak 66.39M) | Time:00:00.06 | Mem:0.00M, Peak:0.00M | Scene, ViewLayer | Synchronizing object | 10_calcite_corner_shoulders_0713
Fra:1 Mem:66.39M (Peak 66.39M) | Time:00:00.06 | Mem:0.00M, Peak:0.00M | Scene, ViewLayer | Synchronizing object | 05_calcite_wall_mass_0714
Fra:1 Mem:66.39M (Peak 66.39M) | Time:00:00.06 | Mem:0.00M, Peak:0.00M | Scene, ViewLayer | Synchronizing object | 05_calcite_wall_mass_0716
Fra:1 Mem:66.40M (Peak 66.40M) | Time:00:00.06 | Mem:0.00M, Peak:0.00M | Scene, ViewLayer | Synchronizing object | 10_calcite_corner_shoulders_0718
Fra:1 Mem:66.40M (Peak 66.40M) | Time:00:00.06 | Mem:0.00M, Peak:0.00M | Scene, ViewLayer | Synchronizing object | 10_calcite_corner_shoulders_0719
Fra:1 Mem:66.40M (Peak 66.40M) | Time:00:00.06 | Mem:0.00M, Peak:0.00M | Scene, ViewLayer | Synchronizing object | 09_calcite_crown_rim_0722
Fra:1 Mem:66.41M (Peak 66.41M) | Time:00:00.06 | Mem:0.00M, Peak:0.00M | Scene, ViewLayer | Synchronizing object | 09_calcite_crown_rim_0723
Fra:1 Mem:66.41M (Peak 66.41M) | Time:00:00.06 | Mem:0.00M, Peak:0.00M | Scene, ViewLayer | Synchronizing object | 09_calcite_crown_rim_0724
Fra:1 Mem:66.41M (Peak 66.41M) | Time:00:00.06 | Mem:0.00M, Peak:0.00M | Scene, ViewLayer | Synchronizing object | 09_calcite_crown_rim_0725
Fra:1 Mem:66.41M (Peak 66.41M) | Time:00:00.06 | Mem:0.00M, Peak:0.00M | Scene, ViewLayer | Synchronizing object | 07_crystal_seams_0818
Fra:1 Mem:66.41M (Peak 66.41M) | Time:00:00.06 | Mem:0.00M, Peak:0.00M | Scene, ViewLayer | Synchronizing object | 10_calcite_corner_shoulders_0726
Fra:1 Mem:66.42M (Peak 66.42M) | Time:00:00.06 | Mem:0.00M, Peak:0.00M | Scene, ViewLayer | Synchronizing object | 10_calcite_corner_shoulders_0727
Fra:1 Mem:66.42M (Peak 66.42M) | Time:00:00.06 | Mem:0.00M, Peak:0.00M | Scene, ViewLayer | Synchronizing object | 07_crystal_seams_0817
Fra:1 Mem:66.42M (Peak 66.42M) | Time:00:00.06 | Mem:0.00M, Peak:0.00M | Scene, ViewLayer | Synchronizing object | 10_calcite_corner_shoulders_0729
Fra:1 Mem:66.42M (Peak 66.42M) | Time:00:00.06 | Mem:0.00M, Peak:0.00M | Scene, ViewLayer | Synchronizing object | 09_calcite_crown_rim_0731
Fra:1 Mem:66.43M (Peak 66.43M) | Time:00:00.06 | Mem:0.00M, Peak:0.00M | Scene, ViewLayer | Synchronizing object | 09_calcite_crown_rim_0732
Fra:1 Mem:66.43M (Peak 66.43M) | Time:00:00.06 | Mem:0.00M, Peak:0.00M | Scene, ViewLayer | Synchronizing object | 09_calcite_crown_rim_0733
Fra:1 Mem:66.43M (Peak 66.43M) | Time:00:00.06 | Mem:0.00M, Peak:0.00M | Scene, ViewLayer | Synchronizing object | 09_calcite_crown_rim_0734
Fra:1 Mem:66.43M (Peak 66.43M) | Time:00:00.06 | Mem:0.00M, Peak:0.00M | Scene, ViewLayer | Synchronizing object | 10_calcite_corner_shoulders_0735
Fra:1 Mem:66.43M (Peak 66.43M) | Time:00:00.06 | Mem:0.00M, Peak:0.00M | Scene, ViewLayer | Synchronizing object | 10_calcite_corner_shoulders_0736
Fra:1 Mem:66.43M (Peak 66.43M) | Time:00:00.06 | Mem:0.00M, Peak:0.00M | Scene, ViewLayer | Synchronizing object | 09_calcite_crown_rim_0738
Fra:1 Mem:66.44M (Peak 66.44M) | Time:00:00.06 | Mem:0.00M, Peak:0.00M | Scene, ViewLayer | Synchronizing object | 10_calcite_corner_shoulders_0739
Fra:1 Mem:66.44M (Peak 66.44M) | Time:00:00.06 | Mem:0.00M, Peak:0.00M | Scene, ViewLayer | Synchronizing object | 11_corner_crystal_buds_0740
Fra:1 Mem:66.44M (Peak 66.44M) | Time:00:00.06 | Mem:0.00M, Peak:0.00M | Scene, ViewLayer | Synchronizing object | 11_corner_crystal_buds_0741
Fra:1 Mem:66.44M (Peak 66.44M) | Time:00:00.06 | Mem:0.00M, Peak:0.00M | Scene, ViewLayer | Synchronizing object | 11_corner_crystal_buds_0742
Fra:1 Mem:66.44M (Peak 66.44M) | Time:00:00.06 | Mem:0.00M, Peak:0.00M | Scene, ViewLayer | Synchronizing object | 01_basalt_foundation_0816
Fra:1 Mem:66.45M (Peak 66.45M) | Time:00:00.06 | Mem:0.00M, Peak:0.00M | Scene, ViewLayer | Synchronizing object | 11_corner_crystal_buds_0743
Fra:1 Mem:66.45M (Peak 66.45M) | Time:00:00.06 | Mem:0.00M, Peak:0.00M | Scene, ViewLayer | Synchronizing object | 11_corner_crystal_buds_0744
Fra:1 Mem:66.45M (Peak 66.45M) | Time:00:00.06 | Mem:0.00M, Peak:0.00M | Scene, ViewLayer | Synchronizing object | 02_calcite_lower_shell_0746
Fra:1 Mem:66.46M (Peak 66.46M) | Time:00:00.06 | Mem:0.00M, Peak:0.00M | Scene, ViewLayer | Synchronizing object | 02_calcite_lower_shell_0749
Fra:1 Mem:66.46M (Peak 66.46M) | Time:00:00.06 | Mem:0.00M, Peak:0.00M | Scene, ViewLayer | Synchronizing object | 02_calcite_lower_shell_0750
Fra:1 Mem:66.46M (Peak 66.46M) | Time:00:00.06 | Mem:0.00M, Peak:0.00M | Scene, ViewLayer | Synchronizing object | 01_basalt_foundation_0752
Fra:1 Mem:66.46M (Peak 66.46M) | Time:00:00.06 | Mem:0.00M, Peak:0.00M | Scene, ViewLayer | Synchronizing object | 01_basalt_foundation_0754
Fra:1 Mem:66.47M (Peak 66.47M) | Time:00:00.06 | Mem:0.00M, Peak:0.00M | Scene, ViewLayer | Synchronizing object | 02_calcite_lower_shell_0755
Fra:1 Mem:66.47M (Peak 66.47M) | Time:00:00.06 | Mem:0.00M, Peak:0.00M | Scene, ViewLayer | Synchronizing object | 02_calcite_lower_shell_0757
Fra:1 Mem:66.47M (Peak 66.47M) | Time:00:00.06 | Mem:0.00M, Peak:0.00M | Scene, ViewLayer | Synchronizing object | 01_basalt_foundation_0815
Fra:1 Mem:66.47M (Peak 66.47M) | Time:00:00.06 | Mem:0.00M, Peak:0.00M | Scene, ViewLayer | Synchronizing object | 02_calcite_lower_shell_0758
Fra:1 Mem:66.48M (Peak 66.48M) | Time:00:00.06 | Mem:0.00M, Peak:0.00M | Scene, ViewLayer | Synchronizing object | 01_basalt_foundation_0759
Fra:1 Mem:66.48M (Peak 66.48M) | Time:00:00.06 | Mem:0.00M, Peak:0.00M | Scene, ViewLayer | Synchronizing object | 01_basalt_foundation_0760
Fra:1 Mem:66.48M (Peak 66.48M) | Time:00:00.06 | Mem:0.00M, Peak:0.00M | Scene, ViewLayer | Synchronizing object | 02_calcite_lower_shell_0763
Fra:1 Mem:66.49M (Peak 66.49M) | Time:00:00.06 | Mem:0.00M, Peak:0.00M | Scene, ViewLayer | Synchronizing object | 02_calcite_lower_shell_0764
Fra:1 Mem:66.49M (Peak 66.49M) | Time:00:00.06 | Mem:0.00M, Peak:0.00M | Scene, ViewLayer | Synchronizing object | 03_basalt_corner_spines_0765
Fra:1 Mem:66.49M (Peak 66.49M) | Time:00:00.06 | Mem:0.00M, Peak:0.00M | Scene, ViewLayer | Synchronizing object | 05_calcite_wall_mass_0767
Fra:1 Mem:66.49M (Peak 66.49M) | Time:00:00.06 | Mem:0.00M, Peak:0.00M | Scene, ViewLayer | Synchronizing object | 05_calcite_wall_mass_0768
Fra:1 Mem:66.49M (Peak 66.49M) | Time:00:00.06 | Mem:0.00M, Peak:0.00M | Scene, ViewLayer | Synchronizing object | 05_calcite_wall_mass_0769
Fra:1 Mem:66.49M (Peak 66.49M) | Time:00:00.06 | Mem:0.00M, Peak:0.00M | Scene, ViewLayer | Synchronizing object | 03_basalt_corner_spines_0771
Fra:1 Mem:66.50M (Peak 66.50M) | Time:00:00.06 | Mem:0.00M, Peak:0.00M | Scene, ViewLayer | Synchronizing object | 03_basalt_corner_spines_0772
Fra:1 Mem:66.50M (Peak 66.50M) | Time:00:00.06 | Mem:0.00M, Peak:0.00M | Scene, ViewLayer | Synchronizing object | 01_basalt_foundation_0814
Fra:1 Mem:66.50M (Peak 66.50M) | Time:00:00.06 | Mem:0.00M, Peak:0.00M | Scene, ViewLayer | Synchronizing object | 07_crystal_seams_0774
Fra:1 Mem:66.50M (Peak 66.50M) | Time:00:00.06 | Mem:0.00M, Peak:0.00M | Scene, ViewLayer | Synchronizing object | 07_crystal_seams_0775
Fra:1 Mem:66.51M (Peak 66.51M) | Time:00:00.06 | Mem:0.00M, Peak:0.00M | Scene, ViewLayer | Synchronizing object | 06_recessed_side_panels_0776
Fra:1 Mem:66.51M (Peak 66.51M) | Time:00:00.06 | Mem:0.00M, Peak:0.00M | Scene, ViewLayer | Synchronizing object | 01_basalt_foundation_0813
Fra:1 Mem:66.51M (Peak 66.51M) | Time:00:00.06 | Mem:0.00M, Peak:0.00M | Scene, ViewLayer | Synchronizing object | 03_basalt_corner_spines_0777
Fra:1 Mem:66.51M (Peak 66.51M) | Time:00:00.06 | Mem:0.00M, Peak:0.00M | Scene, ViewLayer | Synchronizing object | 05_calcite_wall_mass_0779
Fra:1 Mem:66.51M (Peak 66.51M) | Time:00:00.06 | Mem:0.00M, Peak:0.00M | Scene, ViewLayer | Synchronizing object | 03_basalt_corner_spines_0780
Fra:1 Mem:66.52M (Peak 66.52M) | Time:00:00.06 | Mem:0.00M, Peak:0.00M | Scene, ViewLayer | Synchronizing object | 03_basalt_corner_spines_0781
Fra:1 Mem:66.52M (Peak 66.52M) | Time:00:00.06 | Mem:0.00M, Peak:0.00M | Scene, ViewLayer | Synchronizing object | 06_recessed_side_panels_0783
Fra:1 Mem:66.52M (Peak 66.52M) | Time:00:00.06 | Mem:0.00M, Peak:0.00M | Scene, ViewLayer | Synchronizing object | 05_calcite_wall_mass_0784
Fra:1 Mem:66.52M (Peak 66.52M) | Time:00:00.06 | Mem:0.00M, Peak:0.00M | Scene, ViewLayer | Synchronizing object | 03_basalt_corner_spines_0786
Fra:1 Mem:66.53M (Peak 66.53M) | Time:00:00.06 | Mem:0.00M, Peak:0.00M | Scene, ViewLayer | Synchronizing object | 05_calcite_wall_mass_0787
Fra:1 Mem:66.53M (Peak 66.53M) | Time:00:00.06 | Mem:0.00M, Peak:0.00M | Scene, ViewLayer | Synchronizing object | 05_calcite_wall_mass_0788
Fra:1 Mem:66.53M (Peak 66.53M) | Time:00:00.06 | Mem:0.00M, Peak:0.00M | Scene, ViewLayer | Synchronizing object | 05_calcite_wall_mass_0789
Fra:1 Mem:66.54M (Peak 66.54M) | Time:00:00.06 | Mem:0.00M, Peak:0.00M | Scene, ViewLayer | Synchronizing object | 05_calcite_wall_mass_0792
Fra:1 Mem:66.54M (Peak 66.54M) | Time:00:00.06 | Mem:0.00M, Peak:0.00M | Scene, ViewLayer | Synchronizing object | 10_calcite_corner_shoulders_0794
Fra:1 Mem:66.54M (Peak 66.54M) | Time:00:00.06 | Mem:0.00M, Peak:0.00M | Scene, ViewLayer | Synchronizing object | 10_calcite_corner_shoulders_0795
Fra:1 Mem:66.54M (Peak 66.54M) | Time:00:00.06 | Mem:0.00M, Peak:0.00M | Scene, ViewLayer | Synchronizing object | 10_calcite_corner_shoulders_0796
Fra:1 Mem:66.54M (Peak 66.54M) | Time:00:00.06 | Mem:0.00M, Peak:0.00M | Scene, ViewLayer | Synchronizing object | 10_calcite_corner_shoulders_0798
Fra:1 Mem:66.55M (Peak 66.55M) | Time:00:00.06 | Mem:0.00M, Peak:0.00M | Scene, ViewLayer | Synchronizing object | 09_calcite_crown_rim_0799
Fra:1 Mem:66.55M (Peak 66.55M) | Time:00:00.06 | Mem:0.00M, Peak:0.00M | Scene, ViewLayer | Synchronizing object | 09_calcite_crown_rim_0800
Fra:1 Mem:66.55M (Peak 66.55M) | Time:00:00.06 | Mem:0.00M, Peak:0.00M | Scene, ViewLayer | Synchronizing object | 09_calcite_crown_rim_0801
Fra:1 Mem:66.55M (Peak 66.55M) | Time:00:00.06 | Mem:0.00M, Peak:0.00M | Scene, ViewLayer | Synchronizing object | 10_calcite_corner_shoulders_0803
Fra:1 Mem:66.55M (Peak 66.56M) | Time:00:00.06 | Mem:0.00M, Peak:0.00M | Scene, ViewLayer | Synchronizing object | 01_basalt_foundation_0812
Fra:1 Mem:66.56M (Peak 66.56M) | Time:00:00.06 | Mem:0.00M, Peak:0.00M | Scene, ViewLayer | Synchronizing object | 09_calcite_crown_rim_0805
Fra:1 Mem:66.56M (Peak 66.56M) | Time:00:00.06 | Mem:0.00M, Peak:0.00M | Scene, ViewLayer | Synchronizing object | 01_basalt_foundation_0811
Fra:1 Mem:66.56M (Peak 66.56M) | Time:00:00.06 | Mem:0.00M, Peak:0.00M | Scene, ViewLayer | Synchronizing object | 09_calcite_crown_rim_0806
Fra:1 Mem:66.56M (Peak 66.56M) | Time:00:00.06 | Mem:0.00M, Peak:0.00M | Scene, ViewLayer | Synchronizing object | 10_calcite_corner_shoulders_0807
Fra:1 Mem:66.57M (Peak 66.57M) | Time:00:00.06 | Mem:0.00M, Peak:0.00M | Scene, ViewLayer | Synchronizing object | 09_calcite_crown_rim_0810
Fra:1 Mem:66.57M (Peak 66.57M) | Time:00:00.06 | Mem:0.00M, Peak:0.00M | Scene, ViewLayer | Synchronizing object | 10_calcite_corner_shoulders_0808
Fra:1 Mem:66.57M (Peak 66.57M) | Time:00:00.06 | Mem:0.00M, Peak:0.00M | Scene, ViewLayer | Synchronizing object | 09_calcite_crown_rim_0809
Fra:1 Mem:66.59M (Peak 66.59M) | Time:00:00.06 | Mem:0.00M, Peak:0.00M | Scene, ViewLayer | Initializing
Fra:1 Mem:40.62M (Peak 66.59M) | Time:00:00.08 | Mem:0.00M, Peak:0.00M | Scene, ViewLayer | Waiting for render to start
Fra:1 Mem:40.63M (Peak 66.59M) | Time:00:00.08 | Mem:0.00M, Peak:0.00M | Scene, ViewLayer | Loading render kernels (may take a few minutes the first time)
Fra:1 Mem:40.63M (Peak 66.59M) | Time:00:00.08 | Mem:0.00M, Peak:0.00M | Scene, ViewLayer | Updating Scene
Fra:1 Mem:40.63M (Peak 66.59M) | Time:00:00.08 | Mem:0.00M, Peak:0.00M | Scene, ViewLayer | Updating Shaders
Fra:1 Mem:40.89M (Peak 66.59M) | Time:00:00.13 | Mem:0.01M, Peak:0.01M | Scene, ViewLayer | Updating Procedurals
Fra:1 Mem:40.89M (Peak 66.59M) | Time:00:00.13 | Mem:0.01M, Peak:0.01M | Scene, ViewLayer | Updating Background
Fra:1 Mem:40.89M (Peak 66.59M) | Time:00:00.13 | Mem:0.01M, Peak:0.01M | Scene, ViewLayer | Updating Camera
Fra:1 Mem:40.89M (Peak 66.59M) | Time:00:00.13 | Mem:0.01M, Peak:0.01M | Scene, ViewLayer | Updating Meshes Flags
Fra:1 Mem:40.89M (Peak 66.59M) | Time:00:00.13 | Mem:0.01M, Peak:0.01M | Scene, ViewLayer | Updating Objects
Fra:1 Mem:40.89M (Peak 66.59M) | Time:00:00.13 | Mem:0.01M, Peak:0.01M | Scene, ViewLayer | Updating Objects | Copying Transformations to device
Fra:1 Mem:41.06M (Peak 66.59M) | Time:00:00.13 | Mem:0.18M, Peak:0.18M | Scene, ViewLayer | Updating Objects | Applying Static Transformations
Fra:1 Mem:41.06M (Peak 66.59M) | Time:00:00.13 | Mem:0.18M, Peak:0.18M | Scene, ViewLayer | Updating Particle Systems
Fra:1 Mem:41.06M (Peak 66.59M) | Time:00:00.13 | Mem:0.18M, Peak:0.18M | Scene, ViewLayer | Updating Particle Systems | Copying Particles to device
Fra:1 Mem:41.06M (Peak 66.59M) | Time:00:00.13 | Mem:0.18M, Peak:0.18M | Scene, ViewLayer | Updating Meshes
Fra:1 Mem:41.21M (Peak 66.59M) | Time:00:00.13 | Mem:0.18M, Peak:0.18M | Scene, ViewLayer | Updating Mesh | Computing attributes
Fra:1 Mem:42.37M (Peak 66.59M) | Time:00:00.13 | Mem:0.30M, Peak:0.30M | Scene, ViewLayer | Updating Mesh | Copying Attributes to device
Fra:1 Mem:42.10M (Peak 66.59M) | Time:00:00.13 | Mem:1.06M, Peak:1.06M | Scene, ViewLayer | Updating Geometry BVH Cube.001 1/831 | Building BVH
Fra:1 Mem:42.10M (Peak 66.59M) | Time:00:00.13 | Mem:1.06M, Peak:1.06M | Scene, ViewLayer | Updating Geometry BVH Cube.007 7/831 | Building BVH
Fra:1 Mem:42.10M (Peak 66.59M) | Time:00:00.13 | Mem:1.06M, Peak:1.06M | Scene, ViewLayer | Updating Geometry BVH Cube.014 14/831 | Building BVH
Fra:1 Mem:42.10M (Peak 66.59M) | Time:00:00.13 | Mem:1.06M, Peak:1.06M | Scene, ViewLayer | Updating Geometry BVH Cube.015 15/831 | Building BVH
Fra:1 Mem:42.10M (Peak 66.59M) | Time:00:00.13 | Mem:1.07M, Peak:1.07M | Scene, ViewLayer | Updating Geometry BVH Cube.015 15/831 | Building BVH 0%
Fra:1 Mem:42.10M (Peak 66.59M) | Time:00:00.13 | Mem:1.07M, Peak:1.07M | Scene, ViewLayer | Updating Geometry BVH Cube.015 15/831 | Building BVH
Fra:1 Mem:42.10M (Peak 66.59M) | Time:00:00.13 | Mem:1.07M, Peak:1.07M | Scene, ViewLayer | Updating Geometry BVH Cube.016 16/831 | Building BVH
Fra:1 Mem:42.10M (Peak 66.59M) | Time:00:00.13 | Mem:1.07M, Peak:1.07M | Scene, ViewLayer | Updating Geometry BVH Cube.017 17/831 | Building BVH
Fra:1 Mem:42.10M (Peak 66.59M) | Time:00:00.13 | Mem:1.07M, Peak:1.07M | Scene, ViewLayer | Updating Geometry BVH Cube.831 831/831 | Building BVH
Fra:1 Mem:42.10M (Peak 66.59M) | Time:00:00.13 | Mem:1.07M, Peak:1.07M | Scene, ViewLayer | Updating Geometry BVH Cube.018 18/831 | Building BVH
Fra:1 Mem:42.10M (Peak 66.59M) | Time:00:00.13 | Mem:1.07M, Peak:1.07M | Scene, ViewLayer | Updating Geometry BVH Cube.019 19/831 | Building BVH
Fra:1 Mem:42.10M (Peak 66.59M) | Time:00:00.13 | Mem:1.07M, Peak:1.07M | Scene, ViewLayer | Updating Geometry BVH Cube.020 20/831 | Building BVH
Fra:1 Mem:42.10M (Peak 66.59M) | Time:00:00.13 | Mem:1.07M, Peak:1.07M | Scene, ViewLayer | Updating Geometry BVH Cube.021 21/831 | Building BVH
Fra:1 Mem:42.10M (Peak 66.59M) | Time:00:00.13 | Mem:1.08M, Peak:1.08M | Scene, ViewLayer | Updating Geometry BVH Cube.022 22/831 | Building BVH
Fra:1 Mem:42.10M (Peak 66.59M) | Time:00:00.13 | Mem:1.08M, Peak:1.08M | Scene, ViewLayer | Updating Geometry BVH Cube.024 24/831 | Building BVH
Fra:1 Mem:42.10M (Peak 66.59M) | Time:00:00.13 | Mem:1.08M, Peak:1.08M | Scene, ViewLayer | Updating Geometry BVH Cube.025 25/831 | Building BVH
Fra:1 Mem:42.10M (Peak 66.59M) | Time:00:00.13 | Mem:1.08M, Peak:1.08M | Scene, ViewLayer | Updating Geometry BVH Cube.027 27/831 | Building BVH
Fra:1 Mem:42.10M (Peak 66.59M) | Time:00:00.13 | Mem:1.08M, Peak:1.08M | Scene, ViewLayer | Updating Geometry BVH Cube.028 28/831 | Building BVH
Fra:1 Mem:42.10M (Peak 66.59M) | Time:00:00.14 | Mem:1.08M, Peak:1.08M | Scene, ViewLayer | Updating Geometry BVH Cube.029 29/831 | Building BVH
Fra:1 Mem:42.10M (Peak 66.59M) | Time:00:00.14 | Mem:1.08M, Peak:1.09M | Scene, ViewLayer | Updating Geometry BVH Cube.030 30/831 | Building BVH
Fra:1 Mem:42.10M (Peak 66.59M) | Time:00:00.14 | Mem:1.09M, Peak:1.09M | Scene, ViewLayer | Updating Geometry BVH Cube.031 31/831 | Building BVH
Fra:1 Mem:42.10M (Peak 66.59M) | Time:00:00.14 | Mem:1.09M, Peak:1.09M | Scene, ViewLayer | Updating Geometry BVH Cube.032 32/831 | Building BVH
Fra:1 Mem:42.10M (Peak 66.59M) | Time:00:00.14 | Mem:1.09M, Peak:1.09M | Scene, ViewLayer | Updating Geometry BVH Cube.033 33/831 | Building BVH
Fra:1 Mem:42.10M (Peak 66.59M) | Time:00:00.14 | Mem:1.09M, Peak:1.09M | Scene, ViewLayer | Updating Geometry BVH Cube.034 34/831 | Building BVH
Fra:1 Mem:42.10M (Peak 66.59M) | Time:00:00.14 | Mem:1.09M, Peak:1.09M | Scene, ViewLayer | Updating Geometry BVH Cube.036 36/831 | Building BVH
Fra:1 Mem:42.10M (Peak 66.59M) | Time:00:00.14 | Mem:1.10M, Peak:1.10M | Scene, ViewLayer | Updating Geometry BVH Cube.037 37/831 | Building BVH
Fra:1 Mem:42.10M (Peak 66.59M) | Time:00:00.14 | Mem:1.10M, Peak:1.10M | Scene, ViewLayer | Updating Geometry BVH Cube.038 38/831 | Building BVH
Fra:1 Mem:42.10M (Peak 66.59M) | Time:00:00.14 | Mem:1.10M, Peak:1.10M | Scene, ViewLayer | Updating Geometry BVH Cube.039 39/831 | Building BVH
Fra:1 Mem:42.10M (Peak 66.59M) | Time:00:00.14 | Mem:1.10M, Peak:1.10M | Scene, ViewLayer | Updating Geometry BVH Cube.040 40/831 | Building BVH
Fra:1 Mem:42.10M (Peak 66.59M) | Time:00:00.14 | Mem:1.10M, Peak:1.10M | Scene, ViewLayer | Updating Geometry BVH Cube.041 41/831 | Building BVH
Fra:1 Mem:42.10M (Peak 66.59M) | Time:00:00.14 | Mem:1.10M, Peak:1.11M | Scene, ViewLayer | Updating Geometry BVH Cube.042 42/831 | Building BVH
Fra:1 Mem:42.10M (Peak 66.59M) | Time:00:00.14 | Mem:1.10M, Peak:1.11M | Scene, ViewLayer | Updating Geometry BVH Cube.044 44/831 | Building BVH
Fra:1 Mem:42.10M (Peak 66.59M) | Time:00:00.14 | Mem:1.11M, Peak:1.11M | Scene, ViewLayer | Updating Geometry BVH Cube.045 45/831 | Building BVH
Fra:1 Mem:42.10M (Peak 66.59M) | Time:00:00.14 | Mem:1.11M, Peak:1.11M | Scene, ViewLayer | Updating Geometry BVH Cube.046 46/831 | Building BVH
Fra:1 Mem:42.10M (Peak 66.59M) | Time:00:00.14 | Mem:1.11M, Peak:1.11M | Scene, ViewLayer | Updating Geometry BVH Cube.047 47/831 | Building BVH
Fra:1 Mem:42.10M (Peak 66.59M) | Time:00:00.14 | Mem:1.11M, Peak:1.11M | Scene, ViewLayer | Updating Geometry BVH Cube.048 48/831 | Building BVH
Fra:1 Mem:42.10M (Peak 66.59M) | Time:00:00.14 | Mem:1.11M, Peak:1.11M | Scene, ViewLayer | Updating Geometry BVH Cube.049 49/831 | Building BVH
Fra:1 Mem:42.10M (Peak 66.59M) | Time:00:00.14 | Mem:1.11M, Peak:1.11M | Scene, ViewLayer | Updating Geometry BVH Cube.050 50/831 | Building BVH
Fra:1 Mem:42.10M (Peak 66.59M) | Time:00:00.14 | Mem:1.12M, Peak:1.12M | Scene, ViewLayer | Updating Geometry BVH Cube.051 51/831 | Building BVH
Fra:1 Mem:42.10M (Peak 66.59M) | Time:00:00.14 | Mem:1.12M, Peak:1.12M | Scene, ViewLayer | Updating Geometry BVH Cube.052 52/831 | Building BVH
Fra:1 Mem:42.10M (Peak 66.59M) | Time:00:00.14 | Mem:1.12M, Peak:1.12M | Scene, ViewLayer | Updating Geometry BVH Cube.053 53/831 | Building BVH
Fra:1 Mem:42.10M (Peak 66.59M) | Time:00:00.14 | Mem:1.12M, Peak:1.12M | Scene, ViewLayer | Updating Geometry BVH Cube.054 54/831 | Building BVH
Fra:1 Mem:42.10M (Peak 66.59M) | Time:00:00.14 | Mem:1.12M, Peak:1.12M | Scene, ViewLayer | Updating Geometry BVH Cube.055 55/831 | Building BVH
Fra:1 Mem:42.10M (Peak 66.59M) | Time:00:00.14 | Mem:1.12M, Peak:1.12M | Scene, ViewLayer | Updating Geometry BVH Cube.829 829/831 | Building BVH
Fra:1 Mem:42.10M (Peak 66.59M) | Time:00:00.14 | Mem:1.12M, Peak:1.12M | Scene, ViewLayer | Updating Geometry BVH Cube.056 56/831 | Building BVH
Fra:1 Mem:42.10M (Peak 66.59M) | Time:00:00.14 | Mem:1.12M, Peak:1.12M | Scene, ViewLayer | Updating Geometry BVH Cube.057 57/831 | Building BVH
Fra:1 Mem:42.10M (Peak 66.59M) | Time:00:00.14 | Mem:1.13M, Peak:1.13M | Scene, ViewLayer | Updating Geometry BVH Cube.058 58/831 | Building BVH
Fra:1 Mem:42.10M (Peak 66.59M) | Time:00:00.14 | Mem:1.13M, Peak:1.13M | Scene, ViewLayer | Updating Geometry BVH Cube.059 59/831 | Building BVH
Fra:1 Mem:42.10M (Peak 66.59M) | Time:00:00.14 | Mem:1.13M, Peak:1.13M | Scene, ViewLayer | Updating Geometry BVH Cube.060 60/831 | Building BVH
Fra:1 Mem:42.10M (Peak 66.59M) | Time:00:00.14 | Mem:1.13M, Peak:1.13M | Scene, ViewLayer | Updating Geometry BVH Cube.062 62/831 | Building BVH
Fra:1 Mem:42.10M (Peak 66.59M) | Time:00:00.14 | Mem:1.13M, Peak:1.13M | Scene, ViewLayer | Updating Geometry BVH Cube.061 61/831 | Building BVH
Fra:1 Mem:42.10M (Peak 66.59M) | Time:00:00.14 | Mem:1.13M, Peak:1.13M | Scene, ViewLayer | Updating Geometry BVH Cube.063 63/831 | Building BVH
Fra:1 Mem:42.10M (Peak 66.59M) | Time:00:00.14 | Mem:1.13M, Peak:1.13M | Scene, ViewLayer | Updating Geometry BVH Cube.064 64/831 | Building BVH
Fra:1 Mem:42.10M (Peak 66.59M) | Time:00:00.14 | Mem:1.13M, Peak:1.13M | Scene, ViewLayer | Updating Geometry BVH Cube.065 65/831 | Building BVH
Fra:1 Mem:42.10M (Peak 66.59M) | Time:00:00.14 | Mem:1.14M, Peak:1.14M | Scene, ViewLayer | Updating Geometry BVH Cube.067 67/831 | Building BVH
Fra:1 Mem:42.10M (Peak 66.59M) | Time:00:00.14 | Mem:1.14M, Peak:1.14M | Scene, ViewLayer | Updating Geometry BVH Cube.068 68/831 | Building BVH
Fra:1 Mem:42.10M (Peak 66.59M) | Time:00:00.14 | Mem:1.14M, Peak:1.14M | Scene, ViewLayer | Updating Geometry BVH Cube.069 69/831 | Building BVH
Fra:1 Mem:42.10M (Peak 66.59M) | Time:00:00.14 | Mem:1.14M, Peak:1.14M | Scene, ViewLayer | Updating Geometry BVH Cube.070 70/831 | Building BVH
Fra:1 Mem:42.10M (Peak 66.59M) | Time:00:00.14 | Mem:1.14M, Peak:1.14M | Scene, ViewLayer | Updating Geometry BVH Cube.071 71/831 | Building BVH
Fra:1 Mem:42.10M (Peak 66.59M) | Time:00:00.14 | Mem:1.14M, Peak:1.14M | Scene, ViewLayer | Updating Geometry BVH Cube.072 72/831 | Building BVH
Fra:1 Mem:42.10M (Peak 66.59M) | Time:00:00.14 | Mem:1.15M, Peak:1.15M | Scene, ViewLayer | Updating Geometry BVH Cube.073 73/831 | Building BVH
Fra:1 Mem:42.10M (Peak 66.59M) | Time:00:00.14 | Mem:1.15M, Peak:1.15M | Scene, ViewLayer | Updating Geometry BVH Cube.075 75/831 | Building BVH
Fra:1 Mem:42.10M (Peak 66.59M) | Time:00:00.14 | Mem:1.15M, Peak:1.15M | Scene, ViewLayer | Updating Geometry BVH Cube.076 76/831 | Building BVH
Fra:1 Mem:42.10M (Peak 66.59M) | Time:00:00.14 | Mem:1.15M, Peak:1.15M | Scene, ViewLayer | Updating Geometry BVH Cube.077 77/831 | Building BVH
Fra:1 Mem:42.10M (Peak 66.59M) | Time:00:00.14 | Mem:1.15M, Peak:1.15M | Scene, ViewLayer | Updating Geometry BVH Cube.078 78/831 | Building BVH
Fra:1 Mem:42.10M (Peak 66.59M) | Time:00:00.14 | Mem:1.15M, Peak:1.15M | Scene, ViewLayer | Updating Geometry BVH Cube.079 79/831 | Building BVH
Fra:1 Mem:42.10M (Peak 66.59M) | Time:00:00.14 | Mem:1.16M, Peak:1.16M | Scene, ViewLayer | Updating Geometry BVH Cube.080 80/831 | Building BVH
Fra:1 Mem:42.10M (Peak 66.59M) | Time:00:00.14 | Mem:1.16M, Peak:1.16M | Scene, ViewLayer | Updating Geometry BVH Cube.828 828/831 | Building BVH
Fra:1 Mem:42.10M (Peak 66.59M) | Time:00:00.14 | Mem:1.16M, Peak:1.16M | Scene, ViewLayer | Updating Geometry BVH Cube.081 81/831 | Building BVH
Fra:1 Mem:42.10M (Peak 66.59M) | Time:00:00.14 | Mem:1.16M, Peak:1.16M | Scene, ViewLayer | Updating Geometry BVH Cube.083 83/831 | Building BVH
Fra:1 Mem:42.10M (Peak 66.59M) | Time:00:00.14 | Mem:1.16M, Peak:1.16M | Scene, ViewLayer | Updating Geometry BVH Cube.085 85/831 | Building BVH
Fra:1 Mem:42.10M (Peak 66.59M) | Time:00:00.14 | Mem:1.17M, Peak:1.17M | Scene, ViewLayer | Updating Geometry BVH Cube.086 86/831 | Building BVH
Fra:1 Mem:42.10M (Peak 66.59M) | Time:00:00.14 | Mem:1.17M, Peak:1.17M | Scene, ViewLayer | Updating Geometry BVH Cube.087 87/831 | Building BVH
Fra:1 Mem:42.10M (Peak 66.59M) | Time:00:00.14 | Mem:1.17M, Peak:1.17M | Scene, ViewLayer | Updating Geometry BVH Cube.089 89/831 | Building BVH
Fra:1 Mem:42.10M (Peak 66.59M) | Time:00:00.14 | Mem:1.17M, Peak:1.17M | Scene, ViewLayer | Updating Geometry BVH Cube.090 90/831 | Building BVH
Fra:1 Mem:42.10M (Peak 66.59M) | Time:00:00.14 | Mem:1.17M, Peak:1.17M | Scene, ViewLayer | Updating Geometry BVH Cube.827 827/831 | Building BVH
Fra:1 Mem:42.10M (Peak 66.59M) | Time:00:00.14 | Mem:1.17M, Peak:1.17M | Scene, ViewLayer | Updating Geometry BVH Cube.091 91/831 | Building BVH
Fra:1 Mem:42.10M (Peak 66.59M) | Time:00:00.14 | Mem:1.17M, Peak:1.17M | Scene, ViewLayer | Updating Geometry BVH Cube.826 826/831 | Building BVH
Fra:1 Mem:42.10M (Peak 66.59M) | Time:00:00.14 | Mem:1.18M, Peak:1.18M | Scene, ViewLayer | Updating Geometry BVH Cube.092 92/831 | Building BVH
Fra:1 Mem:42.10M (Peak 66.59M) | Time:00:00.14 | Mem:1.18M, Peak:1.18M | Scene, ViewLayer | Updating Geometry BVH Cube.094 94/831 | Building BVH
Fra:1 Mem:42.10M (Peak 66.59M) | Time:00:00.14 | Mem:1.18M, Peak:1.18M | Scene, ViewLayer | Updating Geometry BVH Cube.093 93/831 | Building BVH
Fra:1 Mem:42.10M (Peak 66.59M) | Time:00:00.14 | Mem:1.18M, Peak:1.18M | Scene, ViewLayer | Updating Geometry BVH Cube.095 95/831 | Building BVH
Fra:1 Mem:42.10M (Peak 66.59M) | Time:00:00.14 | Mem:1.18M, Peak:1.18M | Scene, ViewLayer | Updating Geometry BVH Cube.096 96/831 | Building BVH
Fra:1 Mem:42.10M (Peak 66.59M) | Time:00:00.14 | Mem:1.18M, Peak:1.18M | Scene, ViewLayer | Updating Geometry BVH Cube.097 97/831 | Building BVH
Fra:1 Mem:42.10M (Peak 66.59M) | Time:00:00.14 | Mem:1.18M, Peak:1.18M | Scene, ViewLayer | Updating Geometry BVH Cube.098 98/831 | Building BVH
Fra:1 Mem:42.10M (Peak 66.59M) | Time:00:00.14 | Mem:1.18M, Peak:1.18M | Scene, ViewLayer | Updating Geometry BVH Cube.099 99/831 | Building BVH
Fra:1 Mem:42.10M (Peak 66.59M) | Time:00:00.14 | Mem:1.19M, Peak:1.19M | Scene, ViewLayer | Updating Geometry BVH Cube.100 100/831 | Building BVH
Fra:1 Mem:42.10M (Peak 66.59M) | Time:00:00.14 | Mem:1.19M, Peak:1.19M | Scene, ViewLayer | Updating Geometry BVH Cube.101 101/831 | Building BVH
Fra:1 Mem:42.10M (Peak 66.59M) | Time:00:00.14 | Mem:1.19M, Peak:1.19M | Scene, ViewLayer | Updating Geometry BVH Cube.102 102/831 | Building BVH
Fra:1 Mem:42.10M (Peak 66.59M) | Time:00:00.14 | Mem:1.19M, Peak:1.19M | Scene, ViewLayer | Updating Geometry BVH Cube.103 103/831 | Building BVH
Fra:1 Mem:42.10M (Peak 66.59M) | Time:00:00.14 | Mem:1.19M, Peak:1.19M | Scene, ViewLayer | Updating Geometry BVH Cube.104 104/831 | Building BVH
Fra:1 Mem:42.10M (Peak 66.59M) | Time:00:00.14 | Mem:1.19M, Peak:1.19M | Scene, ViewLayer | Updating Geometry BVH Cube.825 825/831 | Building BVH
Fra:1 Mem:42.10M (Peak 66.59M) | Time:00:00.14 | Mem:1.19M, Peak:1.19M | Scene, ViewLayer | Updating Geometry BVH Cube.105 105/831 | Building BVH
Fra:1 Mem:42.10M (Peak 66.59M) | Time:00:00.14 | Mem:1.19M, Peak:1.20M | Scene, ViewLayer | Updating Geometry BVH Cube.824 824/831 | Building BVH
Fra:1 Mem:42.10M (Peak 66.59M) | Time:00:00.14 | Mem:1.20M, Peak:1.20M | Scene, ViewLayer | Updating Geometry BVH Cube.107 107/831 | Building BVH
Fra:1 Mem:42.10M (Peak 66.59M) | Time:00:00.14 | Mem:1.20M, Peak:1.20M | Scene, ViewLayer | Updating Geometry BVH Cube.108 108/831 | Building BVH
Fra:1 Mem:42.10M (Peak 66.59M) | Time:00:00.14 | Mem:1.20M, Peak:1.20M | Scene, ViewLayer | Updating Geometry BVH Cube.109 109/831 | Building BVH
Fra:1 Mem:42.10M (Peak 66.59M) | Time:00:00.14 | Mem:1.20M, Peak:1.20M | Scene, ViewLayer | Updating Geometry BVH Cube.110 110/831 | Building BVH
Fra:1 Mem:42.10M (Peak 66.59M) | Time:00:00.14 | Mem:1.21M, Peak:1.21M | Scene, ViewLayer | Updating Geometry BVH Cube.112 112/831 | Building BVH
Fra:1 Mem:42.10M (Peak 66.59M) | Time:00:00.14 | Mem:1.21M, Peak:1.21M | Scene, ViewLayer | Updating Geometry BVH Cube.113 113/831 | Building BVH
Fra:1 Mem:42.10M (Peak 66.59M) | Time:00:00.14 | Mem:1.21M, Peak:1.21M | Scene, ViewLayer | Updating Geometry BVH Cube.114 114/831 | Building BVH
Fra:1 Mem:42.10M (Peak 66.59M) | Time:00:00.14 | Mem:1.21M, Peak:1.21M | Scene, ViewLayer | Updating Geometry BVH Cube.115 115/831 | Building BVH
Fra:1 Mem:42.10M (Peak 66.59M) | Time:00:00.14 | Mem:1.21M, Peak:1.21M | Scene, ViewLayer | Updating Geometry BVH Cube.116 116/831 | Building BVH
Fra:1 Mem:42.10M (Peak 66.59M) | Time:00:00.14 | Mem:1.21M, Peak:1.21M | Scene, ViewLayer | Updating Geometry BVH Cube.117 117/831 | Building BVH
Fra:1 Mem:42.10M (Peak 66.59M) | Time:00:00.14 | Mem:1.21M, Peak:1.21M | Scene, ViewLayer | Updating Geometry BVH Cube.118 118/831 | Building BVH
Fra:1 Mem:42.10M (Peak 66.59M) | Time:00:00.14 | Mem:1.21M, Peak:1.21M | Scene, ViewLayer | Updating Geometry BVH Cube.119 119/831 | Building BVH
Fra:1 Mem:42.10M (Peak 66.59M) | Time:00:00.14 | Mem:1.22M, Peak:1.22M | Scene, ViewLayer | Updating Geometry BVH Cube.121 121/831 | Building BVH
Fra:1 Mem:42.10M (Peak 66.59M) | Time:00:00.14 | Mem:1.22M, Peak:1.22M | Scene, ViewLayer | Updating Geometry BVH Cube.122 122/831 | Building BVH
Fra:1 Mem:42.10M (Peak 66.59M) | Time:00:00.14 | Mem:1.22M, Peak:1.22M | Scene, ViewLayer | Updating Geometry BVH Cube.123 123/831 | Building BVH
Fra:1 Mem:42.10M (Peak 66.59M) | Time:00:00.14 | Mem:1.22M, Peak:1.22M | Scene, ViewLayer | Updating Geometry BVH Cube.124 124/831 | Building BVH
Fra:1 Mem:42.10M (Peak 66.59M) | Time:00:00.14 | Mem:1.22M, Peak:1.22M | Scene, ViewLayer | Updating Geometry BVH Cube.125 125/831 | Building BVH
Fra:1 Mem:42.10M (Peak 66.59M) | Time:00:00.14 | Mem:1.22M, Peak:1.22M | Scene, ViewLayer | Updating Geometry BVH Cube.126 126/831 | Building BVH
Fra:1 Mem:42.10M (Peak 66.59M) | Time:00:00.14 | Mem:1.22M, Peak:1.22M | Scene, ViewLayer | Updating Geometry BVH Cube.127 127/831 | Building BVH
Fra:1 Mem:42.10M (Peak 66.59M) | Time:00:00.14 | Mem:1.23M, Peak:1.23M | Scene, ViewLayer | Updating Geometry BVH Cube.129 129/831 | Building BVH
Fra:1 Mem:42.10M (Peak 66.59M) | Time:00:00.14 | Mem:1.23M, Peak:1.23M | Scene, ViewLayer | Updating Geometry BVH Cube.131 131/831 | Building BVH
Fra:1 Mem:42.10M (Peak 66.59M) | Time:00:00.14 | Mem:1.23M, Peak:1.23M | Scene, ViewLayer | Updating Geometry BVH Cube.132 132/831 | Building BVH
Fra:1 Mem:42.10M (Peak 66.59M) | Time:00:00.14 | Mem:1.23M, Peak:1.23M | Scene, ViewLayer | Updating Geometry BVH Cube.133 133/831 | Building BVH
Fra:1 Mem:42.10M (Peak 66.59M) | Time:00:00.14 | Mem:1.23M, Peak:1.23M | Scene, ViewLayer | Updating Geometry BVH Cube.134 134/831 | Building BVH
Fra:1 Mem:42.10M (Peak 66.59M) | Time:00:00.14 | Mem:1.24M, Peak:1.24M | Scene, ViewLayer | Updating Geometry BVH Cube.135 135/831 | Building BVH
Fra:1 Mem:42.10M (Peak 66.59M) | Time:00:00.14 | Mem:1.24M, Peak:1.24M | Scene, ViewLayer | Updating Geometry BVH Cube.136 136/831 | Building BVH
Fra:1 Mem:42.10M (Peak 66.59M) | Time:00:00.14 | Mem:1.24M, Peak:1.24M | Scene, ViewLayer | Updating Geometry BVH Cube.137 137/831 | Building BVH
Fra:1 Mem:42.10M (Peak 66.59M) | Time:00:00.14 | Mem:1.24M, Peak:1.24M | Scene, ViewLayer | Updating Geometry BVH Cube.823 823/831 | Building BVH
Fra:1 Mem:42.10M (Peak 66.59M) | Time:00:00.14 | Mem:1.24M, Peak:1.24M | Scene, ViewLayer | Updating Geometry BVH Cube.139 139/831 | Building BVH
Fra:1 Mem:42.10M (Peak 66.59M) | Time:00:00.14 | Mem:1.24M, Peak:1.24M | Scene, ViewLayer | Updating Geometry BVH Cube.140 140/831 | Building BVH
Fra:1 Mem:42.10M (Peak 66.59M) | Time:00:00.14 | Mem:1.24M, Peak:1.24M | Scene, ViewLayer | Updating Geometry BVH Cube.141 141/831 | Building BVH
Fra:1 Mem:42.10M (Peak 66.59M) | Time:00:00.14 | Mem:1.25M, Peak:1.25M | Scene, ViewLayer | Updating Geometry BVH Cube.142 142/831 | Building BVH
Fra:1 Mem:42.10M (Peak 66.59M) | Time:00:00.14 | Mem:1.25M, Peak:1.25M | Scene, ViewLayer | Updating Geometry BVH Cube.143 143/831 | Building BVH
Fra:1 Mem:42.10M (Peak 66.59M) | Time:00:00.14 | Mem:1.25M, Peak:1.25M | Scene, ViewLayer | Updating Geometry BVH Cube.144 144/831 | Building BVH
Fra:1 Mem:42.10M (Peak 66.59M) | Time:00:00.14 | Mem:1.25M, Peak:1.25M | Scene, ViewLayer | Updating Geometry BVH Cube.145 145/831 | Building BVH
Fra:1 Mem:42.10M (Peak 66.59M) | Time:00:00.14 | Mem:1.25M, Peak:1.25M | Scene, ViewLayer | Updating Geometry BVH Cube.146 146/831 | Building BVH
Fra:1 Mem:42.10M (Peak 66.59M) | Time:00:00.14 | Mem:1.25M, Peak:1.25M | Scene, ViewLayer | Updating Geometry BVH Cube.147 147/831 | Building BVH
Fra:1 Mem:42.10M (Peak 66.59M) | Time:00:00.14 | Mem:1.26M, Peak:1.26M | Scene, ViewLayer | Updating Geometry BVH Cube.148 148/831 | Building BVH
Fra:1 Mem:42.10M (Peak 66.59M) | Time:00:00.14 | Mem:1.26M, Peak:1.26M | Scene, ViewLayer | Updating Geometry BVH Cube.149 149/831 | Building BVH
Fra:1 Mem:42.10M (Peak 66.59M) | Time:00:00.14 | Mem:1.26M, Peak:1.26M | Scene, ViewLayer | Updating Geometry BVH Cube.151 151/831 | Building BVH
Fra:1 Mem:42.10M (Peak 66.59M) | Time:00:00.14 | Mem:1.26M, Peak:1.26M | Scene, ViewLayer | Updating Geometry BVH Cube.152 152/831 | Building BVH
Fra:1 Mem:42.10M (Peak 66.59M) | Time:00:00.14 | Mem:1.26M, Peak:1.26M | Scene, ViewLayer | Updating Geometry BVH Cube.153 153/831 | Building BVH
Fra:1 Mem:42.10M (Peak 66.59M) | Time:00:00.14 | Mem:1.26M, Peak:1.26M | Scene, ViewLayer | Updating Geometry BVH Cube.154 154/831 | Building BVH
Fra:1 Mem:42.10M (Peak 66.59M) | Time:00:00.14 | Mem:1.27M, Peak:1.27M | Scene, ViewLayer | Updating Geometry BVH Cube.156 156/831 | Building BVH
Fra:1 Mem:42.10M (Peak 66.59M) | Time:00:00.14 | Mem:1.27M, Peak:1.27M | Scene, ViewLayer | Updating Geometry BVH Cube.157 157/831 | Building BVH
Fra:1 Mem:42.10M (Peak 66.59M) | Time:00:00.14 | Mem:1.27M, Peak:1.27M | Scene, ViewLayer | Updating Geometry BVH Cube.158 158/831 | Building BVH
Fra:1 Mem:42.10M (Peak 66.59M) | Time:00:00.14 | Mem:1.27M, Peak:1.27M | Scene, ViewLayer | Updating Geometry BVH Cube.159 159/831 | Building BVH
Fra:1 Mem:42.10M (Peak 66.59M) | Time:00:00.14 | Mem:1.27M, Peak:1.27M | Scene, ViewLayer | Updating Geometry BVH Cube.160 160/831 | Building BVH
Fra:1 Mem:42.10M (Peak 66.59M) | Time:00:00.14 | Mem:1.27M, Peak:1.27M | Scene, ViewLayer | Updating Geometry BVH Cube.162 162/831 | Building BVH
Fra:1 Mem:42.10M (Peak 66.59M) | Time:00:00.14 | Mem:1.27M, Peak:1.27M | Scene, ViewLayer | Updating Geometry BVH Cube.163 163/831 | Building BVH
Fra:1 Mem:42.10M (Peak 66.59M) | Time:00:00.14 | Mem:1.28M, Peak:1.28M | Scene, ViewLayer | Updating Geometry BVH Cube.164 164/831 | Building BVH
Fra:1 Mem:42.10M (Peak 66.59M) | Time:00:00.14 | Mem:1.28M, Peak:1.28M | Scene, ViewLayer | Updating Geometry BVH Cube.165 165/831 | Building BVH
Fra:1 Mem:42.10M (Peak 66.59M) | Time:00:00.14 | Mem:1.28M, Peak:1.28M | Scene, ViewLayer | Updating Geometry BVH Cube.166 166/831 | Building BVH
Fra:1 Mem:42.10M (Peak 66.59M) | Time:00:00.14 | Mem:1.28M, Peak:1.28M | Scene, ViewLayer | Updating Geometry BVH Cube.168 168/831 | Building BVH
Fra:1 Mem:42.10M (Peak 66.59M) | Time:00:00.14 | Mem:1.28M, Peak:1.28M | Scene, ViewLayer | Updating Geometry BVH Cube.169 169/831 | Building BVH
Fra:1 Mem:42.10M (Peak 66.59M) | Time:00:00.14 | Mem:1.28M, Peak:1.29M | Scene, ViewLayer | Updating Geometry BVH Cube.171 171/831 | Building BVH
Fra:1 Mem:42.10M (Peak 66.59M) | Time:00:00.14 | Mem:1.29M, Peak:1.29M | Scene, ViewLayer | Updating Geometry BVH Cube.172 172/831 | Building BVH
Fra:1 Mem:42.10M (Peak 66.59M) | Time:00:00.14 | Mem:1.29M, Peak:1.29M | Scene, ViewLayer | Updating Geometry BVH Cube.173 173/831 | Building BVH
Fra:1 Mem:42.10M (Peak 66.59M) | Time:00:00.14 | Mem:1.29M, Peak:1.29M | Scene, ViewLayer | Updating Geometry BVH Cube.175 175/831 | Building BVH
Fra:1 Mem:42.10M (Peak 66.59M) | Time:00:00.14 | Mem:1.29M, Peak:1.29M | Scene, ViewLayer | Updating Geometry BVH Cube.176 176/831 | Building BVH
Fra:1 Mem:42.10M (Peak 66.59M) | Time:00:00.14 | Mem:1.29M, Peak:1.29M | Scene, ViewLayer | Updating Geometry BVH Cube.177 177/831 | Building BVH
Fra:1 Mem:42.10M (Peak 66.59M) | Time:00:00.14 | Mem:1.29M, Peak:1.29M | Scene, ViewLayer | Updating Geometry BVH Cube.178 178/831 | Building BVH
Fra:1 Mem:42.10M (Peak 66.59M) | Time:00:00.14 | Mem:1.30M, Peak:1.30M | Scene, ViewLayer | Updating Geometry BVH Cube.179 179/831 | Building BVH
Fra:1 Mem:42.10M (Peak 66.59M) | Time:00:00.14 | Mem:1.30M, Peak:1.30M | Scene, ViewLayer | Updating Geometry BVH Cube.180 180/831 | Building BVH
Fra:1 Mem:42.10M (Peak 66.59M) | Time:00:00.14 | Mem:1.30M, Peak:1.30M | Scene, ViewLayer | Updating Geometry BVH Cube.181 181/831 | Building BVH
Fra:1 Mem:42.10M (Peak 66.59M) | Time:00:00.14 | Mem:1.30M, Peak:1.30M | Scene, ViewLayer | Updating Geometry BVH Cube.182 182/831 | Building BVH
Fra:1 Mem:42.10M (Peak 66.59M) | Time:00:00.14 | Mem:1.30M, Peak:1.30M | Scene, ViewLayer | Updating Geometry BVH Cube.183 183/831 | Building BVH
Fra:1 Mem:42.10M (Peak 66.59M) | Time:00:00.14 | Mem:1.30M, Peak:1.30M | Scene, ViewLayer | Updating Geometry BVH Cube.184 184/831 | Building BVH
Fra:1 Mem:42.10M (Peak 66.59M) | Time:00:00.14 | Mem:1.30M, Peak:1.30M | Scene, ViewLayer | Updating Geometry BVH Cube.185 185/831 | Building BVH
Fra:1 Mem:42.10M (Peak 66.59M) | Time:00:00.14 | Mem:1.31M, Peak:1.31M | Scene, ViewLayer | Updating Geometry BVH Cube.187 187/831 | Building BVH
Fra:1 Mem:42.10M (Peak 66.59M) | Time:00:00.14 | Mem:1.31M, Peak:1.31M | Scene, ViewLayer | Updating Geometry BVH Cube.188 188/831 | Building BVH
Fra:1 Mem:42.10M (Peak 66.59M) | Time:00:00.14 | Mem:1.31M, Peak:1.31M | Scene, ViewLayer | Updating Geometry BVH Cube.189 189/831 | Building BVH
Fra:1 Mem:42.10M (Peak 66.59M) | Time:00:00.14 | Mem:1.31M, Peak:1.31M | Scene, ViewLayer | Updating Geometry BVH Cube.191 191/831 | Building BVH
Fra:1 Mem:42.10M (Peak 66.59M) | Time:00:00.14 | Mem:1.32M, Peak:1.32M | Scene, ViewLayer | Updating Geometry BVH Cube.193 193/831 | Building BVH
Fra:1 Mem:42.10M (Peak 66.59M) | Time:00:00.14 | Mem:1.32M, Peak:1.32M | Scene, ViewLayer | Updating Geometry BVH Cube.194 194/831 | Building BVH
Fra:1 Mem:42.10M (Peak 66.59M) | Time:00:00.14 | Mem:1.32M, Peak:1.32M | Scene, ViewLayer | Updating Geometry BVH Cube.196 196/831 | Building BVH
Fra:1 Mem:42.10M (Peak 66.59M) | Time:00:00.14 | Mem:1.32M, Peak:1.32M | Scene, ViewLayer | Updating Geometry BVH Cube.197 197/831 | Building BVH
Fra:1 Mem:42.10M (Peak 66.59M) | Time:00:00.14 | Mem:1.32M, Peak:1.32M | Scene, ViewLayer | Updating Geometry BVH Cube.199 199/831 | Building BVH
Fra:1 Mem:42.10M (Peak 66.59M) | Time:00:00.14 | Mem:1.32M, Peak:1.32M | Scene, ViewLayer | Updating Geometry BVH Cube.200 200/831 | Building BVH
Fra:1 Mem:42.10M (Peak 66.59M) | Time:00:00.14 | Mem:1.33M, Peak:1.33M | Scene, ViewLayer | Updating Geometry BVH Cube.201 201/831 | Building BVH
Fra:1 Mem:42.10M (Peak 66.59M) | Time:00:00.14 | Mem:1.33M, Peak:1.33M | Scene, ViewLayer | Updating Geometry BVH Cube.202 202/831 | Building BVH
Fra:1 Mem:42.10M (Peak 66.59M) | Time:00:00.14 | Mem:1.33M, Peak:1.33M | Scene, ViewLayer | Updating Geometry BVH Cube.203 203/831 | Building BVH
Fra:1 Mem:42.10M (Peak 66.59M) | Time:00:00.14 | Mem:1.33M, Peak:1.33M | Scene, ViewLayer | Updating Geometry BVH Cube.822 822/831 | Building BVH
Fra:1 Mem:42.10M (Peak 66.59M) | Time:00:00.14 | Mem:1.33M, Peak:1.33M | Scene, ViewLayer | Updating Geometry BVH Cube.204 204/831 | Building BVH
Fra:1 Mem:42.10M (Peak 66.59M) | Time:00:00.14 | Mem:1.33M, Peak:1.33M | Scene, ViewLayer | Updating Geometry BVH Cube.205 205/831 | Building BVH
Fra:1 Mem:42.10M (Peak 66.59M) | Time:00:00.14 | Mem:1.33M, Peak:1.33M | Scene, ViewLayer | Updating Geometry BVH Cube.206 206/831 | Building BVH
Fra:1 Mem:42.10M (Peak 66.59M) | Time:00:00.14 | Mem:1.34M, Peak:1.34M | Scene, ViewLayer | Updating Geometry BVH Cube.207 207/831 | Building BVH
Fra:1 Mem:42.10M (Peak 66.59M) | Time:00:00.14 | Mem:1.34M, Peak:1.34M | Scene, ViewLayer | Updating Geometry BVH Cube.209 209/831 | Building BVH
Fra:1 Mem:42.10M (Peak 66.59M) | Time:00:00.14 | Mem:1.34M, Peak:1.34M | Scene, ViewLayer | Updating Geometry BVH Cube.210 210/831 | Building BVH
Fra:1 Mem:42.10M (Peak 66.59M) | Time:00:00.14 | Mem:1.34M, Peak:1.34M | Scene, ViewLayer | Updating Geometry BVH Cube.211 211/831 | Building BVH
Fra:1 Mem:42.10M (Peak 66.59M) | Time:00:00.14 | Mem:1.34M, Peak:1.34M | Scene, ViewLayer | Updating Geometry BVH Cube.213 213/831 | Building BVH
Fra:1 Mem:42.10M (Peak 66.59M) | Time:00:00.14 | Mem:1.35M, Peak:1.35M | Scene, ViewLayer | Updating Geometry BVH Cube.214 214/831 | Building BVH
Fra:1 Mem:42.10M (Peak 66.59M) | Time:00:00.14 | Mem:1.35M, Peak:1.35M | Scene, ViewLayer | Updating Geometry BVH Cube.215 215/831 | Building BVH
Fra:1 Mem:42.10M (Peak 66.59M) | Time:00:00.15 | Mem:1.35M, Peak:1.35M | Scene, ViewLayer | Updating Geometry BVH Cube.821 821/831 | Building BVH
Fra:1 Mem:42.10M (Peak 66.59M) | Time:00:00.15 | Mem:1.35M, Peak:1.35M | Scene, ViewLayer | Updating Geometry BVH Cube.217 217/831 | Building BVH
Fra:1 Mem:42.10M (Peak 66.59M) | Time:00:00.15 | Mem:1.35M, Peak:1.35M | Scene, ViewLayer | Updating Geometry BVH Cube.218 218/831 | Building BVH
Fra:1 Mem:42.10M (Peak 66.59M) | Time:00:00.15 | Mem:1.35M, Peak:1.35M | Scene, ViewLayer | Updating Geometry BVH Cube.219 219/831 | Building BVH
Fra:1 Mem:42.10M (Peak 66.59M) | Time:00:00.15 | Mem:1.35M, Peak:1.35M | Scene, ViewLayer | Updating Geometry BVH Cube.220 220/831 | Building BVH
Fra:1 Mem:42.10M (Peak 66.59M) | Time:00:00.15 | Mem:1.36M, Peak:1.36M | Scene, ViewLayer | Updating Geometry BVH Cube.221 221/831 | Building BVH
Fra:1 Mem:42.10M (Peak 66.59M) | Time:00:00.15 | Mem:1.36M, Peak:1.36M | Scene, ViewLayer | Updating Geometry BVH Cube.222 222/831 | Building BVH
Fra:1 Mem:42.10M (Peak 66.59M) | Time:00:00.15 | Mem:1.36M, Peak:1.36M | Scene, ViewLayer | Updating Geometry BVH Cube.223 223/831 | Building BVH
Fra:1 Mem:42.10M (Peak 66.59M) | Time:00:00.15 | Mem:1.36M, Peak:1.36M | Scene, ViewLayer | Updating Geometry BVH Cube.224 224/831 | Building BVH
Fra:1 Mem:42.10M (Peak 66.59M) | Time:00:00.15 | Mem:1.36M, Peak:1.36M | Scene, ViewLayer | Updating Geometry BVH Cube.225 225/831 | Building BVH
Fra:1 Mem:42.10M (Peak 66.59M) | Time:00:00.15 | Mem:1.36M, Peak:1.36M | Scene, ViewLayer | Updating Geometry BVH Cube.226 226/831 | Building BVH
Fra:1 Mem:42.10M (Peak 66.59M) | Time:00:00.15 | Mem:1.36M, Peak:1.36M | Scene, ViewLayer | Updating Geometry BVH Cube.227 227/831 | Building BVH
Fra:1 Mem:42.10M (Peak 66.59M) | Time:00:00.15 | Mem:1.36M, Peak:1.36M | Scene, ViewLayer | Updating Geometry BVH Cube.228 228/831 | Building BVH
Fra:1 Mem:42.10M (Peak 66.59M) | Time:00:00.15 | Mem:1.37M, Peak:1.37M | Scene, ViewLayer | Updating Geometry BVH Cube.229 229/831 | Building BVH
Fra:1 Mem:42.10M (Peak 66.59M) | Time:00:00.15 | Mem:1.37M, Peak:1.37M | Scene, ViewLayer | Updating Geometry BVH Cube.230 230/831 | Building BVH
Fra:1 Mem:42.10M (Peak 66.59M) | Time:00:00.15 | Mem:1.37M, Peak:1.37M | Scene, ViewLayer | Updating Geometry BVH Cube.231 231/831 | Building BVH
Fra:1 Mem:42.10M (Peak 66.59M) | Time:00:00.15 | Mem:1.37M, Peak:1.37M | Scene, ViewLayer | Updating Geometry BVH Cube.232 232/831 | Building BVH
Fra:1 Mem:42.10M (Peak 66.59M) | Time:00:00.15 | Mem:1.37M, Peak:1.37M | Scene, ViewLayer | Updating Geometry BVH Cube.233 233/831 | Building BVH
Fra:1 Mem:42.10M (Peak 66.59M) | Time:00:00.15 | Mem:1.37M, Peak:1.37M | Scene, ViewLayer | Updating Geometry BVH Cube.234 234/831 | Building BVH
Fra:1 Mem:42.10M (Peak 66.59M) | Time:00:00.15 | Mem:1.37M, Peak:1.37M | Scene, ViewLayer | Updating Geometry BVH Cube.235 235/831 | Building BVH
Fra:1 Mem:42.10M (Peak 66.59M) | Time:00:00.15 | Mem:1.38M, Peak:1.38M | Scene, ViewLayer | Updating Geometry BVH Cube.236 236/831 | Building BVH
Fra:1 Mem:42.10M (Peak 66.59M) | Time:00:00.15 | Mem:1.38M, Peak:1.38M | Scene, ViewLayer | Updating Geometry BVH Cube.237 237/831 | Building BVH
Fra:1 Mem:42.10M (Peak 66.59M) | Time:00:00.15 | Mem:1.38M, Peak:1.38M | Scene, ViewLayer | Updating Geometry BVH Cube.238 238/831 | Building BVH
Fra:1 Mem:42.10M (Peak 66.59M) | Time:00:00.15 | Mem:1.38M, Peak:1.38M | Scene, ViewLayer | Updating Geometry BVH Cube.239 239/831 | Building BVH
Fra:1 Mem:42.10M (Peak 66.59M) | Time:00:00.15 | Mem:1.38M, Peak:1.38M | Scene, ViewLayer | Updating Geometry BVH Cube.241 241/831 | Building BVH
Fra:1 Mem:42.10M (Peak 66.59M) | Time:00:00.15 | Mem:1.38M, Peak:1.38M | Scene, ViewLayer | Updating Geometry BVH Cube.242 242/831 | Building BVH
Fra:1 Mem:42.10M (Peak 66.59M) | Time:00:00.15 | Mem:1.38M, Peak:1.38M | Scene, ViewLayer | Updating Geometry BVH Cube.243 243/831 | Building BVH
Fra:1 Mem:42.10M (Peak 66.59M) | Time:00:00.15 | Mem:1.39M, Peak:1.39M | Scene, ViewLayer | Updating Geometry BVH Cube.244 244/831 | Building BVH
Fra:1 Mem:42.10M (Peak 66.59M) | Time:00:00.15 | Mem:1.39M, Peak:1.39M | Scene, ViewLayer | Updating Geometry BVH Cube.245 245/831 | Building BVH
Fra:1 Mem:42.10M (Peak 66.59M) | Time:00:00.15 | Mem:1.39M, Peak:1.39M | Scene, ViewLayer | Updating Geometry BVH Cube.246 246/831 | Building BVH
Fra:1 Mem:42.10M (Peak 66.59M) | Time:00:00.15 | Mem:1.39M, Peak:1.39M | Scene, ViewLayer | Updating Geometry BVH Cube.247 247/831 | Building BVH
Fra:1 Mem:42.10M (Peak 66.59M) | Time:00:00.15 | Mem:1.39M, Peak:1.39M | Scene, ViewLayer | Updating Geometry BVH Cube.248 248/831 | Building BVH
Fra:1 Mem:42.10M (Peak 66.59M) | Time:00:00.15 | Mem:1.39M, Peak:1.39M | Scene, ViewLayer | Updating Geometry BVH Cube.249 249/831 | Building BVH
Fra:1 Mem:42.10M (Peak 66.59M) | Time:00:00.15 | Mem:1.39M, Peak:1.39M | Scene, ViewLayer | Updating Geometry BVH Cube.250 250/831 | Building BVH
Fra:1 Mem:42.10M (Peak 66.59M) | Time:00:00.15 | Mem:1.40M, Peak:1.40M | Scene, ViewLayer | Updating Geometry BVH Cube.251 251/831 | Building BVH
Fra:1 Mem:42.10M (Peak 66.59M) | Time:00:00.15 | Mem:1.40M, Peak:1.40M | Scene, ViewLayer | Updating Geometry BVH Cube.253 253/831 | Building BVH
Fra:1 Mem:42.10M (Peak 66.59M) | Time:00:00.15 | Mem:1.40M, Peak:1.40M | Scene, ViewLayer | Updating Geometry BVH Cube.254 254/831 | Building BVH
Fra:1 Mem:42.10M (Peak 66.59M) | Time:00:00.15 | Mem:1.40M, Peak:1.40M | Scene, ViewLayer | Updating Geometry BVH Cube.255 255/831 | Building BVH
Fra:1 Mem:42.10M (Peak 66.59M) | Time:00:00.15 | Mem:1.40M, Peak:1.40M | Scene, ViewLayer | Updating Geometry BVH Cube.256 256/831 | Building BVH
Fra:1 Mem:42.10M (Peak 66.59M) | Time:00:00.15 | Mem:1.40M, Peak:1.40M | Scene, ViewLayer | Updating Geometry BVH Cube.257 257/831 | Building BVH
Fra:1 Mem:42.10M (Peak 66.59M) | Time:00:00.15 | Mem:1.40M, Peak:1.40M | Scene, ViewLayer | Updating Geometry BVH Cube.258 258/831 | Building BVH
Fra:1 Mem:42.10M (Peak 66.59M) | Time:00:00.15 | Mem:1.41M, Peak:1.41M | Scene, ViewLayer | Updating Geometry BVH Cube.259 259/831 | Building BVH
Fra:1 Mem:42.10M (Peak 66.59M) | Time:00:00.15 | Mem:1.41M, Peak:1.41M | Scene, ViewLayer | Updating Geometry BVH Cube.260 260/831 | Building BVH
Fra:1 Mem:42.10M (Peak 66.59M) | Time:00:00.15 | Mem:1.41M, Peak:1.41M | Scene, ViewLayer | Updating Geometry BVH Cube.261 261/831 | Building BVH
Fra:1 Mem:42.10M (Peak 66.59M) | Time:00:00.15 | Mem:1.41M, Peak:1.41M | Scene, ViewLayer | Updating Geometry BVH Cube.262 262/831 | Building BVH
Fra:1 Mem:42.10M (Peak 66.59M) | Time:00:00.15 | Mem:1.41M, Peak:1.41M | Scene, ViewLayer | Updating Geometry BVH Cube.263 263/831 | Building BVH
Fra:1 Mem:42.10M (Peak 66.59M) | Time:00:00.15 | Mem:1.41M, Peak:1.41M | Scene, ViewLayer | Updating Geometry BVH Cube.264 264/831 | Building BVH
Fra:1 Mem:42.10M (Peak 66.59M) | Time:00:00.15 | Mem:1.41M, Peak:1.42M | Scene, ViewLayer | Updating Geometry BVH Cube.266 266/831 | Building BVH
Fra:1 Mem:42.10M (Peak 66.59M) | Time:00:00.15 | Mem:1.42M, Peak:1.42M | Scene, ViewLayer | Updating Geometry BVH Cube.267 267/831 | Building BVH
Fra:1 Mem:42.11M (Peak 66.59M) | Time:00:00.15 | Mem:1.42M, Peak:1.42M | Scene, ViewLayer | Updating Geometry BVH Cube.268 268/831 | Building BVH
Fra:1 Mem:42.11M (Peak 66.59M) | Time:00:00.15 | Mem:1.42M, Peak:1.42M | Scene, ViewLayer | Updating Geometry BVH Cube.269 269/831 | Building BVH
Fra:1 Mem:42.11M (Peak 66.59M) | Time:00:00.15 | Mem:1.42M, Peak:1.42M | Scene, ViewLayer | Updating Geometry BVH Cube.270 270/831 | Building BVH
Fra:1 Mem:42.11M (Peak 66.59M) | Time:00:00.15 | Mem:1.42M, Peak:1.42M | Scene, ViewLayer | Updating Geometry BVH Cube.271 271/831 | Building BVH
Fra:1 Mem:42.11M (Peak 66.59M) | Time:00:00.15 | Mem:1.42M, Peak:1.42M | Scene, ViewLayer | Updating Geometry BVH Cube.272 272/831 | Building BVH
Fra:1 Mem:42.11M (Peak 66.59M) | Time:00:00.15 | Mem:1.42M, Peak:1.42M | Scene, ViewLayer | Updating Geometry BVH Cube.273 273/831 | Building BVH
Fra:1 Mem:42.11M (Peak 66.59M) | Time:00:00.15 | Mem:1.43M, Peak:1.43M | Scene, ViewLayer | Updating Geometry BVH Cube.820 820/831 | Building BVH
Fra:1 Mem:42.11M (Peak 66.59M) | Time:00:00.15 | Mem:1.43M, Peak:1.43M | Scene, ViewLayer | Updating Geometry BVH Cube.274 274/831 | Building BVH
Fra:1 Mem:42.11M (Peak 66.59M) | Time:00:00.15 | Mem:1.43M, Peak:1.43M | Scene, ViewLayer | Updating Geometry BVH Cube.275 275/831 | Building BVH
Fra:1 Mem:42.11M (Peak 66.59M) | Time:00:00.15 | Mem:1.43M, Peak:1.43M | Scene, ViewLayer | Updating Geometry BVH Cube.276 276/831 | Building BVH
Fra:1 Mem:42.11M (Peak 66.59M) | Time:00:00.15 | Mem:1.43M, Peak:1.43M | Scene, ViewLayer | Updating Geometry BVH Cube.277 277/831 | Building BVH
Fra:1 Mem:42.11M (Peak 66.59M) | Time:00:00.15 | Mem:1.43M, Peak:1.43M | Scene, ViewLayer | Updating Geometry BVH Cube.278 278/831 | Building BVH
Fra:1 Mem:42.11M (Peak 66.59M) | Time:00:00.15 | Mem:1.43M, Peak:1.43M | Scene, ViewLayer | Updating Geometry BVH Cube.279 279/831 | Building BVH
Fra:1 Mem:42.11M (Peak 66.59M) | Time:00:00.15 | Mem:1.44M, Peak:1.44M | Scene, ViewLayer | Updating Geometry BVH Cube.280 280/831 | Building BVH
Fra:1 Mem:42.11M (Peak 66.59M) | Time:00:00.15 | Mem:1.44M, Peak:1.44M | Scene, ViewLayer | Updating Geometry BVH Cube.281 281/831 | Building BVH
Fra:1 Mem:42.11M (Peak 66.59M) | Time:00:00.15 | Mem:1.44M, Peak:1.44M | Scene, ViewLayer | Updating Geometry BVH Cube.284 284/831 | Building BVH
Fra:1 Mem:42.11M (Peak 66.59M) | Time:00:00.15 | Mem:1.44M, Peak:1.44M | Scene, ViewLayer | Updating Geometry BVH Cube.283 283/831 | Building BVH
Fra:1 Mem:42.11M (Peak 66.59M) | Time:00:00.15 | Mem:1.44M, Peak:1.44M | Scene, ViewLayer | Updating Geometry BVH Cube.286 286/831 | Building BVH
Fra:1 Mem:42.11M (Peak 66.59M) | Time:00:00.15 | Mem:1.45M, Peak:1.45M | Scene, ViewLayer | Updating Geometry BVH Cube.287 287/831 | Building BVH
Fra:1 Mem:42.11M (Peak 66.59M) | Time:00:00.15 | Mem:1.45M, Peak:1.45M | Scene, ViewLayer | Updating Geometry BVH Cube.288 288/831 | Building BVH
Fra:1 Mem:42.11M (Peak 66.59M) | Time:00:00.15 | Mem:1.45M, Peak:1.45M | Scene, ViewLayer | Updating Geometry BVH Cube.290 290/831 | Building BVH
Fra:1 Mem:42.11M (Peak 66.59M) | Time:00:00.15 | Mem:1.45M, Peak:1.45M | Scene, ViewLayer | Updating Geometry BVH Cube.291 291/831 | Building BVH
Fra:1 Mem:42.11M (Peak 66.59M) | Time:00:00.15 | Mem:1.45M, Peak:1.45M | Scene, ViewLayer | Updating Geometry BVH Cube.292 292/831 | Building BVH
Fra:1 Mem:42.11M (Peak 66.59M) | Time:00:00.15 | Mem:1.45M, Peak:1.45M | Scene, ViewLayer | Updating Geometry BVH Cube.819 819/831 | Building BVH
Fra:1 Mem:42.11M (Peak 66.59M) | Time:00:00.15 | Mem:1.46M, Peak:1.46M | Scene, ViewLayer | Updating Geometry BVH Cube.818 818/831 | Building BVH
Fra:1 Mem:42.11M (Peak 66.59M) | Time:00:00.15 | Mem:1.46M, Peak:1.46M | Scene, ViewLayer | Updating Geometry BVH Cube.294 294/831 | Building BVH
Fra:1 Mem:42.11M (Peak 66.59M) | Time:00:00.15 | Mem:1.46M, Peak:1.46M | Scene, ViewLayer | Updating Geometry BVH Cube.817 817/831 | Building BVH
Fra:1 Mem:42.11M (Peak 66.59M) | Time:00:00.15 | Mem:1.46M, Peak:1.46M | Scene, ViewLayer | Updating Geometry BVH Cube.295 295/831 | Building BVH
Fra:1 Mem:42.11M (Peak 66.59M) | Time:00:00.15 | Mem:1.46M, Peak:1.46M | Scene, ViewLayer | Updating Geometry BVH Cube.296 296/831 | Building BVH
Fra:1 Mem:42.11M (Peak 66.59M) | Time:00:00.15 | Mem:1.46M, Peak:1.46M | Scene, ViewLayer | Updating Geometry BVH Cube.297 297/831 | Building BVH
Fra:1 Mem:42.11M (Peak 66.59M) | Time:00:00.15 | Mem:1.46M, Peak:1.46M | Scene, ViewLayer | Updating Geometry BVH Cube.298 298/831 | Building BVH
Fra:1 Mem:42.11M (Peak 66.59M) | Time:00:00.15 | Mem:1.47M, Peak:1.47M | Scene, ViewLayer | Updating Geometry BVH Cube.299 299/831 | Building BVH
Fra:1 Mem:42.11M (Peak 66.59M) | Time:00:00.15 | Mem:1.47M, Peak:1.47M | Scene, ViewLayer | Updating Geometry BVH Cube.300 300/831 | Building BVH
Fra:1 Mem:42.11M (Peak 66.59M) | Time:00:00.15 | Mem:1.47M, Peak:1.47M | Scene, ViewLayer | Updating Geometry BVH Cube.301 301/831 | Building BVH
Fra:1 Mem:42.11M (Peak 66.59M) | Time:00:00.15 | Mem:1.47M, Peak:1.47M | Scene, ViewLayer | Updating Geometry BVH Cube.302 302/831 | Building BVH
Fra:1 Mem:42.11M (Peak 66.59M) | Time:00:00.15 | Mem:1.47M, Peak:1.47M | Scene, ViewLayer | Updating Geometry BVH Cube.303 303/831 | Building BVH
Fra:1 Mem:42.11M (Peak 66.59M) | Time:00:00.15 | Mem:1.47M, Peak:1.47M | Scene, ViewLayer | Updating Geometry BVH Cube.304 304/831 | Building BVH
Fra:1 Mem:42.11M (Peak 66.59M) | Time:00:00.15 | Mem:1.47M, Peak:1.47M | Scene, ViewLayer | Updating Geometry BVH Cube.305 305/831 | Building BVH
Fra:1 Mem:42.11M (Peak 66.59M) | Time:00:00.15 | Mem:1.47M, Peak:1.47M | Scene, ViewLayer | Updating Geometry BVH Cube.306 306/831 | Building BVH
Fra:1 Mem:42.11M (Peak 66.59M) | Time:00:00.15 | Mem:1.48M, Peak:1.48M | Scene, ViewLayer | Updating Geometry BVH Cube.307 307/831 | Building BVH
Fra:1 Mem:42.11M (Peak 66.59M) | Time:00:00.15 | Mem:1.48M, Peak:1.48M | Scene, ViewLayer | Updating Geometry BVH Cube.308 308/831 | Building BVH
Fra:1 Mem:42.11M (Peak 66.59M) | Time:00:00.15 | Mem:1.48M, Peak:1.48M | Scene, ViewLayer | Updating Geometry BVH Cube.309 309/831 | Building BVH
Fra:1 Mem:42.11M (Peak 66.59M) | Time:00:00.15 | Mem:1.48M, Peak:1.48M | Scene, ViewLayer | Updating Geometry BVH Cube.312 312/831 | Building BVH
Fra:1 Mem:42.11M (Peak 66.59M) | Time:00:00.15 | Mem:1.48M, Peak:1.48M | Scene, ViewLayer | Updating Geometry BVH Cube.313 313/831 | Building BVH
Fra:1 Mem:42.11M (Peak 66.59M) | Time:00:00.15 | Mem:1.49M, Peak:1.49M | Scene, ViewLayer | Updating Geometry BVH Cube.314 314/831 | Building BVH
Fra:1 Mem:42.11M (Peak 66.59M) | Time:00:00.15 | Mem:1.49M, Peak:1.49M | Scene, ViewLayer | Updating Geometry BVH Cube.315 315/831 | Building BVH
Fra:1 Mem:42.11M (Peak 66.59M) | Time:00:00.15 | Mem:1.49M, Peak:1.49M | Scene, ViewLayer | Updating Geometry BVH Cube.316 316/831 | Building BVH
Fra:1 Mem:42.11M (Peak 66.59M) | Time:00:00.15 | Mem:1.49M, Peak:1.49M | Scene, ViewLayer | Updating Geometry BVH Cube.816 816/831 | Building BVH
Fra:1 Mem:42.11M (Peak 66.59M) | Time:00:00.15 | Mem:1.49M, Peak:1.49M | Scene, ViewLayer | Updating Geometry BVH Cube.815 815/831 | Building BVH
Fra:1 Mem:42.11M (Peak 66.59M) | Time:00:00.15 | Mem:1.49M, Peak:1.49M | Scene, ViewLayer | Updating Geometry BVH Cube.319 319/831 | Building BVH
Fra:1 Mem:42.11M (Peak 66.59M) | Time:00:00.15 | Mem:1.50M, Peak:1.50M | Scene, ViewLayer | Updating Geometry BVH Cube.320 320/831 | Building BVH
Fra:1 Mem:42.11M (Peak 66.59M) | Time:00:00.15 | Mem:1.50M, Peak:1.50M | Scene, ViewLayer | Updating Geometry BVH Cube.322 322/831 | Building BVH
Fra:1 Mem:42.11M (Peak 66.59M) | Time:00:00.15 | Mem:1.50M, Peak:1.50M | Scene, ViewLayer | Updating Geometry BVH Cube.323 323/831 | Building BVH
Fra:1 Mem:42.11M (Peak 66.59M) | Time:00:00.15 | Mem:1.50M, Peak:1.50M | Scene, ViewLayer | Updating Geometry BVH Cube.324 324/831 | Building BVH
Fra:1 Mem:42.11M (Peak 66.59M) | Time:00:00.15 | Mem:1.50M, Peak:1.50M | Scene, ViewLayer | Updating Geometry BVH Cube.325 325/831 | Building BVH
Fra:1 Mem:42.11M (Peak 66.59M) | Time:00:00.15 | Mem:1.50M, Peak:1.50M | Scene, ViewLayer | Updating Geometry BVH Cube.326 326/831 | Building BVH
Fra:1 Mem:42.11M (Peak 66.59M) | Time:00:00.15 | Mem:1.51M, Peak:1.51M | Scene, ViewLayer | Updating Geometry BVH Cube.327 327/831 | Building BVH
Fra:1 Mem:42.11M (Peak 66.59M) | Time:00:00.15 | Mem:1.51M, Peak:1.51M | Scene, ViewLayer | Updating Geometry BVH Cube.329 329/831 | Building BVH
Fra:1 Mem:42.11M (Peak 66.59M) | Time:00:00.15 | Mem:1.51M, Peak:1.51M | Scene, ViewLayer | Updating Geometry BVH Cube.330 330/831 | Building BVH
Fra:1 Mem:42.11M (Peak 66.59M) | Time:00:00.15 | Mem:1.51M, Peak:1.51M | Scene, ViewLayer | Updating Geometry BVH Cube.331 331/831 | Building BVH
Fra:1 Mem:42.11M (Peak 66.59M) | Time:00:00.15 | Mem:1.51M, Peak:1.51M | Scene, ViewLayer | Updating Geometry BVH Cube.332 332/831 | Building BVH
Fra:1 Mem:42.11M (Peak 66.59M) | Time:00:00.15 | Mem:1.51M, Peak:1.51M | Scene, ViewLayer | Updating Geometry BVH Cube.333 333/831 | Building BVH
Fra:1 Mem:42.11M (Peak 66.59M) | Time:00:00.15 | Mem:1.52M, Peak:1.52M | Scene, ViewLayer | Updating Geometry BVH Cube.334 334/831 | Building BVH
Fra:1 Mem:42.11M (Peak 66.59M) | Time:00:00.15 | Mem:1.52M, Peak:1.52M | Scene, ViewLayer | Updating Geometry BVH Cube.336 336/831 | Building BVH
Fra:1 Mem:42.11M (Peak 66.59M) | Time:00:00.15 | Mem:1.52M, Peak:1.52M | Scene, ViewLayer | Updating Geometry BVH Cube.337 337/831 | Building BVH
Fra:1 Mem:42.11M (Peak 66.59M) | Time:00:00.15 | Mem:1.52M, Peak:1.52M | Scene, ViewLayer | Updating Geometry BVH Cube.338 338/831 | Building BVH
Fra:1 Mem:42.11M (Peak 66.59M) | Time:00:00.15 | Mem:1.52M, Peak:1.52M | Scene, ViewLayer | Updating Geometry BVH Cube.814 814/831 | Building BVH
Fra:1 Mem:42.11M (Peak 66.59M) | Time:00:00.15 | Mem:1.52M, Peak:1.52M | Scene, ViewLayer | Updating Geometry BVH Cube.813 813/831 | Building BVH
Fra:1 Mem:42.11M (Peak 66.59M) | Time:00:00.15 | Mem:1.52M, Peak:1.52M | Scene, ViewLayer | Updating Geometry BVH Cube.812 812/831 | Building BVH
Fra:1 Mem:42.11M (Peak 66.59M) | Time:00:00.15 | Mem:1.53M, Peak:1.53M | Scene, ViewLayer | Updating Geometry BVH Cube.811 811/831 | Building BVH
Fra:1 Mem:42.11M (Peak 66.59M) | Time:00:00.15 | Mem:1.53M, Peak:1.53M | Scene, ViewLayer | Updating Geometry BVH Cube.339 339/831 | Building BVH
Fra:1 Mem:42.11M (Peak 66.59M) | Time:00:00.15 | Mem:1.53M, Peak:1.53M | Scene, ViewLayer | Updating Geometry BVH Cube.340 340/831 | Building BVH
Fra:1 Mem:42.11M (Peak 66.59M) | Time:00:00.15 | Mem:1.53M, Peak:1.53M | Scene, ViewLayer | Updating Geometry BVH Cube.342 342/831 | Building BVH
Fra:1 Mem:42.11M (Peak 66.59M) | Time:00:00.15 | Mem:1.53M, Peak:1.53M | Scene, ViewLayer | Updating Geometry BVH Cube.343 343/831 | Building BVH
Fra:1 Mem:42.11M (Peak 66.59M) | Time:00:00.15 | Mem:1.53M, Peak:1.53M | Scene, ViewLayer | Updating Geometry BVH Cube.344 344/831 | Building BVH
Fra:1 Mem:42.11M (Peak 66.59M) | Time:00:00.15 | Mem:1.54M, Peak:1.54M | Scene, ViewLayer | Updating Geometry BVH Cube.345 345/831 | Building BVH
Fra:1 Mem:42.11M (Peak 66.59M) | Time:00:00.15 | Mem:1.54M, Peak:1.54M | Scene, ViewLayer | Updating Geometry BVH Cube.346 346/831 | Building BVH
Fra:1 Mem:42.11M (Peak 66.59M) | Time:00:00.15 | Mem:1.54M, Peak:1.54M | Scene, ViewLayer | Updating Geometry BVH Cube.347 347/831 | Building BVH
Fra:1 Mem:42.11M (Peak 66.59M) | Time:00:00.15 | Mem:1.54M, Peak:1.54M | Scene, ViewLayer | Updating Geometry BVH Cube.348 348/831 | Building BVH
Fra:1 Mem:42.11M (Peak 66.59M) | Time:00:00.15 | Mem:1.54M, Peak:1.54M | Scene, ViewLayer | Updating Geometry BVH Cube.350 350/831 | Building BVH
Fra:1 Mem:42.11M (Peak 66.59M) | Time:00:00.15 | Mem:1.54M, Peak:1.54M | Scene, ViewLayer | Updating Geometry BVH Cube.351 351/831 | Building BVH
Fra:1 Mem:42.11M (Peak 66.59M) | Time:00:00.15 | Mem:1.55M, Peak:1.55M | Scene, ViewLayer | Updating Geometry BVH Cube.353 353/831 | Building BVH
Fra:1 Mem:42.11M (Peak 66.59M) | Time:00:00.15 | Mem:1.55M, Peak:1.55M | Scene, ViewLayer | Updating Geometry BVH Cube.354 354/831 | Building BVH
Fra:1 Mem:42.11M (Peak 66.59M) | Time:00:00.15 | Mem:1.55M, Peak:1.55M | Scene, ViewLayer | Updating Geometry BVH Cube.355 355/831 | Building BVH
Fra:1 Mem:42.11M (Peak 66.59M) | Time:00:00.15 | Mem:1.55M, Peak:1.55M | Scene, ViewLayer | Updating Geometry BVH Cube.810 810/831 | Building BVH
Fra:1 Mem:42.11M (Peak 66.59M) | Time:00:00.15 | Mem:1.55M, Peak:1.55M | Scene, ViewLayer | Updating Geometry BVH Cube.356 356/831 | Building BVH
Fra:1 Mem:42.11M (Peak 66.59M) | Time:00:00.15 | Mem:1.55M, Peak:1.55M | Scene, ViewLayer | Updating Geometry BVH Cube.357 357/831 | Building BVH
Fra:1 Mem:42.11M (Peak 66.59M) | Time:00:00.15 | Mem:1.55M, Peak:1.55M | Scene, ViewLayer | Updating Geometry BVH Cube.358 358/831 | Building BVH
Fra:1 Mem:42.11M (Peak 66.59M) | Time:00:00.15 | Mem:1.55M, Peak:1.56M | Scene, ViewLayer | Updating Geometry BVH Cube.359 359/831 | Building BVH
Fra:1 Mem:42.11M (Peak 66.59M) | Time:00:00.15 | Mem:1.56M, Peak:1.56M | Scene, ViewLayer | Updating Geometry BVH Cube.360 360/831 | Building BVH
Fra:1 Mem:42.11M (Peak 66.59M) | Time:00:00.15 | Mem:1.56M, Peak:1.56M | Scene, ViewLayer | Updating Geometry BVH Cube.361 361/831 | Building BVH
Fra:1 Mem:42.11M (Peak 66.59M) | Time:00:00.15 | Mem:1.56M, Peak:1.56M | Scene, ViewLayer | Updating Geometry BVH Cube.362 362/831 | Building BVH
Fra:1 Mem:42.11M (Peak 66.59M) | Time:00:00.15 | Mem:1.56M, Peak:1.56M | Scene, ViewLayer | Updating Geometry BVH Cube.363 363/831 | Building BVH
Fra:1 Mem:42.11M (Peak 66.59M) | Time:00:00.15 | Mem:1.56M, Peak:1.56M | Scene, ViewLayer | Updating Geometry BVH Cube.364 364/831 | Building BVH
Fra:1 Mem:42.11M (Peak 66.59M) | Time:00:00.15 | Mem:1.56M, Peak:1.56M | Scene, ViewLayer | Updating Geometry BVH Cube.365 365/831 | Building BVH
Fra:1 Mem:42.11M (Peak 66.59M) | Time:00:00.15 | Mem:1.57M, Peak:1.57M | Scene, ViewLayer | Updating Geometry BVH Cube.367 367/831 | Building BVH
Fra:1 Mem:42.11M (Peak 66.59M) | Time:00:00.15 | Mem:1.57M, Peak:1.57M | Scene, ViewLayer | Updating Geometry BVH Cube.368 368/831 | Building BVH
Fra:1 Mem:42.11M (Peak 66.59M) | Time:00:00.15 | Mem:1.57M, Peak:1.57M | Scene, ViewLayer | Updating Geometry BVH Cube.369 369/831 | Building BVH
Fra:1 Mem:42.11M (Peak 66.59M) | Time:00:00.15 | Mem:1.57M, Peak:1.57M | Scene, ViewLayer | Updating Geometry BVH Cube.370 370/831 | Building BVH
Fra:1 Mem:42.11M (Peak 66.59M) | Time:00:00.15 | Mem:1.57M, Peak:1.57M | Scene, ViewLayer | Updating Geometry BVH Cube.371 371/831 | Building BVH
Fra:1 Mem:42.11M (Peak 66.59M) | Time:00:00.15 | Mem:1.58M, Peak:1.58M | Scene, ViewLayer | Updating Geometry BVH Cube.373 373/831 | Building BVH
Fra:1 Mem:42.11M (Peak 66.59M) | Time:00:00.15 | Mem:1.58M, Peak:1.58M | Scene, ViewLayer | Updating Geometry BVH Cube.809 809/831 | Building BVH
Fra:1 Mem:42.11M (Peak 66.59M) | Time:00:00.15 | Mem:1.58M, Peak:1.58M | Scene, ViewLayer | Updating Geometry BVH Cube.375 375/831 | Building BVH
Fra:1 Mem:42.11M (Peak 66.59M) | Time:00:00.15 | Mem:1.58M, Peak:1.58M | Scene, ViewLayer | Updating Geometry BVH Cube.376 376/831 | Building BVH
Fra:1 Mem:42.11M (Peak 66.59M) | Time:00:00.15 | Mem:1.58M, Peak:1.58M | Scene, ViewLayer | Updating Geometry BVH Cube.378 378/831 | Building BVH
Fra:1 Mem:42.11M (Peak 66.59M) | Time:00:00.15 | Mem:1.58M, Peak:1.58M | Scene, ViewLayer | Updating Geometry BVH Cube.379 379/831 | Building BVH
Fra:1 Mem:42.11M (Peak 66.59M) | Time:00:00.15 | Mem:1.59M, Peak:1.59M | Scene, ViewLayer | Updating Geometry BVH Cube.380 380/831 | Building BVH
Fra:1 Mem:42.11M (Peak 66.59M) | Time:00:00.15 | Mem:1.59M, Peak:1.59M | Scene, ViewLayer | Updating Geometry BVH Cube.381 381/831 | Building BVH
Fra:1 Mem:42.11M (Peak 66.59M) | Time:00:00.15 | Mem:1.59M, Peak:1.59M | Scene, ViewLayer | Updating Geometry BVH Cube.382 382/831 | Building BVH
Fra:1 Mem:42.11M (Peak 66.59M) | Time:00:00.15 | Mem:1.59M, Peak:1.59M | Scene, ViewLayer | Updating Geometry BVH Cube.383 383/831 | Building BVH
Fra:1 Mem:42.11M (Peak 66.59M) | Time:00:00.15 | Mem:1.59M, Peak:1.59M | Scene, ViewLayer | Updating Geometry BVH Cube.384 384/831 | Building BVH
Fra:1 Mem:42.11M (Peak 66.59M) | Time:00:00.15 | Mem:1.59M, Peak:1.59M | Scene, ViewLayer | Updating Geometry BVH Cube.385 385/831 | Building BVH
Fra:1 Mem:42.11M (Peak 66.59M) | Time:00:00.15 | Mem:1.59M, Peak:1.60M | Scene, ViewLayer | Updating Geometry BVH Cube.387 387/831 | Building BVH
Fra:1 Mem:42.11M (Peak 66.59M) | Time:00:00.15 | Mem:1.60M, Peak:1.60M | Scene, ViewLayer | Updating Geometry BVH Cube.388 388/831 | Building BVH
Fra:1 Mem:42.11M (Peak 66.59M) | Time:00:00.15 | Mem:1.60M, Peak:1.60M | Scene, ViewLayer | Updating Geometry BVH Cube.390 390/831 | Building BVH
Fra:1 Mem:42.11M (Peak 66.59M) | Time:00:00.15 | Mem:1.60M, Peak:1.60M | Scene, ViewLayer | Updating Geometry BVH Cube.808 808/831 | Building BVH
Fra:1 Mem:42.11M (Peak 66.59M) | Time:00:00.15 | Mem:1.60M, Peak:1.60M | Scene, ViewLayer | Updating Geometry BVH Cube.391 391/831 | Building BVH
Fra:1 Mem:42.11M (Peak 66.59M) | Time:00:00.15 | Mem:1.60M, Peak:1.60M | Scene, ViewLayer | Updating Geometry BVH Cube.807 807/831 | Building BVH
Fra:1 Mem:42.11M (Peak 66.59M) | Time:00:00.15 | Mem:1.60M, Peak:1.60M | Scene, ViewLayer | Updating Geometry BVH Cube.392 392/831 | Building BVH
Fra:1 Mem:42.11M (Peak 66.59M) | Time:00:00.15 | Mem:1.60M, Peak:1.60M | Scene, ViewLayer | Updating Geometry BVH Cube.393 393/831 | Building BVH
Fra:1 Mem:42.11M (Peak 66.59M) | Time:00:00.15 | Mem:1.61M, Peak:1.61M | Scene, ViewLayer | Updating Geometry BVH Cube.394 394/831 | Building BVH
Fra:1 Mem:42.11M (Peak 66.59M) | Time:00:00.15 | Mem:1.61M, Peak:1.61M | Scene, ViewLayer | Updating Geometry BVH Cube.396 396/831 | Building BVH
Fra:1 Mem:42.11M (Peak 66.59M) | Time:00:00.15 | Mem:1.61M, Peak:1.61M | Scene, ViewLayer | Updating Geometry BVH Cube.397 397/831 | Building BVH
Fra:1 Mem:42.11M (Peak 66.59M) | Time:00:00.15 | Mem:1.61M, Peak:1.61M | Scene, ViewLayer | Updating Geometry BVH Cube.806 806/831 | Building BVH
Fra:1 Mem:42.11M (Peak 66.59M) | Time:00:00.15 | Mem:1.61M, Peak:1.61M | Scene, ViewLayer | Updating Geometry BVH Cube.398 398/831 | Building BVH
Fra:1 Mem:42.11M (Peak 66.59M) | Time:00:00.15 | Mem:1.62M, Peak:1.62M | Scene, ViewLayer | Updating Geometry BVH Cube.399 399/831 | Building BVH
Fra:1 Mem:42.11M (Peak 66.59M) | Time:00:00.15 | Mem:1.62M, Peak:1.62M | Scene, ViewLayer | Updating Geometry BVH Cube.400 400/831 | Building BVH
Fra:1 Mem:42.11M (Peak 66.59M) | Time:00:00.15 | Mem:1.62M, Peak:1.62M | Scene, ViewLayer | Updating Geometry BVH Cube.401 401/831 | Building BVH
Fra:1 Mem:42.11M (Peak 66.59M) | Time:00:00.15 | Mem:1.62M, Peak:1.62M | Scene, ViewLayer | Updating Geometry BVH Cube.402 402/831 | Building BVH
Fra:1 Mem:42.11M (Peak 66.59M) | Time:00:00.15 | Mem:1.62M, Peak:1.62M | Scene, ViewLayer | Updating Geometry BVH Cube.403 403/831 | Building BVH
Fra:1 Mem:42.11M (Peak 66.59M) | Time:00:00.15 | Mem:1.62M, Peak:1.62M | Scene, ViewLayer | Updating Geometry BVH Cube.404 404/831 | Building BVH
Fra:1 Mem:42.11M (Peak 66.59M) | Time:00:00.15 | Mem:1.62M, Peak:1.62M | Scene, ViewLayer | Updating Geometry BVH Cube.406 406/831 | Building BVH
Fra:1 Mem:42.11M (Peak 66.59M) | Time:00:00.15 | Mem:1.62M, Peak:1.62M | Scene, ViewLayer | Updating Geometry BVH Cube.407 407/831 | Building BVH
Fra:1 Mem:42.11M (Peak 66.59M) | Time:00:00.15 | Mem:1.63M, Peak:1.63M | Scene, ViewLayer | Updating Geometry BVH Cube.409 409/831 | Building BVH
Fra:1 Mem:42.11M (Peak 66.59M) | Time:00:00.15 | Mem:1.63M, Peak:1.63M | Scene, ViewLayer | Updating Geometry BVH Cube.410 410/831 | Building BVH
Fra:1 Mem:42.11M (Peak 66.59M) | Time:00:00.15 | Mem:1.63M, Peak:1.63M | Scene, ViewLayer | Updating Geometry BVH Cube.411 411/831 | Building BVH
Fra:1 Mem:42.11M (Peak 66.59M) | Time:00:00.15 | Mem:1.63M, Peak:1.63M | Scene, ViewLayer | Updating Geometry BVH Cube.412 412/831 | Building BVH
Fra:1 Mem:42.11M (Peak 66.59M) | Time:00:00.15 | Mem:1.63M, Peak:1.63M | Scene, ViewLayer | Updating Geometry BVH Cube.413 413/831 | Building BVH
Fra:1 Mem:42.11M (Peak 66.59M) | Time:00:00.15 | Mem:1.63M, Peak:1.63M | Scene, ViewLayer | Updating Geometry BVH Cube.414 414/831 | Building BVH
Fra:1 Mem:42.11M (Peak 66.59M) | Time:00:00.15 | Mem:1.64M, Peak:1.64M | Scene, ViewLayer | Updating Geometry BVH Cube.415 415/831 | Building BVH
Fra:1 Mem:42.11M (Peak 66.59M) | Time:00:00.15 | Mem:1.64M, Peak:1.64M | Scene, ViewLayer | Updating Geometry BVH Cube.416 416/831 | Building BVH
Fra:1 Mem:42.11M (Peak 66.59M) | Time:00:00.15 | Mem:1.64M, Peak:1.64M | Scene, ViewLayer | Updating Geometry BVH Cube.417 417/831 | Building BVH
Fra:1 Mem:42.11M (Peak 66.59M) | Time:00:00.15 | Mem:1.64M, Peak:1.64M | Scene, ViewLayer | Updating Geometry BVH Cube.418 418/831 | Building BVH
Fra:1 Mem:42.11M (Peak 66.59M) | Time:00:00.15 | Mem:1.64M, Peak:1.64M | Scene, ViewLayer | Updating Geometry BVH Cube.419 419/831 | Building BVH
Fra:1 Mem:42.11M (Peak 66.59M) | Time:00:00.15 | Mem:1.64M, Peak:1.64M | Scene, ViewLayer | Updating Geometry BVH Cube.420 420/831 | Building BVH
Fra:1 Mem:42.11M (Peak 66.59M) | Time:00:00.15 | Mem:1.64M, Peak:1.64M | Scene, ViewLayer | Updating Geometry BVH Cube.421 421/831 | Building BVH
Fra:1 Mem:42.11M (Peak 66.59M) | Time:00:00.15 | Mem:1.65M, Peak:1.65M | Scene, ViewLayer | Updating Geometry BVH Cube.422 422/831 | Building BVH
Fra:1 Mem:42.11M (Peak 66.59M) | Time:00:00.15 | Mem:1.65M, Peak:1.65M | Scene, ViewLayer | Updating Geometry BVH Cube.423 423/831 | Building BVH
Fra:1 Mem:42.11M (Peak 66.59M) | Time:00:00.15 | Mem:1.65M, Peak:1.65M | Scene, ViewLayer | Updating Geometry BVH Cube.424 424/831 | Building BVH
Fra:1 Mem:42.11M (Peak 66.59M) | Time:00:00.15 | Mem:1.65M, Peak:1.65M | Scene, ViewLayer | Updating Geometry BVH Cube.805 805/831 | Building BVH
Fra:1 Mem:42.11M (Peak 66.59M) | Time:00:00.15 | Mem:1.65M, Peak:1.65M | Scene, ViewLayer | Updating Geometry BVH Cube.427 427/831 | Building BVH
Fra:1 Mem:42.11M (Peak 66.59M) | Time:00:00.15 | Mem:1.65M, Peak:1.65M | Scene, ViewLayer | Updating Geometry BVH Cube.428 428/831 | Building BVH
Fra:1 Mem:42.11M (Peak 66.59M) | Time:00:00.15 | Mem:1.66M, Peak:1.66M | Scene, ViewLayer | Updating Geometry BVH Cube.429 429/831 | Building BVH
Fra:1 Mem:42.11M (Peak 66.59M) | Time:00:00.15 | Mem:1.66M, Peak:1.66M | Scene, ViewLayer | Updating Geometry BVH Cube.430 430/831 | Building BVH
Fra:1 Mem:42.11M (Peak 66.59M) | Time:00:00.15 | Mem:1.66M, Peak:1.66M | Scene, ViewLayer | Updating Geometry BVH Cube.431 431/831 | Building BVH
Fra:1 Mem:42.11M (Peak 66.59M) | Time:00:00.15 | Mem:1.66M, Peak:1.66M | Scene, ViewLayer | Updating Geometry BVH Cube.432 432/831 | Building BVH
Fra:1 Mem:42.11M (Peak 66.59M) | Time:00:00.15 | Mem:1.66M, Peak:1.66M | Scene, ViewLayer | Updating Geometry BVH Cube.433 433/831 | Building BVH
Fra:1 Mem:42.11M (Peak 66.59M) | Time:00:00.15 | Mem:1.66M, Peak:1.66M | Scene, ViewLayer | Updating Geometry BVH Cube.434 434/831 | Building BVH
Fra:1 Mem:42.11M (Peak 66.59M) | Time:00:00.15 | Mem:1.66M, Peak:1.66M | Scene, ViewLayer | Updating Geometry BVH Cube.804 804/831 | Building BVH
Fra:1 Mem:42.11M (Peak 66.59M) | Time:00:00.15 | Mem:1.67M, Peak:1.67M | Scene, ViewLayer | Updating Geometry BVH Cube.435 435/831 | Building BVH
Fra:1 Mem:42.11M (Peak 66.59M) | Time:00:00.15 | Mem:1.67M, Peak:1.67M | Scene, ViewLayer | Updating Geometry BVH Cube.437 437/831 | Building BVH
Fra:1 Mem:42.11M (Peak 66.59M) | Time:00:00.15 | Mem:1.67M, Peak:1.67M | Scene, ViewLayer | Updating Geometry BVH Cube.438 438/831 | Building BVH
Fra:1 Mem:42.11M (Peak 66.59M) | Time:00:00.15 | Mem:1.67M, Peak:1.67M | Scene, ViewLayer | Updating Geometry BVH Cube.439 439/831 | Building BVH
Fra:1 Mem:42.11M (Peak 66.59M) | Time:00:00.15 | Mem:1.67M, Peak:1.67M | Scene, ViewLayer | Updating Geometry BVH Cube.440 440/831 | Building BVH
Fra:1 Mem:42.11M (Peak 66.59M) | Time:00:00.15 | Mem:1.68M, Peak:1.68M | Scene, ViewLayer | Updating Geometry BVH Cube.442 442/831 | Building BVH
Fra:1 Mem:42.11M (Peak 66.59M) | Time:00:00.15 | Mem:1.68M, Peak:1.68M | Scene, ViewLayer | Updating Geometry BVH Cube.443 443/831 | Building BVH
Fra:1 Mem:42.11M (Peak 66.59M) | Time:00:00.15 | Mem:1.68M, Peak:1.68M | Scene, ViewLayer | Updating Geometry BVH Cube.445 445/831 | Building BVH
Fra:1 Mem:42.11M (Peak 66.59M) | Time:00:00.15 | Mem:1.68M, Peak:1.68M | Scene, ViewLayer | Updating Geometry BVH Cube.446 446/831 | Building BVH
Fra:1 Mem:42.11M (Peak 66.59M) | Time:00:00.15 | Mem:1.68M, Peak:1.68M | Scene, ViewLayer | Updating Geometry BVH Cube.447 447/831 | Building BVH
Fra:1 Mem:42.11M (Peak 66.59M) | Time:00:00.15 | Mem:1.69M, Peak:1.69M | Scene, ViewLayer | Updating Geometry BVH Cube.449 449/831 | Building BVH
Fra:1 Mem:42.11M (Peak 66.59M) | Time:00:00.15 | Mem:1.69M, Peak:1.69M | Scene, ViewLayer | Updating Geometry BVH Cube.450 450/831 | Building BVH
Fra:1 Mem:42.11M (Peak 66.59M) | Time:00:00.15 | Mem:1.69M, Peak:1.69M | Scene, ViewLayer | Updating Geometry BVH Cube.452 452/831 | Building BVH
Fra:1 Mem:42.11M (Peak 66.59M) | Time:00:00.15 | Mem:1.69M, Peak:1.69M | Scene, ViewLayer | Updating Geometry BVH Cube.453 453/831 | Building BVH
Fra:1 Mem:42.11M (Peak 66.59M) | Time:00:00.15 | Mem:1.69M, Peak:1.69M | Scene, ViewLayer | Updating Geometry BVH Cube.455 455/831 | Building BVH
Fra:1 Mem:42.11M (Peak 66.59M) | Time:00:00.15 | Mem:1.69M, Peak:1.69M | Scene, ViewLayer | Updating Geometry BVH Cube.456 456/831 | Building BVH
Fra:1 Mem:42.11M (Peak 66.59M) | Time:00:00.15 | Mem:1.70M, Peak:1.70M | Scene, ViewLayer | Updating Geometry BVH Cube.457 457/831 | Building BVH
Fra:1 Mem:42.11M (Peak 66.59M) | Time:00:00.15 | Mem:1.70M, Peak:1.70M | Scene, ViewLayer | Updating Geometry BVH Cube.458 458/831 | Building BVH
Fra:1 Mem:42.11M (Peak 66.59M) | Time:00:00.15 | Mem:1.70M, Peak:1.70M | Scene, ViewLayer | Updating Geometry BVH Cube.461 461/831 | Building BVH
Fra:1 Mem:42.11M (Peak 66.59M) | Time:00:00.15 | Mem:1.70M, Peak:1.70M | Scene, ViewLayer | Updating Geometry BVH Cube.462 462/831 | Building BVH
Fra:1 Mem:42.11M (Peak 66.59M) | Time:00:00.15 | Mem:1.70M, Peak:1.71M | Scene, ViewLayer | Updating Geometry BVH Cube.463 463/831 | Building BVH
Fra:1 Mem:42.11M (Peak 66.59M) | Time:00:00.15 | Mem:1.70M, Peak:1.71M | Scene, ViewLayer | Updating Geometry BVH Cube.464 464/831 | Building BVH
Fra:1 Mem:42.11M (Peak 66.59M) | Time:00:00.15 | Mem:1.71M, Peak:1.71M | Scene, ViewLayer | Updating Geometry BVH Cube.802 802/831 | Building BVH
Fra:1 Mem:42.11M (Peak 66.59M) | Time:00:00.15 | Mem:1.71M, Peak:1.71M | Scene, ViewLayer | Updating Geometry BVH Cube.465 465/831 | Building BVH
Fra:1 Mem:42.11M (Peak 66.59M) | Time:00:00.15 | Mem:1.71M, Peak:1.71M | Scene, ViewLayer | Updating Geometry BVH Cube.801 801/831 | Building BVH
Fra:1 Mem:42.11M (Peak 66.59M) | Time:00:00.15 | Mem:1.71M, Peak:1.71M | Scene, ViewLayer | Updating Geometry BVH Cube.467 467/831 | Building BVH
Fra:1 Mem:42.11M (Peak 66.59M) | Time:00:00.15 | Mem:1.71M, Peak:1.71M | Scene, ViewLayer | Updating Geometry BVH Cube.468 468/831 | Building BVH
Fra:1 Mem:42.11M (Peak 66.59M) | Time:00:00.15 | Mem:1.71M, Peak:1.71M | Scene, ViewLayer | Updating Geometry BVH Cube.469 469/831 | Building BVH
Fra:1 Mem:42.11M (Peak 66.59M) | Time:00:00.15 | Mem:1.72M, Peak:1.72M | Scene, ViewLayer | Updating Geometry BVH Cube.471 471/831 | Building BVH
Fra:1 Mem:42.11M (Peak 66.59M) | Time:00:00.15 | Mem:1.72M, Peak:1.72M | Scene, ViewLayer | Updating Geometry BVH Cube.473 473/831 | Building BVH
Fra:1 Mem:42.11M (Peak 66.59M) | Time:00:00.15 | Mem:1.72M, Peak:1.72M | Scene, ViewLayer | Updating Geometry BVH Cube.472 472/831 | Building BVH
Fra:1 Mem:42.11M (Peak 66.59M) | Time:00:00.15 | Mem:1.72M, Peak:1.72M | Scene, ViewLayer | Updating Geometry BVH Cube.474 474/831 | Building BVH
Fra:1 Mem:42.11M (Peak 66.59M) | Time:00:00.15 | Mem:1.72M, Peak:1.72M | Scene, ViewLayer | Updating Geometry BVH Cube.475 475/831 | Building BVH
Fra:1 Mem:42.11M (Peak 66.59M) | Time:00:00.15 | Mem:1.73M, Peak:1.73M | Scene, ViewLayer | Updating Geometry BVH Cube.476 476/831 | Building BVH
Fra:1 Mem:42.11M (Peak 66.59M) | Time:00:00.15 | Mem:1.73M, Peak:1.73M | Scene, ViewLayer | Updating Geometry BVH Cube.477 477/831 | Building BVH
Fra:1 Mem:42.11M (Peak 66.59M) | Time:00:00.15 | Mem:1.73M, Peak:1.73M | Scene, ViewLayer | Updating Geometry BVH Cube.478 478/831 | Building BVH
Fra:1 Mem:42.11M (Peak 66.59M) | Time:00:00.15 | Mem:1.73M, Peak:1.73M | Scene, ViewLayer | Updating Geometry BVH Cube.479 479/831 | Building BVH
Fra:1 Mem:42.11M (Peak 66.59M) | Time:00:00.15 | Mem:1.73M, Peak:1.73M | Scene, ViewLayer | Updating Geometry BVH Cube.480 480/831 | Building BVH
Fra:1 Mem:42.11M (Peak 66.59M) | Time:00:00.15 | Mem:1.73M, Peak:1.73M | Scene, ViewLayer | Updating Geometry BVH Cube.481 481/831 | Building BVH
Fra:1 Mem:42.11M (Peak 66.59M) | Time:00:00.15 | Mem:1.73M, Peak:1.74M | Scene, ViewLayer | Updating Geometry BVH Cube.483 483/831 | Building BVH
Fra:1 Mem:42.11M (Peak 66.59M) | Time:00:00.15 | Mem:1.74M, Peak:1.74M | Scene, ViewLayer | Updating Geometry BVH Cube.485 485/831 | Building BVH
Fra:1 Mem:42.11M (Peak 66.59M) | Time:00:00.15 | Mem:1.74M, Peak:1.74M | Scene, ViewLayer | Updating Geometry BVH Cube.486 486/831 | Building BVH
Fra:1 Mem:42.11M (Peak 66.59M) | Time:00:00.15 | Mem:1.74M, Peak:1.74M | Scene, ViewLayer | Updating Geometry BVH Cube.487 487/831 | Building BVH
Fra:1 Mem:42.11M (Peak 66.59M) | Time:00:00.15 | Mem:1.74M, Peak:1.74M | Scene, ViewLayer | Updating Geometry BVH Cube.488 488/831 | Building BVH
Fra:1 Mem:42.11M (Peak 66.59M) | Time:00:00.15 | Mem:1.74M, Peak:1.74M | Scene, ViewLayer | Updating Geometry BVH Cube.489 489/831 | Building BVH
Fra:1 Mem:42.11M (Peak 66.59M) | Time:00:00.15 | Mem:1.74M, Peak:1.74M | Scene, ViewLayer | Updating Geometry BVH Cube.490 490/831 | Building BVH
Fra:1 Mem:42.11M (Peak 66.59M) | Time:00:00.15 | Mem:1.74M, Peak:1.74M | Scene, ViewLayer | Updating Geometry BVH Cube.491 491/831 | Building BVH
Fra:1 Mem:42.11M (Peak 66.59M) | Time:00:00.15 | Mem:1.75M, Peak:1.75M | Scene, ViewLayer | Updating Geometry BVH Cube.492 492/831 | Building BVH
Fra:1 Mem:42.11M (Peak 66.59M) | Time:00:00.15 | Mem:1.75M, Peak:1.75M | Scene, ViewLayer | Updating Geometry BVH Cube.493 493/831 | Building BVH
Fra:1 Mem:42.11M (Peak 66.59M) | Time:00:00.15 | Mem:1.75M, Peak:1.75M | Scene, ViewLayer | Updating Geometry BVH Cube.800 800/831 | Building BVH
Fra:1 Mem:42.11M (Peak 66.59M) | Time:00:00.15 | Mem:1.75M, Peak:1.75M | Scene, ViewLayer | Updating Geometry BVH Cube.495 495/831 | Building BVH
Fra:1 Mem:42.11M (Peak 66.59M) | Time:00:00.15 | Mem:1.75M, Peak:1.75M | Scene, ViewLayer | Updating Geometry BVH Cube.799 799/831 | Building BVH
Fra:1 Mem:42.11M (Peak 66.59M) | Time:00:00.15 | Mem:1.75M, Peak:1.75M | Scene, ViewLayer | Updating Geometry BVH Cube.496 496/831 | Building BVH
Fra:1 Mem:42.11M (Peak 66.59M) | Time:00:00.15 | Mem:1.75M, Peak:1.76M | Scene, ViewLayer | Updating Geometry BVH Cube.497 497/831 | Building BVH
Fra:1 Mem:42.11M (Peak 66.59M) | Time:00:00.15 | Mem:1.76M, Peak:1.76M | Scene, ViewLayer | Updating Geometry BVH Cube.499 499/831 | Building BVH
Fra:1 Mem:42.11M (Peak 66.59M) | Time:00:00.15 | Mem:1.76M, Peak:1.76M | Scene, ViewLayer | Updating Geometry BVH Cube.500 500/831 | Building BVH
Fra:1 Mem:42.11M (Peak 66.59M) | Time:00:00.15 | Mem:1.76M, Peak:1.76M | Scene, ViewLayer | Updating Geometry BVH Cube.501 501/831 | Building BVH
Fra:1 Mem:42.11M (Peak 66.59M) | Time:00:00.15 | Mem:1.76M, Peak:1.76M | Scene, ViewLayer | Updating Geometry BVH Cube.502 502/831 | Building BVH
Fra:1 Mem:42.11M (Peak 66.59M) | Time:00:00.15 | Mem:1.76M, Peak:1.76M | Scene, ViewLayer | Updating Geometry BVH Cube.503 503/831 | Building BVH
Fra:1 Mem:42.11M (Peak 66.59M) | Time:00:00.15 | Mem:1.76M, Peak:1.76M | Scene, ViewLayer | Updating Geometry BVH Cube.504 504/831 | Building BVH
Fra:1 Mem:42.11M (Peak 66.59M) | Time:00:00.15 | Mem:1.77M, Peak:1.77M | Scene, ViewLayer | Updating Geometry BVH Cube.505 505/831 | Building BVH
Fra:1 Mem:42.11M (Peak 66.59M) | Time:00:00.15 | Mem:1.77M, Peak:1.77M | Scene, ViewLayer | Updating Geometry BVH Cube.506 506/831 | Building BVH
Fra:1 Mem:42.11M (Peak 66.59M) | Time:00:00.15 | Mem:1.77M, Peak:1.77M | Scene, ViewLayer | Updating Geometry BVH Cube.507 507/831 | Building BVH
Fra:1 Mem:42.11M (Peak 66.59M) | Time:00:00.15 | Mem:1.77M, Peak:1.77M | Scene, ViewLayer | Updating Geometry BVH Cube.508 508/831 | Building BVH
Fra:1 Mem:42.11M (Peak 66.59M) | Time:00:00.15 | Mem:1.77M, Peak:1.77M | Scene, ViewLayer | Updating Geometry BVH Cube.510 510/831 | Building BVH
Fra:1 Mem:42.11M (Peak 66.59M) | Time:00:00.15 | Mem:1.77M, Peak:1.77M | Scene, ViewLayer | Updating Geometry BVH Cube.511 511/831 | Building BVH
Fra:1 Mem:42.11M (Peak 66.59M) | Time:00:00.15 | Mem:1.78M, Peak:1.78M | Scene, ViewLayer | Updating Geometry BVH Cube.513 513/831 | Building BVH
Fra:1 Mem:42.11M (Peak 66.59M) | Time:00:00.15 | Mem:1.78M, Peak:1.78M | Scene, ViewLayer | Updating Geometry BVH Cube.514 514/831 | Building BVH
Fra:1 Mem:42.11M (Peak 66.59M) | Time:00:00.15 | Mem:1.78M, Peak:1.78M | Scene, ViewLayer | Updating Geometry BVH Cube.515 515/831 | Building BVH
Fra:1 Mem:42.11M (Peak 66.59M) | Time:00:00.15 | Mem:1.78M, Peak:1.78M | Scene, ViewLayer | Updating Geometry BVH Cube.518 518/831 | Building BVH
Fra:1 Mem:42.11M (Peak 66.59M) | Time:00:00.15 | Mem:1.79M, Peak:1.79M | Scene, ViewLayer | Updating Geometry BVH Cube.521 521/831 | Building BVH
Fra:1 Mem:42.11M (Peak 66.59M) | Time:00:00.15 | Mem:1.79M, Peak:1.79M | Scene, ViewLayer | Updating Geometry BVH Cube.522 522/831 | Building BVH
Fra:1 Mem:42.11M (Peak 66.59M) | Time:00:00.15 | Mem:1.79M, Peak:1.79M | Scene, ViewLayer | Updating Geometry BVH Cube.523 523/831 | Building BVH
Fra:1 Mem:42.11M (Peak 66.59M) | Time:00:00.15 | Mem:1.79M, Peak:1.79M | Scene, ViewLayer | Updating Geometry BVH Cube.524 524/831 | Building BVH
Fra:1 Mem:42.11M (Peak 66.59M) | Time:00:00.15 | Mem:1.79M, Peak:1.79M | Scene, ViewLayer | Updating Geometry BVH Cube.525 525/831 | Building BVH
Fra:1 Mem:42.11M (Peak 66.59M) | Time:00:00.15 | Mem:1.79M, Peak:1.79M | Scene, ViewLayer | Updating Geometry BVH Cube.526 526/831 | Building BVH
Fra:1 Mem:42.11M (Peak 66.59M) | Time:00:00.15 | Mem:1.80M, Peak:1.80M | Scene, ViewLayer | Updating Geometry BVH Cube.527 527/831 | Building BVH
Fra:1 Mem:42.11M (Peak 66.59M) | Time:00:00.15 | Mem:1.80M, Peak:1.80M | Scene, ViewLayer | Updating Geometry BVH Cube.528 528/831 | Building BVH
Fra:1 Mem:42.11M (Peak 66.59M) | Time:00:00.15 | Mem:1.80M, Peak:1.80M | Scene, ViewLayer | Updating Geometry BVH Cube.529 529/831 | Building BVH
Fra:1 Mem:42.11M (Peak 66.59M) | Time:00:00.15 | Mem:1.80M, Peak:1.80M | Scene, ViewLayer | Updating Geometry BVH Cube.530 530/831 | Building BVH
Fra:1 Mem:42.11M (Peak 66.59M) | Time:00:00.15 | Mem:1.80M, Peak:1.80M | Scene, ViewLayer | Updating Geometry BVH Cube.531 531/831 | Building BVH
Fra:1 Mem:42.11M (Peak 66.59M) | Time:00:00.15 | Mem:1.80M, Peak:1.80M | Scene, ViewLayer | Updating Geometry BVH Cube.533 533/831 | Building BVH
Fra:1 Mem:42.11M (Peak 66.59M) | Time:00:00.15 | Mem:1.81M, Peak:1.81M | Scene, ViewLayer | Updating Geometry BVH Cube.534 534/831 | Building BVH
Fra:1 Mem:42.11M (Peak 66.59M) | Time:00:00.15 | Mem:1.81M, Peak:1.81M | Scene, ViewLayer | Updating Geometry BVH Cube.535 535/831 | Building BVH
Fra:1 Mem:42.11M (Peak 66.59M) | Time:00:00.15 | Mem:1.81M, Peak:1.81M | Scene, ViewLayer | Updating Geometry BVH Cube.536 536/831 | Building BVH
Fra:1 Mem:42.11M (Peak 66.59M) | Time:00:00.15 | Mem:1.81M, Peak:1.81M | Scene, ViewLayer | Updating Geometry BVH Cube.537 537/831 | Building BVH
Fra:1 Mem:42.11M (Peak 66.59M) | Time:00:00.15 | Mem:1.81M, Peak:1.81M | Scene, ViewLayer | Updating Geometry BVH Cube.538 538/831 | Building BVH
Fra:1 Mem:42.11M (Peak 66.59M) | Time:00:00.15 | Mem:1.81M, Peak:1.81M | Scene, ViewLayer | Updating Geometry BVH Cube.539 539/831 | Building BVH
Fra:1 Mem:42.11M (Peak 66.59M) | Time:00:00.15 | Mem:1.82M, Peak:1.82M | Scene, ViewLayer | Updating Geometry BVH Cube.541 541/831 | Building BVH
Fra:1 Mem:42.11M (Peak 66.59M) | Time:00:00.15 | Mem:1.82M, Peak:1.82M | Scene, ViewLayer | Updating Geometry BVH Cube.542 542/831 | Building BVH
Fra:1 Mem:42.11M (Peak 66.59M) | Time:00:00.15 | Mem:1.82M, Peak:1.82M | Scene, ViewLayer | Updating Geometry BVH Cube.543 543/831 | Building BVH
Fra:1 Mem:42.11M (Peak 66.59M) | Time:00:00.15 | Mem:1.82M, Peak:1.82M | Scene, ViewLayer | Updating Geometry BVH Cube.544 544/831 | Building BVH
Fra:1 Mem:42.11M (Peak 66.59M) | Time:00:00.15 | Mem:1.82M, Peak:1.82M | Scene, ViewLayer | Updating Geometry BVH Cube.545 545/831 | Building BVH
Fra:1 Mem:42.11M (Peak 66.59M) | Time:00:00.15 | Mem:1.82M, Peak:1.82M | Scene, ViewLayer | Updating Geometry BVH Cube.546 546/831 | Building BVH
Fra:1 Mem:42.11M (Peak 66.59M) | Time:00:00.15 | Mem:1.82M, Peak:1.82M | Scene, ViewLayer | Updating Geometry BVH Cube.798 798/831 | Building BVH
Fra:1 Mem:42.11M (Peak 66.59M) | Time:00:00.15 | Mem:1.82M, Peak:1.82M | Scene, ViewLayer | Updating Geometry BVH Cube.548 548/831 | Building BVH
Fra:1 Mem:42.11M (Peak 66.59M) | Time:00:00.15 | Mem:1.83M, Peak:1.83M | Scene, ViewLayer | Updating Geometry BVH Cube.549 549/831 | Building BVH
Fra:1 Mem:42.11M (Peak 66.59M) | Time:00:00.15 | Mem:1.83M, Peak:1.83M | Scene, ViewLayer | Updating Geometry BVH Cube.550 550/831 | Building BVH
Fra:1 Mem:42.11M (Peak 66.59M) | Time:00:00.15 | Mem:1.83M, Peak:1.83M | Scene, ViewLayer | Updating Geometry BVH Cube.551 551/831 | Building BVH
Fra:1 Mem:42.11M (Peak 66.59M) | Time:00:00.15 | Mem:1.83M, Peak:1.83M | Scene, ViewLayer | Updating Geometry BVH Cube.552 552/831 | Building BVH
Fra:1 Mem:42.11M (Peak 66.59M) | Time:00:00.15 | Mem:1.83M, Peak:1.83M | Scene, ViewLayer | Updating Geometry BVH Cube.797 797/831 | Building BVH
Fra:1 Mem:42.11M (Peak 66.59M) | Time:00:00.15 | Mem:1.83M, Peak:1.83M | Scene, ViewLayer | Updating Geometry BVH Cube.553 553/831 | Building BVH
Fra:1 Mem:42.11M (Peak 66.59M) | Time:00:00.15 | Mem:1.83M, Peak:1.83M | Scene, ViewLayer | Updating Geometry BVH Cube.554 554/831 | Building BVH
Fra:1 Mem:42.11M (Peak 66.59M) | Time:00:00.15 | Mem:1.84M, Peak:1.84M | Scene, ViewLayer | Updating Geometry BVH Cube.555 555/831 | Building BVH
Fra:1 Mem:42.11M (Peak 66.59M) | Time:00:00.15 | Mem:1.84M, Peak:1.84M | Scene, ViewLayer | Updating Geometry BVH Cube.557 557/831 | Building BVH
Fra:1 Mem:42.11M (Peak 66.59M) | Time:00:00.15 | Mem:1.84M, Peak:1.84M | Scene, ViewLayer | Updating Geometry BVH Cube.558 558/831 | Building BVH
Fra:1 Mem:42.11M (Peak 66.59M) | Time:00:00.15 | Mem:1.84M, Peak:1.84M | Scene, ViewLayer | Updating Geometry BVH Cube.559 559/831 | Building BVH
Fra:1 Mem:42.11M (Peak 66.59M) | Time:00:00.15 | Mem:1.84M, Peak:1.84M | Scene, ViewLayer | Updating Geometry BVH Cube.560 560/831 | Building BVH
Fra:1 Mem:42.11M (Peak 66.59M) | Time:00:00.15 | Mem:1.84M, Peak:1.84M | Scene, ViewLayer | Updating Geometry BVH Cube.796 796/831 | Building BVH
Fra:1 Mem:42.11M (Peak 66.59M) | Time:00:00.15 | Mem:1.84M, Peak:1.85M | Scene, ViewLayer | Updating Geometry BVH Cube.795 795/831 | Building BVH
Fra:1 Mem:42.11M (Peak 66.59M) | Time:00:00.15 | Mem:1.85M, Peak:1.85M | Scene, ViewLayer | Updating Geometry BVH Cube.794 794/831 | Building BVH
Fra:1 Mem:42.11M (Peak 66.59M) | Time:00:00.15 | Mem:1.85M, Peak:1.85M | Scene, ViewLayer | Updating Geometry BVH Cube.562 562/831 | Building BVH
Fra:1 Mem:42.11M (Peak 66.59M) | Time:00:00.15 | Mem:1.85M, Peak:1.85M | Scene, ViewLayer | Updating Geometry BVH Cube.563 563/831 | Building BVH
Fra:1 Mem:42.11M (Peak 66.59M) | Time:00:00.15 | Mem:1.85M, Peak:1.85M | Scene, ViewLayer | Updating Geometry BVH Cube.564 564/831 | Building BVH
Fra:1 Mem:42.11M (Peak 66.59M) | Time:00:00.15 | Mem:1.85M, Peak:1.85M | Scene, ViewLayer | Updating Geometry BVH Cube.565 565/831 | Building BVH
Fra:1 Mem:42.11M (Peak 66.59M) | Time:00:00.15 | Mem:1.86M, Peak:1.86M | Scene, ViewLayer | Updating Geometry BVH Cube.566 566/831 | Building BVH
Fra:1 Mem:42.11M (Peak 66.59M) | Time:00:00.15 | Mem:1.86M, Peak:1.86M | Scene, ViewLayer | Updating Geometry BVH Cube.568 568/831 | Building BVH
Fra:1 Mem:42.11M (Peak 66.59M) | Time:00:00.15 | Mem:1.86M, Peak:1.86M | Scene, ViewLayer | Updating Geometry BVH Cube.569 569/831 | Building BVH
Fra:1 Mem:42.11M (Peak 66.59M) | Time:00:00.15 | Mem:1.86M, Peak:1.86M | Scene, ViewLayer | Updating Geometry BVH Cube.570 570/831 | Building BVH
Fra:1 Mem:42.11M (Peak 66.59M) | Time:00:00.15 | Mem:1.86M, Peak:1.86M | Scene, ViewLayer | Updating Geometry BVH Cube.571 571/831 | Building BVH
Fra:1 Mem:42.11M (Peak 66.59M) | Time:00:00.15 | Mem:1.86M, Peak:1.86M | Scene, ViewLayer | Updating Geometry BVH Cube.572 572/831 | Building BVH
Fra:1 Mem:42.11M (Peak 66.59M) | Time:00:00.15 | Mem:1.87M, Peak:1.87M | Scene, ViewLayer | Updating Geometry BVH Cube.573 573/831 | Building BVH
Fra:1 Mem:42.11M (Peak 66.59M) | Time:00:00.15 | Mem:1.87M, Peak:1.87M | Scene, ViewLayer | Updating Geometry BVH Cube.574 574/831 | Building BVH
Fra:1 Mem:42.11M (Peak 66.59M) | Time:00:00.15 | Mem:1.87M, Peak:1.87M | Scene, ViewLayer | Updating Geometry BVH Cube.575 575/831 | Building BVH
Fra:1 Mem:42.11M (Peak 66.59M) | Time:00:00.15 | Mem:1.87M, Peak:1.87M | Scene, ViewLayer | Updating Geometry BVH Cube.577 577/831 | Building BVH
Fra:1 Mem:42.11M (Peak 66.59M) | Time:00:00.15 | Mem:1.87M, Peak:1.87M | Scene, ViewLayer | Updating Geometry BVH Cube.579 579/831 | Building BVH
Fra:1 Mem:42.11M (Peak 66.59M) | Time:00:00.15 | Mem:1.87M, Peak:1.87M | Scene, ViewLayer | Updating Geometry BVH Cube.580 580/831 | Building BVH
Fra:1 Mem:42.11M (Peak 66.59M) | Time:00:00.15 | Mem:1.87M, Peak:1.87M | Scene, ViewLayer | Updating Geometry BVH Cube.581 581/831 | Building BVH
Fra:1 Mem:42.11M (Peak 66.59M) | Time:00:00.15 | Mem:1.88M, Peak:1.88M | Scene, ViewLayer | Updating Geometry BVH Cube.582 582/831 | Building BVH
Fra:1 Mem:42.11M (Peak 66.59M) | Time:00:00.15 | Mem:1.88M, Peak:1.88M | Scene, ViewLayer | Updating Geometry BVH Cube.583 583/831 | Building BVH
Fra:1 Mem:42.11M (Peak 66.59M) | Time:00:00.15 | Mem:1.88M, Peak:1.88M | Scene, ViewLayer | Updating Geometry BVH Cube.584 584/831 | Building BVH
Fra:1 Mem:42.11M (Peak 66.59M) | Time:00:00.15 | Mem:1.88M, Peak:1.88M | Scene, ViewLayer | Updating Geometry BVH Cube.585 585/831 | Building BVH
Fra:1 Mem:42.11M (Peak 66.59M) | Time:00:00.15 | Mem:1.88M, Peak:1.88M | Scene, ViewLayer | Updating Geometry BVH Cube.586 586/831 | Building BVH
Fra:1 Mem:42.11M (Peak 66.59M) | Time:00:00.15 | Mem:1.88M, Peak:1.88M | Scene, ViewLayer | Updating Geometry BVH Cube.587 587/831 | Building BVH
Fra:1 Mem:42.11M (Peak 66.59M) | Time:00:00.15 | Mem:1.88M, Peak:1.89M | Scene, ViewLayer | Updating Geometry BVH Cube.588 588/831 | Building BVH
Fra:1 Mem:42.11M (Peak 66.59M) | Time:00:00.15 | Mem:1.89M, Peak:1.89M | Scene, ViewLayer | Updating Geometry BVH Cube.589 589/831 | Building BVH
Fra:1 Mem:42.11M (Peak 66.59M) | Time:00:00.15 | Mem:1.89M, Peak:1.89M | Scene, ViewLayer | Updating Geometry BVH Cube.793 793/831 | Building BVH
Fra:1 Mem:42.11M (Peak 66.59M) | Time:00:00.15 | Mem:1.89M, Peak:1.89M | Scene, ViewLayer | Updating Geometry BVH Cube.590 590/831 | Building BVH
Fra:1 Mem:42.11M (Peak 66.59M) | Time:00:00.15 | Mem:1.89M, Peak:1.89M | Scene, ViewLayer | Updating Geometry BVH Cube.792 792/831 | Building BVH
Fra:1 Mem:42.11M (Peak 66.59M) | Time:00:00.15 | Mem:1.89M, Peak:1.89M | Scene, ViewLayer | Updating Geometry BVH Cube.591 591/831 | Building BVH
Fra:1 Mem:42.11M (Peak 66.59M) | Time:00:00.15 | Mem:1.89M, Peak:1.89M | Scene, ViewLayer | Updating Geometry BVH Cube.592 592/831 | Building BVH
Fra:1 Mem:42.11M (Peak 66.59M) | Time:00:00.15 | Mem:1.89M, Peak:1.89M | Scene, ViewLayer | Updating Geometry BVH Cube.593 593/831 | Building BVH
Fra:1 Mem:42.11M (Peak 66.59M) | Time:00:00.15 | Mem:1.89M, Peak:1.89M | Scene, ViewLayer | Updating Geometry BVH Cube.594 594/831 | Building BVH
Fra:1 Mem:42.11M (Peak 66.59M) | Time:00:00.15 | Mem:1.90M, Peak:1.90M | Scene, ViewLayer | Updating Geometry BVH Cube.595 595/831 | Building BVH
Fra:1 Mem:42.11M (Peak 66.59M) | Time:00:00.15 | Mem:1.90M, Peak:1.90M | Scene, ViewLayer | Updating Geometry BVH Cube.597 597/831 | Building BVH
Fra:1 Mem:42.11M (Peak 66.59M) | Time:00:00.15 | Mem:1.90M, Peak:1.90M | Scene, ViewLayer | Updating Geometry BVH Cube.598 598/831 | Building BVH
Fra:1 Mem:42.11M (Peak 66.59M) | Time:00:00.15 | Mem:1.90M, Peak:1.90M | Scene, ViewLayer | Updating Geometry BVH Cube.791 791/831 | Building BVH
Fra:1 Mem:42.11M (Peak 66.59M) | Time:00:00.15 | Mem:1.90M, Peak:1.90M | Scene, ViewLayer | Updating Geometry BVH Cube.599 599/831 | Building BVH
Fra:1 Mem:42.11M (Peak 66.59M) | Time:00:00.15 | Mem:1.90M, Peak:1.90M | Scene, ViewLayer | Updating Geometry BVH Cube.790 790/831 | Building BVH
Fra:1 Mem:42.11M (Peak 66.59M) | Time:00:00.15 | Mem:1.91M, Peak:1.91M | Scene, ViewLayer | Updating Geometry BVH Cube.601 601/831 | Building BVH
Fra:1 Mem:42.11M (Peak 66.59M) | Time:00:00.15 | Mem:1.91M, Peak:1.91M | Scene, ViewLayer | Updating Geometry BVH Cube.602 602/831 | Building BVH
Fra:1 Mem:42.11M (Peak 66.59M) | Time:00:00.15 | Mem:1.91M, Peak:1.91M | Scene, ViewLayer | Updating Geometry BVH Cube.603 603/831 | Building BVH
Fra:1 Mem:42.11M (Peak 66.59M) | Time:00:00.15 | Mem:1.91M, Peak:1.91M | Scene, ViewLayer | Updating Geometry BVH Cube.604 604/831 | Building BVH
Fra:1 Mem:42.11M (Peak 66.59M) | Time:00:00.15 | Mem:1.91M, Peak:1.91M | Scene, ViewLayer | Updating Geometry BVH Cube.605 605/831 | Building BVH
Fra:1 Mem:42.11M (Peak 66.59M) | Time:00:00.15 | Mem:1.91M, Peak:1.91M | Scene, ViewLayer | Updating Geometry BVH Cube.606 606/831 | Building BVH
Fra:1 Mem:42.11M (Peak 66.59M) | Time:00:00.15 | Mem:1.91M, Peak:1.91M | Scene, ViewLayer | Updating Geometry BVH Cube.789 789/831 | Building BVH
Fra:1 Mem:42.11M (Peak 66.59M) | Time:00:00.15 | Mem:1.92M, Peak:1.92M | Scene, ViewLayer | Updating Geometry BVH Cube.607 607/831 | Building BVH
Fra:1 Mem:42.11M (Peak 66.59M) | Time:00:00.15 | Mem:1.92M, Peak:1.92M | Scene, ViewLayer | Updating Geometry BVH Cube.609 609/831 | Building BVH
Fra:1 Mem:42.11M (Peak 66.59M) | Time:00:00.15 | Mem:1.92M, Peak:1.92M | Scene, ViewLayer | Updating Geometry BVH Cube.610 610/831 | Building BVH
Fra:1 Mem:42.11M (Peak 66.59M) | Time:00:00.15 | Mem:1.92M, Peak:1.92M | Scene, ViewLayer | Updating Geometry BVH Cube.611 611/831 | Building BVH
Fra:1 Mem:42.11M (Peak 66.59M) | Time:00:00.15 | Mem:1.92M, Peak:1.92M | Scene, ViewLayer | Updating Geometry BVH Cube.612 612/831 | Building BVH
Fra:1 Mem:42.11M (Peak 66.59M) | Time:00:00.15 | Mem:1.92M, Peak:1.92M | Scene, ViewLayer | Updating Geometry BVH Cube.613 613/831 | Building BVH
Fra:1 Mem:42.11M (Peak 66.59M) | Time:00:00.15 | Mem:1.93M, Peak:1.93M | Scene, ViewLayer | Updating Geometry BVH Cube.614 614/831 | Building BVH
Fra:1 Mem:42.11M (Peak 66.59M) | Time:00:00.15 | Mem:1.93M, Peak:1.93M | Scene, ViewLayer | Updating Geometry BVH Cube.615 615/831 | Building BVH
Fra:1 Mem:42.11M (Peak 66.59M) | Time:00:00.15 | Mem:1.93M, Peak:1.93M | Scene, ViewLayer | Updating Geometry BVH Cube.616 616/831 | Building BVH
Fra:1 Mem:42.11M (Peak 66.59M) | Time:00:00.15 | Mem:1.93M, Peak:1.93M | Scene, ViewLayer | Updating Geometry BVH Cube.617 617/831 | Building BVH
Fra:1 Mem:42.11M (Peak 66.59M) | Time:00:00.15 | Mem:1.93M, Peak:1.93M | Scene, ViewLayer | Updating Geometry BVH Cube.618 618/831 | Building BVH
Fra:1 Mem:42.11M (Peak 66.59M) | Time:00:00.16 | Mem:1.93M, Peak:1.93M | Scene, ViewLayer | Updating Geometry BVH Cube.619 619/831 | Building BVH
Fra:1 Mem:42.11M (Peak 66.59M) | Time:00:00.16 | Mem:1.93M, Peak:1.93M | Scene, ViewLayer | Updating Geometry BVH Cube.620 620/831 | Building BVH
Fra:1 Mem:42.11M (Peak 66.59M) | Time:00:00.16 | Mem:1.94M, Peak:1.94M | Scene, ViewLayer | Updating Geometry BVH Cube.621 621/831 | Building BVH
Fra:1 Mem:42.11M (Peak 66.59M) | Time:00:00.16 | Mem:1.94M, Peak:1.94M | Scene, ViewLayer | Updating Geometry BVH Cube.622 622/831 | Building BVH
Fra:1 Mem:42.11M (Peak 66.59M) | Time:00:00.16 | Mem:1.94M, Peak:1.94M | Scene, ViewLayer | Updating Geometry BVH Cube.623 623/831 | Building BVH
Fra:1 Mem:42.11M (Peak 66.59M) | Time:00:00.16 | Mem:1.94M, Peak:1.94M | Scene, ViewLayer | Updating Geometry BVH Cube.624 624/831 | Building BVH
Fra:1 Mem:42.11M (Peak 66.59M) | Time:00:00.16 | Mem:1.94M, Peak:1.94M | Scene, ViewLayer | Updating Geometry BVH Cube.625 625/831 | Building BVH
Fra:1 Mem:42.11M (Peak 66.59M) | Time:00:00.16 | Mem:1.94M, Peak:1.94M | Scene, ViewLayer | Updating Geometry BVH Cube.626 626/831 | Building BVH
Fra:1 Mem:42.11M (Peak 66.59M) | Time:00:00.16 | Mem:1.94M, Peak:1.94M | Scene, ViewLayer | Updating Geometry BVH Cube.627 627/831 | Building BVH
Fra:1 Mem:42.11M (Peak 66.59M) | Time:00:00.16 | Mem:1.95M, Peak:1.95M | Scene, ViewLayer | Updating Geometry BVH Cube.628 628/831 | Building BVH
Fra:1 Mem:42.11M (Peak 66.59M) | Time:00:00.16 | Mem:1.95M, Peak:1.95M | Scene, ViewLayer | Updating Geometry BVH Cube.629 629/831 | Building BVH
Fra:1 Mem:42.11M (Peak 66.59M) | Time:00:00.16 | Mem:1.95M, Peak:1.95M | Scene, ViewLayer | Updating Geometry BVH Cube.631 631/831 | Building BVH
Fra:1 Mem:42.11M (Peak 66.59M) | Time:00:00.16 | Mem:1.95M, Peak:1.95M | Scene, ViewLayer | Updating Geometry BVH Cube.632 632/831 | Building BVH
Fra:1 Mem:42.11M (Peak 66.59M) | Time:00:00.16 | Mem:1.95M, Peak:1.95M | Scene, ViewLayer | Updating Geometry BVH Cube.633 633/831 | Building BVH
Fra:1 Mem:42.11M (Peak 66.59M) | Time:00:00.16 | Mem:1.95M, Peak:1.96M | Scene, ViewLayer | Updating Geometry BVH Cube.634 634/831 | Building BVH
Fra:1 Mem:42.11M (Peak 66.59M) | Time:00:00.16 | Mem:1.96M, Peak:1.96M | Scene, ViewLayer | Updating Geometry BVH Cube.787 787/831 | Building BVH
Fra:1 Mem:42.11M (Peak 66.59M) | Time:00:00.16 | Mem:1.96M, Peak:1.96M | Scene, ViewLayer | Updating Geometry BVH Cube.636 636/831 | Building BVH
Fra:1 Mem:42.11M (Peak 66.59M) | Time:00:00.16 | Mem:1.96M, Peak:1.96M | Scene, ViewLayer | Updating Geometry BVH Cube.637 637/831 | Building BVH
Fra:1 Mem:42.11M (Peak 66.59M) | Time:00:00.16 | Mem:1.96M, Peak:1.96M | Scene, ViewLayer | Updating Geometry BVH Cube.786 786/831 | Building BVH
Fra:1 Mem:42.11M (Peak 66.59M) | Time:00:00.16 | Mem:1.96M, Peak:1.96M | Scene, ViewLayer | Updating Geometry BVH Cube.638 638/831 | Building BVH
Fra:1 Mem:42.11M (Peak 66.59M) | Time:00:00.16 | Mem:1.96M, Peak:1.96M | Scene, ViewLayer | Updating Geometry BVH Cube.639 639/831 | Building BVH
Fra:1 Mem:42.11M (Peak 66.59M) | Time:00:00.16 | Mem:1.97M, Peak:1.97M | Scene, ViewLayer | Updating Geometry BVH Cube.640 640/831 | Building BVH
Fra:1 Mem:42.11M (Peak 66.59M) | Time:00:00.16 | Mem:1.97M, Peak:1.97M | Scene, ViewLayer | Updating Geometry BVH Cube.641 641/831 | Building BVH
Fra:1 Mem:42.11M (Peak 66.59M) | Time:00:00.16 | Mem:1.97M, Peak:1.97M | Scene, ViewLayer | Updating Geometry BVH Cube.642 642/831 | Building BVH
Fra:1 Mem:42.11M (Peak 66.59M) | Time:00:00.16 | Mem:1.97M, Peak:1.97M | Scene, ViewLayer | Updating Geometry BVH Cube.643 643/831 | Building BVH
Fra:1 Mem:42.11M (Peak 66.59M) | Time:00:00.16 | Mem:1.97M, Peak:1.97M | Scene, ViewLayer | Updating Geometry BVH Cube.644 644/831 | Building BVH
Fra:1 Mem:42.11M (Peak 66.59M) | Time:00:00.16 | Mem:1.97M, Peak:1.97M | Scene, ViewLayer | Updating Geometry BVH Cube.785 785/831 | Building BVH
Fra:1 Mem:42.11M (Peak 66.59M) | Time:00:00.16 | Mem:1.97M, Peak:1.97M | Scene, ViewLayer | Updating Geometry BVH Cube.646 646/831 | Building BVH
Fra:1 Mem:42.11M (Peak 66.59M) | Time:00:00.16 | Mem:1.97M, Peak:1.98M | Scene, ViewLayer | Updating Geometry BVH Cube.647 647/831 | Building BVH
Fra:1 Mem:42.11M (Peak 66.59M) | Time:00:00.16 | Mem:1.98M, Peak:1.98M | Scene, ViewLayer | Updating Geometry BVH Cube.648 648/831 | Building BVH
Fra:1 Mem:42.11M (Peak 66.59M) | Time:00:00.16 | Mem:1.98M, Peak:1.98M | Scene, ViewLayer | Updating Geometry BVH Cube.649 649/831 | Building BVH
Fra:1 Mem:42.11M (Peak 66.59M) | Time:00:00.16 | Mem:1.98M, Peak:1.98M | Scene, ViewLayer | Updating Geometry BVH Cube.650 650/831 | Building BVH
Fra:1 Mem:42.11M (Peak 66.59M) | Time:00:00.16 | Mem:1.98M, Peak:1.98M | Scene, ViewLayer | Updating Geometry BVH Cube.651 651/831 | Building BVH
Fra:1 Mem:42.11M (Peak 66.59M) | Time:00:00.16 | Mem:1.98M, Peak:1.98M | Scene, ViewLayer | Updating Geometry BVH Cube.652 652/831 | Building BVH
Fra:1 Mem:42.11M (Peak 66.59M) | Time:00:00.16 | Mem:1.98M, Peak:1.98M | Scene, ViewLayer | Updating Geometry BVH Cube.653 653/831 | Building BVH
Fra:1 Mem:42.11M (Peak 66.59M) | Time:00:00.16 | Mem:1.98M, Peak:1.98M | Scene, ViewLayer | Updating Geometry BVH Cube.654 654/831 | Building BVH
Fra:1 Mem:42.11M (Peak 66.59M) | Time:00:00.16 | Mem:1.99M, Peak:1.99M | Scene, ViewLayer | Updating Geometry BVH Cube.655 655/831 | Building BVH
Fra:1 Mem:42.11M (Peak 66.59M) | Time:00:00.16 | Mem:1.99M, Peak:1.99M | Scene, ViewLayer | Updating Geometry BVH Cube.656 656/831 | Building BVH
Fra:1 Mem:42.11M (Peak 66.59M) | Time:00:00.16 | Mem:1.99M, Peak:1.99M | Scene, ViewLayer | Updating Geometry BVH Cube.657 657/831 | Building BVH
Fra:1 Mem:42.11M (Peak 66.59M) | Time:00:00.16 | Mem:1.99M, Peak:1.99M | Scene, ViewLayer | Updating Geometry BVH Cube.784 784/831 | Building BVH
Fra:1 Mem:42.11M (Peak 66.59M) | Time:00:00.16 | Mem:1.99M, Peak:1.99M | Scene, ViewLayer | Updating Geometry BVH Cube.659 659/831 | Building BVH
Fra:1 Mem:42.11M (Peak 66.59M) | Time:00:00.16 | Mem:2.00M, Peak:2.00M | Scene, ViewLayer | Updating Geometry BVH Cube.660 660/831 | Building BVH
Fra:1 Mem:42.11M (Peak 66.59M) | Time:00:00.16 | Mem:2.00M, Peak:2.00M | Scene, ViewLayer | Updating Geometry BVH Cube.662 662/831 | Building BVH
Fra:1 Mem:42.11M (Peak 66.59M) | Time:00:00.16 | Mem:2.00M, Peak:2.00M | Scene, ViewLayer | Updating Geometry BVH Cube.663 663/831 | Building BVH
Fra:1 Mem:42.11M (Peak 66.59M) | Time:00:00.16 | Mem:2.00M, Peak:2.00M | Scene, ViewLayer | Updating Geometry BVH Cube.664 664/831 | Building BVH
Fra:1 Mem:42.11M (Peak 66.59M) | Time:00:00.16 | Mem:2.00M, Peak:2.00M | Scene, ViewLayer | Updating Geometry BVH Cube.665 665/831 | Building BVH
Fra:1 Mem:42.11M (Peak 66.59M) | Time:00:00.16 | Mem:2.00M, Peak:2.00M | Scene, ViewLayer | Updating Geometry BVH Cube.666 666/831 | Building BVH
Fra:1 Mem:42.11M (Peak 66.59M) | Time:00:00.16 | Mem:2.01M, Peak:2.01M | Scene, ViewLayer | Updating Geometry BVH Cube.667 667/831 | Building BVH
Fra:1 Mem:42.11M (Peak 66.59M) | Time:00:00.16 | Mem:2.01M, Peak:2.01M | Scene, ViewLayer | Updating Geometry BVH Cube.668 668/831 | Building BVH
Fra:1 Mem:42.11M (Peak 66.59M) | Time:00:00.16 | Mem:2.01M, Peak:2.01M | Scene, ViewLayer | Updating Geometry BVH Cube.669 669/831 | Building BVH
Fra:1 Mem:42.11M (Peak 66.59M) | Time:00:00.16 | Mem:2.01M, Peak:2.01M | Scene, ViewLayer | Updating Geometry BVH Cube.670 670/831 | Building BVH
Fra:1 Mem:42.11M (Peak 66.59M) | Time:00:00.16 | Mem:2.01M, Peak:2.01M | Scene, ViewLayer | Updating Geometry BVH Cube.671 671/831 | Building BVH
Fra:1 Mem:42.11M (Peak 66.59M) | Time:00:00.16 | Mem:2.01M, Peak:2.01M | Scene, ViewLayer | Updating Geometry BVH Cube.672 672/831 | Building BVH
Fra:1 Mem:42.11M (Peak 66.59M) | Time:00:00.16 | Mem:2.01M, Peak:2.01M | Scene, ViewLayer | Updating Geometry BVH Cube.674 674/831 | Building BVH
Fra:1 Mem:42.11M (Peak 66.59M) | Time:00:00.16 | Mem:2.02M, Peak:2.02M | Scene, ViewLayer | Updating Geometry BVH Cube.675 675/831 | Building BVH
Fra:1 Mem:42.11M (Peak 66.59M) | Time:00:00.16 | Mem:2.02M, Peak:2.02M | Scene, ViewLayer | Updating Geometry BVH Cube.676 676/831 | Building BVH
Fra:1 Mem:42.11M (Peak 66.59M) | Time:00:00.16 | Mem:2.02M, Peak:2.02M | Scene, ViewLayer | Updating Geometry BVH Cube.678 678/831 | Building BVH
Fra:1 Mem:42.11M (Peak 66.59M) | Time:00:00.16 | Mem:2.02M, Peak:2.02M | Scene, ViewLayer | Updating Geometry BVH Cube.679 679/831 | Building BVH
Fra:1 Mem:42.11M (Peak 66.59M) | Time:00:00.16 | Mem:2.02M, Peak:2.02M | Scene, ViewLayer | Updating Geometry BVH Cube.680 680/831 | Building BVH
Fra:1 Mem:42.11M (Peak 66.59M) | Time:00:00.16 | Mem:2.02M, Peak:2.02M | Scene, ViewLayer | Updating Geometry BVH Cube.681 681/831 | Building BVH
Fra:1 Mem:42.11M (Peak 66.59M) | Time:00:00.16 | Mem:2.02M, Peak:2.03M | Scene, ViewLayer | Updating Geometry BVH Cube.682 682/831 | Building BVH
Fra:1 Mem:42.11M (Peak 66.59M) | Time:00:00.16 | Mem:2.03M, Peak:2.03M | Scene, ViewLayer | Updating Geometry BVH Cube.782 782/831 | Building BVH
Fra:1 Mem:42.11M (Peak 66.59M) | Time:00:00.16 | Mem:2.03M, Peak:2.03M | Scene, ViewLayer | Updating Geometry BVH Cube.683 683/831 | Building BVH
Fra:1 Mem:42.11M (Peak 66.59M) | Time:00:00.16 | Mem:2.03M, Peak:2.03M | Scene, ViewLayer | Updating Geometry BVH Cube.781 781/831 | Building BVH
Fra:1 Mem:42.11M (Peak 66.59M) | Time:00:00.16 | Mem:2.03M, Peak:2.03M | Scene, ViewLayer | Updating Geometry BVH Cube.684 684/831 | Building BVH
Fra:1 Mem:42.11M (Peak 66.59M) | Time:00:00.16 | Mem:2.03M, Peak:2.03M | Scene, ViewLayer | Updating Geometry BVH Cube.685 685/831 | Building BVH
Fra:1 Mem:42.11M (Peak 66.59M) | Time:00:00.16 | Mem:2.03M, Peak:2.03M | Scene, ViewLayer | Updating Geometry BVH Cube.686 686/831 | Building BVH
Fra:1 Mem:42.11M (Peak 66.59M) | Time:00:00.16 | Mem:2.03M, Peak:2.03M | Scene, ViewLayer | Updating Geometry BVH Cube.687 687/831 | Building BVH
Fra:1 Mem:42.11M (Peak 66.59M) | Time:00:00.16 | Mem:2.04M, Peak:2.04M | Scene, ViewLayer | Updating Geometry BVH Cube.688 688/831 | Building BVH
Fra:1 Mem:42.11M (Peak 66.59M) | Time:00:00.16 | Mem:2.04M, Peak:2.04M | Scene, ViewLayer | Updating Geometry BVH Cube.689 689/831 | Building BVH
Fra:1 Mem:42.11M (Peak 66.59M) | Time:00:00.16 | Mem:2.04M, Peak:2.04M | Scene, ViewLayer | Updating Geometry BVH Cube.690 690/831 | Building BVH
Fra:1 Mem:42.11M (Peak 66.59M) | Time:00:00.16 | Mem:2.04M, Peak:2.04M | Scene, ViewLayer | Updating Geometry BVH Cube.691 691/831 | Building BVH
Fra:1 Mem:42.11M (Peak 66.59M) | Time:00:00.16 | Mem:2.04M, Peak:2.04M | Scene, ViewLayer | Updating Geometry BVH Cube.780 780/831 | Building BVH
Fra:1 Mem:42.11M (Peak 66.59M) | Time:00:00.16 | Mem:2.04M, Peak:2.04M | Scene, ViewLayer | Updating Geometry BVH Cube.692 692/831 | Building BVH
Fra:1 Mem:42.11M (Peak 66.59M) | Time:00:00.16 | Mem:2.05M, Peak:2.05M | Scene, ViewLayer | Updating Geometry BVH Cube.693 693/831 | Building BVH
Fra:1 Mem:42.11M (Peak 66.59M) | Time:00:00.16 | Mem:2.04M, Peak:2.05M | Scene, ViewLayer | Updating Geometry BVH Cube.694 694/831 | Building BVH
Fra:1 Mem:42.11M (Peak 66.59M) | Time:00:00.16 | Mem:2.05M, Peak:2.05M | Scene, ViewLayer | Updating Geometry BVH Cube.695 695/831 | Building BVH
Fra:1 Mem:42.11M (Peak 66.59M) | Time:00:00.16 | Mem:2.05M, Peak:2.05M | Scene, ViewLayer | Updating Geometry BVH Cube.696 696/831 | Building BVH
Fra:1 Mem:42.11M (Peak 66.59M) | Time:00:00.16 | Mem:2.05M, Peak:2.05M | Scene, ViewLayer | Updating Geometry BVH Cube.697 697/831 | Building BVH
Fra:1 Mem:42.11M (Peak 66.59M) | Time:00:00.16 | Mem:2.05M, Peak:2.05M | Scene, ViewLayer | Updating Geometry BVH Cube.698 698/831 | Building BVH
Fra:1 Mem:42.11M (Peak 66.59M) | Time:00:00.16 | Mem:2.05M, Peak:2.05M | Scene, ViewLayer | Updating Geometry BVH Cube.699 699/831 | Building BVH
Fra:1 Mem:42.11M (Peak 66.59M) | Time:00:00.16 | Mem:2.05M, Peak:2.05M | Scene, ViewLayer | Updating Geometry BVH Cube.700 700/831 | Building BVH
Fra:1 Mem:42.11M (Peak 66.59M) | Time:00:00.16 | Mem:2.05M, Peak:2.05M | Scene, ViewLayer | Updating Geometry BVH Cube.701 701/831 | Building BVH
Fra:1 Mem:42.11M (Peak 66.59M) | Time:00:00.16 | Mem:2.06M, Peak:2.06M | Scene, ViewLayer | Updating Geometry BVH Cube.702 702/831 | Building BVH
Fra:1 Mem:42.11M (Peak 66.59M) | Time:00:00.16 | Mem:2.06M, Peak:2.06M | Scene, ViewLayer | Updating Geometry BVH Cube.703 703/831 | Building BVH
Fra:1 Mem:42.11M (Peak 66.59M) | Time:00:00.16 | Mem:2.06M, Peak:2.06M | Scene, ViewLayer | Updating Geometry BVH Cube.704 704/831 | Building BVH
Fra:1 Mem:42.11M (Peak 66.59M) | Time:00:00.16 | Mem:2.06M, Peak:2.06M | Scene, ViewLayer | Updating Geometry BVH Cube.705 705/831 | Building BVH
Fra:1 Mem:42.11M (Peak 66.59M) | Time:00:00.16 | Mem:2.06M, Peak:2.06M | Scene, ViewLayer | Updating Geometry BVH Cube.706 706/831 | Building BVH
Fra:1 Mem:42.11M (Peak 66.59M) | Time:00:00.16 | Mem:2.06M, Peak:2.06M | Scene, ViewLayer | Updating Geometry BVH Cube.707 707/831 | Building BVH
Fra:1 Mem:42.11M (Peak 66.59M) | Time:00:00.16 | Mem:2.06M, Peak:2.06M | Scene, ViewLayer | Updating Geometry BVH Cube.708 708/831 | Building BVH
Fra:1 Mem:42.11M (Peak 66.59M) | Time:00:00.16 | Mem:2.07M, Peak:2.07M | Scene, ViewLayer | Updating Geometry BVH Cube.709 709/831 | Building BVH
Fra:1 Mem:42.11M (Peak 66.59M) | Time:00:00.16 | Mem:2.07M, Peak:2.07M | Scene, ViewLayer | Updating Geometry BVH Cube.710 710/831 | Building BVH
Fra:1 Mem:42.11M (Peak 66.59M) | Time:00:00.16 | Mem:2.07M, Peak:2.07M | Scene, ViewLayer | Updating Geometry BVH Cube.711 711/831 | Building BVH
Fra:1 Mem:42.11M (Peak 66.59M) | Time:00:00.16 | Mem:2.07M, Peak:2.07M | Scene, ViewLayer | Updating Geometry BVH Cube.712 712/831 | Building BVH
Fra:1 Mem:42.11M (Peak 66.59M) | Time:00:00.16 | Mem:2.07M, Peak:2.07M | Scene, ViewLayer | Updating Geometry BVH Cube.713 713/831 | Building BVH
Fra:1 Mem:42.11M (Peak 66.59M) | Time:00:00.16 | Mem:2.07M, Peak:2.07M | Scene, ViewLayer | Updating Geometry BVH Cube.714 714/831 | Building BVH
Fra:1 Mem:42.11M (Peak 66.59M) | Time:00:00.16 | Mem:2.08M, Peak:2.08M | Scene, ViewLayer | Updating Geometry BVH Cube.716 716/831 | Building BVH
Fra:1 Mem:42.11M (Peak 66.59M) | Time:00:00.16 | Mem:2.08M, Peak:2.08M | Scene, ViewLayer | Updating Geometry BVH Cube.718 718/831 | Building BVH
Fra:1 Mem:42.11M (Peak 66.59M) | Time:00:00.16 | Mem:2.08M, Peak:2.08M | Scene, ViewLayer | Updating Geometry BVH Cube.719 719/831 | Building BVH
Fra:1 Mem:42.11M (Peak 66.59M) | Time:00:00.16 | Mem:2.08M, Peak:2.08M | Scene, ViewLayer | Updating Geometry BVH Cube.720 720/831 | Building BVH
Fra:1 Mem:42.11M (Peak 66.59M) | Time:00:00.16 | Mem:2.08M, Peak:2.08M | Scene, ViewLayer | Updating Geometry BVH Cube.721 721/831 | Building BVH
Fra:1 Mem:42.11M (Peak 66.59M) | Time:00:00.16 | Mem:2.08M, Peak:2.09M | Scene, ViewLayer | Updating Geometry BVH Cube.722 722/831 | Building BVH
Fra:1 Mem:42.11M (Peak 66.59M) | Time:00:00.16 | Mem:2.09M, Peak:2.09M | Scene, ViewLayer | Updating Geometry BVH Cube.724 724/831 | Building BVH
Fra:1 Mem:42.11M (Peak 66.59M) | Time:00:00.16 | Mem:2.09M, Peak:2.09M | Scene, ViewLayer | Updating Geometry BVH Cube.725 725/831 | Building BVH
Fra:1 Mem:42.11M (Peak 66.59M) | Time:00:00.16 | Mem:2.09M, Peak:2.09M | Scene, ViewLayer | Updating Geometry BVH Cube.726 726/831 | Building BVH
Fra:1 Mem:42.11M (Peak 66.59M) | Time:00:00.16 | Mem:2.09M, Peak:2.09M | Scene, ViewLayer | Updating Geometry BVH Cube.728 728/831 | Building BVH
Fra:1 Mem:42.11M (Peak 66.59M) | Time:00:00.16 | Mem:2.09M, Peak:2.09M | Scene, ViewLayer | Updating Geometry BVH Cube.729 729/831 | Building BVH
Fra:1 Mem:42.11M (Peak 66.59M) | Time:00:00.16 | Mem:2.10M, Peak:2.10M | Scene, ViewLayer | Updating Geometry BVH Cube.730 730/831 | Building BVH
Fra:1 Mem:42.11M (Peak 66.59M) | Time:00:00.16 | Mem:2.10M, Peak:2.10M | Scene, ViewLayer | Updating Geometry BVH Cube.732 732/831 | Building BVH
Fra:1 Mem:42.11M (Peak 66.59M) | Time:00:00.16 | Mem:2.10M, Peak:2.10M | Scene, ViewLayer | Updating Geometry BVH Cube.733 733/831 | Building BVH
Fra:1 Mem:42.11M (Peak 66.59M) | Time:00:00.16 | Mem:2.10M, Peak:2.10M | Scene, ViewLayer | Updating Geometry BVH Cube.734 734/831 | Building BVH
Fra:1 Mem:42.11M (Peak 66.59M) | Time:00:00.16 | Mem:2.11M, Peak:2.11M | Scene, ViewLayer | Updating Geometry BVH Cube.735 735/831 | Building BVH
Fra:1 Mem:42.11M (Peak 66.59M) | Time:00:00.16 | Mem:2.11M, Peak:2.11M | Scene, ViewLayer | Updating Geometry BVH Cube.736 736/831 | Building BVH
Fra:1 Mem:42.11M (Peak 66.59M) | Time:00:00.16 | Mem:2.11M, Peak:2.11M | Scene, ViewLayer | Updating Geometry BVH Cube.737 737/831 | Building BVH
Fra:1 Mem:42.11M (Peak 66.59M) | Time:00:00.16 | Mem:2.11M, Peak:2.11M | Scene, ViewLayer | Updating Geometry BVH Cube.738 738/831 | Building BVH
Fra:1 Mem:42.11M (Peak 66.59M) | Time:00:00.16 | Mem:2.11M, Peak:2.11M | Scene, ViewLayer | Updating Geometry BVH Cube.739 739/831 | Building BVH
Fra:1 Mem:42.11M (Peak 66.59M) | Time:00:00.16 | Mem:2.11M, Peak:2.11M | Scene, ViewLayer | Updating Geometry BVH Cube.740 740/831 | Building BVH
Fra:1 Mem:42.11M (Peak 66.59M) | Time:00:00.16 | Mem:2.11M, Peak:2.11M | Scene, ViewLayer | Updating Geometry BVH Cube.741 741/831 | Building BVH
Fra:1 Mem:42.11M (Peak 66.59M) | Time:00:00.16 | Mem:2.11M, Peak:2.11M | Scene, ViewLayer | Updating Geometry BVH Cube.742 742/831 | Building BVH
Fra:1 Mem:42.11M (Peak 66.59M) | Time:00:00.16 | Mem:2.11M, Peak:2.12M | Scene, ViewLayer | Updating Geometry BVH Cube.743 743/831 | Building BVH
Fra:1 Mem:42.11M (Peak 66.59M) | Time:00:00.16 | Mem:2.12M, Peak:2.12M | Scene, ViewLayer | Updating Geometry BVH Cube.745 745/831 | Building BVH
Fra:1 Mem:42.11M (Peak 66.59M) | Time:00:00.16 | Mem:2.12M, Peak:2.12M | Scene, ViewLayer | Updating Geometry BVH Cube.746 746/831 | Building BVH
Fra:1 Mem:42.11M (Peak 66.59M) | Time:00:00.16 | Mem:2.12M, Peak:2.12M | Scene, ViewLayer | Updating Geometry BVH Cube.747 747/831 | Building BVH
Fra:1 Mem:42.11M (Peak 66.59M) | Time:00:00.16 | Mem:2.12M, Peak:2.12M | Scene, ViewLayer | Updating Geometry BVH Cube.748 748/831 | Building BVH
Fra:1 Mem:42.11M (Peak 66.59M) | Time:00:00.16 | Mem:2.12M, Peak:2.12M | Scene, ViewLayer | Updating Geometry BVH Cube.750 750/831 | Building BVH
Fra:1 Mem:42.11M (Peak 66.59M) | Time:00:00.16 | Mem:2.13M, Peak:2.13M | Scene, ViewLayer | Updating Geometry BVH Cube.752 752/831 | Building BVH
Fra:1 Mem:42.11M (Peak 66.59M) | Time:00:00.16 | Mem:2.13M, Peak:2.13M | Scene, ViewLayer | Updating Geometry BVH Cube.776 776/831 | Building BVH
Fra:1 Mem:42.11M (Peak 66.59M) | Time:00:00.16 | Mem:2.13M, Peak:2.13M | Scene, ViewLayer | Updating Geometry BVH Cube.753 753/831 | Building BVH
Fra:1 Mem:42.11M (Peak 66.59M) | Time:00:00.16 | Mem:2.13M, Peak:2.13M | Scene, ViewLayer | Updating Geometry BVH Cube.775 775/831 | Building BVH
Fra:1 Mem:42.11M (Peak 66.59M) | Time:00:00.16 | Mem:2.13M, Peak:2.13M | Scene, ViewLayer | Updating Geometry BVH Cube.774 774/831 | Building BVH
Fra:1 Mem:42.11M (Peak 66.59M) | Time:00:00.16 | Mem:2.13M, Peak:2.14M | Scene, ViewLayer | Updating Geometry BVH Cube.754 754/831 | Building BVH
Fra:1 Mem:42.11M (Peak 66.59M) | Time:00:00.16 | Mem:2.14M, Peak:2.14M | Scene, ViewLayer | Updating Geometry BVH Cube.773 773/831 | Building BVH
Fra:1 Mem:42.11M (Peak 66.59M) | Time:00:00.16 | Mem:2.14M, Peak:2.14M | Scene, ViewLayer | Updating Geometry BVH Cube.756 756/831 | Building BVH
Fra:1 Mem:42.11M (Peak 66.59M) | Time:00:00.16 | Mem:2.14M, Peak:2.14M | Scene, ViewLayer | Updating Geometry BVH Cube.757 757/831 | Building BVH
Fra:1 Mem:42.11M (Peak 66.59M) | Time:00:00.16 | Mem:2.14M, Peak:2.14M | Scene, ViewLayer | Updating Geometry BVH Cube.758 758/831 | Building BVH
Fra:1 Mem:42.11M (Peak 66.59M) | Time:00:00.16 | Mem:2.14M, Peak:2.14M | Scene, ViewLayer | Updating Geometry BVH Cube.759 759/831 | Building BVH
Fra:1 Mem:42.11M (Peak 66.59M) | Time:00:00.16 | Mem:2.14M, Peak:2.14M | Scene, ViewLayer | Updating Geometry BVH Cube.761 761/831 | Building BVH
Fra:1 Mem:42.11M (Peak 66.59M) | Time:00:00.16 | Mem:2.15M, Peak:2.15M | Scene, ViewLayer | Updating Geometry BVH Cube.762 762/831 | Building BVH
Fra:1 Mem:42.11M (Peak 66.59M) | Time:00:00.16 | Mem:2.15M, Peak:2.15M | Scene, ViewLayer | Updating Geometry BVH Cube.763 763/831 | Building BVH
Fra:1 Mem:42.11M (Peak 66.59M) | Time:00:00.16 | Mem:2.15M, Peak:2.15M | Scene, ViewLayer | Updating Geometry BVH Cube.764 764/831 | Building BVH
Fra:1 Mem:42.11M (Peak 66.59M) | Time:00:00.16 | Mem:2.15M, Peak:2.15M | Scene, ViewLayer | Updating Geometry BVH Cube.765 765/831 | Building BVH
Fra:1 Mem:42.11M (Peak 66.59M) | Time:00:00.16 | Mem:2.15M, Peak:2.15M | Scene, ViewLayer | Updating Geometry BVH Cube.766 766/831 | Building BVH
Fra:1 Mem:42.11M (Peak 66.59M) | Time:00:00.16 | Mem:2.15M, Peak:2.15M | Scene, ViewLayer | Updating Geometry BVH Cube.767 767/831 | Building BVH
Fra:1 Mem:42.11M (Peak 66.59M) | Time:00:00.16 | Mem:2.15M, Peak:2.16M | Scene, ViewLayer | Updating Geometry BVH Cube.768 768/831 | Building BVH
Fra:1 Mem:42.11M (Peak 66.59M) | Time:00:00.16 | Mem:2.15M, Peak:2.16M | Scene, ViewLayer | Updating Geometry BVH Cube.769 769/831 | Building BVH
Fra:1 Mem:42.11M (Peak 66.59M) | Time:00:00.16 | Mem:2.16M, Peak:2.16M | Scene, ViewLayer | Updating Geometry BVH Cube.770 770/831 | Building BVH
Fra:1 Mem:42.11M (Peak 66.59M) | Time:00:00.16 | Mem:2.16M, Peak:2.16M | Scene, ViewLayer | Updating Geometry BVH Cube.771 771/831 | Building BVH
Fra:1 Mem:42.11M (Peak 66.59M) | Time:00:00.16 | Mem:2.16M, Peak:2.16M | Scene, ViewLayer | Updating Geometry BVH Cube.772 772/831 | Building BVH
Fra:1 Mem:42.11M (Peak 66.59M) | Time:00:00.16 | Mem:2.18M, Peak:2.18M | Scene, ViewLayer | Updating Scene BVH | Building
Fra:1 Mem:42.13M (Peak 66.59M) | Time:00:00.16 | Mem:2.18M, Peak:2.18M | Scene, ViewLayer | Updating Scene BVH | Building BVH
Fra:1 Mem:42.13M (Peak 66.59M) | Time:00:00.16 | Mem:2.24M, Peak:2.28M | Scene, ViewLayer | Updating Scene BVH | Copying BVH to device
Fra:1 Mem:42.13M (Peak 66.59M) | Time:00:00.16 | Mem:2.24M, Peak:2.28M | Scene, ViewLayer | Updating Mesh | Computing normals
Fra:1 Mem:42.82M (Peak 66.59M) | Time:00:00.16 | Mem:2.24M, Peak:2.28M | Scene, ViewLayer | Updating Mesh | Copying Mesh to device
Fra:1 Mem:42.82M (Peak 66.59M) | Time:00:00.16 | Mem:2.94M, Peak:2.94M | Scene, ViewLayer | Updating Objects Flags
Fra:1 Mem:42.82M (Peak 66.59M) | Time:00:00.16 | Mem:2.95M, Peak:2.95M | Scene, ViewLayer | Updating Primitive Offsets
Fra:1 Mem:42.82M (Peak 66.59M) | Time:00:00.16 | Mem:2.95M, Peak:2.95M | Scene, ViewLayer | Updating Images
Fra:1 Mem:42.82M (Peak 66.59M) | Time:00:00.16 | Mem:2.95M, Peak:2.95M | Scene, ViewLayer | Updating Images | Loading lining_light.png
Fra:1 Mem:42.82M (Peak 66.59M) | Time:00:00.16 | Mem:2.95M, Peak:2.95M | Scene, ViewLayer | Updating Images | Loading bud_lilac.png
Fra:1 Mem:42.83M (Peak 66.59M) | Time:00:00.16 | Mem:2.95M, Peak:2.95M | Scene, ViewLayer | Updating Images | Loading basalt_dark_emission.png
Fra:1 Mem:42.83M (Peak 66.59M) | Time:00:00.16 | Mem:2.95M, Peak:2.95M | Scene, ViewLayer | Updating Images | Loading basalt_emission.png
Fra:1 Mem:42.85M (Peak 66.59M) | Time:00:00.17 | Mem:2.95M, Peak:2.95M | Scene, ViewLayer | Updating Images | Loading vein_emission.png
Fra:1 Mem:42.85M (Peak 66.59M) | Time:00:00.17 | Mem:2.95M, Peak:2.95M | Scene, ViewLayer | Updating Images | Loading calcite_emission.png
Fra:1 Mem:42.85M (Peak 66.59M) | Time:00:00.17 | Mem:2.95M, Peak:2.95M | Scene, ViewLayer | Updating Images | Loading basalt_light_emission.png
Fra:1 Mem:42.85M (Peak 66.59M) | Time:00:00.17 | Mem:2.95M, Peak:2.95M | Scene, ViewLayer | Updating Images | Loading bud_silver_emission.png
Fra:1 Mem:42.85M (Peak 66.59M) | Time:00:00.17 | Mem:2.95M, Peak:2.95M | Scene, ViewLayer | Updating Images | Loading calcite_shadow_emission.png
Fra:1 Mem:42.85M (Peak 66.59M) | Time:00:00.17 | Mem:2.95M, Peak:2.95M | Scene, ViewLayer | Updating Images | Loading bud_lilac_emission.png
Fra:1 Mem:42.85M (Peak 66.59M) | Time:00:00.17 | Mem:2.95M, Peak:2.95M | Scene, ViewLayer | Updating Images | Loading calcite_light_emission.png
Fra:1 Mem:42.85M (Peak 66.59M) | Time:00:00.17 | Mem:2.96M, Peak:2.96M | Scene, ViewLayer | Updating Images | Loading lining_emission.png
Fra:1 Mem:42.85M (Peak 66.59M) | Time:00:00.17 | Mem:2.96M, Peak:2.96M | Scene, ViewLayer | Updating Images | Loading bud_pink_emission.png
Fra:1 Mem:42.85M (Peak 66.59M) | Time:00:00.17 | Mem:2.96M, Peak:2.96M | Scene, ViewLayer | Updating Images | Loading basalt_metal.png
Fra:1 Mem:42.85M (Peak 66.59M) | Time:00:00.17 | Mem:2.96M, Peak:2.96M | Scene, ViewLayer | Updating Images | Loading basalt_dark_metal.png
Fra:1 Mem:42.85M (Peak 66.59M) | Time:00:00.17 | Mem:2.96M, Peak:2.96M | Scene, ViewLayer | Updating Images | Loading lining_light_metal.png
Fra:1 Mem:42.85M (Peak 66.59M) | Time:00:00.17 | Mem:2.96M, Peak:2.96M | Scene, ViewLayer | Updating Images | Loading lining_normal_preview.png
Fra:1 Mem:42.85M (Peak 66.59M) | Time:00:00.17 | Mem:2.96M, Peak:2.96M | Scene, ViewLayer | Updating Images | Loading vein_metal.png
Fra:1 Mem:42.85M (Peak 66.59M) | Time:00:00.17 | Mem:2.96M, Peak:2.96M | Scene, ViewLayer | Updating Images | Loading basalt_light_metal.png
Fra:1 Mem:42.85M (Peak 66.59M) | Time:00:00.18 | Mem:2.96M, Peak:2.96M | Scene, ViewLayer | Updating Images | Loading bud_lilac_metal.png
Fra:1 Mem:42.85M (Peak 66.59M) | Time:00:00.18 | Mem:2.96M, Peak:2.96M | Scene, ViewLayer | Updating Images | Loading bud_silver_metal.png
Fra:1 Mem:42.85M (Peak 66.59M) | Time:00:00.18 | Mem:2.96M, Peak:2.96M | Scene, ViewLayer | Updating Images | Loading lining_metal.png
Fra:1 Mem:42.86M (Peak 66.59M) | Time:00:00.18 | Mem:2.96M, Peak:2.96M | Scene, ViewLayer | Updating Images | Loading calcite_shadow_metal.png
Fra:1 Mem:42.86M (Peak 66.59M) | Time:00:00.18 | Mem:2.96M, Peak:2.96M | Scene, ViewLayer | Updating Images | Loading calcite_light_metal.png
Fra:1 Mem:42.86M (Peak 66.59M) | Time:00:00.18 | Mem:2.96M, Peak:2.96M | Scene, ViewLayer | Updating Images | Loading basalt_dark_sss.png
Fra:1 Mem:42.86M (Peak 66.59M) | Time:00:00.18 | Mem:2.96M, Peak:2.96M | Scene, ViewLayer | Updating Images | Loading lining_light_sss.png
Fra:1 Mem:42.86M (Peak 66.59M) | Time:00:00.18 | Mem:2.96M, Peak:2.96M | Scene, ViewLayer | Updating Images | Loading calcite_sss.png
Fra:1 Mem:42.86M (Peak 66.59M) | Time:00:00.18 | Mem:2.96M, Peak:2.96M | Scene, ViewLayer | Updating Images | Loading basalt_sss.png
Fra:1 Mem:42.86M (Peak 66.59M) | Time:00:00.18 | Mem:2.96M, Peak:2.96M | Scene, ViewLayer | Updating Images | Loading vein_sss.png
Fra:1 Mem:42.86M (Peak 66.59M) | Time:00:00.18 | Mem:2.97M, Peak:2.97M | Scene, ViewLayer | Updating Images | Loading bud_lilac_sss.png
Fra:1 Mem:42.86M (Peak 66.59M) | Time:00:00.18 | Mem:2.97M, Peak:2.97M | Scene, ViewLayer | Updating Images | Loading bud_silver_sss.png
Fra:1 Mem:42.86M (Peak 66.59M) | Time:00:00.18 | Mem:2.97M, Peak:2.97M | Scene, ViewLayer | Updating Images | Loading calcite_shadow_sss.png
Fra:1 Mem:42.86M (Peak 66.59M) | Time:00:00.19 | Mem:2.97M, Peak:2.97M | Scene, ViewLayer | Updating Images | Loading bud_pink_sss.png
Fra:1 Mem:42.86M (Peak 66.59M) | Time:00:00.19 | Mem:2.97M, Peak:2.97M | Scene, ViewLayer | Updating Images | Loading basalt_dark_roughness.png
Fra:1 Mem:42.86M (Peak 66.59M) | Time:00:00.19 | Mem:2.97M, Peak:2.97M | Scene, ViewLayer | Updating Images | Loading basalt_roughness.png
Fra:1 Mem:42.86M (Peak 66.59M) | Time:00:00.19 | Mem:2.97M, Peak:2.97M | Scene, ViewLayer | Updating Images | Loading lining_light_roughness.png
Fra:1 Mem:42.86M (Peak 66.59M) | Time:00:00.19 | Mem:2.97M, Peak:2.97M | Scene, ViewLayer | Updating Images | Loading vein_roughness.png
Fra:1 Mem:42.86M (Peak 66.59M) | Time:00:00.19 | Mem:2.97M, Peak:2.97M | Scene, ViewLayer | Updating Images | Loading bud_lilac_roughness.png
Fra:1 Mem:42.86M (Peak 66.59M) | Time:00:00.19 | Mem:2.97M, Peak:2.97M | Scene, ViewLayer | Updating Images | Loading basalt_light_roughness.png
Fra:1 Mem:42.86M (Peak 66.59M) | Time:00:00.19 | Mem:2.97M, Peak:2.97M | Scene, ViewLayer | Updating Images | Loading bud_silver_roughness.png
Fra:1 Mem:42.86M (Peak 66.59M) | Time:00:00.19 | Mem:2.97M, Peak:2.97M | Scene, ViewLayer | Updating Images | Loading calcite_shadow_roughness.png
Fra:1 Mem:42.86M (Peak 66.59M) | Time:00:00.19 | Mem:2.97M, Peak:2.97M | Scene, ViewLayer | Updating Images | Loading calcite_shadow_normal_preview.png
Fra:1 Mem:42.86M (Peak 66.59M) | Time:00:00.19 | Mem:2.97M, Peak:2.97M | Scene, ViewLayer | Updating Images | Loading bud_pink_roughness.png
Fra:1 Mem:42.86M (Peak 66.59M) | Time:00:00.19 | Mem:2.97M, Peak:2.97M | Scene, ViewLayer | Updating Images | Loading calcite_light_roughness.png
Fra:1 Mem:42.86M (Peak 66.59M) | Time:00:00.19 | Mem:2.97M, Peak:2.97M | Scene, ViewLayer | Updating Images | Loading lining_roughness.png
Fra:1 Mem:42.86M (Peak 66.59M) | Time:00:00.20 | Mem:2.97M, Peak:2.97M | Scene, ViewLayer | Updating Images | Loading basalt_dark_normal_preview.png
Fra:1 Mem:42.86M (Peak 66.59M) | Time:00:00.20 | Mem:2.97M, Peak:2.97M | Scene, ViewLayer | Updating Images | Loading vein_normal_preview.png
Fra:1 Mem:42.87M (Peak 66.59M) | Time:00:00.20 | Mem:2.97M, Peak:2.97M | Scene, ViewLayer | Updating Images | Loading calcite_normal_preview.png
Fra:1 Mem:42.87M (Peak 66.59M) | Time:00:00.20 | Mem:2.97M, Peak:2.97M | Scene, ViewLayer | Updating Images | Loading basalt_normal_preview.png
Fra:1 Mem:42.87M (Peak 66.59M) | Time:00:00.20 | Mem:2.97M, Peak:2.97M | Scene, ViewLayer | Updating Images | Loading bud_lilac_normal_preview.png
Fra:1 Mem:42.87M (Peak 66.59M) | Time:00:00.20 | Mem:2.97M, Peak:2.97M | Scene, ViewLayer | Updating Images | Loading basalt_light_normal_preview.png
Fra:1 Mem:42.87M (Peak 66.59M) | Time:00:00.20 | Mem:2.97M, Peak:2.97M | Scene, ViewLayer | Updating Images | Loading bud_silver_normal_preview.png
Fra:1 Mem:42.87M (Peak 66.59M) | Time:00:00.21 | Mem:2.98M, Peak:2.98M | Scene, ViewLayer | Updating Camera Volume
Fra:1 Mem:42.87M (Peak 66.59M) | Time:00:00.21 | Mem:2.98M, Peak:2.98M | Scene, ViewLayer | Updating Lookup Tables
Fra:1 Mem:42.87M (Peak 66.59M) | Time:00:00.21 | Mem:3.23M, Peak:3.23M | Scene, ViewLayer | Updating Lights
Fra:1 Mem:42.87M (Peak 66.59M) | Time:00:00.21 | Mem:3.23M, Peak:3.23M | Scene, ViewLayer | Updating Lights | Computing distribution
Fra:1 Mem:43.02M (Peak 66.59M) | Time:00:00.21 | Mem:3.39M, Peak:3.39M | Scene, ViewLayer | Updating Integrator
Fra:1 Mem:43.03M (Peak 66.59M) | Time:00:00.21 | Mem:3.39M, Peak:3.39M | Scene, ViewLayer | Updating Film
Fra:1 Mem:43.04M (Peak 66.59M) | Time:00:00.21 | Mem:3.14M, Peak:3.39M | Scene, ViewLayer | Updating Lookup Tables
Fra:1 Mem:43.04M (Peak 66.59M) | Time:00:00.21 | Mem:3.40M, Peak:3.40M | Scene, ViewLayer | Updating Baking
Fra:1 Mem:43.04M (Peak 66.59M) | Time:00:00.21 | Mem:3.40M, Peak:3.40M | Scene, ViewLayer | Updating Device | Writing constant memory
Fra:1 Mem:43.05M (Peak 66.59M) | Time:00:00.21 | Mem:3.40M, Peak:3.40M | Scene, ViewLayer | Sample 0/48
Fra:1 Mem:115.58M (Peak 115.58M) | Time:00:00.50 | Remaining:00:13.69 | Mem:75.89M, Peak:75.89M | Scene, ViewLayer | Sample 1/48
Fra:1 Mem:146.09M (Peak 191.87M) | Time:00:13.82 | Mem:75.89M, Peak:75.89M | Scene, ViewLayer | Sample 48/48
Fra:1 Mem:146.09M (Peak 191.87M) | Time:00:13.82 | Mem:75.89M, Peak:75.89M | Scene, ViewLayer | Finished
Saved: 'D:\Desktop\Document\Coding\FULL STACK\ConvertTable\assets\geode_prototype\geode_side.png'
 Time: 00:13.92 (Saving: 00:00.07)

Fra:1 Mem:65.04M (Peak 65.05M) | Time:00:00.04 | Mem:0.00M, Peak:0.00M | Scene, ViewLayer | Synchronizing object | 01_basalt_foundation_0000
Fra:1 Mem:65.04M (Peak 65.05M) | Time:00:00.04 | Mem:0.00M, Peak:0.00M | Scene, ViewLayer | Synchronizing object | 01_basalt_foundation_0001
Fra:1 Mem:65.05M (Peak 65.05M) | Time:00:00.04 | Mem:0.00M, Peak:0.00M | Scene, ViewLayer | Synchronizing object | 01_basalt_foundation_0002
Fra:1 Mem:65.05M (Peak 65.05M) | Time:00:00.04 | Mem:0.00M, Peak:0.00M | Scene, ViewLayer | Synchronizing object | 01_basalt_foundation_0003
Fra:1 Mem:65.05M (Peak 65.05M) | Time:00:00.04 | Mem:0.00M, Peak:0.00M | Scene, ViewLayer | Synchronizing object | 01_basalt_foundation_0006
Fra:1 Mem:65.05M (Peak 65.05M) | Time:00:00.04 | Mem:0.00M, Peak:0.00M | Scene, ViewLayer | Synchronizing object | 07_crystal_seams_0009
Fra:1 Mem:65.05M (Peak 65.05M) | Time:00:00.04 | Mem:0.00M, Peak:0.00M | Scene, ViewLayer | Synchronizing object | 08_calcite_panel_frames_0011
Fra:1 Mem:65.06M (Peak 65.06M) | Time:00:00.04 | Mem:0.00M, Peak:0.00M | Scene, ViewLayer | Synchronizing object | 08_calcite_panel_frames_0012
Fra:1 Mem:65.06M (Peak 65.06M) | Time:00:00.04 | Mem:0.00M, Peak:0.00M | Scene, ViewLayer | Synchronizing object | 10_calcite_corner_shoulders_0015
Fra:1 Mem:65.06M (Peak 65.06M) | Time:00:00.04 | Mem:0.00M, Peak:0.00M | Scene, ViewLayer | Synchronizing object | 08_calcite_panel_frames_0016
Fra:1 Mem:65.06M (Peak 65.06M) | Time:00:00.04 | Mem:0.00M, Peak:0.00M | Scene, ViewLayer | Synchronizing object | 10_calcite_corner_shoulders_0019
Fra:1 Mem:65.06M (Peak 65.06M) | Time:00:00.04 | Mem:0.00M, Peak:0.00M | Scene, ViewLayer | Synchronizing object | 10_calcite_corner_shoulders_0022
Fra:1 Mem:65.07M (Peak 65.07M) | Time:00:00.04 | Mem:0.00M, Peak:0.00M | Scene, ViewLayer | Synchronizing object | 10_calcite_corner_shoulders_0023
Fra:1 Mem:65.07M (Peak 65.07M) | Time:00:00.04 | Mem:0.00M, Peak:0.00M | Scene, ViewLayer | Synchronizing object | 10_calcite_corner_shoulders_0024
Fra:1 Mem:65.07M (Peak 65.07M) | Time:00:00.04 | Mem:0.00M, Peak:0.00M | Scene, ViewLayer | Synchronizing object | 10_calcite_corner_shoulders_0026
Fra:1 Mem:65.07M (Peak 65.07M) | Time:00:00.04 | Mem:0.00M, Peak:0.00M | Scene, ViewLayer | Synchronizing object | 10_calcite_corner_shoulders_0027
Fra:1 Mem:65.08M (Peak 65.08M) | Time:00:00.04 | Mem:0.00M, Peak:0.00M | Scene, ViewLayer | Synchronizing object | 10_calcite_corner_shoulders_0028
Fra:1 Mem:65.08M (Peak 65.08M) | Time:00:00.04 | Mem:0.00M, Peak:0.00M | Scene, ViewLayer | Synchronizing object | 10_calcite_corner_shoulders_0030
Fra:1 Mem:65.08M (Peak 65.08M) | Time:00:00.04 | Mem:0.00M, Peak:0.00M | Scene, ViewLayer | Synchronizing object | 10_calcite_corner_shoulders_0031
Fra:1 Mem:65.09M (Peak 65.09M) | Time:00:00.04 | Mem:0.00M, Peak:0.00M | Scene, ViewLayer | Synchronizing object | 02_calcite_lower_shell_0033
Fra:1 Mem:65.09M (Peak 65.09M) | Time:00:00.04 | Mem:0.00M, Peak:0.00M | Scene, ViewLayer | Synchronizing object | 02_calcite_lower_shell_0034
Fra:1 Mem:65.10M (Peak 65.10M) | Time:00:00.04 | Mem:0.00M, Peak:0.00M | Scene, ViewLayer | Synchronizing object | 02_calcite_lower_shell_0036
Fra:1 Mem:65.10M (Peak 65.10M) | Time:00:00.04 | Mem:0.00M, Peak:0.00M | Scene, ViewLayer | Synchronizing object | 02_calcite_lower_shell_0038
Fra:1 Mem:65.10M (Peak 65.10M) | Time:00:00.04 | Mem:0.00M, Peak:0.00M | Scene, ViewLayer | Synchronizing object | 01_basalt_foundation_0039
Fra:1 Mem:65.10M (Peak 65.10M) | Time:00:00.04 | Mem:0.00M, Peak:0.00M | Scene, ViewLayer | Synchronizing object | 01_basalt_foundation_0040
Fra:1 Mem:65.11M (Peak 65.11M) | Time:00:00.04 | Mem:0.00M, Peak:0.00M | Scene, ViewLayer | Synchronizing object | 01_basalt_foundation_0042
Fra:1 Mem:65.11M (Peak 65.11M) | Time:00:00.04 | Mem:0.00M, Peak:0.00M | Scene, ViewLayer | Synchronizing object | 02_calcite_lower_shell_0043
Fra:1 Mem:65.11M (Peak 65.11M) | Time:00:00.04 | Mem:0.00M, Peak:0.00M | Scene, ViewLayer | Synchronizing object | 02_calcite_lower_shell_0047
Fra:1 Mem:65.12M (Peak 65.12M) | Time:00:00.04 | Mem:0.00M, Peak:0.00M | Scene, ViewLayer | Synchronizing object | 02_calcite_lower_shell_0048
Fra:1 Mem:65.12M (Peak 65.12M) | Time:00:00.04 | Mem:0.00M, Peak:0.00M | Scene, ViewLayer | Synchronizing object | 02_calcite_lower_shell_0049
Fra:1 Mem:65.12M (Peak 65.12M) | Time:00:00.04 | Mem:0.00M, Peak:0.00M | Scene, ViewLayer | Synchronizing object | 01_basalt_foundation_0050
Fra:1 Mem:65.12M (Peak 65.13M) | Time:00:00.04 | Mem:0.00M, Peak:0.00M | Scene, ViewLayer | Synchronizing object | 02_calcite_lower_shell_0052
Fra:1 Mem:65.13M (Peak 65.13M) | Time:00:00.04 | Mem:0.00M, Peak:0.00M | Scene, ViewLayer | Synchronizing object | 02_calcite_lower_shell_0054
Fra:1 Mem:65.13M (Peak 65.13M) | Time:00:00.04 | Mem:0.00M, Peak:0.00M | Scene, ViewLayer | Synchronizing object | 03_basalt_corner_spines_0055
Fra:1 Mem:65.13M (Peak 65.13M) | Time:00:00.04 | Mem:0.00M, Peak:0.00M | Scene, ViewLayer | Synchronizing object | 03_basalt_corner_spines_0056
Fra:1 Mem:65.14M (Peak 65.14M) | Time:00:00.04 | Mem:0.00M, Peak:0.00M | Scene, ViewLayer | Synchronizing object | 03_basalt_corner_spines_0057
Fra:1 Mem:65.14M (Peak 65.14M) | Time:00:00.04 | Mem:0.00M, Peak:0.00M | Scene, ViewLayer | Synchronizing object | 03_basalt_corner_spines_0059
Fra:1 Mem:65.14M (Peak 65.14M) | Time:00:00.04 | Mem:0.00M, Peak:0.00M | Scene, ViewLayer | Synchronizing object | 05_calcite_wall_mass_0061
Fra:1 Mem:65.15M (Peak 65.15M) | Time:00:00.04 | Mem:0.00M, Peak:0.00M | Scene, ViewLayer | Synchronizing object | 06_recessed_side_panels_0062
Fra:1 Mem:65.15M (Peak 65.15M) | Time:00:00.04 | Mem:0.00M, Peak:0.00M | Scene, ViewLayer | Synchronizing object | 07_crystal_seams_0063
Fra:1 Mem:65.15M (Peak 65.15M) | Time:00:00.04 | Mem:0.00M, Peak:0.00M | Scene, ViewLayer | Synchronizing object | 07_crystal_seams_0064
Fra:1 Mem:65.15M (Peak 65.15M) | Time:00:00.04 | Mem:0.00M, Peak:0.00M | Scene, ViewLayer | Synchronizing object | 05_calcite_wall_mass_0066
Fra:1 Mem:65.15M (Peak 65.15M) | Time:00:00.04 | Mem:0.00M, Peak:0.00M | Scene, ViewLayer | Synchronizing object | 03_basalt_corner_spines_0067
Fra:1 Mem:65.16M (Peak 65.16M) | Time:00:00.04 | Mem:0.00M, Peak:0.00M | Scene, ViewLayer | Synchronizing object | 05_calcite_wall_mass_0068
Fra:1 Mem:65.16M (Peak 65.16M) | Time:00:00.04 | Mem:0.00M, Peak:0.00M | Scene, ViewLayer | Synchronizing object | 05_calcite_wall_mass_0069
Fra:1 Mem:65.17M (Peak 65.17M) | Time:00:00.04 | Mem:0.00M, Peak:0.00M | Scene, ViewLayer | Synchronizing object | 05_calcite_wall_mass_0070
Fra:1 Mem:65.17M (Peak 65.17M) | Time:00:00.04 | Mem:0.00M, Peak:0.00M | Scene, ViewLayer | Synchronizing object | 06_recessed_side_panels_0072
Fra:1 Mem:65.17M (Peak 65.17M) | Time:00:00.04 | Mem:0.00M, Peak:0.00M | Scene, ViewLayer | Synchronizing object | 05_calcite_wall_mass_0073
Fra:1 Mem:65.17M (Peak 65.17M) | Time:00:00.04 | Mem:0.00M, Peak:0.00M | Scene, ViewLayer | Synchronizing object | 05_calcite_wall_mass_0075
Fra:1 Mem:65.18M (Peak 65.18M) | Time:00:00.04 | Mem:0.00M, Peak:0.00M | Scene, ViewLayer | Synchronizing object | 05_calcite_wall_mass_0076
Fra:1 Mem:65.18M (Peak 65.18M) | Time:00:00.04 | Mem:0.00M, Peak:0.00M | Scene, ViewLayer | Synchronizing object | 05_calcite_wall_mass_0077
Fra:1 Mem:65.18M (Peak 65.18M) | Time:00:00.04 | Mem:0.00M, Peak:0.00M | Scene, ViewLayer | Synchronizing object | 05_calcite_wall_mass_0079
Fra:1 Mem:65.18M (Peak 65.18M) | Time:00:00.04 | Mem:0.00M, Peak:0.00M | Scene, ViewLayer | Synchronizing object | 05_calcite_wall_mass_0080
Fra:1 Mem:65.19M (Peak 65.19M) | Time:00:00.04 | Mem:0.00M, Peak:0.00M | Scene, ViewLayer | Synchronizing object | 10_calcite_corner_shoulders_0082
Fra:1 Mem:65.19M (Peak 65.19M) | Time:00:00.04 | Mem:0.00M, Peak:0.00M | Scene, ViewLayer | Synchronizing object | 05_calcite_wall_mass_0081
Fra:1 Mem:65.19M (Peak 65.19M) | Time:00:00.04 | Mem:0.00M, Peak:0.00M | Scene, ViewLayer | Synchronizing object | 10_calcite_corner_shoulders_0083
Fra:1 Mem:65.19M (Peak 65.19M) | Time:00:00.04 | Mem:0.00M, Peak:0.00M | Scene, ViewLayer | Synchronizing object | 05_calcite_wall_mass_0085
Fra:1 Mem:65.20M (Peak 65.20M) | Time:00:00.04 | Mem:0.00M, Peak:0.00M | Scene, ViewLayer | Synchronizing object | 05_calcite_wall_mass_0086
Fra:1 Mem:65.20M (Peak 65.20M) | Time:00:00.04 | Mem:0.00M, Peak:0.00M | Scene, ViewLayer | Synchronizing object | 05_calcite_wall_mass_0087
Fra:1 Mem:65.20M (Peak 65.20M) | Time:00:00.04 | Mem:0.00M, Peak:0.00M | Scene, ViewLayer | Synchronizing object | 05_calcite_wall_mass_0089
Fra:1 Mem:65.20M (Peak 65.20M) | Time:00:00.04 | Mem:0.00M, Peak:0.00M | Scene, ViewLayer | Synchronizing object | 10_calcite_corner_shoulders_0090
Fra:1 Mem:65.20M (Peak 65.21M) | Time:00:00.04 | Mem:0.00M, Peak:0.00M | Scene, ViewLayer | Synchronizing object | 09_calcite_crown_rim_0091
Fra:1 Mem:65.21M (Peak 65.21M) | Time:00:00.04 | Mem:0.00M, Peak:0.00M | Scene, ViewLayer | Synchronizing object | 09_calcite_crown_rim_0093
Fra:1 Mem:65.21M (Peak 65.21M) | Time:00:00.04 | Mem:0.00M, Peak:0.00M | Scene, ViewLayer | Synchronizing object | 10_calcite_corner_shoulders_0095
Fra:1 Mem:65.21M (Peak 65.21M) | Time:00:00.04 | Mem:0.00M, Peak:0.00M | Scene, ViewLayer | Synchronizing object | 10_calcite_corner_shoulders_0096
Fra:1 Mem:65.21M (Peak 65.22M) | Time:00:00.04 | Mem:0.00M, Peak:0.00M | Scene, ViewLayer | Synchronizing object | 09_calcite_crown_rim_0097
Fra:1 Mem:65.22M (Peak 65.22M) | Time:00:00.04 | Mem:0.00M, Peak:0.00M | Scene, ViewLayer | Synchronizing object | 09_calcite_crown_rim_0098
Fra:1 Mem:65.22M (Peak 65.22M) | Time:00:00.04 | Mem:0.00M, Peak:0.00M | Scene, ViewLayer | Synchronizing object | 09_calcite_crown_rim_0099
Fra:1 Mem:65.23M (Peak 65.23M) | Time:00:00.04 | Mem:0.00M, Peak:0.00M | Scene, ViewLayer | Synchronizing object | 09_calcite_crown_rim_0101
Fra:1 Mem:65.23M (Peak 65.23M) | Time:00:00.04 | Mem:0.00M, Peak:0.00M | Scene, ViewLayer | Synchronizing object | 09_calcite_crown_rim_0103
Fra:1 Mem:65.23M (Peak 65.23M) | Time:00:00.04 | Mem:0.00M, Peak:0.00M | Scene, ViewLayer | Synchronizing object | 10_calcite_corner_shoulders_0104
Fra:1 Mem:65.23M (Peak 65.23M) | Time:00:00.04 | Mem:0.00M, Peak:0.00M | Scene, ViewLayer | Synchronizing object | 09_calcite_crown_rim_0105
Fra:1 Mem:65.23M (Peak 65.23M) | Time:00:00.04 | Mem:0.00M, Peak:0.00M | Scene, ViewLayer | Synchronizing object | 09_calcite_crown_rim_0106
Fra:1 Mem:65.24M (Peak 65.24M) | Time:00:00.04 | Mem:0.00M, Peak:0.00M | Scene, ViewLayer | Synchronizing object | 10_calcite_corner_shoulders_0107
Fra:1 Mem:65.24M (Peak 65.24M) | Time:00:00.04 | Mem:0.00M, Peak:0.00M | Scene, ViewLayer | Synchronizing object | 11_corner_crystal_buds_0108
Fra:1 Mem:65.24M (Peak 65.24M) | Time:00:00.04 | Mem:0.00M, Peak:0.00M | Scene, ViewLayer | Synchronizing object | 11_corner_crystal_buds_0110
Fra:1 Mem:65.24M (Peak 65.24M) | Time:00:00.04 | Mem:0.00M, Peak:0.00M | Scene, ViewLayer | Synchronizing object | 11_corner_crystal_buds_0112
Fra:1 Mem:65.25M (Peak 65.25M) | Time:00:00.04 | Mem:0.00M, Peak:0.00M | Scene, ViewLayer | Synchronizing object | 11_corner_crystal_buds_0113
Fra:1 Mem:65.25M (Peak 65.26M) | Time:00:00.04 | Mem:0.00M, Peak:0.00M | Scene, ViewLayer | Synchronizing object | 01_basalt_foundation_0114
Fra:1 Mem:65.26M (Peak 65.26M) | Time:00:00.04 | Mem:0.00M, Peak:0.00M | Scene, ViewLayer | Synchronizing object | 01_basalt_foundation_0115
Fra:1 Mem:65.26M (Peak 65.26M) | Time:00:00.04 | Mem:0.00M, Peak:0.00M | Scene, ViewLayer | Synchronizing object | 02_calcite_lower_shell_0117
Fra:1 Mem:65.26M (Peak 65.26M) | Time:00:00.04 | Mem:0.00M, Peak:0.00M | Scene, ViewLayer | Synchronizing object | 02_calcite_lower_shell_0118
Fra:1 Mem:65.26M (Peak 65.26M) | Time:00:00.04 | Mem:0.00M, Peak:0.00M | Scene, ViewLayer | Synchronizing object | 02_calcite_lower_shell_0119
Fra:1 Mem:65.27M (Peak 65.27M) | Time:00:00.04 | Mem:0.00M, Peak:0.00M | Scene, ViewLayer | Synchronizing object | 02_calcite_lower_shell_0121
Fra:1 Mem:65.27M (Peak 65.27M) | Time:00:00.04 | Mem:0.00M, Peak:0.00M | Scene, ViewLayer | Synchronizing object | 01_basalt_foundation_0123
Fra:1 Mem:65.27M (Peak 65.27M) | Time:00:00.04 | Mem:0.00M, Peak:0.00M | Scene, ViewLayer | Synchronizing object | 02_calcite_lower_shell_0124
Fra:1 Mem:65.27M (Peak 65.27M) | Time:00:00.04 | Mem:0.00M, Peak:0.00M | Scene, ViewLayer | Synchronizing object | 02_calcite_lower_shell_0125
Fra:1 Mem:65.28M (Peak 65.28M) | Time:00:00.05 | Mem:0.00M, Peak:0.00M | Scene, ViewLayer | Synchronizing object | 02_calcite_lower_shell_0126
Fra:1 Mem:65.28M (Peak 65.28M) | Time:00:00.05 | Mem:0.00M, Peak:0.00M | Scene, ViewLayer | Synchronizing object | 02_calcite_lower_shell_0127
Fra:1 Mem:65.28M (Peak 65.28M) | Time:00:00.05 | Mem:0.00M, Peak:0.00M | Scene, ViewLayer | Synchronizing object | 01_basalt_foundation_0128
Fra:1 Mem:65.29M (Peak 65.29M) | Time:00:00.05 | Mem:0.00M, Peak:0.00M | Scene, ViewLayer | Synchronizing object | 02_calcite_lower_shell_0130
Fra:1 Mem:65.29M (Peak 65.29M) | Time:00:00.05 | Mem:0.00M, Peak:0.00M | Scene, ViewLayer | Synchronizing object | 02_calcite_lower_shell_0132
Fra:1 Mem:65.29M (Peak 65.29M) | Time:00:00.05 | Mem:0.00M, Peak:0.00M | Scene, ViewLayer | Synchronizing object | 03_basalt_corner_spines_0134
Fra:1 Mem:65.29M (Peak 65.29M) | Time:00:00.05 | Mem:0.00M, Peak:0.00M | Scene, ViewLayer | Synchronizing object | 03_basalt_corner_spines_0135
Fra:1 Mem:65.30M (Peak 65.30M) | Time:00:00.05 | Mem:0.00M, Peak:0.00M | Scene, ViewLayer | Synchronizing object | 05_calcite_wall_mass_0136
Fra:1 Mem:65.30M (Peak 65.30M) | Time:00:00.05 | Mem:0.00M, Peak:0.00M | Scene, ViewLayer | Synchronizing object | 05_calcite_wall_mass_0137
Fra:1 Mem:65.30M (Peak 65.30M) | Time:00:00.05 | Mem:0.00M, Peak:0.00M | Scene, ViewLayer | Synchronizing object | 05_calcite_wall_mass_0139
Fra:1 Mem:65.31M (Peak 65.31M) | Time:00:00.05 | Mem:0.00M, Peak:0.00M | Scene, ViewLayer | Synchronizing object | 05_calcite_wall_mass_0140
Fra:1 Mem:65.31M (Peak 65.31M) | Time:00:00.05 | Mem:0.00M, Peak:0.00M | Scene, ViewLayer | Synchronizing object | 05_calcite_wall_mass_0143
Fra:1 Mem:65.31M (Peak 65.31M) | Time:00:00.05 | Mem:0.00M, Peak:0.00M | Scene, ViewLayer | Synchronizing object | 03_basalt_corner_spines_0144
Fra:1 Mem:65.31M (Peak 65.31M) | Time:00:00.05 | Mem:0.00M, Peak:0.00M | Scene, ViewLayer | Synchronizing object | 03_basalt_corner_spines_0145
Fra:1 Mem:65.32M (Peak 65.32M) | Time:00:00.05 | Mem:0.00M, Peak:0.00M | Scene, ViewLayer | Synchronizing object | 03_basalt_corner_spines_0146
Fra:1 Mem:65.32M (Peak 65.32M) | Time:00:00.05 | Mem:0.00M, Peak:0.00M | Scene, ViewLayer | Synchronizing object | 05_calcite_wall_mass_0147
Fra:1 Mem:65.32M (Peak 65.32M) | Time:00:00.05 | Mem:0.00M, Peak:0.00M | Scene, ViewLayer | Synchronizing object | 03_basalt_corner_spines_0149
Fra:1 Mem:65.32M (Peak 65.32M) | Time:00:00.05 | Mem:0.00M, Peak:0.00M | Scene, ViewLayer | Synchronizing object | 03_basalt_corner_spines_0150
Fra:1 Mem:65.32M (Peak 65.32M) | Time:00:00.05 | Mem:0.00M, Peak:0.00M | Scene, ViewLayer | Synchronizing object | 03_basalt_corner_spines_0151
Fra:1 Mem:65.33M (Peak 65.33M) | Time:00:00.05 | Mem:0.00M, Peak:0.00M | Scene, ViewLayer | Synchronizing object | 05_calcite_wall_mass_0152
Fra:1 Mem:65.33M (Peak 65.33M) | Time:00:00.05 | Mem:0.00M, Peak:0.00M | Scene, ViewLayer | Synchronizing object | 05_calcite_wall_mass_0154
Fra:1 Mem:65.33M (Peak 65.33M) | Time:00:00.05 | Mem:0.00M, Peak:0.00M | Scene, ViewLayer | Synchronizing object | 05_calcite_wall_mass_0155
Fra:1 Mem:65.33M (Peak 65.34M) | Time:00:00.05 | Mem:0.00M, Peak:0.00M | Scene, ViewLayer | Synchronizing object | 03_basalt_corner_spines_0156
Fra:1 Mem:65.34M (Peak 65.34M) | Time:00:00.05 | Mem:0.00M, Peak:0.00M | Scene, ViewLayer | Synchronizing object | 03_basalt_corner_spines_0157
Fra:1 Mem:65.34M (Peak 65.34M) | Time:00:00.05 | Mem:0.00M, Peak:0.00M | Scene, ViewLayer | Synchronizing object | 03_basalt_corner_spines_0158
Fra:1 Mem:65.34M (Peak 65.34M) | Time:00:00.05 | Mem:0.00M, Peak:0.00M | Scene, ViewLayer | Synchronizing object | 05_calcite_wall_mass_0160
Fra:1 Mem:65.34M (Peak 65.34M) | Time:00:00.05 | Mem:0.00M, Peak:0.00M | Scene, ViewLayer | Synchronizing object | 05_calcite_wall_mass_0161
Fra:1 Mem:65.35M (Peak 65.35M) | Time:00:00.05 | Mem:0.00M, Peak:0.00M | Scene, ViewLayer | Synchronizing object | 05_calcite_wall_mass_0162
Fra:1 Mem:65.35M (Peak 65.35M) | Time:00:00.05 | Mem:0.00M, Peak:0.00M | Scene, ViewLayer | Synchronizing object | 03_basalt_corner_spines_0164
Fra:1 Mem:65.35M (Peak 65.35M) | Time:00:00.05 | Mem:0.00M, Peak:0.00M | Scene, ViewLayer | Synchronizing object | 05_calcite_wall_mass_0166
Fra:1 Mem:65.35M (Peak 65.35M) | Time:00:00.05 | Mem:0.00M, Peak:0.00M | Scene, ViewLayer | Synchronizing object | 05_calcite_wall_mass_0167
Fra:1 Mem:65.36M (Peak 65.36M) | Time:00:00.05 | Mem:0.00M, Peak:0.00M | Scene, ViewLayer | Synchronizing object | 05_calcite_wall_mass_0168
Fra:1 Mem:65.36M (Peak 65.36M) | Time:00:00.05 | Mem:0.00M, Peak:0.00M | Scene, ViewLayer | Synchronizing object | 05_calcite_wall_mass_0169
Fra:1 Mem:65.36M (Peak 65.36M) | Time:00:00.05 | Mem:0.00M, Peak:0.00M | Scene, ViewLayer | Synchronizing object | 05_calcite_wall_mass_0170
Fra:1 Mem:65.36M (Peak 65.36M) | Time:00:00.05 | Mem:0.00M, Peak:0.00M | Scene, ViewLayer | Synchronizing object | 05_calcite_wall_mass_0171
Fra:1 Mem:65.36M (Peak 65.36M) | Time:00:00.05 | Mem:0.00M, Peak:0.00M | Scene, ViewLayer | Synchronizing object | 05_calcite_wall_mass_0172
Fra:1 Mem:65.37M (Peak 65.37M) | Time:00:00.05 | Mem:0.00M, Peak:0.00M | Scene, ViewLayer | Synchronizing object | 03_basalt_corner_spines_0173
Fra:1 Mem:65.37M (Peak 65.37M) | Time:00:00.05 | Mem:0.00M, Peak:0.00M | Scene, ViewLayer | Synchronizing object | 05_calcite_wall_mass_0175
Fra:1 Mem:65.37M (Peak 65.37M) | Time:00:00.05 | Mem:0.00M, Peak:0.00M | Scene, ViewLayer | Synchronizing object | 05_calcite_wall_mass_0176
Fra:1 Mem:65.38M (Peak 65.38M) | Time:00:00.05 | Mem:0.00M, Peak:0.00M | Scene, ViewLayer | Synchronizing object | 05_calcite_wall_mass_0177
Fra:1 Mem:65.38M (Peak 65.38M) | Time:00:00.05 | Mem:0.00M, Peak:0.00M | Scene, ViewLayer | Synchronizing object | 05_calcite_wall_mass_0179
Fra:1 Mem:65.38M (Peak 65.38M) | Time:00:00.05 | Mem:0.00M, Peak:0.00M | Scene, ViewLayer | Synchronizing object | 03_basalt_corner_spines_0180
Fra:1 Mem:65.38M (Peak 65.38M) | Time:00:00.05 | Mem:0.00M, Peak:0.00M | Scene, ViewLayer | Synchronizing object | 10_calcite_corner_shoulders_0182
Fra:1 Mem:65.39M (Peak 65.39M) | Time:00:00.05 | Mem:0.00M, Peak:0.00M | Scene, ViewLayer | Synchronizing object | 05_calcite_wall_mass_0183
Fra:1 Mem:65.39M (Peak 65.39M) | Time:00:00.05 | Mem:0.00M, Peak:0.00M | Scene, ViewLayer | Synchronizing object | 05_calcite_wall_mass_0184
Fra:1 Mem:65.39M (Peak 65.39M) | Time:00:00.05 | Mem:0.00M, Peak:0.00M | Scene, ViewLayer | Synchronizing object | 05_calcite_wall_mass_0186
Fra:1 Mem:65.40M (Peak 65.40M) | Time:00:00.05 | Mem:0.00M, Peak:0.00M | Scene, ViewLayer | Synchronizing object | 10_calcite_corner_shoulders_0187
Fra:1 Mem:65.40M (Peak 65.40M) | Time:00:00.05 | Mem:0.00M, Peak:0.00M | Scene, ViewLayer | Synchronizing object | 10_calcite_corner_shoulders_0188
Fra:1 Mem:65.40M (Peak 65.40M) | Time:00:00.05 | Mem:0.00M, Peak:0.00M | Scene, ViewLayer | Synchronizing object | 09_calcite_crown_rim_0190
Fra:1 Mem:65.40M (Peak 65.40M) | Time:00:00.05 | Mem:0.00M, Peak:0.00M | Scene, ViewLayer | Synchronizing object | 09_calcite_crown_rim_0191
Fra:1 Mem:65.41M (Peak 65.41M) | Time:00:00.05 | Mem:0.00M, Peak:0.00M | Scene, ViewLayer | Synchronizing object | 09_calcite_crown_rim_0192
Fra:1 Mem:65.41M (Peak 65.41M) | Time:00:00.05 | Mem:0.00M, Peak:0.00M | Scene, ViewLayer | Synchronizing object | 09_calcite_crown_rim_0193
Fra:1 Mem:65.41M (Peak 65.41M) | Time:00:00.05 | Mem:0.00M, Peak:0.00M | Scene, ViewLayer | Synchronizing object | 10_calcite_corner_shoulders_0196
Fra:1 Mem:65.41M (Peak 65.41M) | Time:00:00.05 | Mem:0.00M, Peak:0.00M | Scene, ViewLayer | Synchronizing object | 10_calcite_corner_shoulders_0197
Fra:1 Mem:65.42M (Peak 65.42M) | Time:00:00.05 | Mem:0.00M, Peak:0.00M | Scene, ViewLayer | Synchronizing object | 09_calcite_crown_rim_0198
Fra:1 Mem:65.42M (Peak 65.42M) | Time:00:00.05 | Mem:0.00M, Peak:0.00M | Scene, ViewLayer | Synchronizing object | 09_calcite_crown_rim_0200
Fra:1 Mem:65.42M (Peak 65.42M) | Time:00:00.05 | Mem:0.00M, Peak:0.00M | Scene, ViewLayer | Synchronizing object | 09_calcite_crown_rim_0201
Fra:1 Mem:65.42M (Peak 65.42M) | Time:00:00.05 | Mem:0.00M, Peak:0.00M | Scene, ViewLayer | Synchronizing object | 10_calcite_corner_shoulders_0203
Fra:1 Mem:65.43M (Peak 65.43M) | Time:00:00.05 | Mem:0.00M, Peak:0.00M | Scene, ViewLayer | Synchronizing object | 10_calcite_corner_shoulders_0204
Fra:1 Mem:65.43M (Peak 65.43M) | Time:00:00.05 | Mem:0.00M, Peak:0.00M | Scene, ViewLayer | Synchronizing object | 09_calcite_crown_rim_0205
Fra:1 Mem:65.43M (Peak 65.43M) | Time:00:00.05 | Mem:0.00M, Peak:0.00M | Scene, ViewLayer | Synchronizing object | 10_calcite_corner_shoulders_0207
Fra:1 Mem:65.43M (Peak 65.43M) | Time:00:00.05 | Mem:0.00M, Peak:0.00M | Scene, ViewLayer | Synchronizing object | 02_calcite_lower_shell_0208
Fra:1 Mem:65.44M (Peak 65.44M) | Time:00:00.05 | Mem:0.00M, Peak:0.00M | Scene, ViewLayer | Synchronizing object | 02_calcite_lower_shell_0209
Fra:1 Mem:65.44M (Peak 65.44M) | Time:00:00.05 | Mem:0.00M, Peak:0.00M | Scene, ViewLayer | Synchronizing object | 02_calcite_lower_shell_0211
Fra:1 Mem:65.45M (Peak 65.45M) | Time:00:00.05 | Mem:0.00M, Peak:0.00M | Scene, ViewLayer | Synchronizing object | 02_calcite_lower_shell_0213
Fra:1 Mem:65.45M (Peak 65.45M) | Time:00:00.05 | Mem:0.00M, Peak:0.00M | Scene, ViewLayer | Synchronizing object | 02_calcite_lower_shell_0215
Fra:1 Mem:65.45M (Peak 65.45M) | Time:00:00.05 | Mem:0.00M, Peak:0.00M | Scene, ViewLayer | Synchronizing object | 02_calcite_lower_shell_0216
Fra:1 Mem:65.45M (Peak 65.45M) | Time:00:00.05 | Mem:0.00M, Peak:0.00M | Scene, ViewLayer | Synchronizing object | 02_calcite_lower_shell_0217
Fra:1 Mem:65.45M (Peak 65.46M) | Time:00:00.05 | Mem:0.00M, Peak:0.00M | Scene, ViewLayer | Synchronizing object | 02_calcite_lower_shell_0218
Fra:1 Mem:65.46M (Peak 65.46M) | Time:00:00.05 | Mem:0.00M, Peak:0.00M | Scene, ViewLayer | Synchronizing object | 02_calcite_lower_shell_0219
Fra:1 Mem:65.46M (Peak 65.46M) | Time:00:00.05 | Mem:0.00M, Peak:0.00M | Scene, ViewLayer | Synchronizing object | 02_calcite_lower_shell_0221
Fra:1 Mem:65.46M (Peak 65.46M) | Time:00:00.05 | Mem:0.00M, Peak:0.00M | Scene, ViewLayer | Synchronizing object | 02_calcite_lower_shell_0222
Fra:1 Mem:65.47M (Peak 65.47M) | Time:00:00.05 | Mem:0.00M, Peak:0.00M | Scene, ViewLayer | Synchronizing object | 02_calcite_lower_shell_0223
Fra:1 Mem:65.47M (Peak 65.47M) | Time:00:00.05 | Mem:0.00M, Peak:0.00M | Scene, ViewLayer | Synchronizing object | 02_calcite_lower_shell_0225
Fra:1 Mem:65.47M (Peak 65.47M) | Time:00:00.05 | Mem:0.00M, Peak:0.00M | Scene, ViewLayer | Synchronizing object | 02_calcite_lower_shell_0227
Fra:1 Mem:65.47M (Peak 65.47M) | Time:00:00.05 | Mem:0.00M, Peak:0.00M | Scene, ViewLayer | Synchronizing object | 02_calcite_lower_shell_0229
Fra:1 Mem:65.48M (Peak 65.48M) | Time:00:00.05 | Mem:0.00M, Peak:0.00M | Scene, ViewLayer | Synchronizing object | 02_calcite_lower_shell_0230
Fra:1 Mem:65.48M (Peak 65.48M) | Time:00:00.05 | Mem:0.00M, Peak:0.00M | Scene, ViewLayer | Synchronizing object | 02_calcite_lower_shell_0231
Fra:1 Mem:65.48M (Peak 65.48M) | Time:00:00.05 | Mem:0.00M, Peak:0.00M | Scene, ViewLayer | Synchronizing object | 05_calcite_wall_mass_0233
Fra:1 Mem:65.49M (Peak 65.49M) | Time:00:00.05 | Mem:0.00M, Peak:0.00M | Scene, ViewLayer | Synchronizing object | 05_calcite_wall_mass_0234
Fra:1 Mem:65.49M (Peak 65.49M) | Time:00:00.05 | Mem:0.00M, Peak:0.00M | Scene, ViewLayer | Synchronizing object | 05_calcite_wall_mass_0235
Fra:1 Mem:65.50M (Peak 65.50M) | Time:00:00.05 | Mem:0.00M, Peak:0.00M | Scene, ViewLayer | Synchronizing object | 05_calcite_wall_mass_0237
Fra:1 Mem:65.50M (Peak 65.50M) | Time:00:00.05 | Mem:0.00M, Peak:0.00M | Scene, ViewLayer | Synchronizing object | 05_calcite_wall_mass_0242
Fra:1 Mem:65.51M (Peak 65.51M) | Time:00:00.05 | Mem:0.00M, Peak:0.00M | Scene, ViewLayer | Synchronizing object | 05_calcite_wall_mass_0243
Fra:1 Mem:65.51M (Peak 65.51M) | Time:00:00.05 | Mem:0.00M, Peak:0.00M | Scene, ViewLayer | Synchronizing object | 05_calcite_wall_mass_0245
Fra:1 Mem:65.51M (Peak 65.51M) | Time:00:00.05 | Mem:0.00M, Peak:0.00M | Scene, ViewLayer | Synchronizing object | 05_calcite_wall_mass_0247
Fra:1 Mem:65.51M (Peak 65.51M) | Time:00:00.05 | Mem:0.00M, Peak:0.00M | Scene, ViewLayer | Synchronizing object | 05_calcite_wall_mass_0249
Fra:1 Mem:65.52M (Peak 65.52M) | Time:00:00.05 | Mem:0.00M, Peak:0.00M | Scene, ViewLayer | Synchronizing object | 05_calcite_wall_mass_0250
Fra:1 Mem:65.52M (Peak 65.52M) | Time:00:00.05 | Mem:0.00M, Peak:0.00M | Scene, ViewLayer | Synchronizing object | 05_calcite_wall_mass_0251
Fra:1 Mem:65.52M (Peak 65.52M) | Time:00:00.05 | Mem:0.00M, Peak:0.00M | Scene, ViewLayer | Synchronizing object | 05_calcite_wall_mass_0254
Fra:1 Mem:65.52M (Peak 65.53M) | Time:00:00.05 | Mem:0.00M, Peak:0.00M | Scene, ViewLayer | Synchronizing object | 05_calcite_wall_mass_0255
Fra:1 Mem:65.53M (Peak 65.53M) | Time:00:00.05 | Mem:0.00M, Peak:0.00M | Scene, ViewLayer | Synchronizing object | 05_calcite_wall_mass_0256
Fra:1 Mem:65.53M (Peak 65.53M) | Time:00:00.05 | Mem:0.00M, Peak:0.00M | Scene, ViewLayer | Synchronizing object | 05_calcite_wall_mass_0258
Fra:1 Mem:65.54M (Peak 65.54M) | Time:00:00.05 | Mem:0.00M, Peak:0.00M | Scene, ViewLayer | Synchronizing object | 05_calcite_wall_mass_0260
Fra:1 Mem:65.54M (Peak 65.54M) | Time:00:00.05 | Mem:0.00M, Peak:0.00M | Scene, ViewLayer | Synchronizing object | 05_calcite_wall_mass_0262
Fra:1 Mem:65.54M (Peak 65.54M) | Time:00:00.05 | Mem:0.00M, Peak:0.00M | Scene, ViewLayer | Synchronizing object | 05_calcite_wall_mass_0263
Fra:1 Mem:65.55M (Peak 65.55M) | Time:00:00.05 | Mem:0.00M, Peak:0.00M | Scene, ViewLayer | Synchronizing object | 05_calcite_wall_mass_0264
Fra:1 Mem:65.55M (Peak 65.55M) | Time:00:00.05 | Mem:0.00M, Peak:0.00M | Scene, ViewLayer | Synchronizing object | 05_calcite_wall_mass_0267
Fra:1 Mem:65.55M (Peak 65.55M) | Time:00:00.05 | Mem:0.00M, Peak:0.00M | Scene, ViewLayer | Synchronizing object | 05_calcite_wall_mass_0268
Fra:1 Mem:65.55M (Peak 65.55M) | Time:00:00.05 | Mem:0.00M, Peak:0.00M | Scene, ViewLayer | Synchronizing object | 10_calcite_corner_shoulders_0269
Fra:1 Mem:65.55M (Peak 65.55M) | Time:00:00.05 | Mem:0.00M, Peak:0.00M | Scene, ViewLayer | Synchronizing object | 05_calcite_wall_mass_0270
Fra:1 Mem:65.56M (Peak 65.56M) | Time:00:00.05 | Mem:0.00M, Peak:0.00M | Scene, ViewLayer | Synchronizing object | 05_calcite_wall_mass_0271
Fra:1 Mem:65.56M (Peak 65.56M) | Time:00:00.05 | Mem:0.00M, Peak:0.00M | Scene, ViewLayer | Synchronizing object | 05_calcite_wall_mass_0272
Fra:1 Mem:65.56M (Peak 65.56M) | Time:00:00.05 | Mem:0.00M, Peak:0.00M | Scene, ViewLayer | Synchronizing object | 10_calcite_corner_shoulders_0274
Fra:1 Mem:65.57M (Peak 65.57M) | Time:00:00.05 | Mem:0.00M, Peak:0.00M | Scene, ViewLayer | Synchronizing object | 10_calcite_corner_shoulders_0275
Fra:1 Mem:65.57M (Peak 65.57M) | Time:00:00.05 | Mem:0.00M, Peak:0.00M | Scene, ViewLayer | Synchronizing object | 09_calcite_crown_rim_0277
Fra:1 Mem:65.57M (Peak 65.57M) | Time:00:00.05 | Mem:0.00M, Peak:0.00M | Scene, ViewLayer | Synchronizing object | 09_calcite_crown_rim_0278
Fra:1 Mem:65.58M (Peak 65.58M) | Time:00:00.05 | Mem:0.00M, Peak:0.00M | Scene, ViewLayer | Synchronizing object | 10_calcite_corner_shoulders_0279
Fra:1 Mem:65.58M (Peak 65.58M) | Time:00:00.05 | Mem:0.00M, Peak:0.00M | Scene, ViewLayer | Synchronizing object | 09_calcite_crown_rim_0281
Fra:1 Mem:65.58M (Peak 65.58M) | Time:00:00.05 | Mem:0.00M, Peak:0.00M | Scene, ViewLayer | Synchronizing object | 09_calcite_crown_rim_0282
Fra:1 Mem:65.58M (Peak 65.58M) | Time:00:00.05 | Mem:0.00M, Peak:0.00M | Scene, ViewLayer | Synchronizing object | 10_calcite_corner_shoulders_0283
Fra:1 Mem:65.59M (Peak 65.59M) | Time:00:00.05 | Mem:0.00M, Peak:0.00M | Scene, ViewLayer | Synchronizing object | 02_calcite_lower_shell_0285
Fra:1 Mem:65.59M (Peak 65.59M) | Time:00:00.05 | Mem:0.00M, Peak:0.00M | Scene, ViewLayer | Synchronizing object | 02_calcite_lower_shell_0286
Fra:1 Mem:65.59M (Peak 65.59M) | Time:00:00.05 | Mem:0.00M, Peak:0.00M | Scene, ViewLayer | Synchronizing object | 02_calcite_lower_shell_0287
Fra:1 Mem:65.59M (Peak 65.59M) | Time:00:00.05 | Mem:0.00M, Peak:0.00M | Scene, ViewLayer | Synchronizing object | 02_calcite_lower_shell_0289
Fra:1 Mem:65.60M (Peak 65.60M) | Time:00:00.05 | Mem:0.00M, Peak:0.00M | Scene, ViewLayer | Synchronizing object | 02_calcite_lower_shell_0290
Fra:1 Mem:65.60M (Peak 65.60M) | Time:00:00.05 | Mem:0.00M, Peak:0.00M | Scene, ViewLayer | Synchronizing object | 02_calcite_lower_shell_0292
Fra:1 Mem:65.61M (Peak 65.61M) | Time:00:00.05 | Mem:0.00M, Peak:0.00M | Scene, ViewLayer | Synchronizing object | 02_calcite_lower_shell_0293
Fra:1 Mem:65.61M (Peak 65.61M) | Time:00:00.05 | Mem:0.00M, Peak:0.00M | Scene, ViewLayer | Synchronizing object | 02_calcite_lower_shell_0295
Fra:1 Mem:65.61M (Peak 65.61M) | Time:00:00.05 | Mem:0.00M, Peak:0.00M | Scene, ViewLayer | Synchronizing object | 02_calcite_lower_shell_0297
Fra:1 Mem:65.61M (Peak 65.61M) | Time:00:00.05 | Mem:0.00M, Peak:0.00M | Scene, ViewLayer | Synchronizing object | 02_calcite_lower_shell_0298
Fra:1 Mem:65.62M (Peak 65.62M) | Time:00:00.05 | Mem:0.00M, Peak:0.00M | Scene, ViewLayer | Synchronizing object | 02_calcite_lower_shell_0300
Fra:1 Mem:65.62M (Peak 65.62M) | Time:00:00.05 | Mem:0.00M, Peak:0.00M | Scene, ViewLayer | Synchronizing object | 02_calcite_lower_shell_0301
Fra:1 Mem:65.62M (Peak 65.62M) | Time:00:00.05 | Mem:0.00M, Peak:0.00M | Scene, ViewLayer | Synchronizing object | 08_calcite_panel_frames_0302
Fra:1 Mem:65.63M (Peak 65.63M) | Time:00:00.05 | Mem:0.00M, Peak:0.00M | Scene, ViewLayer | Synchronizing object | 04_geode_inner_lining_0304
Fra:1 Mem:65.63M (Peak 65.63M) | Time:00:00.05 | Mem:0.00M, Peak:0.00M | Scene, ViewLayer | Synchronizing object | 08_calcite_panel_frames_0306
Fra:1 Mem:65.63M (Peak 65.63M) | Time:00:00.05 | Mem:0.00M, Peak:0.00M | Scene, ViewLayer | Synchronizing object | 08_calcite_panel_frames_0307
Fra:1 Mem:65.63M (Peak 65.63M) | Time:00:00.05 | Mem:0.00M, Peak:0.00M | Scene, ViewLayer | Synchronizing object | 05_calcite_wall_mass_0309
Fra:1 Mem:65.63M (Peak 65.64M) | Time:00:00.05 | Mem:0.00M, Peak:0.00M | Scene, ViewLayer | Synchronizing object | 05_calcite_wall_mass_0310
Fra:1 Mem:65.64M (Peak 65.64M) | Time:00:00.05 | Mem:0.00M, Peak:0.00M | Scene, ViewLayer | Synchronizing object | 05_calcite_wall_mass_0312
Fra:1 Mem:65.65M (Peak 65.65M) | Time:00:00.05 | Mem:0.00M, Peak:0.00M | Scene, ViewLayer | Synchronizing object | 05_calcite_wall_mass_0313
Fra:1 Mem:65.65M (Peak 65.65M) | Time:00:00.05 | Mem:0.00M, Peak:0.00M | Scene, ViewLayer | Synchronizing object | 05_calcite_wall_mass_0315
Fra:1 Mem:65.65M (Peak 65.65M) | Time:00:00.05 | Mem:0.00M, Peak:0.00M | Scene, ViewLayer | Synchronizing object | 05_calcite_wall_mass_0317
Fra:1 Mem:65.65M (Peak 65.65M) | Time:00:00.05 | Mem:0.00M, Peak:0.00M | Scene, ViewLayer | Synchronizing object | 05_calcite_wall_mass_0320
Fra:1 Mem:65.66M (Peak 65.66M) | Time:00:00.05 | Mem:0.00M, Peak:0.00M | Scene, ViewLayer | Synchronizing object | 04_geode_inner_lining_0321
Fra:1 Mem:65.66M (Peak 65.66M) | Time:00:00.05 | Mem:0.00M, Peak:0.00M | Scene, ViewLayer | Synchronizing object | 05_calcite_wall_mass_0322
Fra:1 Mem:65.66M (Peak 65.66M) | Time:00:00.05 | Mem:0.00M, Peak:0.00M | Scene, ViewLayer | Synchronizing object | 05_calcite_wall_mass_0324
Fra:1 Mem:65.66M (Peak 65.66M) | Time:00:00.05 | Mem:0.00M, Peak:0.00M | Scene, ViewLayer | Synchronizing object | 05_calcite_wall_mass_0326
Fra:1 Mem:65.67M (Peak 65.67M) | Time:00:00.05 | Mem:0.00M, Peak:0.00M | Scene, ViewLayer | Synchronizing object | 05_calcite_wall_mass_0327
Fra:1 Mem:65.68M (Peak 65.68M) | Time:00:00.05 | Mem:0.00M, Peak:0.00M | Scene, ViewLayer | Synchronizing object | 08_calcite_panel_frames_0328
Fra:1 Mem:65.68M (Peak 65.68M) | Time:00:00.05 | Mem:0.00M, Peak:0.00M | Scene, ViewLayer | Synchronizing object | 09_calcite_crown_rim_0331
Fra:1 Mem:65.68M (Peak 65.68M) | Time:00:00.05 | Mem:0.00M, Peak:0.00M | Scene, ViewLayer | Synchronizing object | 09_calcite_crown_rim_0333
Fra:1 Mem:65.68M (Peak 65.68M) | Time:00:00.05 | Mem:0.00M, Peak:0.00M | Scene, ViewLayer | Synchronizing object | 09_calcite_crown_rim_0335
Fra:1 Mem:65.69M (Peak 65.69M) | Time:00:00.05 | Mem:0.00M, Peak:0.00M | Scene, ViewLayer | Synchronizing object | 09_calcite_crown_rim_0336
Fra:1 Mem:65.69M (Peak 65.69M) | Time:00:00.05 | Mem:0.00M, Peak:0.00M | Scene, ViewLayer | Synchronizing object | 09_calcite_crown_rim_0337
Fra:1 Mem:65.69M (Peak 65.69M) | Time:00:00.05 | Mem:0.00M, Peak:0.00M | Scene, ViewLayer | Synchronizing object | 02_calcite_lower_shell_0340
Fra:1 Mem:65.70M (Peak 65.70M) | Time:00:00.05 | Mem:0.00M, Peak:0.00M | Scene, ViewLayer | Synchronizing object | 02_calcite_lower_shell_0341
Fra:1 Mem:65.70M (Peak 65.70M) | Time:00:00.05 | Mem:0.00M, Peak:0.00M | Scene, ViewLayer | Synchronizing object | 02_calcite_lower_shell_0342
Fra:1 Mem:65.70M (Peak 65.70M) | Time:00:00.05 | Mem:0.00M, Peak:0.00M | Scene, ViewLayer | Synchronizing object | 02_calcite_lower_shell_0344
Fra:1 Mem:65.70M (Peak 65.70M) | Time:00:00.05 | Mem:0.00M, Peak:0.00M | Scene, ViewLayer | Synchronizing object | 02_calcite_lower_shell_0345
Fra:1 Mem:65.71M (Peak 65.71M) | Time:00:00.05 | Mem:0.00M, Peak:0.00M | Scene, ViewLayer | Synchronizing object | 02_calcite_lower_shell_0346
Fra:1 Mem:65.71M (Peak 65.71M) | Time:00:00.05 | Mem:0.00M, Peak:0.00M | Scene, ViewLayer | Synchronizing object | 02_calcite_lower_shell_0347
Fra:1 Mem:65.71M (Peak 65.71M) | Time:00:00.05 | Mem:0.00M, Peak:0.00M | Scene, ViewLayer | Synchronizing object | 02_calcite_lower_shell_0350
Fra:1 Mem:65.72M (Peak 65.72M) | Time:00:00.05 | Mem:0.00M, Peak:0.00M | Scene, ViewLayer | Synchronizing object | 05_calcite_wall_mass_0351
Fra:1 Mem:65.72M (Peak 65.72M) | Time:00:00.05 | Mem:0.00M, Peak:0.00M | Scene, ViewLayer | Synchronizing object | 06_recessed_side_panels_0352
Fra:1 Mem:65.72M (Peak 65.72M) | Time:00:00.05 | Mem:0.00M, Peak:0.00M | Scene, ViewLayer | Synchronizing object | 05_calcite_wall_mass_0353
Fra:1 Mem:65.72M (Peak 65.72M) | Time:00:00.05 | Mem:0.00M, Peak:0.00M | Scene, ViewLayer | Synchronizing object | 05_calcite_wall_mass_0355
Fra:1 Mem:65.72M (Peak 65.72M) | Time:00:00.05 | Mem:0.00M, Peak:0.00M | Scene, ViewLayer | Synchronizing object | 05_calcite_wall_mass_0356
Fra:1 Mem:65.73M (Peak 65.73M) | Time:00:00.05 | Mem:0.00M, Peak:0.00M | Scene, ViewLayer | Synchronizing object | 05_calcite_wall_mass_0359
Fra:1 Mem:65.73M (Peak 65.73M) | Time:00:00.05 | Mem:0.00M, Peak:0.00M | Scene, ViewLayer | Synchronizing object | 05_calcite_wall_mass_0360
Fra:1 Mem:65.73M (Peak 65.73M) | Time:00:00.05 | Mem:0.00M, Peak:0.00M | Scene, ViewLayer | Synchronizing object | 05_calcite_wall_mass_0361
Fra:1 Mem:65.74M (Peak 65.74M) | Time:00:00.05 | Mem:0.00M, Peak:0.00M | Scene, ViewLayer | Synchronizing object | 05_calcite_wall_mass_0363
Fra:1 Mem:65.74M (Peak 65.74M) | Time:00:00.05 | Mem:0.00M, Peak:0.00M | Scene, ViewLayer | Synchronizing object | 12_geode_growth_core_0364
Fra:1 Mem:65.74M (Peak 65.74M) | Time:00:00.05 | Mem:0.00M, Peak:0.00M | Scene, ViewLayer | Synchronizing object | 05_calcite_wall_mass_0365
Fra:1 Mem:65.74M (Peak 65.74M) | Time:00:00.05 | Mem:0.00M, Peak:0.00M | Scene, ViewLayer | Synchronizing object | 05_calcite_wall_mass_0366
Fra:1 Mem:65.75M (Peak 65.75M) | Time:00:00.05 | Mem:0.00M, Peak:0.00M | Scene, ViewLayer | Synchronizing object | 12_geode_growth_core_0367
Fra:1 Mem:65.75M (Peak 65.75M) | Time:00:00.05 | Mem:0.00M, Peak:0.00M | Scene, ViewLayer | Synchronizing object | 09_calcite_crown_rim_0369
Fra:1 Mem:65.75M (Peak 65.75M) | Time:00:00.05 | Mem:0.00M, Peak:0.00M | Scene, ViewLayer | Synchronizing object | 09_calcite_crown_rim_0370
Fra:1 Mem:65.76M (Peak 65.76M) | Time:00:00.05 | Mem:0.00M, Peak:0.00M | Scene, ViewLayer | Synchronizing object | 09_calcite_crown_rim_0371
Fra:1 Mem:65.76M (Peak 65.76M) | Time:00:00.05 | Mem:0.00M, Peak:0.00M | Scene, ViewLayer | Synchronizing object | 09_calcite_crown_rim_0373
Fra:1 Mem:65.76M (Peak 65.76M) | Time:00:00.05 | Mem:0.00M, Peak:0.00M | Scene, ViewLayer | Synchronizing object | 09_calcite_crown_rim_0374
Fra:1 Mem:65.76M (Peak 65.76M) | Time:00:00.05 | Mem:0.00M, Peak:0.00M | Scene, ViewLayer | Synchronizing object | 02_calcite_lower_shell_0376
Fra:1 Mem:65.76M (Peak 65.76M) | Time:00:00.05 | Mem:0.00M, Peak:0.00M | Scene, ViewLayer | Synchronizing object | 02_calcite_lower_shell_0377
Fra:1 Mem:65.77M (Peak 65.77M) | Time:00:00.05 | Mem:0.00M, Peak:0.00M | Scene, ViewLayer | Synchronizing object | 02_calcite_lower_shell_0378
Fra:1 Mem:65.77M (Peak 65.77M) | Time:00:00.05 | Mem:0.00M, Peak:0.00M | Scene, ViewLayer | Synchronizing object | 02_calcite_lower_shell_0380
Fra:1 Mem:65.78M (Peak 65.78M) | Time:00:00.05 | Mem:0.00M, Peak:0.00M | Scene, ViewLayer | Synchronizing object | 02_calcite_lower_shell_0382
Fra:1 Mem:65.78M (Peak 65.78M) | Time:00:00.05 | Mem:0.00M, Peak:0.00M | Scene, ViewLayer | Synchronizing object | 02_calcite_lower_shell_0384
Fra:1 Mem:65.78M (Peak 65.78M) | Time:00:00.05 | Mem:0.00M, Peak:0.00M | Scene, ViewLayer | Synchronizing object | 02_calcite_lower_shell_0385
Fra:1 Mem:65.79M (Peak 65.79M) | Time:00:00.05 | Mem:0.00M, Peak:0.00M | Scene, ViewLayer | Synchronizing object | 07_crystal_seams_0386
Fra:1 Mem:65.79M (Peak 65.79M) | Time:00:00.05 | Mem:0.00M, Peak:0.00M | Scene, ViewLayer | Synchronizing object | 02_calcite_lower_shell_0389
Fra:1 Mem:65.79M (Peak 65.79M) | Time:00:00.05 | Mem:0.00M, Peak:0.00M | Scene, ViewLayer | Synchronizing object | 07_crystal_seams_0390
Fra:1 Mem:65.79M (Peak 65.79M) | Time:00:00.05 | Mem:0.00M, Peak:0.00M | Scene, ViewLayer | Synchronizing object | 05_calcite_wall_mass_0392
Fra:1 Mem:65.80M (Peak 65.80M) | Time:00:00.05 | Mem:0.00M, Peak:0.00M | Scene, ViewLayer | Synchronizing object | 05_calcite_wall_mass_0393
Fra:1 Mem:65.80M (Peak 65.80M) | Time:00:00.05 | Mem:0.00M, Peak:0.00M | Scene, ViewLayer | Synchronizing object | 05_calcite_wall_mass_0394
Fra:1 Mem:65.80M (Peak 65.80M) | Time:00:00.05 | Mem:0.00M, Peak:0.00M | Scene, ViewLayer | Synchronizing object | 05_calcite_wall_mass_0396
Fra:1 Mem:65.80M (Peak 65.80M) | Time:00:00.05 | Mem:0.00M, Peak:0.00M | Scene, ViewLayer | Synchronizing object | 12_geode_growth_core_0398
Fra:1 Mem:65.81M (Peak 65.81M) | Time:00:00.05 | Mem:0.00M, Peak:0.00M | Scene, ViewLayer | Synchronizing object | 12_geode_growth_core_0399
Fra:1 Mem:65.81M (Peak 65.81M) | Time:00:00.05 | Mem:0.00M, Peak:0.00M | Scene, ViewLayer | Synchronizing object | 12_geode_growth_core_0400
Fra:1 Mem:65.81M (Peak 65.81M) | Time:00:00.05 | Mem:0.00M, Peak:0.00M | Scene, ViewLayer | Synchronizing object | 05_calcite_wall_mass_0401
Fra:1 Mem:65.81M (Peak 65.81M) | Time:00:00.05 | Mem:0.00M, Peak:0.00M | Scene, ViewLayer | Synchronizing object | 09_calcite_crown_rim_0403
Fra:1 Mem:65.82M (Peak 65.82M) | Time:00:00.05 | Mem:0.00M, Peak:0.00M | Scene, ViewLayer | Synchronizing object | 09_calcite_crown_rim_0404
Fra:1 Mem:65.82M (Peak 65.82M) | Time:00:00.05 | Mem:0.00M, Peak:0.00M | Scene, ViewLayer | Synchronizing object | 02_calcite_lower_shell_0406
Fra:1 Mem:65.82M (Peak 65.82M) | Time:00:00.05 | Mem:0.00M, Peak:0.00M | Scene, ViewLayer | Synchronizing object | 02_calcite_lower_shell_0407
Fra:1 Mem:65.82M (Peak 65.82M) | Time:00:00.05 | Mem:0.00M, Peak:0.00M | Scene, ViewLayer | Synchronizing object | 02_calcite_lower_shell_0408
Fra:1 Mem:65.83M (Peak 65.83M) | Time:00:00.05 | Mem:0.00M, Peak:0.00M | Scene, ViewLayer | Synchronizing object | 02_calcite_lower_shell_0409
Fra:1 Mem:65.83M (Peak 65.83M) | Time:00:00.05 | Mem:0.00M, Peak:0.00M | Scene, ViewLayer | Synchronizing object | 02_calcite_lower_shell_0410
Fra:1 Mem:65.83M (Peak 65.83M) | Time:00:00.05 | Mem:0.00M, Peak:0.00M | Scene, ViewLayer | Synchronizing object | 02_calcite_lower_shell_0411
Fra:1 Mem:65.83M (Peak 65.83M) | Time:00:00.05 | Mem:0.00M, Peak:0.00M | Scene, ViewLayer | Synchronizing object | 02_calcite_lower_shell_0413
Fra:1 Mem:65.84M (Peak 65.84M) | Time:00:00.05 | Mem:0.00M, Peak:0.00M | Scene, ViewLayer | Synchronizing object | 02_calcite_lower_shell_0414
Fra:1 Mem:65.84M (Peak 65.84M) | Time:00:00.05 | Mem:0.00M, Peak:0.00M | Scene, ViewLayer | Synchronizing object | 02_calcite_lower_shell_0416
Fra:1 Mem:65.85M (Peak 65.85M) | Time:00:00.05 | Mem:0.00M, Peak:0.00M | Scene, ViewLayer | Synchronizing object | 02_calcite_lower_shell_0417
Fra:1 Mem:65.85M (Peak 65.85M) | Time:00:00.05 | Mem:0.00M, Peak:0.00M | Scene, ViewLayer | Synchronizing object | 05_calcite_wall_mass_0419
Fra:1 Mem:65.85M (Peak 65.85M) | Time:00:00.05 | Mem:0.00M, Peak:0.00M | Scene, ViewLayer | Synchronizing object | 05_calcite_wall_mass_0420
Fra:1 Mem:65.85M (Peak 65.85M) | Time:00:00.05 | Mem:0.00M, Peak:0.00M | Scene, ViewLayer | Synchronizing object | 07_crystal_seams_0421
Fra:1 Mem:65.86M (Peak 65.86M) | Time:00:00.05 | Mem:0.00M, Peak:0.00M | Scene, ViewLayer | Synchronizing object | 05_calcite_wall_mass_0423
Fra:1 Mem:65.86M (Peak 65.86M) | Time:00:00.05 | Mem:0.00M, Peak:0.00M | Scene, ViewLayer | Synchronizing object | 05_calcite_wall_mass_0425
Fra:1 Mem:65.87M (Peak 65.87M) | Time:00:00.05 | Mem:0.00M, Peak:0.00M | Scene, ViewLayer | Synchronizing object | 05_calcite_wall_mass_0426
Fra:1 Mem:65.87M (Peak 65.87M) | Time:00:00.05 | Mem:0.00M, Peak:0.00M | Scene, ViewLayer | Synchronizing object | 05_calcite_wall_mass_0427
Fra:1 Mem:65.87M (Peak 65.87M) | Time:00:00.05 | Mem:0.00M, Peak:0.00M | Scene, ViewLayer | Synchronizing object | 12_geode_growth_core_0430
Fra:1 Mem:65.87M (Peak 65.87M) | Time:00:00.05 | Mem:0.00M, Peak:0.00M | Scene, ViewLayer | Synchronizing object | 09_calcite_crown_rim_0432
Fra:1 Mem:65.88M (Peak 65.88M) | Time:00:00.05 | Mem:0.00M, Peak:0.00M | Scene, ViewLayer | Synchronizing object | 09_calcite_crown_rim_0433
Fra:1 Mem:65.88M (Peak 65.88M) | Time:00:00.05 | Mem:0.00M, Peak:0.00M | Scene, ViewLayer | Synchronizing object | 09_calcite_crown_rim_0434
Fra:1 Mem:65.88M (Peak 65.88M) | Time:00:00.05 | Mem:0.00M, Peak:0.00M | Scene, ViewLayer | Synchronizing object | 09_calcite_crown_rim_0435
Fra:1 Mem:65.89M (Peak 65.89M) | Time:00:00.05 | Mem:0.00M, Peak:0.00M | Scene, ViewLayer | Synchronizing object | 12_geode_growth_core_0436
Fra:1 Mem:65.89M (Peak 65.89M) | Time:00:00.05 | Mem:0.00M, Peak:0.00M | Scene, ViewLayer | Synchronizing object | 12_geode_growth_core_0437
Fra:1 Mem:65.89M (Peak 65.89M) | Time:00:00.05 | Mem:0.00M, Peak:0.00M | Scene, ViewLayer | Synchronizing object | 02_calcite_lower_shell_0439
Fra:1 Mem:65.89M (Peak 65.89M) | Time:00:00.05 | Mem:0.00M, Peak:0.00M | Scene, ViewLayer | Synchronizing object | 02_calcite_lower_shell_0440
Fra:1 Mem:65.89M (Peak 65.89M) | Time:00:00.05 | Mem:0.00M, Peak:0.00M | Scene, ViewLayer | Synchronizing object | 02_calcite_lower_shell_0441
Fra:1 Mem:65.90M (Peak 65.90M) | Time:00:00.05 | Mem:0.00M, Peak:0.00M | Scene, ViewLayer | Synchronizing object | 02_calcite_lower_shell_0442
Fra:1 Mem:65.90M (Peak 65.90M) | Time:00:00.05 | Mem:0.00M, Peak:0.00M | Scene, ViewLayer | Synchronizing object | 02_calcite_lower_shell_0444
Fra:1 Mem:65.90M (Peak 65.90M) | Time:00:00.05 | Mem:0.00M, Peak:0.00M | Scene, ViewLayer | Synchronizing object | 02_calcite_lower_shell_0445
Fra:1 Mem:65.90M (Peak 65.90M) | Time:00:00.05 | Mem:0.00M, Peak:0.00M | Scene, ViewLayer | Synchronizing object | 02_calcite_lower_shell_0446
Fra:1 Mem:65.91M (Peak 65.91M) | Time:00:00.05 | Mem:0.00M, Peak:0.00M | Scene, ViewLayer | Synchronizing object | 02_calcite_lower_shell_0447
Fra:1 Mem:65.91M (Peak 65.91M) | Time:00:00.05 | Mem:0.00M, Peak:0.00M | Scene, ViewLayer | Synchronizing object | 02_calcite_lower_shell_0448
Fra:1 Mem:65.91M (Peak 65.91M) | Time:00:00.05 | Mem:0.00M, Peak:0.00M | Scene, ViewLayer | Synchronizing object | 02_calcite_lower_shell_0449
Fra:1 Mem:65.91M (Peak 65.91M) | Time:00:00.05 | Mem:0.00M, Peak:0.00M | Scene, ViewLayer | Synchronizing object | 02_calcite_lower_shell_0451
Fra:1 Mem:65.92M (Peak 65.92M) | Time:00:00.05 | Mem:0.00M, Peak:0.00M | Scene, ViewLayer | Synchronizing object | 05_calcite_wall_mass_0454
Fra:1 Mem:65.92M (Peak 65.92M) | Time:00:00.05 | Mem:0.00M, Peak:0.00M | Scene, ViewLayer | Synchronizing object | 05_calcite_wall_mass_0455
Fra:1 Mem:65.92M (Peak 65.92M) | Time:00:00.05 | Mem:0.00M, Peak:0.00M | Scene, ViewLayer | Synchronizing object | 07_crystal_seams_0457
Fra:1 Mem:65.93M (Peak 65.93M) | Time:00:00.05 | Mem:0.00M, Peak:0.00M | Scene, ViewLayer | Synchronizing object | 05_calcite_wall_mass_0458
Fra:1 Mem:65.93M (Peak 65.93M) | Time:00:00.05 | Mem:0.00M, Peak:0.00M | Scene, ViewLayer | Synchronizing object | 07_crystal_seams_0459
Fra:1 Mem:65.93M (Peak 65.93M) | Time:00:00.05 | Mem:0.00M, Peak:0.00M | Scene, ViewLayer | Synchronizing object | 05_calcite_wall_mass_0460
Fra:1 Mem:65.94M (Peak 65.94M) | Time:00:00.05 | Mem:0.00M, Peak:0.00M | Scene, ViewLayer | Synchronizing object | 05_calcite_wall_mass_0462
Fra:1 Mem:65.94M (Peak 65.94M) | Time:00:00.05 | Mem:0.00M, Peak:0.00M | Scene, ViewLayer | Synchronizing object | 05_calcite_wall_mass_0463
Fra:1 Mem:65.94M (Peak 65.94M) | Time:00:00.05 | Mem:0.00M, Peak:0.00M | Scene, ViewLayer | Synchronizing object | 05_calcite_wall_mass_0464
Fra:1 Mem:65.94M (Peak 65.94M) | Time:00:00.05 | Mem:0.00M, Peak:0.00M | Scene, ViewLayer | Synchronizing object | 05_calcite_wall_mass_0465
Fra:1 Mem:65.95M (Peak 65.95M) | Time:00:00.05 | Mem:0.00M, Peak:0.00M | Scene, ViewLayer | Synchronizing object | 05_calcite_wall_mass_0467
Fra:1 Mem:65.95M (Peak 65.95M) | Time:00:00.05 | Mem:0.00M, Peak:0.00M | Scene, ViewLayer | Synchronizing object | 05_calcite_wall_mass_0469
Fra:1 Mem:65.95M (Peak 65.95M) | Time:00:00.05 | Mem:0.00M, Peak:0.00M | Scene, ViewLayer | Synchronizing object | 05_calcite_wall_mass_0470
Fra:1 Mem:65.96M (Peak 65.96M) | Time:00:00.05 | Mem:0.00M, Peak:0.00M | Scene, ViewLayer | Synchronizing object | 09_calcite_crown_rim_0472
Fra:1 Mem:65.96M (Peak 65.96M) | Time:00:00.05 | Mem:0.00M, Peak:0.00M | Scene, ViewLayer | Synchronizing object | 09_calcite_crown_rim_0473
Fra:1 Mem:65.96M (Peak 65.96M) | Time:00:00.05 | Mem:0.00M, Peak:0.00M | Scene, ViewLayer | Synchronizing object | 12_geode_growth_core_0474
Fra:1 Mem:65.96M (Peak 65.96M) | Time:00:00.05 | Mem:0.00M, Peak:0.00M | Scene, ViewLayer | Synchronizing object | 09_calcite_crown_rim_0475
Fra:1 Mem:65.97M (Peak 65.97M) | Time:00:00.05 | Mem:0.00M, Peak:0.00M | Scene, ViewLayer | Synchronizing object | 09_calcite_crown_rim_0477
Fra:1 Mem:65.97M (Peak 65.97M) | Time:00:00.05 | Mem:0.00M, Peak:0.00M | Scene, ViewLayer | Synchronizing object | 09_calcite_crown_rim_0478
Fra:1 Mem:65.97M (Peak 65.97M) | Time:00:00.05 | Mem:0.00M, Peak:0.00M | Scene, ViewLayer | Synchronizing object | 09_calcite_crown_rim_0479
Fra:1 Mem:65.97M (Peak 65.97M) | Time:00:00.05 | Mem:0.00M, Peak:0.00M | Scene, ViewLayer | Synchronizing object | 12_geode_growth_core_0480
Fra:1 Mem:65.97M (Peak 65.97M) | Time:00:00.05 | Mem:0.00M, Peak:0.00M | Scene, ViewLayer | Synchronizing object | 02_calcite_lower_shell_0481
Fra:1 Mem:65.98M (Peak 65.98M) | Time:00:00.05 | Mem:0.00M, Peak:0.00M | Scene, ViewLayer | Synchronizing object | 02_calcite_lower_shell_0482
Fra:1 Mem:65.98M (Peak 65.98M) | Time:00:00.05 | Mem:0.00M, Peak:0.00M | Scene, ViewLayer | Synchronizing object | 02_calcite_lower_shell_0483
Fra:1 Mem:65.98M (Peak 65.98M) | Time:00:00.05 | Mem:0.00M, Peak:0.00M | Scene, ViewLayer | Synchronizing object | 02_calcite_lower_shell_0484
Fra:1 Mem:65.98M (Peak 65.98M) | Time:00:00.05 | Mem:0.00M, Peak:0.00M | Scene, ViewLayer | Synchronizing object | Studio floor - excluded from game model
Fra:1 Mem:65.99M (Peak 65.99M) | Time:00:00.05 | Mem:0.00M, Peak:0.00M | Scene, ViewLayer | Synchronizing object | 02_calcite_lower_shell_0487
Fra:1 Mem:65.99M (Peak 65.99M) | Time:00:00.05 | Mem:0.00M, Peak:0.00M | Scene, ViewLayer | Synchronizing object | 02_calcite_lower_shell_0489
Fra:1 Mem:65.99M (Peak 65.99M) | Time:00:00.05 | Mem:0.00M, Peak:0.00M | Scene, ViewLayer | Synchronizing object | 07_crystal_seams_0490
Fra:1 Mem:66.00M (Peak 66.00M) | Time:00:00.05 | Mem:0.00M, Peak:0.00M | Scene, ViewLayer | Synchronizing object | 02_calcite_lower_shell_0492
Fra:1 Mem:66.00M (Peak 66.00M) | Time:00:00.05 | Mem:0.00M, Peak:0.00M | Scene, ViewLayer | Synchronizing object | 07_crystal_seams_0493
Fra:1 Mem:66.00M (Peak 66.00M) | Time:00:00.05 | Mem:0.00M, Peak:0.00M | Scene, ViewLayer | Synchronizing object | 05_calcite_wall_mass_0494
Fra:1 Mem:66.00M (Peak 66.00M) | Time:00:00.05 | Mem:0.00M, Peak:0.00M | Scene, ViewLayer | Synchronizing object | 05_calcite_wall_mass_0496
Fra:1 Mem:66.00M (Peak 66.00M) | Time:00:00.05 | Mem:0.00M, Peak:0.00M | Scene, ViewLayer | Synchronizing object | 05_calcite_wall_mass_0497
Fra:1 Mem:66.00M (Peak 66.00M) | Time:00:00.05 | Mem:0.00M, Peak:0.00M | Scene, ViewLayer | Synchronizing object | 06_recessed_side_panels_0498
Fra:1 Mem:66.00M (Peak 66.00M) | Time:00:00.05 | Mem:0.00M, Peak:0.00M | Scene, ViewLayer | Synchronizing object | 05_calcite_wall_mass_0499
Fra:1 Mem:66.01M (Peak 66.01M) | Time:00:00.05 | Mem:0.00M, Peak:0.00M | Scene, ViewLayer | Synchronizing object | 05_calcite_wall_mass_0500
Fra:1 Mem:66.01M (Peak 66.01M) | Time:00:00.05 | Mem:0.00M, Peak:0.00M | Scene, ViewLayer | Synchronizing object | 06_recessed_side_panels_0502
Fra:1 Mem:66.01M (Peak 66.01M) | Time:00:00.05 | Mem:0.00M, Peak:0.00M | Scene, ViewLayer | Synchronizing object | 05_calcite_wall_mass_0503
Fra:1 Mem:66.01M (Peak 66.01M) | Time:00:00.05 | Mem:0.00M, Peak:0.00M | Scene, ViewLayer | Synchronizing object | 05_calcite_wall_mass_0504
Fra:1 Mem:66.02M (Peak 66.02M) | Time:00:00.05 | Mem:0.00M, Peak:0.00M | Scene, ViewLayer | Synchronizing object | 05_calcite_wall_mass_0505
Fra:1 Mem:66.02M (Peak 66.02M) | Time:00:00.05 | Mem:0.00M, Peak:0.00M | Scene, ViewLayer | Synchronizing object | 05_calcite_wall_mass_0506
Fra:1 Mem:66.02M (Peak 66.02M) | Time:00:00.05 | Mem:0.00M, Peak:0.00M | Scene, ViewLayer | Synchronizing object | 05_calcite_wall_mass_0507
Fra:1 Mem:66.02M (Peak 66.02M) | Time:00:00.05 | Mem:0.00M, Peak:0.00M | Scene, ViewLayer | Synchronizing object | 05_calcite_wall_mass_0508
Fra:1 Mem:66.02M (Peak 66.02M) | Time:00:00.05 | Mem:0.00M, Peak:0.00M | Scene, ViewLayer | Synchronizing object | 05_calcite_wall_mass_0509
Fra:1 Mem:66.03M (Peak 66.03M) | Time:00:00.05 | Mem:0.00M, Peak:0.00M | Scene, ViewLayer | Synchronizing object | 12_geode_growth_core_0511
Fra:1 Mem:66.03M (Peak 66.03M) | Time:00:00.05 | Mem:0.00M, Peak:0.00M | Scene, ViewLayer | Synchronizing object | 10_calcite_corner_shoulders_0829
Fra:1 Mem:66.03M (Peak 66.03M) | Time:00:00.05 | Mem:0.00M, Peak:0.00M | Scene, ViewLayer | Synchronizing object | 09_calcite_crown_rim_0513
Fra:1 Mem:66.04M (Peak 66.04M) | Time:00:00.05 | Mem:0.00M, Peak:0.00M | Scene, ViewLayer | Synchronizing object | 09_calcite_crown_rim_0514
Fra:1 Mem:66.04M (Peak 66.04M) | Time:00:00.05 | Mem:0.00M, Peak:0.00M | Scene, ViewLayer | Synchronizing object | 02_calcite_lower_shell_0517
Fra:1 Mem:66.04M (Peak 66.04M) | Time:00:00.05 | Mem:0.00M, Peak:0.00M | Scene, ViewLayer | Synchronizing object | 02_calcite_lower_shell_0519
Fra:1 Mem:66.04M (Peak 66.04M) | Time:00:00.05 | Mem:0.00M, Peak:0.00M | Scene, ViewLayer | Synchronizing object | 02_calcite_lower_shell_0521
Fra:1 Mem:66.05M (Peak 66.05M) | Time:00:00.05 | Mem:0.00M, Peak:0.00M | Scene, ViewLayer | Synchronizing object | 02_calcite_lower_shell_0522
Fra:1 Mem:66.05M (Peak 66.05M) | Time:00:00.05 | Mem:0.00M, Peak:0.00M | Scene, ViewLayer | Synchronizing object | 02_calcite_lower_shell_0523
Fra:1 Mem:66.06M (Peak 66.06M) | Time:00:00.05 | Mem:0.00M, Peak:0.00M | Scene, ViewLayer | Synchronizing object | 02_calcite_lower_shell_0526
Fra:1 Mem:66.06M (Peak 66.06M) | Time:00:00.05 | Mem:0.00M, Peak:0.00M | Scene, ViewLayer | Synchronizing object | 02_calcite_lower_shell_0529
Fra:1 Mem:66.06M (Peak 66.06M) | Time:00:00.05 | Mem:0.00M, Peak:0.00M | Scene, ViewLayer | Synchronizing object | 02_calcite_lower_shell_0530
Fra:1 Mem:66.06M (Peak 66.06M) | Time:00:00.05 | Mem:0.00M, Peak:0.00M | Scene, ViewLayer | Synchronizing object | 02_calcite_lower_shell_0531
Fra:1 Mem:66.07M (Peak 66.07M) | Time:00:00.05 | Mem:0.00M, Peak:0.00M | Scene, ViewLayer | Synchronizing object | 05_calcite_wall_mass_0532
Fra:1 Mem:66.07M (Peak 66.07M) | Time:00:00.05 | Mem:0.00M, Peak:0.00M | Scene, ViewLayer | Synchronizing object | 05_calcite_wall_mass_0534
Fra:1 Mem:66.07M (Peak 66.07M) | Time:00:00.05 | Mem:0.00M, Peak:0.00M | Scene, ViewLayer | Synchronizing object | 05_calcite_wall_mass_0536
Fra:1 Mem:66.07M (Peak 66.07M) | Time:00:00.05 | Mem:0.00M, Peak:0.00M | Scene, ViewLayer | Synchronizing object | 05_calcite_wall_mass_0537
Fra:1 Mem:66.08M (Peak 66.08M) | Time:00:00.05 | Mem:0.00M, Peak:0.00M | Scene, ViewLayer | Synchronizing object | 10_calcite_corner_shoulders_0828
Fra:1 Mem:66.08M (Peak 66.08M) | Time:00:00.05 | Mem:0.00M, Peak:0.00M | Scene, ViewLayer | Synchronizing object | 09_calcite_crown_rim_0540
Fra:1 Mem:66.09M (Peak 66.09M) | Time:00:00.05 | Mem:0.00M, Peak:0.00M | Scene, ViewLayer | Synchronizing object | 10_calcite_corner_shoulders_0827
Fra:1 Mem:66.09M (Peak 66.09M) | Time:00:00.05 | Mem:0.00M, Peak:0.00M | Scene, ViewLayer | Synchronizing object | 09_calcite_crown_rim_0543
Fra:1 Mem:66.09M (Peak 66.09M) | Time:00:00.05 | Mem:0.00M, Peak:0.00M | Scene, ViewLayer | Synchronizing object | 09_calcite_crown_rim_0544
Fra:1 Mem:66.09M (Peak 66.09M) | Time:00:00.05 | Mem:0.00M, Peak:0.00M | Scene, ViewLayer | Synchronizing object | 12_geode_growth_core_0546
Fra:1 Mem:66.09M (Peak 66.09M) | Time:00:00.05 | Mem:0.00M, Peak:0.00M | Scene, ViewLayer | Synchronizing object | 02_calcite_lower_shell_0547
Fra:1 Mem:66.10M (Peak 66.10M) | Time:00:00.05 | Mem:0.00M, Peak:0.00M | Scene, ViewLayer | Synchronizing object | 02_calcite_lower_shell_0549
Fra:1 Mem:66.10M (Peak 66.10M) | Time:00:00.05 | Mem:0.00M, Peak:0.00M | Scene, ViewLayer | Synchronizing object | 02_calcite_lower_shell_0550
Fra:1 Mem:66.10M (Peak 66.10M) | Time:00:00.05 | Mem:0.00M, Peak:0.00M | Scene, ViewLayer | Synchronizing object | 02_calcite_lower_shell_0552
Fra:1 Mem:66.11M (Peak 66.11M) | Time:00:00.05 | Mem:0.00M, Peak:0.00M | Scene, ViewLayer | Synchronizing object | 02_calcite_lower_shell_0553
Fra:1 Mem:66.11M (Peak 66.11M) | Time:00:00.05 | Mem:0.00M, Peak:0.00M | Scene, ViewLayer | Synchronizing object | 02_calcite_lower_shell_0556
Fra:1 Mem:66.11M (Peak 66.11M) | Time:00:00.05 | Mem:0.00M, Peak:0.00M | Scene, ViewLayer | Synchronizing object | 02_calcite_lower_shell_0557
Fra:1 Mem:66.11M (Peak 66.11M) | Time:00:00.05 | Mem:0.00M, Peak:0.00M | Scene, ViewLayer | Synchronizing object | 02_calcite_lower_shell_0559
Fra:1 Mem:66.12M (Peak 66.12M) | Time:00:00.05 | Mem:0.00M, Peak:0.00M | Scene, ViewLayer | Synchronizing object | 02_calcite_lower_shell_0560
Fra:1 Mem:66.12M (Peak 66.12M) | Time:00:00.05 | Mem:0.00M, Peak:0.00M | Scene, ViewLayer | Synchronizing object | 05_calcite_wall_mass_0563
Fra:1 Mem:66.12M (Peak 66.12M) | Time:00:00.05 | Mem:0.00M, Peak:0.00M | Scene, ViewLayer | Synchronizing object | 08_calcite_panel_frames_0565
Fra:1 Mem:66.13M (Peak 66.13M) | Time:00:00.05 | Mem:0.00M, Peak:0.00M | Scene, ViewLayer | Synchronizing object | 05_calcite_wall_mass_0566
Fra:1 Mem:66.13M (Peak 66.13M) | Time:00:00.05 | Mem:0.00M, Peak:0.00M | Scene, ViewLayer | Synchronizing object | 05_calcite_wall_mass_0567
Fra:1 Mem:66.13M (Peak 66.13M) | Time:00:00.05 | Mem:0.00M, Peak:0.00M | Scene, ViewLayer | Synchronizing object | 08_calcite_panel_frames_0568
Fra:1 Mem:66.13M (Peak 66.13M) | Time:00:00.05 | Mem:0.00M, Peak:0.00M | Scene, ViewLayer | Synchronizing object | 05_calcite_wall_mass_0570
Fra:1 Mem:66.14M (Peak 66.14M) | Time:00:00.05 | Mem:0.00M, Peak:0.00M | Scene, ViewLayer | Synchronizing object | 05_calcite_wall_mass_0572
Fra:1 Mem:66.14M (Peak 66.14M) | Time:00:00.05 | Mem:0.00M, Peak:0.00M | Scene, ViewLayer | Synchronizing object | 05_calcite_wall_mass_0573
Fra:1 Mem:66.14M (Peak 66.14M) | Time:00:00.05 | Mem:0.00M, Peak:0.00M | Scene, ViewLayer | Synchronizing object | 05_calcite_wall_mass_0575
Fra:1 Mem:66.14M (Peak 66.14M) | Time:00:00.05 | Mem:0.00M, Peak:0.00M | Scene, ViewLayer | Synchronizing object | 05_calcite_wall_mass_0576
Fra:1 Mem:66.15M (Peak 66.15M) | Time:00:00.05 | Mem:0.00M, Peak:0.00M | Scene, ViewLayer | Synchronizing object | 05_calcite_wall_mass_0578
Fra:1 Mem:66.15M (Peak 66.15M) | Time:00:00.05 | Mem:0.00M, Peak:0.00M | Scene, ViewLayer | Synchronizing object | 10_calcite_corner_shoulders_0826
Fra:1 Mem:66.15M (Peak 66.15M) | Time:00:00.05 | Mem:0.00M, Peak:0.00M | Scene, ViewLayer | Synchronizing object | 09_calcite_crown_rim_0580
Fra:1 Mem:66.15M (Peak 66.15M) | Time:00:00.05 | Mem:0.00M, Peak:0.00M | Scene, ViewLayer | Synchronizing object | 09_calcite_crown_rim_0581
Fra:1 Mem:66.16M (Peak 66.16M) | Time:00:00.05 | Mem:0.00M, Peak:0.00M | Scene, ViewLayer | Synchronizing object | 09_calcite_crown_rim_0583
Fra:1 Mem:66.16M (Peak 66.16M) | Time:00:00.05 | Mem:0.00M, Peak:0.00M | Scene, ViewLayer | Synchronizing object | 09_calcite_crown_rim_0584
Fra:1 Mem:66.16M (Peak 66.16M) | Time:00:00.05 | Mem:0.00M, Peak:0.00M | Scene, ViewLayer | Synchronizing object | 09_calcite_crown_rim_0585
Fra:1 Mem:66.16M (Peak 66.16M) | Time:00:00.05 | Mem:0.00M, Peak:0.00M | Scene, ViewLayer | Synchronizing object | 02_calcite_lower_shell_0586
Fra:1 Mem:66.16M (Peak 66.16M) | Time:00:00.05 | Mem:0.00M, Peak:0.00M | Scene, ViewLayer | Synchronizing object | 02_calcite_lower_shell_0588
Fra:1 Mem:66.16M (Peak 66.16M) | Time:00:00.05 | Mem:0.00M, Peak:0.00M | Scene, ViewLayer | Synchronizing object | 02_calcite_lower_shell_0589
Fra:1 Mem:66.17M (Peak 66.17M) | Time:00:00.05 | Mem:0.00M, Peak:0.00M | Scene, ViewLayer | Synchronizing object | 02_calcite_lower_shell_0590
Fra:1 Mem:66.17M (Peak 66.17M) | Time:00:00.05 | Mem:0.00M, Peak:0.00M | Scene, ViewLayer | Synchronizing object | 02_calcite_lower_shell_0591
Fra:1 Mem:66.17M (Peak 66.17M) | Time:00:00.05 | Mem:0.00M, Peak:0.00M | Scene, ViewLayer | Synchronizing object | 02_calcite_lower_shell_0592
Fra:1 Mem:66.17M (Peak 66.17M) | Time:00:00.05 | Mem:0.00M, Peak:0.00M | Scene, ViewLayer | Synchronizing object | 02_calcite_lower_shell_0594
Fra:1 Mem:66.18M (Peak 66.18M) | Time:00:00.05 | Mem:0.00M, Peak:0.00M | Scene, ViewLayer | Synchronizing object | 02_calcite_lower_shell_0595
Fra:1 Mem:66.18M (Peak 66.18M) | Time:00:00.05 | Mem:0.00M, Peak:0.00M | Scene, ViewLayer | Synchronizing object | 02_calcite_lower_shell_0597
Fra:1 Mem:66.18M (Peak 66.18M) | Time:00:00.05 | Mem:0.00M, Peak:0.00M | Scene, ViewLayer | Synchronizing object | 02_calcite_lower_shell_0598
Fra:1 Mem:66.19M (Peak 66.19M) | Time:00:00.05 | Mem:0.00M, Peak:0.00M | Scene, ViewLayer | Synchronizing object | 02_calcite_lower_shell_0600
Fra:1 Mem:66.19M (Peak 66.19M) | Time:00:00.05 | Mem:0.00M, Peak:0.00M | Scene, ViewLayer | Synchronizing object | 05_calcite_wall_mass_0601
Fra:1 Mem:66.19M (Peak 66.19M) | Time:00:00.05 | Mem:0.00M, Peak:0.00M | Scene, ViewLayer | Synchronizing object | 05_calcite_wall_mass_0603
Fra:1 Mem:66.19M (Peak 66.19M) | Time:00:00.05 | Mem:0.00M, Peak:0.00M | Scene, ViewLayer | Synchronizing object | 05_calcite_wall_mass_0605
Fra:1 Mem:66.20M (Peak 66.20M) | Time:00:00.05 | Mem:0.00M, Peak:0.00M | Scene, ViewLayer | Synchronizing object | 10_calcite_corner_shoulders_0825
Fra:1 Mem:66.20M (Peak 66.20M) | Time:00:00.05 | Mem:0.00M, Peak:0.00M | Scene, ViewLayer | Synchronizing object | 05_calcite_wall_mass_0606
Fra:1 Mem:66.20M (Peak 66.20M) | Time:00:00.05 | Mem:0.00M, Peak:0.00M | Scene, ViewLayer | Synchronizing object | 05_calcite_wall_mass_0607
Fra:1 Mem:66.20M (Peak 66.20M) | Time:00:00.05 | Mem:0.00M, Peak:0.00M | Scene, ViewLayer | Synchronizing object | 10_calcite_corner_shoulders_0824
Fra:1 Mem:66.21M (Peak 66.21M) | Time:00:00.05 | Mem:0.00M, Peak:0.00M | Scene, ViewLayer | Synchronizing object | 05_calcite_wall_mass_0609
Fra:1 Mem:66.21M (Peak 66.21M) | Time:00:00.05 | Mem:0.00M, Peak:0.00M | Scene, ViewLayer | Synchronizing object | 08_calcite_panel_frames_0823
Fra:1 Mem:66.21M (Peak 66.21M) | Time:00:00.05 | Mem:0.00M, Peak:0.00M | Scene, ViewLayer | Synchronizing object | 05_calcite_wall_mass_0610
Fra:1 Mem:66.21M (Peak 66.21M) | Time:00:00.05 | Mem:0.00M, Peak:0.00M | Scene, ViewLayer | Synchronizing object | 05_calcite_wall_mass_0612
Fra:1 Mem:66.21M (Peak 66.21M) | Time:00:00.05 | Mem:0.00M, Peak:0.00M | Scene, ViewLayer | Synchronizing object | 05_calcite_wall_mass_0613
Fra:1 Mem:66.22M (Peak 66.22M) | Time:00:00.05 | Mem:0.00M, Peak:0.00M | Scene, ViewLayer | Synchronizing object | 05_calcite_wall_mass_0614
Fra:1 Mem:66.22M (Peak 66.22M) | Time:00:00.05 | Mem:0.00M, Peak:0.00M | Scene, ViewLayer | Synchronizing object | 05_calcite_wall_mass_0615
Fra:1 Mem:66.22M (Peak 66.22M) | Time:00:00.05 | Mem:0.00M, Peak:0.00M | Scene, ViewLayer | Synchronizing object | 05_calcite_wall_mass_0616
Fra:1 Mem:66.22M (Peak 66.22M) | Time:00:00.05 | Mem:0.00M, Peak:0.00M | Scene, ViewLayer | Synchronizing object | 05_calcite_wall_mass_0618
Fra:1 Mem:66.22M (Peak 66.22M) | Time:00:00.05 | Mem:0.00M, Peak:0.00M | Scene, ViewLayer | Synchronizing object | 05_calcite_wall_mass_0619
Fra:1 Mem:66.23M (Peak 66.23M) | Time:00:00.05 | Mem:0.00M, Peak:0.00M | Scene, ViewLayer | Synchronizing object | 05_calcite_wall_mass_0620
Fra:1 Mem:66.23M (Peak 66.23M) | Time:00:00.05 | Mem:0.00M, Peak:0.00M | Scene, ViewLayer | Synchronizing object | 05_calcite_wall_mass_0621
Fra:1 Mem:66.23M (Peak 66.23M) | Time:00:00.05 | Mem:0.00M, Peak:0.00M | Scene, ViewLayer | Synchronizing object | 05_calcite_wall_mass_0623
Fra:1 Mem:66.23M (Peak 66.23M) | Time:00:00.05 | Mem:0.00M, Peak:0.00M | Scene, ViewLayer | Synchronizing object | 05_calcite_wall_mass_0624
Fra:1 Mem:66.23M (Peak 66.23M) | Time:00:00.05 | Mem:0.00M, Peak:0.00M | Scene, ViewLayer | Synchronizing object | 05_calcite_wall_mass_0626
Fra:1 Mem:66.24M (Peak 66.24M) | Time:00:00.05 | Mem:0.00M, Peak:0.00M | Scene, ViewLayer | Synchronizing object | 05_calcite_wall_mass_0627
Fra:1 Mem:66.24M (Peak 66.24M) | Time:00:00.05 | Mem:0.00M, Peak:0.00M | Scene, ViewLayer | Synchronizing object | 05_calcite_wall_mass_0629
Fra:1 Mem:66.25M (Peak 66.25M) | Time:00:00.05 | Mem:0.00M, Peak:0.00M | Scene, ViewLayer | Synchronizing object | 05_calcite_wall_mass_0630
Fra:1 Mem:66.25M (Peak 66.25M) | Time:00:00.05 | Mem:0.00M, Peak:0.00M | Scene, ViewLayer | Synchronizing object | 05_calcite_wall_mass_0631
Fra:1 Mem:66.25M (Peak 66.25M) | Time:00:00.05 | Mem:0.00M, Peak:0.00M | Scene, ViewLayer | Synchronizing object | 10_calcite_corner_shoulders_0632
Fra:1 Mem:66.25M (Peak 66.25M) | Time:00:00.05 | Mem:0.00M, Peak:0.00M | Scene, ViewLayer | Synchronizing object | 10_calcite_corner_shoulders_0634
Fra:1 Mem:66.25M (Peak 66.25M) | Time:00:00.05 | Mem:0.00M, Peak:0.00M | Scene, ViewLayer | Synchronizing object | 05_calcite_wall_mass_0636
Fra:1 Mem:66.25M (Peak 66.25M) | Time:00:00.05 | Mem:0.00M, Peak:0.00M | Scene, ViewLayer | Synchronizing object | 05_calcite_wall_mass_0637
Fra:1 Mem:66.26M (Peak 66.26M) | Time:00:00.05 | Mem:0.00M, Peak:0.00M | Scene, ViewLayer | Synchronizing object | 08_calcite_panel_frames_0821
Fra:1 Mem:66.26M (Peak 66.26M) | Time:00:00.05 | Mem:0.00M, Peak:0.00M | Scene, ViewLayer | Synchronizing object | 05_calcite_wall_mass_0638
Fra:1 Mem:66.26M (Peak 66.26M) | Time:00:00.05 | Mem:0.00M, Peak:0.00M | Scene, ViewLayer | Synchronizing object | 05_calcite_wall_mass_0639
Fra:1 Mem:66.27M (Peak 66.27M) | Time:00:00.05 | Mem:0.00M, Peak:0.00M | Scene, ViewLayer | Synchronizing object | 10_calcite_corner_shoulders_0641
Fra:1 Mem:66.27M (Peak 66.27M) | Time:00:00.05 | Mem:0.00M, Peak:0.00M | Scene, ViewLayer | Synchronizing object | 10_calcite_corner_shoulders_0643
Fra:1 Mem:66.27M (Peak 66.27M) | Time:00:00.05 | Mem:0.00M, Peak:0.00M | Scene, ViewLayer | Synchronizing object | 10_calcite_corner_shoulders_0644
Fra:1 Mem:66.27M (Peak 66.27M) | Time:00:00.05 | Mem:0.00M, Peak:0.00M | Scene, ViewLayer | Synchronizing object | 09_calcite_crown_rim_0647
Fra:1 Mem:66.28M (Peak 66.28M) | Time:00:00.05 | Mem:0.00M, Peak:0.00M | Scene, ViewLayer | Synchronizing object | 09_calcite_crown_rim_0648
Fra:1 Mem:66.28M (Peak 66.28M) | Time:00:00.05 | Mem:0.00M, Peak:0.00M | Scene, ViewLayer | Synchronizing object | 09_calcite_crown_rim_0649
Fra:1 Mem:66.28M (Peak 66.28M) | Time:00:00.05 | Mem:0.00M, Peak:0.00M | Scene, ViewLayer | Synchronizing object | 10_calcite_corner_shoulders_0651
Fra:1 Mem:66.28M (Peak 66.28M) | Time:00:00.05 | Mem:0.00M, Peak:0.00M | Scene, ViewLayer | Synchronizing object | 10_calcite_corner_shoulders_0652
Fra:1 Mem:66.28M (Peak 66.28M) | Time:00:00.05 | Mem:0.00M, Peak:0.00M | Scene, ViewLayer | Synchronizing object | 08_calcite_panel_frames_0820
Fra:1 Mem:66.29M (Peak 66.29M) | Time:00:00.05 | Mem:0.00M, Peak:0.00M | Scene, ViewLayer | Synchronizing object | 09_calcite_crown_rim_0654
Fra:1 Mem:66.29M (Peak 66.29M) | Time:00:00.05 | Mem:0.00M, Peak:0.00M | Scene, ViewLayer | Synchronizing object | 09_calcite_crown_rim_0655
Fra:1 Mem:66.29M (Peak 66.29M) | Time:00:00.05 | Mem:0.00M, Peak:0.00M | Scene, ViewLayer | Synchronizing object | 09_calcite_crown_rim_0657
Fra:1 Mem:66.29M (Peak 66.29M) | Time:00:00.05 | Mem:0.00M, Peak:0.00M | Scene, ViewLayer | Synchronizing object | 09_calcite_crown_rim_0659
Fra:1 Mem:66.30M (Peak 66.30M) | Time:00:00.05 | Mem:0.00M, Peak:0.00M | Scene, ViewLayer | Synchronizing object | 09_calcite_crown_rim_0660
Fra:1 Mem:66.30M (Peak 66.30M) | Time:00:00.05 | Mem:0.00M, Peak:0.00M | Scene, ViewLayer | Synchronizing object | 10_calcite_corner_shoulders_0661
Fra:1 Mem:66.30M (Peak 66.30M) | Time:00:00.05 | Mem:0.00M, Peak:0.00M | Scene, ViewLayer | Synchronizing object | 10_calcite_corner_shoulders_0662
Fra:1 Mem:66.30M (Peak 66.30M) | Time:00:00.05 | Mem:0.00M, Peak:0.00M | Scene, ViewLayer | Synchronizing object | 10_calcite_corner_shoulders_0663
Fra:1 Mem:66.31M (Peak 66.31M) | Time:00:00.05 | Mem:0.00M, Peak:0.00M | Scene, ViewLayer | Synchronizing object | 01_basalt_foundation_0664
Fra:1 Mem:66.31M (Peak 66.31M) | Time:00:00.05 | Mem:0.00M, Peak:0.00M | Scene, ViewLayer | Synchronizing object | 02_calcite_lower_shell_0665
Fra:1 Mem:66.31M (Peak 66.31M) | Time:00:00.05 | Mem:0.00M, Peak:0.00M | Scene, ViewLayer | Synchronizing object | 02_calcite_lower_shell_0667
Fra:1 Mem:66.31M (Peak 66.31M) | Time:00:00.05 | Mem:0.00M, Peak:0.00M | Scene, ViewLayer | Synchronizing object | 08_calcite_panel_frames_0819
Fra:1 Mem:66.31M (Peak 66.31M) | Time:00:00.05 | Mem:0.00M, Peak:0.00M | Scene, ViewLayer | Synchronizing object | 01_basalt_foundation_0669
Fra:1 Mem:66.32M (Peak 66.32M) | Time:00:00.05 | Mem:0.00M, Peak:0.00M | Scene, ViewLayer | Synchronizing object | 01_basalt_foundation_0670
Fra:1 Mem:66.32M (Peak 66.32M) | Time:00:00.05 | Mem:0.00M, Peak:0.00M | Scene, ViewLayer | Synchronizing object | 01_basalt_foundation_0671
Fra:1 Mem:66.32M (Peak 66.32M) | Time:00:00.05 | Mem:0.00M, Peak:0.00M | Scene, ViewLayer | Synchronizing object | 01_basalt_foundation_0672
Fra:1 Mem:66.32M (Peak 66.32M) | Time:00:00.05 | Mem:0.00M, Peak:0.00M | Scene, ViewLayer | Synchronizing object | 02_calcite_lower_shell_0673
Fra:1 Mem:66.32M (Peak 66.32M) | Time:00:00.05 | Mem:0.00M, Peak:0.00M | Scene, ViewLayer | Synchronizing object | 02_calcite_lower_shell_0675
Fra:1 Mem:66.33M (Peak 66.33M) | Time:00:00.05 | Mem:0.00M, Peak:0.00M | Scene, ViewLayer | Synchronizing object | 01_basalt_foundation_0676
Fra:1 Mem:66.33M (Peak 66.33M) | Time:00:00.05 | Mem:0.00M, Peak:0.00M | Scene, ViewLayer | Synchronizing object | 01_basalt_foundation_0677
Fra:1 Mem:66.33M (Peak 66.33M) | Time:00:00.05 | Mem:0.00M, Peak:0.00M | Scene, ViewLayer | Synchronizing object | 01_basalt_foundation_0678
Fra:1 Mem:66.33M (Peak 66.33M) | Time:00:00.05 | Mem:0.00M, Peak:0.00M | Scene, ViewLayer | Synchronizing object | 03_basalt_corner_spines_0679
Fra:1 Mem:66.33M (Peak 66.34M) | Time:00:00.05 | Mem:0.00M, Peak:0.00M | Scene, ViewLayer | Synchronizing object | 02_calcite_lower_shell_0681
Fra:1 Mem:66.34M (Peak 66.34M) | Time:00:00.05 | Mem:0.00M, Peak:0.00M | Scene, ViewLayer | Synchronizing object | 02_calcite_lower_shell_0682
Fra:1 Mem:66.34M (Peak 66.34M) | Time:00:00.05 | Mem:0.00M, Peak:0.00M | Scene, ViewLayer | Synchronizing object | 07_crystal_seams_0818
Fra:1 Mem:66.34M (Peak 66.34M) | Time:00:00.05 | Mem:0.00M, Peak:0.00M | Scene, ViewLayer | Synchronizing object | 03_basalt_corner_spines_0684
Fra:1 Mem:66.35M (Peak 66.35M) | Time:00:00.05 | Mem:0.00M, Peak:0.00M | Scene, ViewLayer | Synchronizing object | 05_calcite_wall_mass_0686
Fra:1 Mem:66.35M (Peak 66.35M) | Time:00:00.05 | Mem:0.00M, Peak:0.00M | Scene, ViewLayer | Synchronizing object | 05_calcite_wall_mass_0687
Fra:1 Mem:66.35M (Peak 66.35M) | Time:00:00.05 | Mem:0.00M, Peak:0.00M | Scene, ViewLayer | Synchronizing object | 05_calcite_wall_mass_0688
Fra:1 Mem:66.35M (Peak 66.35M) | Time:00:00.05 | Mem:0.00M, Peak:0.00M | Scene, ViewLayer | Synchronizing object | 05_calcite_wall_mass_0690
Fra:1 Mem:66.36M (Peak 66.36M) | Time:00:00.05 | Mem:0.00M, Peak:0.00M | Scene, ViewLayer | Synchronizing object | 03_basalt_corner_spines_0691
Fra:1 Mem:66.36M (Peak 66.36M) | Time:00:00.05 | Mem:0.00M, Peak:0.00M | Scene, ViewLayer | Synchronizing object | 03_basalt_corner_spines_0692
Fra:1 Mem:66.36M (Peak 66.36M) | Time:00:00.05 | Mem:0.00M, Peak:0.00M | Scene, ViewLayer | Synchronizing object | 03_basalt_corner_spines_0694
Fra:1 Mem:66.36M (Peak 66.36M) | Time:00:00.05 | Mem:0.00M, Peak:0.00M | Scene, ViewLayer | Synchronizing object | 05_calcite_wall_mass_0695
Fra:1 Mem:66.36M (Peak 66.36M) | Time:00:00.05 | Mem:0.00M, Peak:0.00M | Scene, ViewLayer | Synchronizing object | 03_basalt_corner_spines_0696
Fra:1 Mem:66.37M (Peak 66.37M) | Time:00:00.05 | Mem:0.00M, Peak:0.00M | Scene, ViewLayer | Synchronizing object | 05_calcite_wall_mass_0697
Fra:1 Mem:66.37M (Peak 66.37M) | Time:00:00.05 | Mem:0.00M, Peak:0.00M | Scene, ViewLayer | Synchronizing object | 05_calcite_wall_mass_0698
Fra:1 Mem:66.37M (Peak 66.37M) | Time:00:00.05 | Mem:0.00M, Peak:0.00M | Scene, ViewLayer | Synchronizing object | 05_calcite_wall_mass_0699
Fra:1 Mem:66.37M (Peak 66.37M) | Time:00:00.05 | Mem:0.00M, Peak:0.00M | Scene, ViewLayer | Synchronizing object | 05_calcite_wall_mass_0700
Fra:1 Mem:66.38M (Peak 66.38M) | Time:00:00.05 | Mem:0.00M, Peak:0.00M | Scene, ViewLayer | Synchronizing object | 05_calcite_wall_mass_0701
Fra:1 Mem:66.38M (Peak 66.38M) | Time:00:00.05 | Mem:0.00M, Peak:0.00M | Scene, ViewLayer | Synchronizing object | 05_calcite_wall_mass_0703
Fra:1 Mem:66.38M (Peak 66.38M) | Time:00:00.05 | Mem:0.00M, Peak:0.00M | Scene, ViewLayer | Synchronizing object | 05_calcite_wall_mass_0704
Fra:1 Mem:66.38M (Peak 66.38M) | Time:00:00.05 | Mem:0.00M, Peak:0.00M | Scene, ViewLayer | Synchronizing object | 05_calcite_wall_mass_0705
Fra:1 Mem:66.39M (Peak 66.39M) | Time:00:00.05 | Mem:0.00M, Peak:0.00M | Scene, ViewLayer | Synchronizing object | 05_calcite_wall_mass_0708
Fra:1 Mem:66.39M (Peak 66.39M) | Time:00:00.05 | Mem:0.00M, Peak:0.00M | Scene, ViewLayer | Synchronizing object | 05_calcite_wall_mass_0709
Fra:1 Mem:66.39M (Peak 66.39M) | Time:00:00.05 | Mem:0.00M, Peak:0.00M | Scene, ViewLayer | Synchronizing object | 05_calcite_wall_mass_0711
Fra:1 Mem:66.40M (Peak 66.40M) | Time:00:00.05 | Mem:0.00M, Peak:0.00M | Scene, ViewLayer | Synchronizing object | 03_basalt_corner_spines_0712
Fra:1 Mem:66.40M (Peak 66.40M) | Time:00:00.05 | Mem:0.00M, Peak:0.00M | Scene, ViewLayer | Synchronizing object | 05_calcite_wall_mass_0714
Fra:1 Mem:66.40M (Peak 66.40M) | Time:00:00.06 | Mem:0.00M, Peak:0.00M | Scene, ViewLayer | Synchronizing object | 05_calcite_wall_mass_0715
Fra:1 Mem:66.40M (Peak 66.40M) | Time:00:00.06 | Mem:0.00M, Peak:0.00M | Scene, ViewLayer | Synchronizing object | 05_calcite_wall_mass_0716
Fra:1 Mem:66.40M (Peak 66.40M) | Time:00:00.06 | Mem:0.00M, Peak:0.00M | Scene, ViewLayer | Synchronizing object | 05_calcite_wall_mass_0717
Fra:1 Mem:66.41M (Peak 66.41M) | Time:00:00.06 | Mem:0.00M, Peak:0.00M | Scene, ViewLayer | Synchronizing object | 10_calcite_corner_shoulders_0718
Fra:1 Mem:66.41M (Peak 66.41M) | Time:00:00.06 | Mem:0.00M, Peak:0.00M | Scene, ViewLayer | Synchronizing object | 10_calcite_corner_shoulders_0719
Fra:1 Mem:66.41M (Peak 66.41M) | Time:00:00.06 | Mem:0.00M, Peak:0.00M | Scene, ViewLayer | Synchronizing object | 10_calcite_corner_shoulders_0720
Fra:1 Mem:66.41M (Peak 66.41M) | Time:00:00.06 | Mem:0.00M, Peak:0.00M | Scene, ViewLayer | Synchronizing object | 09_calcite_crown_rim_0722
Fra:1 Mem:66.41M (Peak 66.41M) | Time:00:00.06 | Mem:0.00M, Peak:0.00M | Scene, ViewLayer | Synchronizing object | 09_calcite_crown_rim_0723
Fra:1 Mem:66.42M (Peak 66.42M) | Time:00:00.06 | Mem:0.00M, Peak:0.00M | Scene, ViewLayer | Synchronizing object | 09_calcite_crown_rim_0724
Fra:1 Mem:66.42M (Peak 66.42M) | Time:00:00.06 | Mem:0.00M, Peak:0.00M | Scene, ViewLayer | Synchronizing object | 10_calcite_corner_shoulders_0726
Fra:1 Mem:66.42M (Peak 66.42M) | Time:00:00.06 | Mem:0.00M, Peak:0.00M | Scene, ViewLayer | Synchronizing object | 01_basalt_foundation_0814
Fra:1 Mem:66.42M (Peak 66.42M) | Time:00:00.06 | Mem:0.00M, Peak:0.00M | Scene, ViewLayer | Synchronizing object | 10_calcite_corner_shoulders_0729
Fra:1 Mem:66.43M (Peak 66.43M) | Time:00:00.06 | Mem:0.00M, Peak:0.00M | Scene, ViewLayer | Synchronizing object | 01_basalt_foundation_0813
Fra:1 Mem:66.43M (Peak 66.43M) | Time:00:00.06 | Mem:0.00M, Peak:0.00M | Scene, ViewLayer | Synchronizing object | 09_calcite_crown_rim_0733
Fra:1 Mem:66.43M (Peak 66.43M) | Time:00:00.06 | Mem:0.00M, Peak:0.00M | Scene, ViewLayer | Synchronizing object | 09_calcite_crown_rim_0734
Fra:1 Mem:66.44M (Peak 66.44M) | Time:00:00.06 | Mem:0.00M, Peak:0.00M | Scene, ViewLayer | Synchronizing object | 10_calcite_corner_shoulders_0735
Fra:1 Mem:66.44M (Peak 66.44M) | Time:00:00.06 | Mem:0.00M, Peak:0.00M | Scene, ViewLayer | Synchronizing object | 09_calcite_crown_rim_0737
Fra:1 Mem:66.44M (Peak 66.44M) | Time:00:00.06 | Mem:0.00M, Peak:0.00M | Scene, ViewLayer | Synchronizing object | 10_calcite_corner_shoulders_0739
Fra:1 Mem:66.45M (Peak 66.45M) | Time:00:00.06 | Mem:0.00M, Peak:0.00M | Scene, ViewLayer | Synchronizing object | 11_corner_crystal_buds_0740
Fra:1 Mem:66.45M (Peak 66.45M) | Time:00:00.06 | Mem:0.00M, Peak:0.00M | Scene, ViewLayer | Synchronizing object | 11_corner_crystal_buds_0741
Fra:1 Mem:66.45M (Peak 66.45M) | Time:00:00.06 | Mem:0.00M, Peak:0.00M | Scene, ViewLayer | Synchronizing object | 11_corner_crystal_buds_0742
Fra:1 Mem:66.45M (Peak 66.45M) | Time:00:00.06 | Mem:0.00M, Peak:0.00M | Scene, ViewLayer | Synchronizing object | 11_corner_crystal_buds_0743
Fra:1 Mem:66.45M (Peak 66.45M) | Time:00:00.06 | Mem:0.00M, Peak:0.00M | Scene, ViewLayer | Synchronizing object | 11_corner_crystal_buds_0745
Fra:1 Mem:66.46M (Peak 66.46M) | Time:00:00.06 | Mem:0.00M, Peak:0.00M | Scene, ViewLayer | Synchronizing object | 01_basalt_foundation_0812
Fra:1 Mem:66.46M (Peak 66.46M) | Time:00:00.06 | Mem:0.00M, Peak:0.00M | Scene, ViewLayer | Synchronizing object | 02_calcite_lower_shell_0746
Fra:1 Mem:66.46M (Peak 66.46M) | Time:00:00.06 | Mem:0.00M, Peak:0.00M | Scene, ViewLayer | Synchronizing object | 02_calcite_lower_shell_0747
Fra:1 Mem:66.46M (Peak 66.46M) | Time:00:00.06 | Mem:0.00M, Peak:0.00M | Scene, ViewLayer | Synchronizing object | 02_calcite_lower_shell_0748
Fra:1 Mem:66.47M (Peak 66.47M) | Time:00:00.06 | Mem:0.00M, Peak:0.00M | Scene, ViewLayer | Synchronizing object | 02_calcite_lower_shell_0749
Fra:1 Mem:66.47M (Peak 66.47M) | Time:00:00.06 | Mem:0.00M, Peak:0.00M | Scene, ViewLayer | Synchronizing object | 01_basalt_foundation_0751
Fra:1 Mem:66.47M (Peak 66.47M) | Time:00:00.06 | Mem:0.00M, Peak:0.00M | Scene, ViewLayer | Synchronizing object | 01_basalt_foundation_0752
Fra:1 Mem:66.47M (Peak 66.47M) | Time:00:00.06 | Mem:0.00M, Peak:0.00M | Scene, ViewLayer | Synchronizing object | 01_basalt_foundation_0754
Fra:1 Mem:66.48M (Peak 66.48M) | Time:00:00.06 | Mem:0.00M, Peak:0.00M | Scene, ViewLayer | Synchronizing object | 02_calcite_lower_shell_0755
Fra:1 Mem:66.48M (Peak 66.48M) | Time:00:00.06 | Mem:0.00M, Peak:0.00M | Scene, ViewLayer | Synchronizing object | 02_calcite_lower_shell_0758
Fra:1 Mem:66.48M (Peak 66.48M) | Time:00:00.06 | Mem:0.00M, Peak:0.00M | Scene, ViewLayer | Synchronizing object | 01_basalt_foundation_0759
Fra:1 Mem:66.48M (Peak 66.48M) | Time:00:00.06 | Mem:0.00M, Peak:0.00M | Scene, ViewLayer | Synchronizing object | 01_basalt_foundation_0760
Fra:1 Mem:66.48M (Peak 66.48M) | Time:00:00.06 | Mem:0.00M, Peak:0.00M | Scene, ViewLayer | Synchronizing object | 02_calcite_lower_shell_0761
Fra:1 Mem:66.49M (Peak 66.49M) | Time:00:00.06 | Mem:0.00M, Peak:0.00M | Scene, ViewLayer | Synchronizing object | 02_calcite_lower_shell_0762
Fra:1 Mem:66.49M (Peak 66.49M) | Time:00:00.06 | Mem:0.00M, Peak:0.00M | Scene, ViewLayer | Synchronizing object | 02_calcite_lower_shell_0763
Fra:1 Mem:66.49M (Peak 66.49M) | Time:00:00.06 | Mem:0.00M, Peak:0.00M | Scene, ViewLayer | Synchronizing object | 03_basalt_corner_spines_0765
Fra:1 Mem:66.50M (Peak 66.50M) | Time:00:00.06 | Mem:0.00M, Peak:0.00M | Scene, ViewLayer | Synchronizing object | 03_basalt_corner_spines_0766
Fra:1 Mem:66.50M (Peak 66.50M) | Time:00:00.06 | Mem:0.00M, Peak:0.00M | Scene, ViewLayer | Synchronizing object | 05_calcite_wall_mass_0768
Fra:1 Mem:66.50M (Peak 66.50M) | Time:00:00.06 | Mem:0.00M, Peak:0.00M | Scene, ViewLayer | Synchronizing object | 05_calcite_wall_mass_0769
Fra:1 Mem:66.50M (Peak 66.50M) | Time:00:00.06 | Mem:0.00M, Peak:0.00M | Scene, ViewLayer | Synchronizing object | 03_basalt_corner_spines_0770
Fra:1 Mem:66.50M (Peak 66.50M) | Time:00:00.06 | Mem:0.00M, Peak:0.00M | Scene, ViewLayer | Synchronizing object | 03_basalt_corner_spines_0772
Fra:1 Mem:66.51M (Peak 66.51M) | Time:00:00.06 | Mem:0.00M, Peak:0.00M | Scene, ViewLayer | Synchronizing object | 06_recessed_side_panels_0773
Fra:1 Mem:66.51M (Peak 66.51M) | Time:00:00.06 | Mem:0.00M, Peak:0.00M | Scene, ViewLayer | Synchronizing object | 07_crystal_seams_0774
Fra:1 Mem:66.51M (Peak 66.51M) | Time:00:00.06 | Mem:0.00M, Peak:0.00M | Scene, ViewLayer | Synchronizing object | 09_calcite_crown_rim_0810
Fra:1 Mem:66.52M (Peak 66.52M) | Time:00:00.06 | Mem:0.00M, Peak:0.00M | Scene, ViewLayer | Synchronizing object | 06_recessed_side_panels_0776
Fra:1 Mem:66.52M (Peak 66.52M) | Time:00:00.06 | Mem:0.00M, Peak:0.00M | Scene, ViewLayer | Synchronizing object | 03_basalt_corner_spines_0778
Fra:1 Mem:66.52M (Peak 66.52M) | Time:00:00.06 | Mem:0.00M, Peak:0.00M | Scene, ViewLayer | Synchronizing object | 05_calcite_wall_mass_0779
Fra:1 Mem:66.52M (Peak 66.52M) | Time:00:00.06 | Mem:0.00M, Peak:0.00M | Scene, ViewLayer | Synchronizing object | 05_calcite_wall_mass_0782
Fra:1 Mem:66.53M (Peak 66.53M) | Time:00:00.06 | Mem:0.00M, Peak:0.00M | Scene, ViewLayer | Synchronizing object | 06_recessed_side_panels_0783
Fra:1 Mem:66.53M (Peak 66.53M) | Time:00:00.06 | Mem:0.00M, Peak:0.00M | Scene, ViewLayer | Synchronizing object | 03_basalt_corner_spines_0785
Fra:1 Mem:66.53M (Peak 66.53M) | Time:00:00.06 | Mem:0.00M, Peak:0.00M | Scene, ViewLayer | Synchronizing object | 03_basalt_corner_spines_0786
Fra:1 Mem:66.53M (Peak 66.53M) | Time:00:00.06 | Mem:0.00M, Peak:0.00M | Scene, ViewLayer | Synchronizing object | 05_calcite_wall_mass_0787
Fra:1 Mem:66.54M (Peak 66.54M) | Time:00:00.06 | Mem:0.00M, Peak:0.00M | Scene, ViewLayer | Synchronizing object | 05_calcite_wall_mass_0788
Fra:1 Mem:66.54M (Peak 66.54M) | Time:00:00.06 | Mem:0.00M, Peak:0.00M | Scene, ViewLayer | Synchronizing object | 05_calcite_wall_mass_0789
Fra:1 Mem:66.54M (Peak 66.54M) | Time:00:00.06 | Mem:0.00M, Peak:0.00M | Scene, ViewLayer | Synchronizing object | 05_calcite_wall_mass_0791
Fra:1 Mem:66.54M (Peak 66.54M) | Time:00:00.06 | Mem:0.00M, Peak:0.00M | Scene, ViewLayer | Synchronizing object | 05_calcite_wall_mass_0792
Fra:1 Mem:66.54M (Peak 66.54M) | Time:00:00.06 | Mem:0.00M, Peak:0.00M | Scene, ViewLayer | Synchronizing object | 05_calcite_wall_mass_0793
Fra:1 Mem:66.55M (Peak 66.55M) | Time:00:00.06 | Mem:0.00M, Peak:0.00M | Scene, ViewLayer | Synchronizing object | 10_calcite_corner_shoulders_0794
Fra:1 Mem:66.55M (Peak 66.55M) | Time:00:00.06 | Mem:0.00M, Peak:0.00M | Scene, ViewLayer | Synchronizing object | 10_calcite_corner_shoulders_0795
Fra:1 Mem:66.55M (Peak 66.55M) | Time:00:00.06 | Mem:0.00M, Peak:0.00M | Scene, ViewLayer | Synchronizing object | 10_calcite_corner_shoulders_0796
Fra:1 Mem:66.55M (Peak 66.56M) | Time:00:00.06 | Mem:0.00M, Peak:0.00M | Scene, ViewLayer | Synchronizing object | 10_calcite_corner_shoulders_0798
Fra:1 Mem:66.56M (Peak 66.56M) | Time:00:00.06 | Mem:0.00M, Peak:0.00M | Scene, ViewLayer | Synchronizing object | 09_calcite_crown_rim_0800
Fra:1 Mem:66.56M (Peak 66.56M) | Time:00:00.06 | Mem:0.00M, Peak:0.00M | Scene, ViewLayer | Synchronizing object | 09_calcite_crown_rim_0801
Fra:1 Mem:66.57M (Peak 66.57M) | Time:00:00.06 | Mem:0.00M, Peak:0.00M | Scene, ViewLayer | Synchronizing object | 10_calcite_corner_shoulders_0803
Fra:1 Mem:66.57M (Peak 66.57M) | Time:00:00.06 | Mem:0.00M, Peak:0.00M | Scene, ViewLayer | Synchronizing object | 10_calcite_corner_shoulders_0804
Fra:1 Mem:66.57M (Peak 66.57M) | Time:00:00.06 | Mem:0.00M, Peak:0.00M | Scene, ViewLayer | Synchronizing object | 09_calcite_crown_rim_0805
Fra:1 Mem:66.57M (Peak 66.57M) | Time:00:00.06 | Mem:0.00M, Peak:0.00M | Scene, ViewLayer | Synchronizing object | 10_calcite_corner_shoulders_0807
Fra:1 Mem:66.59M (Peak 66.59M) | Time:00:00.06 | Mem:0.00M, Peak:0.00M | Scene, ViewLayer | Initializing
Fra:1 Mem:40.62M (Peak 66.59M) | Time:00:00.08 | Mem:0.00M, Peak:0.00M | Scene, ViewLayer | Waiting for render to start
Fra:1 Mem:40.63M (Peak 66.59M) | Time:00:00.08 | Mem:0.00M, Peak:0.00M | Scene, ViewLayer | Loading render kernels (may take a few minutes the first time)
Fra:1 Mem:40.63M (Peak 66.59M) | Time:00:00.08 | Mem:0.00M, Peak:0.00M | Scene, ViewLayer | Updating Scene
Fra:1 Mem:40.63M (Peak 66.59M) | Time:00:00.08 | Mem:0.00M, Peak:0.00M | Scene, ViewLayer | Updating Shaders
Fra:1 Mem:40.89M (Peak 66.59M) | Time:00:00.13 | Mem:0.01M, Peak:0.01M | Scene, ViewLayer | Updating Procedurals
Fra:1 Mem:40.89M (Peak 66.59M) | Time:00:00.13 | Mem:0.01M, Peak:0.01M | Scene, ViewLayer | Updating Background
Fra:1 Mem:40.89M (Peak 66.59M) | Time:00:00.13 | Mem:0.01M, Peak:0.01M | Scene, ViewLayer | Updating Camera
Fra:1 Mem:40.89M (Peak 66.59M) | Time:00:00.13 | Mem:0.01M, Peak:0.01M | Scene, ViewLayer | Updating Meshes Flags
Fra:1 Mem:40.89M (Peak 66.59M) | Time:00:00.13 | Mem:0.01M, Peak:0.01M | Scene, ViewLayer | Updating Objects
Fra:1 Mem:40.89M (Peak 66.59M) | Time:00:00.13 | Mem:0.01M, Peak:0.01M | Scene, ViewLayer | Updating Objects | Copying Transformations to device
Fra:1 Mem:41.06M (Peak 66.59M) | Time:00:00.13 | Mem:0.18M, Peak:0.18M | Scene, ViewLayer | Updating Objects | Applying Static Transformations
Fra:1 Mem:41.06M (Peak 66.59M) | Time:00:00.13 | Mem:0.18M, Peak:0.18M | Scene, ViewLayer | Updating Particle Systems
Fra:1 Mem:41.06M (Peak 66.59M) | Time:00:00.13 | Mem:0.18M, Peak:0.18M | Scene, ViewLayer | Updating Particle Systems | Copying Particles to device
Fra:1 Mem:41.06M (Peak 66.59M) | Time:00:00.13 | Mem:0.18M, Peak:0.18M | Scene, ViewLayer | Updating Meshes
Fra:1 Mem:41.21M (Peak 66.59M) | Time:00:00.13 | Mem:0.18M, Peak:0.18M | Scene, ViewLayer | Updating Mesh | Computing attributes
Fra:1 Mem:42.37M (Peak 66.59M) | Time:00:00.13 | Mem:0.30M, Peak:0.30M | Scene, ViewLayer | Updating Mesh | Copying Attributes to device
Fra:1 Mem:42.10M (Peak 66.59M) | Time:00:00.13 | Mem:1.06M, Peak:1.06M | Scene, ViewLayer | Updating Geometry BVH Cube.001 1/831 | Building BVH
Fra:1 Mem:42.10M (Peak 66.59M) | Time:00:00.13 | Mem:1.06M, Peak:1.06M | Scene, ViewLayer | Updating Geometry BVH Cube.013 13/831 | Building BVH
Fra:1 Mem:42.10M (Peak 66.59M) | Time:00:00.13 | Mem:1.06M, Peak:1.06M | Scene, ViewLayer | Updating Geometry BVH Cube.015 15/831 | Building BVH
Fra:1 Mem:42.10M (Peak 66.59M) | Time:00:00.13 | Mem:1.07M, Peak:1.07M | Scene, ViewLayer | Updating Geometry BVH Cube.015 15/831 | Building BVH 0%
Fra:1 Mem:42.10M (Peak 66.59M) | Time:00:00.13 | Mem:1.07M, Peak:1.07M | Scene, ViewLayer | Updating Geometry BVH Cube.831 831/831 | Building BVH 0%
Fra:1 Mem:42.10M (Peak 66.59M) | Time:00:00.13 | Mem:1.07M, Peak:1.07M | Scene, ViewLayer | Updating Geometry BVH Cube.831 831/831 | Building BVH
Fra:1 Mem:42.10M (Peak 66.59M) | Time:00:00.13 | Mem:1.07M, Peak:1.07M | Scene, ViewLayer | Updating Geometry BVH Cube.016 16/831 | Building BVH
Fra:1 Mem:42.10M (Peak 66.59M) | Time:00:00.13 | Mem:1.07M, Peak:1.07M | Scene, ViewLayer | Updating Geometry BVH Cube.017 17/831 | Building BVH
Fra:1 Mem:42.10M (Peak 66.59M) | Time:00:00.13 | Mem:1.07M, Peak:1.07M | Scene, ViewLayer | Updating Geometry BVH Cube.018 18/831 | Building BVH
Fra:1 Mem:42.10M (Peak 66.59M) | Time:00:00.13 | Mem:1.07M, Peak:1.07M | Scene, ViewLayer | Updating Geometry BVH Cube.019 19/831 | Building BVH
Fra:1 Mem:42.10M (Peak 66.59M) | Time:00:00.13 | Mem:1.07M, Peak:1.07M | Scene, ViewLayer | Updating Geometry BVH Cube.020 20/831 | Building BVH
Fra:1 Mem:42.10M (Peak 66.59M) | Time:00:00.13 | Mem:1.08M, Peak:1.08M | Scene, ViewLayer | Updating Geometry BVH Cube.021 21/831 | Building BVH
Fra:1 Mem:42.10M (Peak 66.59M) | Time:00:00.13 | Mem:1.08M, Peak:1.08M | Scene, ViewLayer | Updating Geometry BVH Cube.023 23/831 | Building BVH
Fra:1 Mem:42.10M (Peak 66.59M) | Time:00:00.13 | Mem:1.08M, Peak:1.08M | Scene, ViewLayer | Updating Geometry BVH Cube.024 24/831 | Building BVH
Fra:1 Mem:42.10M (Peak 66.59M) | Time:00:00.13 | Mem:1.08M, Peak:1.08M | Scene, ViewLayer | Updating Geometry BVH Cube.025 25/831 | Building BVH
Fra:1 Mem:42.10M (Peak 66.59M) | Time:00:00.13 | Mem:1.08M, Peak:1.08M | Scene, ViewLayer | Updating Geometry BVH Cube.026 26/831 | Building BVH
Fra:1 Mem:42.10M (Peak 66.59M) | Time:00:00.13 | Mem:1.08M, Peak:1.08M | Scene, ViewLayer | Updating Geometry BVH Cube.028 28/831 | Building BVH
Fra:1 Mem:42.10M (Peak 66.59M) | Time:00:00.13 | Mem:1.08M, Peak:1.08M | Scene, ViewLayer | Updating Geometry BVH Cube.029 29/831 | Building BVH
Fra:1 Mem:42.10M (Peak 66.59M) | Time:00:00.13 | Mem:1.09M, Peak:1.09M | Scene, ViewLayer | Updating Geometry BVH Cube.031 31/831 | Building BVH
Fra:1 Mem:42.10M (Peak 66.59M) | Time:00:00.13 | Mem:1.09M, Peak:1.09M | Scene, ViewLayer | Updating Geometry BVH Cube.032 32/831 | Building BVH
Fra:1 Mem:42.10M (Peak 66.59M) | Time:00:00.13 | Mem:1.09M, Peak:1.09M | Scene, ViewLayer | Updating Geometry BVH Cube.033 33/831 | Building BVH
Fra:1 Mem:42.10M (Peak 66.59M) | Time:00:00.13 | Mem:1.09M, Peak:1.09M | Scene, ViewLayer | Updating Geometry BVH Cube.034 34/831 | Building BVH
Fra:1 Mem:42.10M (Peak 66.59M) | Time:00:00.13 | Mem:1.09M, Peak:1.09M | Scene, ViewLayer | Updating Geometry BVH Cube.035 35/831 | Building BVH
Fra:1 Mem:42.10M (Peak 66.59M) | Time:00:00.13 | Mem:1.09M, Peak:1.09M | Scene, ViewLayer | Updating Geometry BVH Cube.830 830/831 | Building BVH
Fra:1 Mem:42.10M (Peak 66.59M) | Time:00:00.13 | Mem:1.10M, Peak:1.10M | Scene, ViewLayer | Updating Geometry BVH Cube.036 36/831 | Building BVH
Fra:1 Mem:42.10M (Peak 66.59M) | Time:00:00.13 | Mem:1.10M, Peak:1.10M | Scene, ViewLayer | Updating Geometry BVH Cube.038 38/831 | Building BVH
Fra:1 Mem:42.10M (Peak 66.59M) | Time:00:00.13 | Mem:1.10M, Peak:1.10M | Scene, ViewLayer | Updating Geometry BVH Cube.039 39/831 | Building BVH
Fra:1 Mem:42.10M (Peak 66.59M) | Time:00:00.13 | Mem:1.10M, Peak:1.10M | Scene, ViewLayer | Updating Geometry BVH Cube.041 41/831 | Building BVH
Fra:1 Mem:42.10M (Peak 66.59M) | Time:00:00.13 | Mem:1.10M, Peak:1.10M | Scene, ViewLayer | Updating Geometry BVH Cube.042 42/831 | Building BVH
Fra:1 Mem:42.10M (Peak 66.59M) | Time:00:00.13 | Mem:1.10M, Peak:1.11M | Scene, ViewLayer | Updating Geometry BVH Cube.044 44/831 | Building BVH
Fra:1 Mem:42.10M (Peak 66.59M) | Time:00:00.13 | Mem:1.11M, Peak:1.11M | Scene, ViewLayer | Updating Geometry BVH Cube.045 45/831 | Building BVH
Fra:1 Mem:42.10M (Peak 66.59M) | Time:00:00.13 | Mem:1.11M, Peak:1.11M | Scene, ViewLayer | Updating Geometry BVH Cube.046 46/831 | Building BVH
Fra:1 Mem:42.10M (Peak 66.59M) | Time:00:00.13 | Mem:1.11M, Peak:1.11M | Scene, ViewLayer | Updating Geometry BVH Cube.047 47/831 | Building BVH
Fra:1 Mem:42.10M (Peak 66.59M) | Time:00:00.13 | Mem:1.11M, Peak:1.11M | Scene, ViewLayer | Updating Geometry BVH Cube.048 48/831 | Building BVH
Fra:1 Mem:42.10M (Peak 66.59M) | Time:00:00.13 | Mem:1.11M, Peak:1.11M | Scene, ViewLayer | Updating Geometry BVH Cube.049 49/831 | Building BVH
Fra:1 Mem:42.10M (Peak 66.59M) | Time:00:00.13 | Mem:1.11M, Peak:1.11M | Scene, ViewLayer | Updating Geometry BVH Cube.050 50/831 | Building BVH
Fra:1 Mem:42.10M (Peak 66.59M) | Time:00:00.13 | Mem:1.11M, Peak:1.11M | Scene, ViewLayer | Updating Geometry BVH Cube.051 51/831 | Building BVH
Fra:1 Mem:42.10M (Peak 66.59M) | Time:00:00.13 | Mem:1.12M, Peak:1.12M | Scene, ViewLayer | Updating Geometry BVH Cube.052 52/831 | Building BVH
Fra:1 Mem:42.10M (Peak 66.59M) | Time:00:00.13 | Mem:1.12M, Peak:1.12M | Scene, ViewLayer | Updating Geometry BVH Cube.053 53/831 | Building BVH
Fra:1 Mem:42.10M (Peak 66.59M) | Time:00:00.13 | Mem:1.12M, Peak:1.12M | Scene, ViewLayer | Updating Geometry BVH Cube.054 54/831 | Building BVH
Fra:1 Mem:42.10M (Peak 66.59M) | Time:00:00.13 | Mem:1.12M, Peak:1.12M | Scene, ViewLayer | Updating Geometry BVH Cube.055 55/831 | Building BVH
Fra:1 Mem:42.10M (Peak 66.59M) | Time:00:00.13 | Mem:1.12M, Peak:1.12M | Scene, ViewLayer | Updating Geometry BVH Cube.057 57/831 | Building BVH
Fra:1 Mem:42.10M (Peak 66.59M) | Time:00:00.13 | Mem:1.13M, Peak:1.13M | Scene, ViewLayer | Updating Geometry BVH Cube.058 58/831 | Building BVH
Fra:1 Mem:42.10M (Peak 66.59M) | Time:00:00.13 | Mem:1.13M, Peak:1.13M | Scene, ViewLayer | Updating Geometry BVH Cube.059 59/831 | Building BVH
Fra:1 Mem:42.10M (Peak 66.59M) | Time:00:00.13 | Mem:1.13M, Peak:1.13M | Scene, ViewLayer | Updating Geometry BVH Cube.061 61/831 | Building BVH
Fra:1 Mem:42.10M (Peak 66.59M) | Time:00:00.13 | Mem:1.13M, Peak:1.13M | Scene, ViewLayer | Updating Geometry BVH Cube.062 62/831 | Building BVH
Fra:1 Mem:42.10M (Peak 66.59M) | Time:00:00.13 | Mem:1.13M, Peak:1.13M | Scene, ViewLayer | Updating Geometry BVH Cube.065 65/831 | Building BVH
Fra:1 Mem:42.10M (Peak 66.59M) | Time:00:00.13 | Mem:1.14M, Peak:1.14M | Scene, ViewLayer | Updating Geometry BVH Cube.066 66/831 | Building BVH
Fra:1 Mem:42.10M (Peak 66.59M) | Time:00:00.13 | Mem:1.14M, Peak:1.14M | Scene, ViewLayer | Updating Geometry BVH Cube.067 67/831 | Building BVH
Fra:1 Mem:42.10M (Peak 66.59M) | Time:00:00.13 | Mem:1.14M, Peak:1.14M | Scene, ViewLayer | Updating Geometry BVH Cube.068 68/831 | Building BVH
Fra:1 Mem:42.10M (Peak 66.59M) | Time:00:00.13 | Mem:1.14M, Peak:1.14M | Scene, ViewLayer | Updating Geometry BVH Cube.069 69/831 | Building BVH
Fra:1 Mem:42.10M (Peak 66.59M) | Time:00:00.13 | Mem:1.14M, Peak:1.14M | Scene, ViewLayer | Updating Geometry BVH Cube.070 70/831 | Building BVH
Fra:1 Mem:42.10M (Peak 66.59M) | Time:00:00.13 | Mem:1.14M, Peak:1.14M | Scene, ViewLayer | Updating Geometry BVH Cube.071 71/831 | Building BVH
Fra:1 Mem:42.10M (Peak 66.59M) | Time:00:00.13 | Mem:1.15M, Peak:1.15M | Scene, ViewLayer | Updating Geometry BVH Cube.073 73/831 | Building BVH
Fra:1 Mem:42.10M (Peak 66.59M) | Time:00:00.13 | Mem:1.15M, Peak:1.15M | Scene, ViewLayer | Updating Geometry BVH Cube.072 72/831 | Building BVH
Fra:1 Mem:42.10M (Peak 66.59M) | Time:00:00.13 | Mem:1.15M, Peak:1.15M | Scene, ViewLayer | Updating Geometry BVH Cube.074 74/831 | Building BVH
Fra:1 Mem:42.10M (Peak 66.59M) | Time:00:00.13 | Mem:1.15M, Peak:1.15M | Scene, ViewLayer | Updating Geometry BVH Cube.075 75/831 | Building BVH
Fra:1 Mem:42.10M (Peak 66.59M) | Time:00:00.13 | Mem:1.15M, Peak:1.15M | Scene, ViewLayer | Updating Geometry BVH Cube.076 76/831 | Building BVH
Fra:1 Mem:42.10M (Peak 66.59M) | Time:00:00.13 | Mem:1.15M, Peak:1.15M | Scene, ViewLayer | Updating Geometry BVH Cube.077 77/831 | Building BVH
Fra:1 Mem:42.10M (Peak 66.59M) | Time:00:00.13 | Mem:1.15M, Peak:1.15M | Scene, ViewLayer | Updating Geometry BVH Cube.078 78/831 | Building BVH
Fra:1 Mem:42.10M (Peak 66.59M) | Time:00:00.13 | Mem:1.15M, Peak:1.15M | Scene, ViewLayer | Updating Geometry BVH Cube.079 79/831 | Building BVH
Fra:1 Mem:42.10M (Peak 66.59M) | Time:00:00.13 | Mem:1.16M, Peak:1.16M | Scene, ViewLayer | Updating Geometry BVH Cube.080 80/831 | Building BVH
Fra:1 Mem:42.10M (Peak 66.59M) | Time:00:00.13 | Mem:1.16M, Peak:1.16M | Scene, ViewLayer | Updating Geometry BVH Cube.081 81/831 | Building BVH
Fra:1 Mem:42.10M (Peak 66.59M) | Time:00:00.13 | Mem:1.16M, Peak:1.16M | Scene, ViewLayer | Updating Geometry BVH Cube.082 82/831 | Building BVH
Fra:1 Mem:42.10M (Peak 66.59M) | Time:00:00.13 | Mem:1.16M, Peak:1.16M | Scene, ViewLayer | Updating Geometry BVH Cube.083 83/831 | Building BVH
Fra:1 Mem:42.10M (Peak 66.59M) | Time:00:00.13 | Mem:1.16M, Peak:1.16M | Scene, ViewLayer | Updating Geometry BVH Cube.084 84/831 | Building BVH
Fra:1 Mem:42.10M (Peak 66.59M) | Time:00:00.13 | Mem:1.16M, Peak:1.16M | Scene, ViewLayer | Updating Geometry BVH Cube.085 85/831 | Building BVH
Fra:1 Mem:42.10M (Peak 66.59M) | Time:00:00.13 | Mem:1.16M, Peak:1.16M | Scene, ViewLayer | Updating Geometry BVH Cube.828 828/831 | Building BVH
Fra:1 Mem:42.10M (Peak 66.59M) | Time:00:00.13 | Mem:1.16M, Peak:1.16M | Scene, ViewLayer | Updating Geometry BVH Cube.086 86/831 | Building BVH
Fra:1 Mem:42.10M (Peak 66.59M) | Time:00:00.13 | Mem:1.17M, Peak:1.17M | Scene, ViewLayer | Updating Geometry BVH Cube.827 827/831 | Building BVH
Fra:1 Mem:42.10M (Peak 66.59M) | Time:00:00.13 | Mem:1.17M, Peak:1.17M | Scene, ViewLayer | Updating Geometry BVH Cube.826 826/831 | Building BVH
Fra:1 Mem:42.10M (Peak 66.59M) | Time:00:00.13 | Mem:1.17M, Peak:1.17M | Scene, ViewLayer | Updating Geometry BVH Cube.825 825/831 | Building BVH
Fra:1 Mem:42.10M (Peak 66.59M) | Time:00:00.13 | Mem:1.17M, Peak:1.17M | Scene, ViewLayer | Updating Geometry BVH Cube.088 88/831 | Building BVH
Fra:1 Mem:42.10M (Peak 66.59M) | Time:00:00.13 | Mem:1.17M, Peak:1.17M | Scene, ViewLayer | Updating Geometry BVH Cube.089 89/831 | Building BVH
Fra:1 Mem:42.10M (Peak 66.59M) | Time:00:00.13 | Mem:1.17M, Peak:1.18M | Scene, ViewLayer | Updating Geometry BVH Cube.090 90/831 | Building BVH
Fra:1 Mem:42.10M (Peak 66.59M) | Time:00:00.13 | Mem:1.17M, Peak:1.18M | Scene, ViewLayer | Updating Geometry BVH Cube.091 91/831 | Building BVH
Fra:1 Mem:42.10M (Peak 66.59M) | Time:00:00.13 | Mem:1.18M, Peak:1.18M | Scene, ViewLayer | Updating Geometry BVH Cube.092 92/831 | Building BVH
Fra:1 Mem:42.10M (Peak 66.59M) | Time:00:00.13 | Mem:1.18M, Peak:1.18M | Scene, ViewLayer | Updating Geometry BVH Cube.093 93/831 | Building BVH
Fra:1 Mem:42.10M (Peak 66.59M) | Time:00:00.13 | Mem:1.18M, Peak:1.18M | Scene, ViewLayer | Updating Geometry BVH Cube.094 94/831 | Building BVH
Fra:1 Mem:42.10M (Peak 66.59M) | Time:00:00.13 | Mem:1.18M, Peak:1.18M | Scene, ViewLayer | Updating Geometry BVH Cube.098 98/831 | Building BVH
Fra:1 Mem:42.10M (Peak 66.59M) | Time:00:00.13 | Mem:1.19M, Peak:1.19M | Scene, ViewLayer | Updating Geometry BVH Cube.099 99/831 | Building BVH
Fra:1 Mem:42.10M (Peak 66.59M) | Time:00:00.13 | Mem:1.19M, Peak:1.19M | Scene, ViewLayer | Updating Geometry BVH Cube.101 101/831 | Building BVH
Fra:1 Mem:42.10M (Peak 66.59M) | Time:00:00.13 | Mem:1.19M, Peak:1.19M | Scene, ViewLayer | Updating Geometry BVH Cube.102 102/831 | Building BVH
Fra:1 Mem:42.10M (Peak 66.59M) | Time:00:00.13 | Mem:1.19M, Peak:1.19M | Scene, ViewLayer | Updating Geometry BVH Cube.104 104/831 | Building BVH
Fra:1 Mem:42.10M (Peak 66.59M) | Time:00:00.13 | Mem:1.19M, Peak:1.19M | Scene, ViewLayer | Updating Geometry BVH Cube.105 105/831 | Building BVH
Fra:1 Mem:42.10M (Peak 66.59M) | Time:00:00.13 | Mem:1.19M, Peak:1.20M | Scene, ViewLayer | Updating Geometry BVH Cube.106 106/831 | Building BVH
Fra:1 Mem:42.10M (Peak 66.59M) | Time:00:00.13 | Mem:1.20M, Peak:1.20M | Scene, ViewLayer | Updating Geometry BVH Cube.107 107/831 | Building BVH
Fra:1 Mem:42.10M (Peak 66.59M) | Time:00:00.13 | Mem:1.20M, Peak:1.20M | Scene, ViewLayer | Updating Geometry BVH Cube.108 108/831 | Building BVH
Fra:1 Mem:42.10M (Peak 66.59M) | Time:00:00.13 | Mem:1.20M, Peak:1.20M | Scene, ViewLayer | Updating Geometry BVH Cube.109 109/831 | Building BVH
Fra:1 Mem:42.10M (Peak 66.59M) | Time:00:00.13 | Mem:1.20M, Peak:1.20M | Scene, ViewLayer | Updating Geometry BVH Cube.110 110/831 | Building BVH
Fra:1 Mem:42.10M (Peak 66.59M) | Time:00:00.13 | Mem:1.20M, Peak:1.20M | Scene, ViewLayer | Updating Geometry BVH Cube.111 111/831 | Building BVH
Fra:1 Mem:42.10M (Peak 66.59M) | Time:00:00.13 | Mem:1.21M, Peak:1.21M | Scene, ViewLayer | Updating Geometry BVH Cube.113 113/831 | Building BVH
Fra:1 Mem:42.10M (Peak 66.59M) | Time:00:00.13 | Mem:1.21M, Peak:1.21M | Scene, ViewLayer | Updating Geometry BVH Cube.114 114/831 | Building BVH
Fra:1 Mem:42.10M (Peak 66.59M) | Time:00:00.13 | Mem:1.21M, Peak:1.21M | Scene, ViewLayer | Updating Geometry BVH Cube.115 115/831 | Building BVH
Fra:1 Mem:42.10M (Peak 66.59M) | Time:00:00.13 | Mem:1.21M, Peak:1.21M | Scene, ViewLayer | Updating Geometry BVH Cube.824 824/831 | Building BVH
Fra:1 Mem:42.10M (Peak 66.59M) | Time:00:00.13 | Mem:1.21M, Peak:1.21M | Scene, ViewLayer | Updating Geometry BVH Cube.118 118/831 | Building BVH
Fra:1 Mem:42.10M (Peak 66.59M) | Time:00:00.13 | Mem:1.21M, Peak:1.21M | Scene, ViewLayer | Updating Geometry BVH Cube.119 119/831 | Building BVH
Fra:1 Mem:42.10M (Peak 66.59M) | Time:00:00.13 | Mem:1.22M, Peak:1.22M | Scene, ViewLayer | Updating Geometry BVH Cube.120 120/831 | Building BVH
Fra:1 Mem:42.10M (Peak 66.59M) | Time:00:00.13 | Mem:1.22M, Peak:1.22M | Scene, ViewLayer | Updating Geometry BVH Cube.121 121/831 | Building BVH
Fra:1 Mem:42.10M (Peak 66.59M) | Time:00:00.13 | Mem:1.22M, Peak:1.22M | Scene, ViewLayer | Updating Geometry BVH Cube.122 122/831 | Building BVH
Fra:1 Mem:42.10M (Peak 66.59M) | Time:00:00.13 | Mem:1.22M, Peak:1.22M | Scene, ViewLayer | Updating Geometry BVH Cube.123 123/831 | Building BVH
Fra:1 Mem:42.10M (Peak 66.59M) | Time:00:00.13 | Mem:1.22M, Peak:1.22M | Scene, ViewLayer | Updating Geometry BVH Cube.124 124/831 | Building BVH
Fra:1 Mem:42.10M (Peak 66.59M) | Time:00:00.13 | Mem:1.22M, Peak:1.22M | Scene, ViewLayer | Updating Geometry BVH Cube.126 126/831 | Building BVH
Fra:1 Mem:42.10M (Peak 66.59M) | Time:00:00.13 | Mem:1.22M, Peak:1.22M | Scene, ViewLayer | Updating Geometry BVH Cube.823 823/831 | Building BVH
Fra:1 Mem:42.10M (Peak 66.59M) | Time:00:00.13 | Mem:1.23M, Peak:1.23M | Scene, ViewLayer | Updating Geometry BVH Cube.127 127/831 | Building BVH
Fra:1 Mem:42.10M (Peak 66.59M) | Time:00:00.13 | Mem:1.23M, Peak:1.23M | Scene, ViewLayer | Updating Geometry BVH Cube.822 822/831 | Building BVH
Fra:1 Mem:42.10M (Peak 66.59M) | Time:00:00.13 | Mem:1.23M, Peak:1.23M | Scene, ViewLayer | Updating Geometry BVH Cube.128 128/831 | Building BVH
Fra:1 Mem:42.10M (Peak 66.59M) | Time:00:00.13 | Mem:1.23M, Peak:1.23M | Scene, ViewLayer | Updating Geometry BVH Cube.129 129/831 | Building BVH
Fra:1 Mem:42.10M (Peak 66.59M) | Time:00:00.13 | Mem:1.23M, Peak:1.23M | Scene, ViewLayer | Updating Geometry BVH Cube.131 131/831 | Building BVH
Fra:1 Mem:42.10M (Peak 66.59M) | Time:00:00.13 | Mem:1.23M, Peak:1.23M | Scene, ViewLayer | Updating Geometry BVH Cube.132 132/831 | Building BVH
Fra:1 Mem:42.10M (Peak 66.59M) | Time:00:00.13 | Mem:1.24M, Peak:1.24M | Scene, ViewLayer | Updating Geometry BVH Cube.133 133/831 | Building BVH
Fra:1 Mem:42.10M (Peak 66.59M) | Time:00:00.13 | Mem:1.24M, Peak:1.24M | Scene, ViewLayer | Updating Geometry BVH Cube.134 134/831 | Building BVH
Fra:1 Mem:42.10M (Peak 66.59M) | Time:00:00.13 | Mem:1.24M, Peak:1.24M | Scene, ViewLayer | Updating Geometry BVH Cube.135 135/831 | Building BVH
Fra:1 Mem:42.10M (Peak 66.59M) | Time:00:00.13 | Mem:1.24M, Peak:1.24M | Scene, ViewLayer | Updating Geometry BVH Cube.136 136/831 | Building BVH
Fra:1 Mem:42.10M (Peak 66.59M) | Time:00:00.13 | Mem:1.24M, Peak:1.24M | Scene, ViewLayer | Updating Geometry BVH Cube.137 137/831 | Building BVH
Fra:1 Mem:42.10M (Peak 66.59M) | Time:00:00.13 | Mem:1.24M, Peak:1.24M | Scene, ViewLayer | Updating Geometry BVH Cube.139 139/831 | Building BVH
Fra:1 Mem:42.10M (Peak 66.59M) | Time:00:00.13 | Mem:1.25M, Peak:1.25M | Scene, ViewLayer | Updating Geometry BVH Cube.140 140/831 | Building BVH
Fra:1 Mem:42.10M (Peak 66.59M) | Time:00:00.13 | Mem:1.25M, Peak:1.25M | Scene, ViewLayer | Updating Geometry BVH Cube.141 141/831 | Building BVH
Fra:1 Mem:42.10M (Peak 66.59M) | Time:00:00.13 | Mem:1.25M, Peak:1.25M | Scene, ViewLayer | Updating Geometry BVH Cube.821 821/831 | Building BVH
Fra:1 Mem:42.10M (Peak 66.59M) | Time:00:00.13 | Mem:1.25M, Peak:1.25M | Scene, ViewLayer | Updating Geometry BVH Cube.143 143/831 | Building BVH
Fra:1 Mem:42.10M (Peak 66.59M) | Time:00:00.13 | Mem:1.25M, Peak:1.25M | Scene, ViewLayer | Updating Geometry BVH Cube.144 144/831 | Building BVH
Fra:1 Mem:42.10M (Peak 66.59M) | Time:00:00.13 | Mem:1.25M, Peak:1.25M | Scene, ViewLayer | Updating Geometry BVH Cube.145 145/831 | Building BVH
Fra:1 Mem:42.10M (Peak 66.59M) | Time:00:00.13 | Mem:1.26M, Peak:1.26M | Scene, ViewLayer | Updating Geometry BVH Cube.146 146/831 | Building BVH
Fra:1 Mem:42.10M (Peak 66.59M) | Time:00:00.13 | Mem:1.26M, Peak:1.26M | Scene, ViewLayer | Updating Geometry BVH Cube.148 148/831 | Building BVH
Fra:1 Mem:42.10M (Peak 66.59M) | Time:00:00.13 | Mem:1.26M, Peak:1.26M | Scene, ViewLayer | Updating Geometry BVH Cube.149 149/831 | Building BVH
Fra:1 Mem:42.10M (Peak 66.59M) | Time:00:00.13 | Mem:1.27M, Peak:1.27M | Scene, ViewLayer | Updating Geometry BVH Cube.151 151/831 | Building BVH
Fra:1 Mem:42.10M (Peak 66.59M) | Time:00:00.13 | Mem:1.27M, Peak:1.27M | Scene, ViewLayer | Updating Geometry BVH Cube.154 154/831 | Building BVH
Fra:1 Mem:42.10M (Peak 66.59M) | Time:00:00.13 | Mem:1.27M, Peak:1.27M | Scene, ViewLayer | Updating Geometry BVH Cube.820 820/831 | Building BVH
Fra:1 Mem:42.10M (Peak 66.59M) | Time:00:00.13 | Mem:1.27M, Peak:1.27M | Scene, ViewLayer | Updating Geometry BVH Cube.155 155/831 | Building BVH
Fra:1 Mem:42.10M (Peak 66.59M) | Time:00:00.13 | Mem:1.27M, Peak:1.27M | Scene, ViewLayer | Updating Geometry BVH Cube.156 156/831 | Building BVH
Fra:1 Mem:42.10M (Peak 66.59M) | Time:00:00.13 | Mem:1.27M, Peak:1.27M | Scene, ViewLayer | Updating Geometry BVH Cube.157 157/831 | Building BVH
Fra:1 Mem:42.10M (Peak 66.59M) | Time:00:00.13 | Mem:1.27M, Peak:1.27M | Scene, ViewLayer | Updating Geometry BVH Cube.158 158/831 | Building BVH
Fra:1 Mem:42.10M (Peak 66.59M) | Time:00:00.13 | Mem:1.27M, Peak:1.27M | Scene, ViewLayer | Updating Geometry BVH Cube.159 159/831 | Building BVH
Fra:1 Mem:42.10M (Peak 66.59M) | Time:00:00.13 | Mem:1.27M, Peak:1.27M | Scene, ViewLayer | Updating Geometry BVH Cube.160 160/831 | Building BVH
Fra:1 Mem:42.10M (Peak 66.59M) | Time:00:00.13 | Mem:1.28M, Peak:1.28M | Scene, ViewLayer | Updating Geometry BVH Cube.161 161/831 | Building BVH
Fra:1 Mem:42.10M (Peak 66.59M) | Time:00:00.13 | Mem:1.28M, Peak:1.28M | Scene, ViewLayer | Updating Geometry BVH Cube.162 162/831 | Building BVH
Fra:1 Mem:42.10M (Peak 66.59M) | Time:00:00.13 | Mem:1.28M, Peak:1.28M | Scene, ViewLayer | Updating Geometry BVH Cube.163 163/831 | Building BVH
Fra:1 Mem:42.10M (Peak 66.59M) | Time:00:00.13 | Mem:1.28M, Peak:1.28M | Scene, ViewLayer | Updating Geometry BVH Cube.819 819/831 | Building BVH
Fra:1 Mem:42.10M (Peak 66.59M) | Time:00:00.13 | Mem:1.28M, Peak:1.28M | Scene, ViewLayer | Updating Geometry BVH Cube.818 818/831 | Building BVH
Fra:1 Mem:42.10M (Peak 66.59M) | Time:00:00.13 | Mem:1.28M, Peak:1.29M | Scene, ViewLayer | Updating Geometry BVH Cube.817 817/831 | Building BVH
Fra:1 Mem:42.10M (Peak 66.59M) | Time:00:00.13 | Mem:1.29M, Peak:1.29M | Scene, ViewLayer | Updating Geometry BVH Cube.816 816/831 | Building BVH
Fra:1 Mem:42.10M (Peak 66.59M) | Time:00:00.13 | Mem:1.29M, Peak:1.29M | Scene, ViewLayer | Updating Geometry BVH Cube.166 166/831 | Building BVH
Fra:1 Mem:42.10M (Peak 66.59M) | Time:00:00.13 | Mem:1.29M, Peak:1.29M | Scene, ViewLayer | Updating Geometry BVH Cube.167 167/831 | Building BVH
Fra:1 Mem:42.10M (Peak 66.59M) | Time:00:00.13 | Mem:1.29M, Peak:1.29M | Scene, ViewLayer | Updating Geometry BVH Cube.168 168/831 | Building BVH
Fra:1 Mem:42.10M (Peak 66.59M) | Time:00:00.13 | Mem:1.29M, Peak:1.29M | Scene, ViewLayer | Updating Geometry BVH Cube.169 169/831 | Building BVH
Fra:1 Mem:42.10M (Peak 66.59M) | Time:00:00.13 | Mem:1.30M, Peak:1.30M | Scene, ViewLayer | Updating Geometry BVH Cube.170 170/831 | Building BVH
Fra:1 Mem:42.10M (Peak 66.59M) | Time:00:00.13 | Mem:1.30M, Peak:1.30M | Scene, ViewLayer | Updating Geometry BVH Cube.172 172/831 | Building BVH
Fra:1 Mem:42.10M (Peak 66.59M) | Time:00:00.13 | Mem:1.30M, Peak:1.30M | Scene, ViewLayer | Updating Geometry BVH Cube.173 173/831 | Building BVH
Fra:1 Mem:42.10M (Peak 66.59M) | Time:00:00.13 | Mem:1.30M, Peak:1.30M | Scene, ViewLayer | Updating Geometry BVH Cube.174 174/831 | Building BVH
Fra:1 Mem:42.10M (Peak 66.59M) | Time:00:00.13 | Mem:1.30M, Peak:1.30M | Scene, ViewLayer | Updating Geometry BVH Cube.175 175/831 | Building BVH
Fra:1 Mem:42.10M (Peak 66.59M) | Time:00:00.13 | Mem:1.30M, Peak:1.30M | Scene, ViewLayer | Updating Geometry BVH Cube.176 176/831 | Building BVH
Fra:1 Mem:42.10M (Peak 66.59M) | Time:00:00.13 | Mem:1.30M, Peak:1.30M | Scene, ViewLayer | Updating Geometry BVH Cube.177 177/831 | Building BVH
Fra:1 Mem:42.10M (Peak 66.59M) | Time:00:00.13 | Mem:1.31M, Peak:1.31M | Scene, ViewLayer | Updating Geometry BVH Cube.178 178/831 | Building BVH
Fra:1 Mem:42.10M (Peak 66.59M) | Time:00:00.13 | Mem:1.31M, Peak:1.31M | Scene, ViewLayer | Updating Geometry BVH Cube.179 179/831 | Building BVH
Fra:1 Mem:42.10M (Peak 66.59M) | Time:00:00.13 | Mem:1.31M, Peak:1.31M | Scene, ViewLayer | Updating Geometry BVH Cube.180 180/831 | Building BVH
Fra:1 Mem:42.10M (Peak 66.59M) | Time:00:00.13 | Mem:1.31M, Peak:1.31M | Scene, ViewLayer | Updating Geometry BVH Cube.181 181/831 | Building BVH
Fra:1 Mem:42.10M (Peak 66.59M) | Time:00:00.13 | Mem:1.31M, Peak:1.31M | Scene, ViewLayer | Updating Geometry BVH Cube.183 183/831 | Building BVH
Fra:1 Mem:42.10M (Peak 66.59M) | Time:00:00.13 | Mem:1.31M, Peak:1.31M | Scene, ViewLayer | Updating Geometry BVH Cube.184 184/831 | Building BVH
Fra:1 Mem:42.10M (Peak 66.59M) | Time:00:00.13 | Mem:1.31M, Peak:1.31M | Scene, ViewLayer | Updating Geometry BVH Cube.185 185/831 | Building BVH
Fra:1 Mem:42.10M (Peak 66.59M) | Time:00:00.13 | Mem:1.32M, Peak:1.32M | Scene, ViewLayer | Updating Geometry BVH Cube.186 186/831 | Building BVH
Fra:1 Mem:42.10M (Peak 66.59M) | Time:00:00.13 | Mem:1.32M, Peak:1.32M | Scene, ViewLayer | Updating Geometry BVH Cube.187 187/831 | Building BVH
Fra:1 Mem:42.10M (Peak 66.59M) | Time:00:00.13 | Mem:1.32M, Peak:1.32M | Scene, ViewLayer | Updating Geometry BVH Cube.188 188/831 | Building BVH
Fra:1 Mem:42.10M (Peak 66.59M) | Time:00:00.13 | Mem:1.32M, Peak:1.32M | Scene, ViewLayer | Updating Geometry BVH Cube.814 814/831 | Building BVH
Fra:1 Mem:42.10M (Peak 66.59M) | Time:00:00.13 | Mem:1.32M, Peak:1.32M | Scene, ViewLayer | Updating Geometry BVH Cube.190 190/831 | Building BVH
Fra:1 Mem:42.10M (Peak 66.59M) | Time:00:00.13 | Mem:1.32M, Peak:1.33M | Scene, ViewLayer | Updating Geometry BVH Cube.191 191/831 | Building BVH
Fra:1 Mem:42.10M (Peak 66.59M) | Time:00:00.13 | Mem:1.33M, Peak:1.33M | Scene, ViewLayer | Updating Geometry BVH Cube.192 192/831 | Building BVH
Fra:1 Mem:42.10M (Peak 66.59M) | Time:00:00.13 | Mem:1.33M, Peak:1.33M | Scene, ViewLayer | Updating Geometry BVH Cube.194 194/831 | Building BVH
Fra:1 Mem:42.10M (Peak 66.59M) | Time:00:00.13 | Mem:1.33M, Peak:1.33M | Scene, ViewLayer | Updating Geometry BVH Cube.195 195/831 | Building BVH
Fra:1 Mem:42.10M (Peak 66.59M) | Time:00:00.13 | Mem:1.33M, Peak:1.33M | Scene, ViewLayer | Updating Geometry BVH Cube.196 196/831 | Building BVH
Fra:1 Mem:42.10M (Peak 66.59M) | Time:00:00.13 | Mem:1.33M, Peak:1.33M | Scene, ViewLayer | Updating Geometry BVH Cube.197 197/831 | Building BVH
Fra:1 Mem:42.10M (Peak 66.59M) | Time:00:00.13 | Mem:1.33M, Peak:1.33M | Scene, ViewLayer | Updating Geometry BVH Cube.198 198/831 | Building BVH
Fra:1 Mem:42.10M (Peak 66.59M) | Time:00:00.13 | Mem:1.34M, Peak:1.34M | Scene, ViewLayer | Updating Geometry BVH Cube.199 199/831 | Building BVH
Fra:1 Mem:42.10M (Peak 66.59M) | Time:00:00.13 | Mem:1.34M, Peak:1.34M | Scene, ViewLayer | Updating Geometry BVH Cube.200 200/831 | Building BVH
Fra:1 Mem:42.10M (Peak 66.59M) | Time:00:00.13 | Mem:1.34M, Peak:1.34M | Scene, ViewLayer | Updating Geometry BVH Cube.201 201/831 | Building BVH
Fra:1 Mem:42.10M (Peak 66.59M) | Time:00:00.13 | Mem:1.34M, Peak:1.34M | Scene, ViewLayer | Updating Geometry BVH Cube.202 202/831 | Building BVH
Fra:1 Mem:42.10M (Peak 66.59M) | Time:00:00.13 | Mem:1.34M, Peak:1.34M | Scene, ViewLayer | Updating Geometry BVH Cube.203 203/831 | Building BVH
Fra:1 Mem:42.10M (Peak 66.59M) | Time:00:00.13 | Mem:1.34M, Peak:1.34M | Scene, ViewLayer | Updating Geometry BVH Cube.204 204/831 | Building BVH
Fra:1 Mem:42.10M (Peak 66.59M) | Time:00:00.13 | Mem:1.34M, Peak:1.34M | Scene, ViewLayer | Updating Geometry BVH Cube.205 205/831 | Building BVH
Fra:1 Mem:42.10M (Peak 66.59M) | Time:00:00.13 | Mem:1.34M, Peak:1.34M | Scene, ViewLayer | Updating Geometry BVH Cube.206 206/831 | Building BVH
Fra:1 Mem:42.10M (Peak 66.59M) | Time:00:00.13 | Mem:1.35M, Peak:1.35M | Scene, ViewLayer | Updating Geometry BVH Cube.207 207/831 | Building BVH
Fra:1 Mem:42.10M (Peak 66.59M) | Time:00:00.13 | Mem:1.35M, Peak:1.35M | Scene, ViewLayer | Updating Geometry BVH Cube.208 208/831 | Building BVH
Fra:1 Mem:42.10M (Peak 66.59M) | Time:00:00.13 | Mem:1.35M, Peak:1.35M | Scene, ViewLayer | Updating Geometry BVH Cube.209 209/831 | Building BVH
Fra:1 Mem:42.10M (Peak 66.59M) | Time:00:00.13 | Mem:1.35M, Peak:1.35M | Scene, ViewLayer | Updating Geometry BVH Cube.210 210/831 | Building BVH
Fra:1 Mem:42.10M (Peak 66.59M) | Time:00:00.13 | Mem:1.35M, Peak:1.35M | Scene, ViewLayer | Updating Geometry BVH Cube.211 211/831 | Building BVH
Fra:1 Mem:42.10M (Peak 66.59M) | Time:00:00.13 | Mem:1.35M, Peak:1.35M | Scene, ViewLayer | Updating Geometry BVH Cube.212 212/831 | Building BVH
Fra:1 Mem:42.10M (Peak 66.59M) | Time:00:00.13 | Mem:1.35M, Peak:1.35M | Scene, ViewLayer | Updating Geometry BVH Cube.213 213/831 | Building BVH
Fra:1 Mem:42.10M (Peak 66.59M) | Time:00:00.13 | Mem:1.35M, Peak:1.35M | Scene, ViewLayer | Updating Geometry BVH Cube.214 214/831 | Building BVH
Fra:1 Mem:42.10M (Peak 66.59M) | Time:00:00.13 | Mem:1.36M, Peak:1.36M | Scene, ViewLayer | Updating Geometry BVH Cube.215 215/831 | Building BVH
Fra:1 Mem:42.10M (Peak 66.59M) | Time:00:00.13 | Mem:1.36M, Peak:1.36M | Scene, ViewLayer | Updating Geometry BVH Cube.216 216/831 | Building BVH
Fra:1 Mem:42.10M (Peak 66.59M) | Time:00:00.13 | Mem:1.36M, Peak:1.36M | Scene, ViewLayer | Updating Geometry BVH Cube.217 217/831 | Building BVH
Fra:1 Mem:42.10M (Peak 66.59M) | Time:00:00.13 | Mem:1.36M, Peak:1.36M | Scene, ViewLayer | Updating Geometry BVH Cube.218 218/831 | Building BVH
Fra:1 Mem:42.10M (Peak 66.59M) | Time:00:00.13 | Mem:1.36M, Peak:1.36M | Scene, ViewLayer | Updating Geometry BVH Cube.220 220/831 | Building BVH
Fra:1 Mem:42.10M (Peak 66.59M) | Time:00:00.13 | Mem:1.36M, Peak:1.36M | Scene, ViewLayer | Updating Geometry BVH Cube.221 221/831 | Building BVH
Fra:1 Mem:42.10M (Peak 66.59M) | Time:00:00.13 | Mem:1.37M, Peak:1.37M | Scene, ViewLayer | Updating Geometry BVH Cube.224 224/831 | Building BVH
Fra:1 Mem:42.10M (Peak 66.59M) | Time:00:00.13 | Mem:1.37M, Peak:1.37M | Scene, ViewLayer | Updating Geometry BVH Cube.813 813/831 | Building BVH
Fra:1 Mem:42.10M (Peak 66.59M) | Time:00:00.13 | Mem:1.37M, Peak:1.37M | Scene, ViewLayer | Updating Geometry BVH Cube.225 225/831 | Building BVH
Fra:1 Mem:42.10M (Peak 66.59M) | Time:00:00.13 | Mem:1.38M, Peak:1.38M | Scene, ViewLayer | Updating Geometry BVH Cube.226 226/831 | Building BVH
Fra:1 Mem:42.10M (Peak 66.59M) | Time:00:00.13 | Mem:1.38M, Peak:1.38M | Scene, ViewLayer | Updating Geometry BVH Cube.229 229/831 | Building BVH
Fra:1 Mem:42.10M (Peak 66.59M) | Time:00:00.13 | Mem:1.38M, Peak:1.38M | Scene, ViewLayer | Updating Geometry BVH Cube.230 230/831 | Building BVH
Fra:1 Mem:42.10M (Peak 66.59M) | Time:00:00.13 | Mem:1.38M, Peak:1.38M | Scene, ViewLayer | Updating Geometry BVH Cube.231 231/831 | Building BVH
Fra:1 Mem:42.10M (Peak 66.59M) | Time:00:00.13 | Mem:1.38M, Peak:1.38M | Scene, ViewLayer | Updating Geometry BVH Cube.233 233/831 | Building BVH
Fra:1 Mem:42.10M (Peak 66.59M) | Time:00:00.13 | Mem:1.38M, Peak:1.38M | Scene, ViewLayer | Updating Geometry BVH Cube.812 812/831 | Building BVH
Fra:1 Mem:42.10M (Peak 66.59M) | Time:00:00.13 | Mem:1.38M, Peak:1.38M | Scene, ViewLayer | Updating Geometry BVH Cube.234 234/831 | Building BVH
Fra:1 Mem:42.10M (Peak 66.59M) | Time:00:00.13 | Mem:1.39M, Peak:1.39M | Scene, ViewLayer | Updating Geometry BVH Cube.235 235/831 | Building BVH
Fra:1 Mem:42.10M (Peak 66.59M) | Time:00:00.13 | Mem:1.39M, Peak:1.39M | Scene, ViewLayer | Updating Geometry BVH Cube.237 237/831 | Building BVH
Fra:1 Mem:42.10M (Peak 66.59M) | Time:00:00.13 | Mem:1.39M, Peak:1.39M | Scene, ViewLayer | Updating Geometry BVH Cube.238 238/831 | Building BVH
Fra:1 Mem:42.10M (Peak 66.59M) | Time:00:00.13 | Mem:1.39M, Peak:1.39M | Scene, ViewLayer | Updating Geometry BVH Cube.239 239/831 | Building BVH
Fra:1 Mem:42.10M (Peak 66.59M) | Time:00:00.13 | Mem:1.39M, Peak:1.39M | Scene, ViewLayer | Updating Geometry BVH Cube.240 240/831 | Building BVH
Fra:1 Mem:42.10M (Peak 66.59M) | Time:00:00.13 | Mem:1.39M, Peak:1.39M | Scene, ViewLayer | Updating Geometry BVH Cube.241 241/831 | Building BVH
Fra:1 Mem:42.10M (Peak 66.59M) | Time:00:00.13 | Mem:1.39M, Peak:1.40M | Scene, ViewLayer | Updating Geometry BVH Cube.242 242/831 | Building BVH
Fra:1 Mem:42.10M (Peak 66.59M) | Time:00:00.13 | Mem:1.40M, Peak:1.40M | Scene, ViewLayer | Updating Geometry BVH Cube.243 243/831 | Building BVH
Fra:1 Mem:42.10M (Peak 66.59M) | Time:00:00.13 | Mem:1.40M, Peak:1.40M | Scene, ViewLayer | Updating Geometry BVH Cube.244 244/831 | Building BVH
Fra:1 Mem:42.10M (Peak 66.59M) | Time:00:00.13 | Mem:1.40M, Peak:1.40M | Scene, ViewLayer | Updating Geometry BVH Cube.245 245/831 | Building BVH
Fra:1 Mem:42.10M (Peak 66.59M) | Time:00:00.13 | Mem:1.40M, Peak:1.40M | Scene, ViewLayer | Updating Geometry BVH Cube.246 246/831 | Building BVH
Fra:1 Mem:42.10M (Peak 66.59M) | Time:00:00.13 | Mem:1.40M, Peak:1.40M | Scene, ViewLayer | Updating Geometry BVH Cube.247 247/831 | Building BVH
Fra:1 Mem:42.10M (Peak 66.59M) | Time:00:00.13 | Mem:1.40M, Peak:1.40M | Scene, ViewLayer | Updating Geometry BVH Cube.248 248/831 | Building BVH
Fra:1 Mem:42.10M (Peak 66.59M) | Time:00:00.13 | Mem:1.41M, Peak:1.41M | Scene, ViewLayer | Updating Geometry BVH Cube.249 249/831 | Building BVH
Fra:1 Mem:42.10M (Peak 66.59M) | Time:00:00.13 | Mem:1.41M, Peak:1.41M | Scene, ViewLayer | Updating Geometry BVH Cube.250 250/831 | Building BVH
Fra:1 Mem:42.10M (Peak 66.59M) | Time:00:00.13 | Mem:1.41M, Peak:1.41M | Scene, ViewLayer | Updating Geometry BVH Cube.252 252/831 | Building BVH
Fra:1 Mem:42.10M (Peak 66.59M) | Time:00:00.13 | Mem:1.41M, Peak:1.41M | Scene, ViewLayer | Updating Geometry BVH Cube.253 253/831 | Building BVH
Fra:1 Mem:42.10M (Peak 66.59M) | Time:00:00.13 | Mem:1.41M, Peak:1.41M | Scene, ViewLayer | Updating Geometry BVH Cube.254 254/831 | Building BVH
Fra:1 Mem:42.10M (Peak 66.59M) | Time:00:00.13 | Mem:1.41M, Peak:1.41M | Scene, ViewLayer | Updating Geometry BVH Cube.255 255/831 | Building BVH
Fra:1 Mem:42.10M (Peak 66.59M) | Time:00:00.13 | Mem:1.41M, Peak:1.41M | Scene, ViewLayer | Updating Geometry BVH Cube.811 811/831 | Building BVH
Fra:1 Mem:42.10M (Peak 66.59M) | Time:00:00.13 | Mem:1.41M, Peak:1.42M | Scene, ViewLayer | Updating Geometry BVH Cube.256 256/831 | Building BVH
Fra:1 Mem:42.11M (Peak 66.59M) | Time:00:00.13 | Mem:1.42M, Peak:1.42M | Scene, ViewLayer | Updating Geometry BVH Cube.257 257/831 | Building BVH
Fra:1 Mem:42.11M (Peak 66.59M) | Time:00:00.13 | Mem:1.42M, Peak:1.42M | Scene, ViewLayer | Updating Geometry BVH Cube.258 258/831 | Building BVH
Fra:1 Mem:42.11M (Peak 66.59M) | Time:00:00.13 | Mem:1.42M, Peak:1.42M | Scene, ViewLayer | Updating Geometry BVH Cube.259 259/831 | Building BVH
Fra:1 Mem:42.11M (Peak 66.59M) | Time:00:00.13 | Mem:1.42M, Peak:1.42M | Scene, ViewLayer | Updating Geometry BVH Cube.260 260/831 | Building BVH
Fra:1 Mem:42.11M (Peak 66.59M) | Time:00:00.13 | Mem:1.43M, Peak:1.43M | Scene, ViewLayer | Updating Geometry BVH Cube.261 261/831 | Building BVH
Fra:1 Mem:42.11M (Peak 66.59M) | Time:00:00.13 | Mem:1.43M, Peak:1.43M | Scene, ViewLayer | Updating Geometry BVH Cube.262 262/831 | Building BVH
Fra:1 Mem:42.11M (Peak 66.59M) | Time:00:00.13 | Mem:1.43M, Peak:1.43M | Scene, ViewLayer | Updating Geometry BVH Cube.264 264/831 | Building BVH
Fra:1 Mem:42.11M (Peak 66.59M) | Time:00:00.13 | Mem:1.43M, Peak:1.43M | Scene, ViewLayer | Updating Geometry BVH Cube.265 265/831 | Building BVH
Fra:1 Mem:42.11M (Peak 66.59M) | Time:00:00.13 | Mem:1.43M, Peak:1.43M | Scene, ViewLayer | Updating Geometry BVH Cube.266 266/831 | Building BVH
Fra:1 Mem:42.11M (Peak 66.59M) | Time:00:00.13 | Mem:1.43M, Peak:1.43M | Scene, ViewLayer | Updating Geometry BVH Cube.267 267/831 | Building BVH
Fra:1 Mem:42.11M (Peak 66.59M) | Time:00:00.13 | Mem:1.43M, Peak:1.43M | Scene, ViewLayer | Updating Geometry BVH Cube.268 268/831 | Building BVH
Fra:1 Mem:42.11M (Peak 66.59M) | Time:00:00.13 | Mem:1.43M, Peak:1.43M | Scene, ViewLayer | Updating Geometry BVH Cube.269 269/831 | Building BVH
Fra:1 Mem:42.11M (Peak 66.59M) | Time:00:00.13 | Mem:1.43M, Peak:1.43M | Scene, ViewLayer | Updating Geometry BVH Cube.270 270/831 | Building BVH
Fra:1 Mem:42.11M (Peak 66.59M) | Time:00:00.13 | Mem:1.44M, Peak:1.44M | Scene, ViewLayer | Updating Geometry BVH Cube.271 271/831 | Building BVH
Fra:1 Mem:42.11M (Peak 66.59M) | Time:00:00.13 | Mem:1.44M, Peak:1.44M | Scene, ViewLayer | Updating Geometry BVH Cube.273 273/831 | Building BVH
Fra:1 Mem:42.11M (Peak 66.59M) | Time:00:00.13 | Mem:1.44M, Peak:1.44M | Scene, ViewLayer | Updating Geometry BVH Cube.274 274/831 | Building BVH
Fra:1 Mem:42.11M (Peak 66.59M) | Time:00:00.13 | Mem:1.44M, Peak:1.44M | Scene, ViewLayer | Updating Geometry BVH Cube.275 275/831 | Building BVH
Fra:1 Mem:42.11M (Peak 66.59M) | Time:00:00.13 | Mem:1.44M, Peak:1.44M | Scene, ViewLayer | Updating Geometry BVH Cube.276 276/831 | Building BVH
Fra:1 Mem:42.11M (Peak 66.59M) | Time:00:00.13 | Mem:1.44M, Peak:1.44M | Scene, ViewLayer | Updating Geometry BVH Cube.277 277/831 | Building BVH
Fra:1 Mem:42.11M (Peak 66.59M) | Time:00:00.13 | Mem:1.45M, Peak:1.45M | Scene, ViewLayer | Updating Geometry BVH Cube.278 278/831 | Building BVH
Fra:1 Mem:42.11M (Peak 66.59M) | Time:00:00.13 | Mem:1.45M, Peak:1.45M | Scene, ViewLayer | Updating Geometry BVH Cube.279 279/831 | Building BVH
Fra:1 Mem:42.11M (Peak 66.59M) | Time:00:00.13 | Mem:1.45M, Peak:1.45M | Scene, ViewLayer | Updating Geometry BVH Cube.280 280/831 | Building BVH
Fra:1 Mem:42.11M (Peak 66.59M) | Time:00:00.13 | Mem:1.45M, Peak:1.45M | Scene, ViewLayer | Updating Geometry BVH Cube.281 281/831 | Building BVH
Fra:1 Mem:42.11M (Peak 66.59M) | Time:00:00.13 | Mem:1.45M, Peak:1.45M | Scene, ViewLayer | Updating Geometry BVH Cube.282 282/831 | Building BVH
Fra:1 Mem:42.11M (Peak 66.59M) | Time:00:00.13 | Mem:1.45M, Peak:1.45M | Scene, ViewLayer | Updating Geometry BVH Cube.283 283/831 | Building BVH
Fra:1 Mem:42.11M (Peak 66.59M) | Time:00:00.13 | Mem:1.46M, Peak:1.46M | Scene, ViewLayer | Updating Geometry BVH Cube.284 284/831 | Building BVH
Fra:1 Mem:42.11M (Peak 66.59M) | Time:00:00.13 | Mem:1.46M, Peak:1.46M | Scene, ViewLayer | Updating Geometry BVH Cube.285 285/831 | Building BVH
Fra:1 Mem:42.11M (Peak 66.59M) | Time:00:00.13 | Mem:1.46M, Peak:1.46M | Scene, ViewLayer | Updating Geometry BVH Cube.286 286/831 | Building BVH
Fra:1 Mem:42.11M (Peak 66.59M) | Time:00:00.13 | Mem:1.46M, Peak:1.46M | Scene, ViewLayer | Updating Geometry BVH Cube.287 287/831 | Building BVH
Fra:1 Mem:42.11M (Peak 66.59M) | Time:00:00.13 | Mem:1.46M, Peak:1.46M | Scene, ViewLayer | Updating Geometry BVH Cube.288 288/831 | Building BVH
Fra:1 Mem:42.11M (Peak 66.59M) | Time:00:00.14 | Mem:1.46M, Peak:1.46M | Scene, ViewLayer | Updating Geometry BVH Cube.809 809/831 | Building BVH
Fra:1 Mem:42.11M (Peak 66.59M) | Time:00:00.14 | Mem:1.47M, Peak:1.47M | Scene, ViewLayer | Updating Geometry BVH Cube.290 290/831 | Building BVH
Fra:1 Mem:42.11M (Peak 66.59M) | Time:00:00.14 | Mem:1.46M, Peak:1.47M | Scene, ViewLayer | Updating Geometry BVH Cube.291 291/831 | Building BVH
Fra:1 Mem:42.11M (Peak 66.59M) | Time:00:00.14 | Mem:1.47M, Peak:1.47M | Scene, ViewLayer | Updating Geometry BVH Cube.808 808/831 | Building BVH
Fra:1 Mem:42.11M (Peak 66.59M) | Time:00:00.14 | Mem:1.47M, Peak:1.47M | Scene, ViewLayer | Updating Geometry BVH Cube.292 292/831 | Building BVH
Fra:1 Mem:42.11M (Peak 66.59M) | Time:00:00.14 | Mem:1.47M, Peak:1.47M | Scene, ViewLayer | Updating Geometry BVH Cube.294 294/831 | Building BVH
Fra:1 Mem:42.11M (Peak 66.59M) | Time:00:00.14 | Mem:1.47M, Peak:1.47M | Scene, ViewLayer | Updating Geometry BVH Cube.295 295/831 | Building BVH
Fra:1 Mem:42.11M (Peak 66.59M) | Time:00:00.14 | Mem:1.47M, Peak:1.47M | Scene, ViewLayer | Updating Geometry BVH Cube.296 296/831 | Building BVH
Fra:1 Mem:42.11M (Peak 66.59M) | Time:00:00.14 | Mem:1.48M, Peak:1.48M | Scene, ViewLayer | Updating Geometry BVH Cube.298 298/831 | Building BVH
Fra:1 Mem:42.11M (Peak 66.59M) | Time:00:00.14 | Mem:1.48M, Peak:1.48M | Scene, ViewLayer | Updating Geometry BVH Cube.297 297/831 | Building BVH
Fra:1 Mem:42.11M (Peak 66.59M) | Time:00:00.14 | Mem:1.48M, Peak:1.48M | Scene, ViewLayer | Updating Geometry BVH Cube.299 299/831 | Building BVH
Fra:1 Mem:42.11M (Peak 66.59M) | Time:00:00.14 | Mem:1.48M, Peak:1.48M | Scene, ViewLayer | Updating Geometry BVH Cube.300 300/831 | Building BVH
Fra:1 Mem:42.11M (Peak 66.59M) | Time:00:00.14 | Mem:1.48M, Peak:1.48M | Scene, ViewLayer | Updating Geometry BVH Cube.301 301/831 | Building BVH
Fra:1 Mem:42.11M (Peak 66.59M) | Time:00:00.14 | Mem:1.48M, Peak:1.48M | Scene, ViewLayer | Updating Geometry BVH Cube.302 302/831 | Building BVH
Fra:1 Mem:42.11M (Peak 66.59M) | Time:00:00.14 | Mem:1.48M, Peak:1.48M | Scene, ViewLayer | Updating Geometry BVH Cube.303 303/831 | Building BVH
Fra:1 Mem:42.11M (Peak 66.59M) | Time:00:00.14 | Mem:1.48M, Peak:1.48M | Scene, ViewLayer | Updating Geometry BVH Cube.304 304/831 | Building BVH
Fra:1 Mem:42.11M (Peak 66.59M) | Time:00:00.14 | Mem:1.48M, Peak:1.49M | Scene, ViewLayer | Updating Geometry BVH Cube.305 305/831 | Building BVH
Fra:1 Mem:42.11M (Peak 66.59M) | Time:00:00.14 | Mem:1.49M, Peak:1.49M | Scene, ViewLayer | Updating Geometry BVH Cube.306 306/831 | Building BVH
Fra:1 Mem:42.11M (Peak 66.59M) | Time:00:00.14 | Mem:1.49M, Peak:1.49M | Scene, ViewLayer | Updating Geometry BVH Cube.307 307/831 | Building BVH
Fra:1 Mem:42.11M (Peak 66.59M) | Time:00:00.14 | Mem:1.49M, Peak:1.49M | Scene, ViewLayer | Updating Geometry BVH Cube.308 308/831 | Building BVH
Fra:1 Mem:42.11M (Peak 66.59M) | Time:00:00.14 | Mem:1.49M, Peak:1.49M | Scene, ViewLayer | Updating Geometry BVH Cube.309 309/831 | Building BVH
Fra:1 Mem:42.11M (Peak 66.59M) | Time:00:00.14 | Mem:1.49M, Peak:1.49M | Scene, ViewLayer | Updating Geometry BVH Cube.310 310/831 | Building BVH
Fra:1 Mem:42.11M (Peak 66.59M) | Time:00:00.14 | Mem:1.50M, Peak:1.50M | Scene, ViewLayer | Updating Geometry BVH Cube.312 312/831 | Building BVH
Fra:1 Mem:42.11M (Peak 66.59M) | Time:00:00.14 | Mem:1.50M, Peak:1.50M | Scene, ViewLayer | Updating Geometry BVH Cube.313 313/831 | Building BVH
Fra:1 Mem:42.11M (Peak 66.59M) | Time:00:00.14 | Mem:1.50M, Peak:1.50M | Scene, ViewLayer | Updating Geometry BVH Cube.807 807/831 | Building BVH
Fra:1 Mem:42.11M (Peak 66.59M) | Time:00:00.14 | Mem:1.50M, Peak:1.50M | Scene, ViewLayer | Updating Geometry BVH Cube.314 314/831 | Building BVH
Fra:1 Mem:42.11M (Peak 66.59M) | Time:00:00.14 | Mem:1.50M, Peak:1.50M | Scene, ViewLayer | Updating Geometry BVH Cube.316 316/831 | Building BVH
Fra:1 Mem:42.11M (Peak 66.59M) | Time:00:00.14 | Mem:1.50M, Peak:1.50M | Scene, ViewLayer | Updating Geometry BVH Cube.318 318/831 | Building BVH
Fra:1 Mem:42.11M (Peak 66.59M) | Time:00:00.14 | Mem:1.51M, Peak:1.51M | Scene, ViewLayer | Updating Geometry BVH Cube.319 319/831 | Building BVH
Fra:1 Mem:42.11M (Peak 66.59M) | Time:00:00.14 | Mem:1.51M, Peak:1.51M | Scene, ViewLayer | Updating Geometry BVH Cube.320 320/831 | Building BVH
Fra:1 Mem:42.11M (Peak 66.59M) | Time:00:00.14 | Mem:1.51M, Peak:1.51M | Scene, ViewLayer | Updating Geometry BVH Cube.321 321/831 | Building BVH
Fra:1 Mem:42.11M (Peak 66.59M) | Time:00:00.14 | Mem:1.51M, Peak:1.51M | Scene, ViewLayer | Updating Geometry BVH Cube.322 322/831 | Building BVH
Fra:1 Mem:42.11M (Peak 66.59M) | Time:00:00.14 | Mem:1.51M, Peak:1.51M | Scene, ViewLayer | Updating Geometry BVH Cube.323 323/831 | Building BVH
Fra:1 Mem:42.11M (Peak 66.59M) | Time:00:00.14 | Mem:1.51M, Peak:1.51M | Scene, ViewLayer | Updating Geometry BVH Cube.324 324/831 | Building BVH
Fra:1 Mem:42.11M (Peak 66.59M) | Time:00:00.14 | Mem:1.51M, Peak:1.51M | Scene, ViewLayer | Updating Geometry BVH Cube.325 325/831 | Building BVH
Fra:1 Mem:42.11M (Peak 66.59M) | Time:00:00.14 | Mem:1.51M, Peak:1.51M | Scene, ViewLayer | Updating Geometry BVH Cube.326 326/831 | Building BVH
Fra:1 Mem:42.11M (Peak 66.59M) | Time:00:00.14 | Mem:1.52M, Peak:1.52M | Scene, ViewLayer | Updating Geometry BVH Cube.327 327/831 | Building BVH
Fra:1 Mem:42.11M (Peak 66.59M) | Time:00:00.14 | Mem:1.52M, Peak:1.52M | Scene, ViewLayer | Updating Geometry BVH Cube.328 328/831 | Building BVH
Fra:1 Mem:42.11M (Peak 66.59M) | Time:00:00.14 | Mem:1.52M, Peak:1.52M | Scene, ViewLayer | Updating Geometry BVH Cube.329 329/831 | Building BVH
Fra:1 Mem:42.11M (Peak 66.59M) | Time:00:00.14 | Mem:1.52M, Peak:1.52M | Scene, ViewLayer | Updating Geometry BVH Cube.330 330/831 | Building BVH
Fra:1 Mem:42.11M (Peak 66.59M) | Time:00:00.14 | Mem:1.52M, Peak:1.52M | Scene, ViewLayer | Updating Geometry BVH Cube.331 331/831 | Building BVH
Fra:1 Mem:42.11M (Peak 66.59M) | Time:00:00.14 | Mem:1.52M, Peak:1.52M | Scene, ViewLayer | Updating Geometry BVH Cube.332 332/831 | Building BVH
Fra:1 Mem:42.11M (Peak 66.59M) | Time:00:00.14 | Mem:1.52M, Peak:1.52M | Scene, ViewLayer | Updating Geometry BVH Cube.333 333/831 | Building BVH
Fra:1 Mem:42.11M (Peak 66.59M) | Time:00:00.14 | Mem:1.53M, Peak:1.53M | Scene, ViewLayer | Updating Geometry BVH Cube.334 334/831 | Building BVH
Fra:1 Mem:42.11M (Peak 66.59M) | Time:00:00.14 | Mem:1.53M, Peak:1.53M | Scene, ViewLayer | Updating Geometry BVH Cube.335 335/831 | Building BVH
Fra:1 Mem:42.11M (Peak 66.59M) | Time:00:00.14 | Mem:1.53M, Peak:1.53M | Scene, ViewLayer | Updating Geometry BVH Cube.336 336/831 | Building BVH
Fra:1 Mem:42.11M (Peak 66.59M) | Time:00:00.14 | Mem:1.53M, Peak:1.53M | Scene, ViewLayer | Updating Geometry BVH Cube.337 337/831 | Building BVH
Fra:1 Mem:42.11M (Peak 66.59M) | Time:00:00.14 | Mem:1.53M, Peak:1.53M | Scene, ViewLayer | Updating Geometry BVH Cube.339 339/831 | Building BVH
Fra:1 Mem:42.11M (Peak 66.59M) | Time:00:00.14 | Mem:1.53M, Peak:1.53M | Scene, ViewLayer | Updating Geometry BVH Cube.341 341/831 | Building BVH
Fra:1 Mem:42.11M (Peak 66.59M) | Time:00:00.14 | Mem:1.54M, Peak:1.54M | Scene, ViewLayer | Updating Geometry BVH Cube.342 342/831 | Building BVH
Fra:1 Mem:42.11M (Peak 66.59M) | Time:00:00.14 | Mem:1.54M, Peak:1.54M | Scene, ViewLayer | Updating Geometry BVH Cube.343 343/831 | Building BVH
Fra:1 Mem:42.11M (Peak 66.59M) | Time:00:00.14 | Mem:1.54M, Peak:1.54M | Scene, ViewLayer | Updating Geometry BVH Cube.806 806/831 | Building BVH
Fra:1 Mem:42.11M (Peak 66.59M) | Time:00:00.14 | Mem:1.54M, Peak:1.54M | Scene, ViewLayer | Updating Geometry BVH Cube.344 344/831 | Building BVH
Fra:1 Mem:42.11M (Peak 66.59M) | Time:00:00.14 | Mem:1.54M, Peak:1.54M | Scene, ViewLayer | Updating Geometry BVH Cube.345 345/831 | Building BVH
Fra:1 Mem:42.11M (Peak 66.59M) | Time:00:00.14 | Mem:1.54M, Peak:1.54M | Scene, ViewLayer | Updating Geometry BVH Cube.346 346/831 | Building BVH
Fra:1 Mem:42.11M (Peak 66.59M) | Time:00:00.14 | Mem:1.54M, Peak:1.54M | Scene, ViewLayer | Updating Geometry BVH Cube.347 347/831 | Building BVH
Fra:1 Mem:42.11M (Peak 66.59M) | Time:00:00.14 | Mem:1.55M, Peak:1.55M | Scene, ViewLayer | Updating Geometry BVH Cube.348 348/831 | Building BVH
Fra:1 Mem:42.11M (Peak 66.59M) | Time:00:00.14 | Mem:1.55M, Peak:1.55M | Scene, ViewLayer | Updating Geometry BVH Cube.350 350/831 | Building BVH
Fra:1 Mem:42.11M (Peak 66.59M) | Time:00:00.14 | Mem:1.55M, Peak:1.55M | Scene, ViewLayer | Updating Geometry BVH Cube.351 351/831 | Building BVH
Fra:1 Mem:42.11M (Peak 66.59M) | Time:00:00.14 | Mem:1.55M, Peak:1.55M | Scene, ViewLayer | Updating Geometry BVH Cube.352 352/831 | Building BVH
Fra:1 Mem:42.11M (Peak 66.59M) | Time:00:00.14 | Mem:1.55M, Peak:1.55M | Scene, ViewLayer | Updating Geometry BVH Cube.353 353/831 | Building BVH
Fra:1 Mem:42.11M (Peak 66.59M) | Time:00:00.14 | Mem:1.55M, Peak:1.56M | Scene, ViewLayer | Updating Geometry BVH Cube.354 354/831 | Building BVH
Fra:1 Mem:42.11M (Peak 66.59M) | Time:00:00.14 | Mem:1.56M, Peak:1.56M | Scene, ViewLayer | Updating Geometry BVH Cube.356 356/831 | Building BVH
Fra:1 Mem:42.11M (Peak 66.59M) | Time:00:00.14 | Mem:1.56M, Peak:1.56M | Scene, ViewLayer | Updating Geometry BVH Cube.358 358/831 | Building BVH
Fra:1 Mem:42.11M (Peak 66.59M) | Time:00:00.14 | Mem:1.56M, Peak:1.56M | Scene, ViewLayer | Updating Geometry BVH Cube.359 359/831 | Building BVH
Fra:1 Mem:42.11M (Peak 66.59M) | Time:00:00.14 | Mem:1.56M, Peak:1.56M | Scene, ViewLayer | Updating Geometry BVH Cube.805 805/831 | Building BVH
Fra:1 Mem:42.11M (Peak 66.59M) | Time:00:00.14 | Mem:1.56M, Peak:1.56M | Scene, ViewLayer | Updating Geometry BVH Cube.360 360/831 | Building BVH
Fra:1 Mem:42.11M (Peak 66.59M) | Time:00:00.14 | Mem:1.56M, Peak:1.56M | Scene, ViewLayer | Updating Geometry BVH Cube.361 361/831 | Building BVH
Fra:1 Mem:42.11M (Peak 66.59M) | Time:00:00.14 | Mem:1.57M, Peak:1.57M | Scene, ViewLayer | Updating Geometry BVH Cube.362 362/831 | Building BVH
Fra:1 Mem:42.11M (Peak 66.59M) | Time:00:00.14 | Mem:1.57M, Peak:1.57M | Scene, ViewLayer | Updating Geometry BVH Cube.363 363/831 | Building BVH
Fra:1 Mem:42.11M (Peak 66.59M) | Time:00:00.14 | Mem:1.57M, Peak:1.57M | Scene, ViewLayer | Updating Geometry BVH Cube.364 364/831 | Building BVH
Fra:1 Mem:42.11M (Peak 66.59M) | Time:00:00.14 | Mem:1.57M, Peak:1.57M | Scene, ViewLayer | Updating Geometry BVH Cube.365 365/831 | Building BVH
Fra:1 Mem:42.11M (Peak 66.59M) | Time:00:00.14 | Mem:1.57M, Peak:1.57M | Scene, ViewLayer | Updating Geometry BVH Cube.804 804/831 | Building BVH
Fra:1 Mem:42.11M (Peak 66.59M) | Time:00:00.14 | Mem:1.57M, Peak:1.57M | Scene, ViewLayer | Updating Geometry BVH Cube.367 367/831 | Building BVH
Fra:1 Mem:42.11M (Peak 66.59M) | Time:00:00.14 | Mem:1.57M, Peak:1.58M | Scene, ViewLayer | Updating Geometry BVH Cube.368 368/831 | Building BVH
Fra:1 Mem:42.11M (Peak 66.59M) | Time:00:00.14 | Mem:1.58M, Peak:1.58M | Scene, ViewLayer | Updating Geometry BVH Cube.369 369/831 | Building BVH
Fra:1 Mem:42.11M (Peak 66.59M) | Time:00:00.14 | Mem:1.58M, Peak:1.58M | Scene, ViewLayer | Updating Geometry BVH Cube.370 370/831 | Building BVH
Fra:1 Mem:42.11M (Peak 66.59M) | Time:00:00.14 | Mem:1.58M, Peak:1.58M | Scene, ViewLayer | Updating Geometry BVH Cube.371 371/831 | Building BVH
Fra:1 Mem:42.11M (Peak 66.59M) | Time:00:00.14 | Mem:1.58M, Peak:1.58M | Scene, ViewLayer | Updating Geometry BVH Cube.372 372/831 | Building BVH
Fra:1 Mem:42.11M (Peak 66.59M) | Time:00:00.14 | Mem:1.58M, Peak:1.58M | Scene, ViewLayer | Updating Geometry BVH Cube.373 373/831 | Building BVH
Fra:1 Mem:42.11M (Peak 66.59M) | Time:00:00.14 | Mem:1.58M, Peak:1.58M | Scene, ViewLayer | Updating Geometry BVH Cube.374 374/831 | Building BVH
Fra:1 Mem:42.11M (Peak 66.59M) | Time:00:00.14 | Mem:1.58M, Peak:1.58M | Scene, ViewLayer | Updating Geometry BVH Cube.375 375/831 | Building BVH
Fra:1 Mem:42.11M (Peak 66.59M) | Time:00:00.14 | Mem:1.59M, Peak:1.59M | Scene, ViewLayer | Updating Geometry BVH Cube.376 376/831 | Building BVH
Fra:1 Mem:42.11M (Peak 66.59M) | Time:00:00.14 | Mem:1.59M, Peak:1.59M | Scene, ViewLayer | Updating Geometry BVH Cube.377 377/831 | Building BVH
Fra:1 Mem:42.11M (Peak 66.59M) | Time:00:00.14 | Mem:1.59M, Peak:1.59M | Scene, ViewLayer | Updating Geometry BVH Cube.378 378/831 | Building BVH
Fra:1 Mem:42.11M (Peak 66.59M) | Time:00:00.14 | Mem:1.59M, Peak:1.59M | Scene, ViewLayer | Updating Geometry BVH Cube.379 379/831 | Building BVH
Fra:1 Mem:42.11M (Peak 66.59M) | Time:00:00.14 | Mem:1.59M, Peak:1.59M | Scene, ViewLayer | Updating Geometry BVH Cube.803 803/831 | Building BVH
Fra:1 Mem:42.11M (Peak 66.59M) | Time:00:00.14 | Mem:1.59M, Peak:1.59M | Scene, ViewLayer | Updating Geometry BVH Cube.802 802/831 | Building BVH
Fra:1 Mem:42.11M (Peak 66.59M) | Time:00:00.14 | Mem:1.59M, Peak:1.59M | Scene, ViewLayer | Updating Geometry BVH Cube.380 380/831 | Building BVH
Fra:1 Mem:42.11M (Peak 66.59M) | Time:00:00.14 | Mem:1.59M, Peak:1.60M | Scene, ViewLayer | Updating Geometry BVH Cube.801 801/831 | Building BVH
Fra:1 Mem:42.11M (Peak 66.59M) | Time:00:00.14 | Mem:1.60M, Peak:1.60M | Scene, ViewLayer | Updating Geometry BVH Cube.800 800/831 | Building BVH
Fra:1 Mem:42.11M (Peak 66.59M) | Time:00:00.14 | Mem:1.60M, Peak:1.60M | Scene, ViewLayer | Updating Geometry BVH Cube.381 381/831 | Building BVH
Fra:1 Mem:42.11M (Peak 66.59M) | Time:00:00.14 | Mem:1.60M, Peak:1.60M | Scene, ViewLayer | Updating Geometry BVH Cube.799 799/831 | Building BVH
Fra:1 Mem:42.11M (Peak 66.59M) | Time:00:00.14 | Mem:1.60M, Peak:1.60M | Scene, ViewLayer | Updating Geometry BVH Cube.383 383/831 | Building BVH
Fra:1 Mem:42.11M (Peak 66.59M) | Time:00:00.14 | Mem:1.60M, Peak:1.60M | Scene, ViewLayer | Updating Geometry BVH Cube.798 798/831 | Building BVH
Fra:1 Mem:42.11M (Peak 66.59M) | Time:00:00.14 | Mem:1.60M, Peak:1.60M | Scene, ViewLayer | Updating Geometry BVH Cube.384 384/831 | Building BVH
Fra:1 Mem:42.11M (Peak 66.59M) | Time:00:00.14 | Mem:1.61M, Peak:1.61M | Scene, ViewLayer | Updating Geometry BVH Cube.385 385/831 | Building BVH
Fra:1 Mem:42.11M (Peak 66.59M) | Time:00:00.14 | Mem:1.61M, Peak:1.61M | Scene, ViewLayer | Updating Geometry BVH Cube.386 386/831 | Building BVH
Fra:1 Mem:42.11M (Peak 66.59M) | Time:00:00.14 | Mem:1.61M, Peak:1.61M | Scene, ViewLayer | Updating Geometry BVH Cube.387 387/831 | Building BVH
Fra:1 Mem:42.11M (Peak 66.59M) | Time:00:00.14 | Mem:1.61M, Peak:1.61M | Scene, ViewLayer | Updating Geometry BVH Cube.388 388/831 | Building BVH
Fra:1 Mem:42.11M (Peak 66.59M) | Time:00:00.14 | Mem:1.61M, Peak:1.61M | Scene, ViewLayer | Updating Geometry BVH Cube.389 389/831 | Building BVH
Fra:1 Mem:42.11M (Peak 66.59M) | Time:00:00.14 | Mem:1.61M, Peak:1.61M | Scene, ViewLayer | Updating Geometry BVH Cube.390 390/831 | Building BVH
Fra:1 Mem:42.11M (Peak 66.59M) | Time:00:00.14 | Mem:1.62M, Peak:1.62M | Scene, ViewLayer | Updating Geometry BVH Cube.391 391/831 | Building BVH
Fra:1 Mem:42.11M (Peak 66.59M) | Time:00:00.14 | Mem:1.62M, Peak:1.62M | Scene, ViewLayer | Updating Geometry BVH Cube.393 393/831 | Building BVH
Fra:1 Mem:42.11M (Peak 66.59M) | Time:00:00.14 | Mem:1.62M, Peak:1.62M | Scene, ViewLayer | Updating Geometry BVH Cube.394 394/831 | Building BVH
Fra:1 Mem:42.11M (Peak 66.59M) | Time:00:00.14 | Mem:1.62M, Peak:1.62M | Scene, ViewLayer | Updating Geometry BVH Cube.396 396/831 | Building BVH
Fra:1 Mem:42.11M (Peak 66.59M) | Time:00:00.14 | Mem:1.62M, Peak:1.62M | Scene, ViewLayer | Updating Geometry BVH Cube.397 397/831 | Building BVH
Fra:1 Mem:42.11M (Peak 66.59M) | Time:00:00.14 | Mem:1.62M, Peak:1.62M | Scene, ViewLayer | Updating Geometry BVH Cube.399 399/831 | Building BVH
Fra:1 Mem:42.11M (Peak 66.59M) | Time:00:00.14 | Mem:1.63M, Peak:1.63M | Scene, ViewLayer | Updating Geometry BVH Cube.400 400/831 | Building BVH
Fra:1 Mem:42.11M (Peak 66.59M) | Time:00:00.14 | Mem:1.63M, Peak:1.63M | Scene, ViewLayer | Updating Geometry BVH Cube.401 401/831 | Building BVH
Fra:1 Mem:42.11M (Peak 66.59M) | Time:00:00.14 | Mem:1.63M, Peak:1.63M | Scene, ViewLayer | Updating Geometry BVH Cube.402 402/831 | Building BVH
Fra:1 Mem:42.11M (Peak 66.59M) | Time:00:00.14 | Mem:1.63M, Peak:1.63M | Scene, ViewLayer | Updating Geometry BVH Cube.403 403/831 | Building BVH
Fra:1 Mem:42.11M (Peak 66.59M) | Time:00:00.14 | Mem:1.63M, Peak:1.63M | Scene, ViewLayer | Updating Geometry BVH Cube.404 404/831 | Building BVH
Fra:1 Mem:42.11M (Peak 66.59M) | Time:00:00.14 | Mem:1.63M, Peak:1.63M | Scene, ViewLayer | Updating Geometry BVH Cube.405 405/831 | Building BVH
Fra:1 Mem:42.11M (Peak 66.59M) | Time:00:00.14 | Mem:1.63M, Peak:1.63M | Scene, ViewLayer | Updating Geometry BVH Cube.406 406/831 | Building BVH
Fra:1 Mem:42.11M (Peak 66.59M) | Time:00:00.14 | Mem:1.64M, Peak:1.64M | Scene, ViewLayer | Updating Geometry BVH Cube.407 407/831 | Building BVH
Fra:1 Mem:42.11M (Peak 66.59M) | Time:00:00.14 | Mem:1.64M, Peak:1.64M | Scene, ViewLayer | Updating Geometry BVH Cube.408 408/831 | Building BVH
Fra:1 Mem:42.11M (Peak 66.59M) | Time:00:00.14 | Mem:1.64M, Peak:1.64M | Scene, ViewLayer | Updating Geometry BVH Cube.409 409/831 | Building BVH
Fra:1 Mem:42.11M (Peak 66.59M) | Time:00:00.14 | Mem:1.64M, Peak:1.64M | Scene, ViewLayer | Updating Geometry BVH Cube.410 410/831 | Building BVH
Fra:1 Mem:42.11M (Peak 66.59M) | Time:00:00.14 | Mem:1.64M, Peak:1.64M | Scene, ViewLayer | Updating Geometry BVH Cube.412 412/831 | Building BVH
Fra:1 Mem:42.11M (Peak 66.59M) | Time:00:00.14 | Mem:1.64M, Peak:1.64M | Scene, ViewLayer | Updating Geometry BVH Cube.413 413/831 | Building BVH
Fra:1 Mem:42.11M (Peak 66.59M) | Time:00:00.14 | Mem:1.64M, Peak:1.65M | Scene, ViewLayer | Updating Geometry BVH Cube.414 414/831 | Building BVH
Fra:1 Mem:42.11M (Peak 66.59M) | Time:00:00.14 | Mem:1.65M, Peak:1.65M | Scene, ViewLayer | Updating Geometry BVH Cube.415 415/831 | Building BVH
Fra:1 Mem:42.11M (Peak 66.59M) | Time:00:00.14 | Mem:1.65M, Peak:1.65M | Scene, ViewLayer | Updating Geometry BVH Cube.417 417/831 | Building BVH
Fra:1 Mem:42.11M (Peak 66.59M) | Time:00:00.14 | Mem:1.65M, Peak:1.65M | Scene, ViewLayer | Updating Geometry BVH Cube.418 418/831 | Building BVH
Fra:1 Mem:42.11M (Peak 66.59M) | Time:00:00.14 | Mem:1.65M, Peak:1.65M | Scene, ViewLayer | Updating Geometry BVH Cube.419 419/831 | Building BVH
Fra:1 Mem:42.11M (Peak 66.59M) | Time:00:00.14 | Mem:1.65M, Peak:1.65M | Scene, ViewLayer | Updating Geometry BVH Cube.420 420/831 | Building BVH
Fra:1 Mem:42.11M (Peak 66.59M) | Time:00:00.14 | Mem:1.66M, Peak:1.66M | Scene, ViewLayer | Updating Geometry BVH Cube.421 421/831 | Building BVH
Fra:1 Mem:42.11M (Peak 66.59M) | Time:00:00.14 | Mem:1.66M, Peak:1.66M | Scene, ViewLayer | Updating Geometry BVH Cube.422 422/831 | Building BVH
Fra:1 Mem:42.11M (Peak 66.59M) | Time:00:00.14 | Mem:1.66M, Peak:1.66M | Scene, ViewLayer | Updating Geometry BVH Cube.423 423/831 | Building BVH
Fra:1 Mem:42.11M (Peak 66.59M) | Time:00:00.14 | Mem:1.66M, Peak:1.66M | Scene, ViewLayer | Updating Geometry BVH Cube.424 424/831 | Building BVH
Fra:1 Mem:42.11M (Peak 66.59M) | Time:00:00.14 | Mem:1.66M, Peak:1.66M | Scene, ViewLayer | Updating Geometry BVH Cube.425 425/831 | Building BVH
Fra:1 Mem:42.11M (Peak 66.59M) | Time:00:00.14 | Mem:1.66M, Peak:1.66M | Scene, ViewLayer | Updating Geometry BVH Cube.426 426/831 | Building BVH
Fra:1 Mem:42.11M (Peak 66.59M) | Time:00:00.14 | Mem:1.66M, Peak:1.66M | Scene, ViewLayer | Updating Geometry BVH Cube.427 427/831 | Building BVH
Fra:1 Mem:42.11M (Peak 66.59M) | Time:00:00.14 | Mem:1.66M, Peak:1.67M | Scene, ViewLayer | Updating Geometry BVH Cube.428 428/831 | Building BVH
Fra:1 Mem:42.11M (Peak 66.59M) | Time:00:00.14 | Mem:1.66M, Peak:1.67M | Scene, ViewLayer | Updating Geometry BVH Cube.429 429/831 | Building BVH
Fra:1 Mem:42.11M (Peak 66.59M) | Time:00:00.14 | Mem:1.67M, Peak:1.67M | Scene, ViewLayer | Updating Geometry BVH Cube.430 430/831 | Building BVH
Fra:1 Mem:42.11M (Peak 66.59M) | Time:00:00.14 | Mem:1.67M, Peak:1.67M | Scene, ViewLayer | Updating Geometry BVH Cube.431 431/831 | Building BVH
Fra:1 Mem:42.11M (Peak 66.59M) | Time:00:00.14 | Mem:1.67M, Peak:1.67M | Scene, ViewLayer | Updating Geometry BVH Cube.432 432/831 | Building BVH
Fra:1 Mem:42.11M (Peak 66.59M) | Time:00:00.14 | Mem:1.67M, Peak:1.67M | Scene, ViewLayer | Updating Geometry BVH Cube.433 433/831 | Building BVH
Fra:1 Mem:42.11M (Peak 66.59M) | Time:00:00.14 | Mem:1.67M, Peak:1.67M | Scene, ViewLayer | Updating Geometry BVH Cube.434 434/831 | Building BVH
Fra:1 Mem:42.11M (Peak 66.59M) | Time:00:00.14 | Mem:1.68M, Peak:1.68M | Scene, ViewLayer | Updating Geometry BVH Cube.435 435/831 | Building BVH
Fra:1 Mem:42.11M (Peak 66.59M) | Time:00:00.14 | Mem:1.68M, Peak:1.68M | Scene, ViewLayer | Updating Geometry BVH Cube.437 437/831 | Building BVH
Fra:1 Mem:42.11M (Peak 66.59M) | Time:00:00.14 | Mem:1.68M, Peak:1.68M | Scene, ViewLayer | Updating Geometry BVH Cube.438 438/831 | Building BVH
Fra:1 Mem:42.11M (Peak 66.59M) | Time:00:00.14 | Mem:1.68M, Peak:1.68M | Scene, ViewLayer | Updating Geometry BVH Cube.439 439/831 | Building BVH
Fra:1 Mem:42.11M (Peak 66.59M) | Time:00:00.14 | Mem:1.68M, Peak:1.68M | Scene, ViewLayer | Updating Geometry BVH Cube.440 440/831 | Building BVH
Fra:1 Mem:42.11M (Peak 66.59M) | Time:00:00.14 | Mem:1.68M, Peak:1.68M | Scene, ViewLayer | Updating Geometry BVH Cube.442 442/831 | Building BVH
Fra:1 Mem:42.11M (Peak 66.59M) | Time:00:00.14 | Mem:1.68M, Peak:1.69M | Scene, ViewLayer | Updating Geometry BVH Cube.444 444/831 | Building BVH
Fra:1 Mem:42.11M (Peak 66.59M) | Time:00:00.14 | Mem:1.69M, Peak:1.69M | Scene, ViewLayer | Updating Geometry BVH Cube.445 445/831 | Building BVH
Fra:1 Mem:42.11M (Peak 66.59M) | Time:00:00.14 | Mem:1.69M, Peak:1.69M | Scene, ViewLayer | Updating Geometry BVH Cube.446 446/831 | Building BVH
Fra:1 Mem:42.11M (Peak 66.59M) | Time:00:00.14 | Mem:1.69M, Peak:1.69M | Scene, ViewLayer | Updating Geometry BVH Cube.447 447/831 | Building BVH
Fra:1 Mem:42.11M (Peak 66.59M) | Time:00:00.14 | Mem:1.69M, Peak:1.69M | Scene, ViewLayer | Updating Geometry BVH Cube.448 448/831 | Building BVH
Fra:1 Mem:42.11M (Peak 66.59M) | Time:00:00.14 | Mem:1.69M, Peak:1.69M | Scene, ViewLayer | Updating Geometry BVH Cube.449 449/831 | Building BVH
Fra:1 Mem:42.11M (Peak 66.59M) | Time:00:00.14 | Mem:1.69M, Peak:1.69M | Scene, ViewLayer | Updating Geometry BVH Cube.450 450/831 | Building BVH
Fra:1 Mem:42.11M (Peak 66.59M) | Time:00:00.14 | Mem:1.69M, Peak:1.69M | Scene, ViewLayer | Updating Geometry BVH Cube.451 451/831 | Building BVH
Fra:1 Mem:42.11M (Peak 66.59M) | Time:00:00.14 | Mem:1.70M, Peak:1.70M | Scene, ViewLayer | Updating Geometry BVH Cube.452 452/831 | Building BVH
Fra:1 Mem:42.11M (Peak 66.59M) | Time:00:00.14 | Mem:1.70M, Peak:1.70M | Scene, ViewLayer | Updating Geometry BVH Cube.453 453/831 | Building BVH
Fra:1 Mem:42.11M (Peak 66.59M) | Time:00:00.14 | Mem:1.70M, Peak:1.70M | Scene, ViewLayer | Updating Geometry BVH Cube.454 454/831 | Building BVH
Fra:1 Mem:42.11M (Peak 66.59M) | Time:00:00.14 | Mem:1.70M, Peak:1.70M | Scene, ViewLayer | Updating Geometry BVH Cube.455 455/831 | Building BVH
Fra:1 Mem:42.11M (Peak 66.59M) | Time:00:00.14 | Mem:1.70M, Peak:1.70M | Scene, ViewLayer | Updating Geometry BVH Cube.456 456/831 | Building BVH
Fra:1 Mem:42.11M (Peak 66.59M) | Time:00:00.14 | Mem:1.70M, Peak:1.70M | Scene, ViewLayer | Updating Geometry BVH Cube.457 457/831 | Building BVH
Fra:1 Mem:42.11M (Peak 66.59M) | Time:00:00.14 | Mem:1.71M, Peak:1.71M | Scene, ViewLayer | Updating Geometry BVH Cube.458 458/831 | Building BVH
Fra:1 Mem:42.11M (Peak 66.59M) | Time:00:00.14 | Mem:1.71M, Peak:1.71M | Scene, ViewLayer | Updating Geometry BVH Cube.459 459/831 | Building BVH
Fra:1 Mem:42.11M (Peak 66.59M) | Time:00:00.14 | Mem:1.71M, Peak:1.71M | Scene, ViewLayer | Updating Geometry BVH Cube.460 460/831 | Building BVH
Fra:1 Mem:42.11M (Peak 66.59M) | Time:00:00.14 | Mem:1.71M, Peak:1.71M | Scene, ViewLayer | Updating Geometry BVH Cube.462 462/831 | Building BVH
Fra:1 Mem:42.11M (Peak 66.59M) | Time:00:00.14 | Mem:1.72M, Peak:1.72M | Scene, ViewLayer | Updating Geometry BVH Cube.463 463/831 | Building BVH
Fra:1 Mem:42.11M (Peak 66.59M) | Time:00:00.14 | Mem:1.72M, Peak:1.72M | Scene, ViewLayer | Updating Geometry BVH Cube.464 464/831 | Building BVH
Fra:1 Mem:42.11M (Peak 66.59M) | Time:00:00.14 | Mem:1.72M, Peak:1.72M | Scene, ViewLayer | Updating Geometry BVH Cube.465 465/831 | Building BVH
Fra:1 Mem:42.11M (Peak 66.59M) | Time:00:00.14 | Mem:1.72M, Peak:1.72M | Scene, ViewLayer | Updating Geometry BVH Cube.467 467/831 | Building BVH
Fra:1 Mem:42.11M (Peak 66.59M) | Time:00:00.14 | Mem:1.72M, Peak:1.72M | Scene, ViewLayer | Updating Geometry BVH Cube.468 468/831 | Building BVH
Fra:1 Mem:42.11M (Peak 66.59M) | Time:00:00.14 | Mem:1.72M, Peak:1.72M | Scene, ViewLayer | Updating Geometry BVH Cube.469 469/831 | Building BVH
Fra:1 Mem:42.11M (Peak 66.59M) | Time:00:00.14 | Mem:1.72M, Peak:1.72M | Scene, ViewLayer | Updating Geometry BVH Cube.471 471/831 | Building BVH
Fra:1 Mem:42.11M (Peak 66.59M) | Time:00:00.14 | Mem:1.73M, Peak:1.73M | Scene, ViewLayer | Updating Geometry BVH Cube.473 473/831 | Building BVH
Fra:1 Mem:42.11M (Peak 66.59M) | Time:00:00.14 | Mem:1.73M, Peak:1.73M | Scene, ViewLayer | Updating Geometry BVH Cube.474 474/831 | Building BVH
Fra:1 Mem:42.11M (Peak 66.59M) | Time:00:00.14 | Mem:1.73M, Peak:1.73M | Scene, ViewLayer | Updating Geometry BVH Cube.475 475/831 | Building BVH
Fra:1 Mem:42.11M (Peak 66.59M) | Time:00:00.14 | Mem:1.73M, Peak:1.73M | Scene, ViewLayer | Updating Geometry BVH Cube.796 796/831 | Building BVH
Fra:1 Mem:42.11M (Peak 66.59M) | Time:00:00.14 | Mem:1.73M, Peak:1.73M | Scene, ViewLayer | Updating Geometry BVH Cube.477 477/831 | Building BVH
Fra:1 Mem:42.11M (Peak 66.59M) | Time:00:00.14 | Mem:1.74M, Peak:1.74M | Scene, ViewLayer | Updating Geometry BVH Cube.478 478/831 | Building BVH
Fra:1 Mem:42.11M (Peak 66.59M) | Time:00:00.14 | Mem:1.74M, Peak:1.74M | Scene, ViewLayer | Updating Geometry BVH Cube.479 479/831 | Building BVH
Fra:1 Mem:42.11M (Peak 66.59M) | Time:00:00.14 | Mem:1.74M, Peak:1.74M | Scene, ViewLayer | Updating Geometry BVH Cube.480 480/831 | Building BVH
Fra:1 Mem:42.11M (Peak 66.59M) | Time:00:00.14 | Mem:1.74M, Peak:1.74M | Scene, ViewLayer | Updating Geometry BVH Cube.481 481/831 | Building BVH
Fra:1 Mem:42.11M (Peak 66.59M) | Time:00:00.14 | Mem:1.74M, Peak:1.74M | Scene, ViewLayer | Updating Geometry BVH Cube.482 482/831 | Building BVH
Fra:1 Mem:42.11M (Peak 66.59M) | Time:00:00.14 | Mem:1.74M, Peak:1.74M | Scene, ViewLayer | Updating Geometry BVH Cube.483 483/831 | Building BVH
Fra:1 Mem:42.11M (Peak 66.59M) | Time:00:00.14 | Mem:1.74M, Peak:1.74M | Scene, ViewLayer | Updating Geometry BVH Cube.484 484/831 | Building BVH
Fra:1 Mem:42.11M (Peak 66.59M) | Time:00:00.14 | Mem:1.74M, Peak:1.74M | Scene, ViewLayer | Updating Geometry BVH Cube.485 485/831 | Building BVH
Fra:1 Mem:42.11M (Peak 66.59M) | Time:00:00.14 | Mem:1.75M, Peak:1.75M | Scene, ViewLayer | Updating Geometry BVH Cube.486 486/831 | Building BVH
Fra:1 Mem:42.11M (Peak 66.59M) | Time:00:00.14 | Mem:1.75M, Peak:1.75M | Scene, ViewLayer | Updating Geometry BVH Cube.487 487/831 | Building BVH
Fra:1 Mem:42.11M (Peak 66.59M) | Time:00:00.14 | Mem:1.75M, Peak:1.75M | Scene, ViewLayer | Updating Geometry BVH Cube.488 488/831 | Building BVH
Fra:1 Mem:42.11M (Peak 66.59M) | Time:00:00.14 | Mem:1.75M, Peak:1.75M | Scene, ViewLayer | Updating Geometry BVH Cube.489 489/831 | Building BVH
Fra:1 Mem:42.11M (Peak 66.59M) | Time:00:00.14 | Mem:1.75M, Peak:1.75M | Scene, ViewLayer | Updating Geometry BVH Cube.490 490/831 | Building BVH
Fra:1 Mem:42.11M (Peak 66.59M) | Time:00:00.14 | Mem:1.75M, Peak:1.75M | Scene, ViewLayer | Updating Geometry BVH Cube.491 491/831 | Building BVH
Fra:1 Mem:42.11M (Peak 66.59M) | Time:00:00.14 | Mem:1.76M, Peak:1.76M | Scene, ViewLayer | Updating Geometry BVH Cube.492 492/831 | Building BVH
Fra:1 Mem:42.11M (Peak 66.59M) | Time:00:00.14 | Mem:1.76M, Peak:1.76M | Scene, ViewLayer | Updating Geometry BVH Cube.494 494/831 | Building BVH
Fra:1 Mem:42.11M (Peak 66.59M) | Time:00:00.14 | Mem:1.76M, Peak:1.76M | Scene, ViewLayer | Updating Geometry BVH Cube.495 495/831 | Building BVH
Fra:1 Mem:42.11M (Peak 66.59M) | Time:00:00.14 | Mem:1.76M, Peak:1.76M | Scene, ViewLayer | Updating Geometry BVH Cube.496 496/831 | Building BVH
Fra:1 Mem:42.11M (Peak 66.59M) | Time:00:00.14 | Mem:1.76M, Peak:1.76M | Scene, ViewLayer | Updating Geometry BVH Cube.497 497/831 | Building BVH
Fra:1 Mem:42.11M (Peak 66.59M) | Time:00:00.14 | Mem:1.76M, Peak:1.76M | Scene, ViewLayer | Updating Geometry BVH Cube.499 499/831 | Building BVH
Fra:1 Mem:42.11M (Peak 66.59M) | Time:00:00.14 | Mem:1.76M, Peak:1.76M | Scene, ViewLayer | Updating Geometry BVH Cube.500 500/831 | Building BVH
Fra:1 Mem:42.11M (Peak 66.59M) | Time:00:00.14 | Mem:1.77M, Peak:1.77M | Scene, ViewLayer | Updating Geometry BVH Cube.501 501/831 | Building BVH
Fra:1 Mem:42.11M (Peak 66.59M) | Time:00:00.14 | Mem:1.77M, Peak:1.77M | Scene, ViewLayer | Updating Geometry BVH Cube.503 503/831 | Building BVH
Fra:1 Mem:42.11M (Peak 66.59M) | Time:00:00.14 | Mem:1.77M, Peak:1.77M | Scene, ViewLayer | Updating Geometry BVH Cube.504 504/831 | Building BVH
Fra:1 Mem:42.11M (Peak 66.59M) | Time:00:00.14 | Mem:1.77M, Peak:1.77M | Scene, ViewLayer | Updating Geometry BVH Cube.505 505/831 | Building BVH
Fra:1 Mem:42.11M (Peak 66.59M) | Time:00:00.14 | Mem:1.77M, Peak:1.77M | Scene, ViewLayer | Updating Geometry BVH Cube.795 795/831 | Building BVH
Fra:1 Mem:42.11M (Peak 66.59M) | Time:00:00.14 | Mem:1.77M, Peak:1.77M | Scene, ViewLayer | Updating Geometry BVH Cube.507 507/831 | Building BVH
Fra:1 Mem:42.11M (Peak 66.59M) | Time:00:00.14 | Mem:1.78M, Peak:1.78M | Scene, ViewLayer | Updating Geometry BVH Cube.509 509/831 | Building BVH
Fra:1 Mem:42.11M (Peak 66.59M) | Time:00:00.14 | Mem:1.78M, Peak:1.78M | Scene, ViewLayer | Updating Geometry BVH Cube.510 510/831 | Building BVH
Fra:1 Mem:42.11M (Peak 66.59M) | Time:00:00.14 | Mem:1.78M, Peak:1.78M | Scene, ViewLayer | Updating Geometry BVH Cube.511 511/831 | Building BVH
Fra:1 Mem:42.11M (Peak 66.59M) | Time:00:00.14 | Mem:1.78M, Peak:1.78M | Scene, ViewLayer | Updating Geometry BVH Cube.513 513/831 | Building BVH
Fra:1 Mem:42.11M (Peak 66.59M) | Time:00:00.14 | Mem:1.79M, Peak:1.79M | Scene, ViewLayer | Updating Geometry BVH Cube.514 514/831 | Building BVH
Fra:1 Mem:42.11M (Peak 66.59M) | Time:00:00.14 | Mem:1.79M, Peak:1.79M | Scene, ViewLayer | Updating Geometry BVH Cube.516 516/831 | Building BVH
Fra:1 Mem:42.11M (Peak 66.59M) | Time:00:00.14 | Mem:1.79M, Peak:1.79M | Scene, ViewLayer | Updating Geometry BVH Cube.517 517/831 | Building BVH
Fra:1 Mem:42.11M (Peak 66.59M) | Time:00:00.14 | Mem:1.79M, Peak:1.79M | Scene, ViewLayer | Updating Geometry BVH Cube.518 518/831 | Building BVH
Fra:1 Mem:42.11M (Peak 66.59M) | Time:00:00.14 | Mem:1.79M, Peak:1.79M | Scene, ViewLayer | Updating Geometry BVH Cube.519 519/831 | Building BVH
Fra:1 Mem:42.11M (Peak 66.59M) | Time:00:00.14 | Mem:1.79M, Peak:1.79M | Scene, ViewLayer | Updating Geometry BVH Cube.520 520/831 | Building BVH
Fra:1 Mem:42.11M (Peak 66.59M) | Time:00:00.14 | Mem:1.79M, Peak:1.79M | Scene, ViewLayer | Updating Geometry BVH Cube.794 794/831 | Building BVH
Fra:1 Mem:42.11M (Peak 66.59M) | Time:00:00.14 | Mem:1.79M, Peak:1.80M | Scene, ViewLayer | Updating Geometry BVH Cube.521 521/831 | Building BVH
Fra:1 Mem:42.11M (Peak 66.59M) | Time:00:00.14 | Mem:1.80M, Peak:1.80M | Scene, ViewLayer | Updating Geometry BVH Cube.522 522/831 | Building BVH
Fra:1 Mem:42.11M (Peak 66.59M) | Time:00:00.14 | Mem:1.80M, Peak:1.80M | Scene, ViewLayer | Updating Geometry BVH Cube.793 793/831 | Building BVH
Fra:1 Mem:42.11M (Peak 66.59M) | Time:00:00.14 | Mem:1.80M, Peak:1.80M | Scene, ViewLayer | Updating Geometry BVH Cube.523 523/831 | Building BVH
Fra:1 Mem:42.11M (Peak 66.59M) | Time:00:00.14 | Mem:1.80M, Peak:1.80M | Scene, ViewLayer | Updating Geometry BVH Cube.524 524/831 | Building BVH
Fra:1 Mem:42.11M (Peak 66.59M) | Time:00:00.14 | Mem:1.80M, Peak:1.80M | Scene, ViewLayer | Updating Geometry BVH Cube.525 525/831 | Building BVH
Fra:1 Mem:42.11M (Peak 66.59M) | Time:00:00.14 | Mem:1.80M, Peak:1.80M | Scene, ViewLayer | Updating Geometry BVH Cube.526 526/831 | Building BVH
Fra:1 Mem:42.11M (Peak 66.59M) | Time:00:00.14 | Mem:1.80M, Peak:1.80M | Scene, ViewLayer | Updating Geometry BVH Cube.527 527/831 | Building BVH
Fra:1 Mem:42.11M (Peak 66.59M) | Time:00:00.14 | Mem:1.81M, Peak:1.81M | Scene, ViewLayer | Updating Geometry BVH Cube.792 792/831 | Building BVH
Fra:1 Mem:42.11M (Peak 66.59M) | Time:00:00.14 | Mem:1.81M, Peak:1.81M | Scene, ViewLayer | Updating Geometry BVH Cube.528 528/831 | Building BVH
Fra:1 Mem:42.11M (Peak 66.59M) | Time:00:00.14 | Mem:1.81M, Peak:1.81M | Scene, ViewLayer | Updating Geometry BVH Cube.529 529/831 | Building BVH
Fra:1 Mem:42.11M (Peak 66.59M) | Time:00:00.14 | Mem:1.81M, Peak:1.81M | Scene, ViewLayer | Updating Geometry BVH Cube.531 531/831 | Building BVH
Fra:1 Mem:42.11M (Peak 66.59M) | Time:00:00.14 | Mem:1.81M, Peak:1.81M | Scene, ViewLayer | Updating Geometry BVH Cube.532 532/831 | Building BVH
Fra:1 Mem:42.11M (Peak 66.59M) | Time:00:00.14 | Mem:1.81M, Peak:1.81M | Scene, ViewLayer | Updating Geometry BVH Cube.534 534/831 | Building BVH
Fra:1 Mem:42.11M (Peak 66.59M) | Time:00:00.14 | Mem:1.82M, Peak:1.82M | Scene, ViewLayer | Updating Geometry BVH Cube.535 535/831 | Building BVH
Fra:1 Mem:42.11M (Peak 66.59M) | Time:00:00.14 | Mem:1.82M, Peak:1.82M | Scene, ViewLayer | Updating Geometry BVH Cube.536 536/831 | Building BVH
Fra:1 Mem:42.11M (Peak 66.59M) | Time:00:00.14 | Mem:1.82M, Peak:1.82M | Scene, ViewLayer | Updating Geometry BVH Cube.537 537/831 | Building BVH
Fra:1 Mem:42.11M (Peak 66.59M) | Time:00:00.14 | Mem:1.82M, Peak:1.82M | Scene, ViewLayer | Updating Geometry BVH Cube.538 538/831 | Building BVH
Fra:1 Mem:42.11M (Peak 66.59M) | Time:00:00.14 | Mem:1.82M, Peak:1.82M | Scene, ViewLayer | Updating Geometry BVH Cube.539 539/831 | Building BVH
Fra:1 Mem:42.11M (Peak 66.59M) | Time:00:00.14 | Mem:1.82M, Peak:1.82M | Scene, ViewLayer | Updating Geometry BVH Cube.540 540/831 | Building BVH
Fra:1 Mem:42.11M (Peak 66.59M) | Time:00:00.14 | Mem:1.82M, Peak:1.82M | Scene, ViewLayer | Updating Geometry BVH Cube.541 541/831 | Building BVH
Fra:1 Mem:42.11M (Peak 66.59M) | Time:00:00.14 | Mem:1.82M, Peak:1.82M | Scene, ViewLayer | Updating Geometry BVH Cube.542 542/831 | Building BVH
Fra:1 Mem:42.11M (Peak 66.59M) | Time:00:00.14 | Mem:1.83M, Peak:1.83M | Scene, ViewLayer | Updating Geometry BVH Cube.543 543/831 | Building BVH
Fra:1 Mem:42.11M (Peak 66.59M) | Time:00:00.14 | Mem:1.83M, Peak:1.83M | Scene, ViewLayer | Updating Geometry BVH Cube.544 544/831 | Building BVH
Fra:1 Mem:42.11M (Peak 66.59M) | Time:00:00.14 | Mem:1.83M, Peak:1.83M | Scene, ViewLayer | Updating Geometry BVH Cube.545 545/831 | Building BVH
Fra:1 Mem:42.11M (Peak 66.59M) | Time:00:00.14 | Mem:1.83M, Peak:1.83M | Scene, ViewLayer | Updating Geometry BVH Cube.546 546/831 | Building BVH
Fra:1 Mem:42.11M (Peak 66.59M) | Time:00:00.14 | Mem:1.83M, Peak:1.83M | Scene, ViewLayer | Updating Geometry BVH Cube.547 547/831 | Building BVH
Fra:1 Mem:42.11M (Peak 66.59M) | Time:00:00.14 | Mem:1.83M, Peak:1.83M | Scene, ViewLayer | Updating Geometry BVH Cube.548 548/831 | Building BVH
Fra:1 Mem:42.11M (Peak 66.59M) | Time:00:00.14 | Mem:1.84M, Peak:1.84M | Scene, ViewLayer | Updating Geometry BVH Cube.549 549/831 | Building BVH
Fra:1 Mem:42.11M (Peak 66.59M) | Time:00:00.14 | Mem:1.84M, Peak:1.84M | Scene, ViewLayer | Updating Geometry BVH Cube.550 550/831 | Building BVH
Fra:1 Mem:42.11M (Peak 66.59M) | Time:00:00.14 | Mem:1.84M, Peak:1.84M | Scene, ViewLayer | Updating Geometry BVH Cube.553 553/831 | Building BVH
Fra:1 Mem:42.11M (Peak 66.59M) | Time:00:00.14 | Mem:1.84M, Peak:1.84M | Scene, ViewLayer | Updating Geometry BVH Cube.554 554/831 | Building BVH
Fra:1 Mem:42.11M (Peak 66.59M) | Time:00:00.14 | Mem:1.84M, Peak:1.84M | Scene, ViewLayer | Updating Geometry BVH Cube.555 555/831 | Building BVH
Fra:1 Mem:42.11M (Peak 66.59M) | Time:00:00.14 | Mem:1.84M, Peak:1.84M | Scene, ViewLayer | Updating Geometry BVH Cube.556 556/831 | Building BVH
Fra:1 Mem:42.11M (Peak 66.59M) | Time:00:00.14 | Mem:1.85M, Peak:1.85M | Scene, ViewLayer | Updating Geometry BVH Cube.557 557/831 | Building BVH
Fra:1 Mem:42.11M (Peak 66.59M) | Time:00:00.14 | Mem:1.85M, Peak:1.85M | Scene, ViewLayer | Updating Geometry BVH Cube.559 559/831 | Building BVH
Fra:1 Mem:42.11M (Peak 66.59M) | Time:00:00.14 | Mem:1.85M, Peak:1.85M | Scene, ViewLayer | Updating Geometry BVH Cube.560 560/831 | Building BVH
Fra:1 Mem:42.11M (Peak 66.59M) | Time:00:00.14 | Mem:1.85M, Peak:1.85M | Scene, ViewLayer | Updating Geometry BVH Cube.561 561/831 | Building BVH
Fra:1 Mem:42.11M (Peak 66.59M) | Time:00:00.14 | Mem:1.85M, Peak:1.85M | Scene, ViewLayer | Updating Geometry BVH Cube.562 562/831 | Building BVH
Fra:1 Mem:42.11M (Peak 66.59M) | Time:00:00.14 | Mem:1.86M, Peak:1.86M | Scene, ViewLayer | Updating Geometry BVH Cube.563 563/831 | Building BVH
Fra:1 Mem:42.11M (Peak 66.59M) | Time:00:00.14 | Mem:1.86M, Peak:1.86M | Scene, ViewLayer | Updating Geometry BVH Cube.564 564/831 | Building BVH
Fra:1 Mem:42.11M (Peak 66.59M) | Time:00:00.14 | Mem:1.86M, Peak:1.86M | Scene, ViewLayer | Updating Geometry BVH Cube.565 565/831 | Building BVH
Fra:1 Mem:42.11M (Peak 66.59M) | Time:00:00.14 | Mem:1.86M, Peak:1.86M | Scene, ViewLayer | Updating Geometry BVH Cube.566 566/831 | Building BVH
Fra:1 Mem:42.11M (Peak 66.59M) | Time:00:00.14 | Mem:1.86M, Peak:1.86M | Scene, ViewLayer | Updating Geometry BVH Cube.567 567/831 | Building BVH
Fra:1 Mem:42.11M (Peak 66.59M) | Time:00:00.14 | Mem:1.86M, Peak:1.86M | Scene, ViewLayer | Updating Geometry BVH Cube.569 569/831 | Building BVH
Fra:1 Mem:42.11M (Peak 66.59M) | Time:00:00.14 | Mem:1.87M, Peak:1.87M | Scene, ViewLayer | Updating Geometry BVH Cube.570 570/831 | Building BVH
Fra:1 Mem:42.11M (Peak 66.59M) | Time:00:00.14 | Mem:1.87M, Peak:1.87M | Scene, ViewLayer | Updating Geometry BVH Cube.571 571/831 | Building BVH
Fra:1 Mem:42.11M (Peak 66.59M) | Time:00:00.14 | Mem:1.87M, Peak:1.87M | Scene, ViewLayer | Updating Geometry BVH Cube.572 572/831 | Building BVH
Fra:1 Mem:42.11M (Peak 66.59M) | Time:00:00.14 | Mem:1.87M, Peak:1.87M | Scene, ViewLayer | Updating Geometry BVH Cube.573 573/831 | Building BVH
Fra:1 Mem:42.11M (Peak 66.59M) | Time:00:00.14 | Mem:1.87M, Peak:1.87M | Scene, ViewLayer | Updating Geometry BVH Cube.574 574/831 | Building BVH
Fra:1 Mem:42.11M (Peak 66.59M) | Time:00:00.14 | Mem:1.87M, Peak:1.87M | Scene, ViewLayer | Updating Geometry BVH Cube.575 575/831 | Building BVH
Fra:1 Mem:42.11M (Peak 66.59M) | Time:00:00.14 | Mem:1.87M, Peak:1.87M | Scene, ViewLayer | Updating Geometry BVH Cube.576 576/831 | Building BVH
Fra:1 Mem:42.11M (Peak 66.59M) | Time:00:00.14 | Mem:1.87M, Peak:1.87M | Scene, ViewLayer | Updating Geometry BVH Cube.578 578/831 | Building BVH
Fra:1 Mem:42.11M (Peak 66.59M) | Time:00:00.14 | Mem:1.88M, Peak:1.88M | Scene, ViewLayer | Updating Geometry BVH Cube.579 579/831 | Building BVH
Fra:1 Mem:42.11M (Peak 66.59M) | Time:00:00.14 | Mem:1.88M, Peak:1.88M | Scene, ViewLayer | Updating Geometry BVH Cube.581 581/831 | Building BVH
Fra:1 Mem:42.11M (Peak 66.59M) | Time:00:00.14 | Mem:1.88M, Peak:1.88M | Scene, ViewLayer | Updating Geometry BVH Cube.790 790/831 | Building BVH
Fra:1 Mem:42.11M (Peak 66.59M) | Time:00:00.14 | Mem:1.88M, Peak:1.88M | Scene, ViewLayer | Updating Geometry BVH Cube.582 582/831 | Building BVH
Fra:1 Mem:42.11M (Peak 66.59M) | Time:00:00.14 | Mem:1.88M, Peak:1.88M | Scene, ViewLayer | Updating Geometry BVH Cube.583 583/831 | Building BVH
Fra:1 Mem:42.11M (Peak 66.59M) | Time:00:00.14 | Mem:1.89M, Peak:1.89M | Scene, ViewLayer | Updating Geometry BVH Cube.584 584/831 | Building BVH
Fra:1 Mem:42.11M (Peak 66.59M) | Time:00:00.14 | Mem:1.88M, Peak:1.89M | Scene, ViewLayer | Updating Geometry BVH Cube.585 585/831 | Building BVH
Fra:1 Mem:42.11M (Peak 66.59M) | Time:00:00.14 | Mem:1.89M, Peak:1.89M | Scene, ViewLayer | Updating Geometry BVH Cube.586 586/831 | Building BVH
Fra:1 Mem:42.11M (Peak 66.59M) | Time:00:00.14 | Mem:1.89M, Peak:1.89M | Scene, ViewLayer | Updating Geometry BVH Cube.587 587/831 | Building BVH
Fra:1 Mem:42.11M (Peak 66.59M) | Time:00:00.14 | Mem:1.89M, Peak:1.89M | Scene, ViewLayer | Updating Geometry BVH Cube.588 588/831 | Building BVH
Fra:1 Mem:42.11M (Peak 66.59M) | Time:00:00.14 | Mem:1.89M, Peak:1.89M | Scene, ViewLayer | Updating Geometry BVH Cube.589 589/831 | Building BVH
Fra:1 Mem:42.11M (Peak 66.59M) | Time:00:00.14 | Mem:1.90M, Peak:1.90M | Scene, ViewLayer | Updating Geometry BVH Cube.590 590/831 | Building BVH
Fra:1 Mem:42.11M (Peak 66.59M) | Time:00:00.14 | Mem:1.90M, Peak:1.90M | Scene, ViewLayer | Updating Geometry BVH Cube.593 593/831 | Building BVH
Fra:1 Mem:42.11M (Peak 66.59M) | Time:00:00.14 | Mem:1.90M, Peak:1.90M | Scene, ViewLayer | Updating Geometry BVH Cube.594 594/831 | Building BVH
Fra:1 Mem:42.11M (Peak 66.59M) | Time:00:00.14 | Mem:1.90M, Peak:1.90M | Scene, ViewLayer | Updating Geometry BVH Cube.596 596/831 | Building BVH
Fra:1 Mem:42.11M (Peak 66.59M) | Time:00:00.14 | Mem:1.90M, Peak:1.90M | Scene, ViewLayer | Updating Geometry BVH Cube.597 597/831 | Building BVH
Fra:1 Mem:42.11M (Peak 66.59M) | Time:00:00.14 | Mem:1.90M, Peak:1.90M | Scene, ViewLayer | Updating Geometry BVH Cube.598 598/831 | Building BVH
Fra:1 Mem:42.11M (Peak 66.59M) | Time:00:00.14 | Mem:1.91M, Peak:1.91M | Scene, ViewLayer | Updating Geometry BVH Cube.599 599/831 | Building BVH
Fra:1 Mem:42.11M (Peak 66.59M) | Time:00:00.14 | Mem:1.91M, Peak:1.91M | Scene, ViewLayer | Updating Geometry BVH Cube.600 600/831 | Building BVH
Fra:1 Mem:42.11M (Peak 66.59M) | Time:00:00.14 | Mem:1.91M, Peak:1.91M | Scene, ViewLayer | Updating Geometry BVH Cube.601 601/831 | Building BVH
Fra:1 Mem:42.11M (Peak 66.59M) | Time:00:00.14 | Mem:1.91M, Peak:1.91M | Scene, ViewLayer | Updating Geometry BVH Cube.603 603/831 | Building BVH
Fra:1 Mem:42.11M (Peak 66.59M) | Time:00:00.14 | Mem:1.91M, Peak:1.91M | Scene, ViewLayer | Updating Geometry BVH Cube.604 604/831 | Building BVH
Fra:1 Mem:42.11M (Peak 66.59M) | Time:00:00.14 | Mem:1.91M, Peak:1.91M | Scene, ViewLayer | Updating Geometry BVH Cube.605 605/831 | Building BVH
Fra:1 Mem:42.11M (Peak 66.59M) | Time:00:00.14 | Mem:1.92M, Peak:1.92M | Scene, ViewLayer | Updating Geometry BVH Cube.607 607/831 | Building BVH
Fra:1 Mem:42.11M (Peak 66.59M) | Time:00:00.14 | Mem:1.92M, Peak:1.92M | Scene, ViewLayer | Updating Geometry BVH Cube.606 606/831 | Building BVH
Fra:1 Mem:42.11M (Peak 66.59M) | Time:00:00.14 | Mem:1.92M, Peak:1.92M | Scene, ViewLayer | Updating Geometry BVH Cube.608 608/831 | Building BVH
Fra:1 Mem:42.11M (Peak 66.59M) | Time:00:00.14 | Mem:1.92M, Peak:1.92M | Scene, ViewLayer | Updating Geometry BVH Cube.609 609/831 | Building BVH
Fra:1 Mem:42.11M (Peak 66.59M) | Time:00:00.14 | Mem:1.92M, Peak:1.92M | Scene, ViewLayer | Updating Geometry BVH Cube.610 610/831 | Building BVH
Fra:1 Mem:42.11M (Peak 66.59M) | Time:00:00.14 | Mem:1.92M, Peak:1.92M | Scene, ViewLayer | Updating Geometry BVH Cube.613 613/831 | Building BVH
Fra:1 Mem:42.11M (Peak 66.59M) | Time:00:00.14 | Mem:1.93M, Peak:1.93M | Scene, ViewLayer | Updating Geometry BVH Cube.614 614/831 | Building BVH
Fra:1 Mem:42.11M (Peak 66.59M) | Time:00:00.14 | Mem:1.93M, Peak:1.93M | Scene, ViewLayer | Updating Geometry BVH Cube.788 788/831 | Building BVH
Fra:1 Mem:42.11M (Peak 66.59M) | Time:00:00.14 | Mem:1.93M, Peak:1.93M | Scene, ViewLayer | Updating Geometry BVH Cube.615 615/831 | Building BVH
Fra:1 Mem:42.11M (Peak 66.59M) | Time:00:00.14 | Mem:1.93M, Peak:1.93M | Scene, ViewLayer | Updating Geometry BVH Cube.787 787/831 | Building BVH
Fra:1 Mem:42.11M (Peak 66.59M) | Time:00:00.14 | Mem:1.93M, Peak:1.93M | Scene, ViewLayer | Updating Geometry BVH Cube.786 786/831 | Building BVH
Fra:1 Mem:42.11M (Peak 66.59M) | Time:00:00.14 | Mem:1.93M, Peak:1.93M | Scene, ViewLayer | Updating Geometry BVH Cube.616 616/831 | Building BVH
Fra:1 Mem:42.11M (Peak 66.59M) | Time:00:00.14 | Mem:1.93M, Peak:1.93M | Scene, ViewLayer | Updating Geometry BVH Cube.617 617/831 | Building BVH
Fra:1 Mem:42.11M (Peak 66.59M) | Time:00:00.14 | Mem:1.93M, Peak:1.94M | Scene, ViewLayer | Updating Geometry BVH Cube.618 618/831 | Building BVH
Fra:1 Mem:42.11M (Peak 66.59M) | Time:00:00.14 | Mem:1.94M, Peak:1.94M | Scene, ViewLayer | Updating Geometry BVH Cube.619 619/831 | Building BVH
Fra:1 Mem:42.11M (Peak 66.59M) | Time:00:00.14 | Mem:1.94M, Peak:1.94M | Scene, ViewLayer | Updating Geometry BVH Cube.621 621/831 | Building BVH
Fra:1 Mem:42.11M (Peak 66.59M) | Time:00:00.14 | Mem:1.94M, Peak:1.94M | Scene, ViewLayer | Updating Geometry BVH Cube.622 622/831 | Building BVH
Fra:1 Mem:42.11M (Peak 66.59M) | Time:00:00.14 | Mem:1.94M, Peak:1.94M | Scene, ViewLayer | Updating Geometry BVH Cube.623 623/831 | Building BVH
Fra:1 Mem:42.11M (Peak 66.59M) | Time:00:00.14 | Mem:1.94M, Peak:1.94M | Scene, ViewLayer | Updating Geometry BVH Cube.625 625/831 | Building BVH
Fra:1 Mem:42.11M (Peak 66.59M) | Time:00:00.14 | Mem:1.95M, Peak:1.95M | Scene, ViewLayer | Updating Geometry BVH Cube.626 626/831 | Building BVH
Fra:1 Mem:42.11M (Peak 66.59M) | Time:00:00.14 | Mem:1.95M, Peak:1.95M | Scene, ViewLayer | Updating Geometry BVH Cube.627 627/831 | Building BVH
Fra:1 Mem:42.11M (Peak 66.59M) | Time:00:00.14 | Mem:1.95M, Peak:1.95M | Scene, ViewLayer | Updating Geometry BVH Cube.628 628/831 | Building BVH
Fra:1 Mem:42.11M (Peak 66.59M) | Time:00:00.14 | Mem:1.95M, Peak:1.95M | Scene, ViewLayer | Updating Geometry BVH Cube.630 630/831 | Building BVH
Fra:1 Mem:42.11M (Peak 66.59M) | Time:00:00.14 | Mem:1.95M, Peak:1.95M | Scene, ViewLayer | Updating Geometry BVH Cube.631 631/831 | Building BVH
Fra:1 Mem:42.11M (Peak 66.59M) | Time:00:00.14 | Mem:1.96M, Peak:1.96M | Scene, ViewLayer | Updating Geometry BVH Cube.632 632/831 | Building BVH
Fra:1 Mem:42.11M (Peak 66.59M) | Time:00:00.14 | Mem:1.96M, Peak:1.96M | Scene, ViewLayer | Updating Geometry BVH Cube.633 633/831 | Building BVH
Fra:1 Mem:42.11M (Peak 66.59M) | Time:00:00.14 | Mem:1.96M, Peak:1.96M | Scene, ViewLayer | Updating Geometry BVH Cube.634 634/831 | Building BVH
Fra:1 Mem:42.11M (Peak 66.59M) | Time:00:00.14 | Mem:1.96M, Peak:1.96M | Scene, ViewLayer | Updating Geometry BVH Cube.635 635/831 | Building BVH
Fra:1 Mem:42.11M (Peak 66.59M) | Time:00:00.14 | Mem:1.96M, Peak:1.96M | Scene, ViewLayer | Updating Geometry BVH Cube.636 636/831 | Building BVH
Fra:1 Mem:42.11M (Peak 66.59M) | Time:00:00.14 | Mem:1.96M, Peak:1.96M | Scene, ViewLayer | Updating Geometry BVH Cube.637 637/831 | Building BVH
Fra:1 Mem:42.11M (Peak 66.59M) | Time:00:00.14 | Mem:1.96M, Peak:1.96M | Scene, ViewLayer | Updating Geometry BVH Cube.638 638/831 | Building BVH
Fra:1 Mem:42.11M (Peak 66.59M) | Time:00:00.14 | Mem:1.96M, Peak:1.96M | Scene, ViewLayer | Updating Geometry BVH Cube.639 639/831 | Building BVH
Fra:1 Mem:42.11M (Peak 66.59M) | Time:00:00.14 | Mem:1.97M, Peak:1.97M | Scene, ViewLayer | Updating Geometry BVH Cube.640 640/831 | Building BVH
Fra:1 Mem:42.11M (Peak 66.59M) | Time:00:00.14 | Mem:1.97M, Peak:1.97M | Scene, ViewLayer | Updating Geometry BVH Cube.641 641/831 | Building BVH
Fra:1 Mem:42.11M (Peak 66.59M) | Time:00:00.14 | Mem:1.97M, Peak:1.97M | Scene, ViewLayer | Updating Geometry BVH Cube.642 642/831 | Building BVH
Fra:1 Mem:42.11M (Peak 66.59M) | Time:00:00.14 | Mem:1.97M, Peak:1.97M | Scene, ViewLayer | Updating Geometry BVH Cube.643 643/831 | Building BVH
Fra:1 Mem:42.11M (Peak 66.59M) | Time:00:00.14 | Mem:1.97M, Peak:1.97M | Scene, ViewLayer | Updating Geometry BVH Cube.644 644/831 | Building BVH
Fra:1 Mem:42.11M (Peak 66.59M) | Time:00:00.14 | Mem:1.97M, Peak:1.97M | Scene, ViewLayer | Updating Geometry BVH Cube.645 645/831 | Building BVH
Fra:1 Mem:42.11M (Peak 66.59M) | Time:00:00.14 | Mem:1.97M, Peak:1.98M | Scene, ViewLayer | Updating Geometry BVH Cube.784 784/831 | Building BVH
Fra:1 Mem:42.11M (Peak 66.59M) | Time:00:00.14 | Mem:1.98M, Peak:1.98M | Scene, ViewLayer | Updating Geometry BVH Cube.783 783/831 | Building BVH
Fra:1 Mem:42.11M (Peak 66.59M) | Time:00:00.14 | Mem:1.98M, Peak:1.98M | Scene, ViewLayer | Updating Geometry BVH Cube.647 647/831 | Building BVH
Fra:1 Mem:42.11M (Peak 66.59M) | Time:00:00.14 | Mem:1.98M, Peak:1.98M | Scene, ViewLayer | Updating Geometry BVH Cube.782 782/831 | Building BVH
Fra:1 Mem:42.11M (Peak 66.59M) | Time:00:00.14 | Mem:1.98M, Peak:1.98M | Scene, ViewLayer | Updating Geometry BVH Cube.781 781/831 | Building BVH
Fra:1 Mem:42.11M (Peak 66.59M) | Time:00:00.14 | Mem:1.98M, Peak:1.98M | Scene, ViewLayer | Updating Geometry BVH Cube.649 649/831 | Building BVH
Fra:1 Mem:42.11M (Peak 66.59M) | Time:00:00.14 | Mem:1.99M, Peak:1.99M | Scene, ViewLayer | Updating Geometry BVH Cube.650 650/831 | Building BVH
Fra:1 Mem:42.11M (Peak 66.59M) | Time:00:00.14 | Mem:1.99M, Peak:1.99M | Scene, ViewLayer | Updating Geometry BVH Cube.651 651/831 | Building BVH
Fra:1 Mem:42.11M (Peak 66.59M) | Time:00:00.14 | Mem:1.99M, Peak:1.99M | Scene, ViewLayer | Updating Geometry BVH Cube.652 652/831 | Building BVH
Fra:1 Mem:42.11M (Peak 66.59M) | Time:00:00.14 | Mem:1.99M, Peak:1.99M | Scene, ViewLayer | Updating Geometry BVH Cube.653 653/831 | Building BVH
Fra:1 Mem:42.11M (Peak 66.59M) | Time:00:00.14 | Mem:1.99M, Peak:1.99M | Scene, ViewLayer | Updating Geometry BVH Cube.654 654/831 | Building BVH
Fra:1 Mem:42.11M (Peak 66.59M) | Time:00:00.14 | Mem:1.99M, Peak:1.99M | Scene, ViewLayer | Updating Geometry BVH Cube.655 655/831 | Building BVH
Fra:1 Mem:42.11M (Peak 66.59M) | Time:00:00.14 | Mem:1.99M, Peak:1.99M | Scene, ViewLayer | Updating Geometry BVH Cube.656 656/831 | Building BVH
Fra:1 Mem:42.11M (Peak 66.59M) | Time:00:00.14 | Mem:1.99M, Peak:1.99M | Scene, ViewLayer | Updating Geometry BVH Cube.657 657/831 | Building BVH
Fra:1 Mem:42.11M (Peak 66.59M) | Time:00:00.14 | Mem:2.00M, Peak:2.00M | Scene, ViewLayer | Updating Geometry BVH Cube.658 658/831 | Building BVH
Fra:1 Mem:42.11M (Peak 66.59M) | Time:00:00.14 | Mem:2.00M, Peak:2.00M | Scene, ViewLayer | Updating Geometry BVH Cube.659 659/831 | Building BVH
Fra:1 Mem:42.11M (Peak 66.59M) | Time:00:00.14 | Mem:2.00M, Peak:2.00M | Scene, ViewLayer | Updating Geometry BVH Cube.660 660/831 | Building BVH
Fra:1 Mem:42.11M (Peak 66.59M) | Time:00:00.14 | Mem:2.00M, Peak:2.00M | Scene, ViewLayer | Updating Geometry BVH Cube.661 661/831 | Building BVH
Fra:1 Mem:42.11M (Peak 66.59M) | Time:00:00.14 | Mem:2.00M, Peak:2.00M | Scene, ViewLayer | Updating Geometry BVH Cube.662 662/831 | Building BVH
Fra:1 Mem:42.11M (Peak 66.59M) | Time:00:00.14 | Mem:2.00M, Peak:2.00M | Scene, ViewLayer | Updating Geometry BVH Cube.663 663/831 | Building BVH
Fra:1 Mem:42.11M (Peak 66.59M) | Time:00:00.14 | Mem:2.00M, Peak:2.00M | Scene, ViewLayer | Updating Geometry BVH Cube.665 665/831 | Building BVH
Fra:1 Mem:42.11M (Peak 66.59M) | Time:00:00.14 | Mem:2.01M, Peak:2.01M | Scene, ViewLayer | Updating Geometry BVH Cube.666 666/831 | Building BVH
Fra:1 Mem:42.11M (Peak 66.59M) | Time:00:00.14 | Mem:2.01M, Peak:2.01M | Scene, ViewLayer | Updating Geometry BVH Cube.668 668/831 | Building BVH
Fra:1 Mem:42.11M (Peak 66.59M) | Time:00:00.14 | Mem:2.01M, Peak:2.01M | Scene, ViewLayer | Updating Geometry BVH Cube.669 669/831 | Building BVH
Fra:1 Mem:42.11M (Peak 66.59M) | Time:00:00.14 | Mem:2.01M, Peak:2.01M | Scene, ViewLayer | Updating Geometry BVH Cube.670 670/831 | Building BVH
Fra:1 Mem:42.11M (Peak 66.59M) | Time:00:00.14 | Mem:2.01M, Peak:2.01M | Scene, ViewLayer | Updating Geometry BVH Cube.671 671/831 | Building BVH
Fra:1 Mem:42.11M (Peak 66.59M) | Time:00:00.14 | Mem:2.01M, Peak:2.01M | Scene, ViewLayer | Updating Geometry BVH Cube.672 672/831 | Building BVH
Fra:1 Mem:42.11M (Peak 66.59M) | Time:00:00.14 | Mem:2.02M, Peak:2.02M | Scene, ViewLayer | Updating Geometry BVH Cube.673 673/831 | Building BVH
Fra:1 Mem:42.11M (Peak 66.59M) | Time:00:00.14 | Mem:2.02M, Peak:2.02M | Scene, ViewLayer | Updating Geometry BVH Cube.674 674/831 | Building BVH
Fra:1 Mem:42.11M (Peak 66.59M) | Time:00:00.14 | Mem:2.02M, Peak:2.02M | Scene, ViewLayer | Updating Geometry BVH Cube.675 675/831 | Building BVH
Fra:1 Mem:42.11M (Peak 66.59M) | Time:00:00.14 | Mem:2.02M, Peak:2.02M | Scene, ViewLayer | Updating Geometry BVH Cube.676 676/831 | Building BVH
Fra:1 Mem:42.11M (Peak 66.59M) | Time:00:00.14 | Mem:2.02M, Peak:2.02M | Scene, ViewLayer | Updating Geometry BVH Cube.678 678/831 | Building BVH
Fra:1 Mem:42.11M (Peak 66.59M) | Time:00:00.14 | Mem:2.03M, Peak:2.03M | Scene, ViewLayer | Updating Geometry BVH Cube.679 679/831 | Building BVH
Fra:1 Mem:42.11M (Peak 66.59M) | Time:00:00.14 | Mem:2.03M, Peak:2.03M | Scene, ViewLayer | Updating Geometry BVH Cube.681 681/831 | Building BVH
Fra:1 Mem:42.11M (Peak 66.59M) | Time:00:00.14 | Mem:2.03M, Peak:2.03M | Scene, ViewLayer | Updating Geometry BVH Cube.683 683/831 | Building BVH
Fra:1 Mem:42.11M (Peak 66.59M) | Time:00:00.14 | Mem:2.03M, Peak:2.03M | Scene, ViewLayer | Updating Geometry BVH Cube.684 684/831 | Building BVH
Fra:1 Mem:42.11M (Peak 66.59M) | Time:00:00.14 | Mem:2.03M, Peak:2.03M | Scene, ViewLayer | Updating Geometry BVH Cube.685 685/831 | Building BVH
Fra:1 Mem:42.11M (Peak 66.59M) | Time:00:00.14 | Mem:2.03M, Peak:2.03M | Scene, ViewLayer | Updating Geometry BVH Cube.686 686/831 | Building BVH
Fra:1 Mem:42.11M (Peak 66.59M) | Time:00:00.14 | Mem:2.04M, Peak:2.04M | Scene, ViewLayer | Updating Geometry BVH Cube.688 688/831 | Building BVH
Fra:1 Mem:42.11M (Peak 66.59M) | Time:00:00.14 | Mem:2.04M, Peak:2.04M | Scene, ViewLayer | Updating Geometry BVH Cube.689 689/831 | Building BVH
Fra:1 Mem:42.11M (Peak 66.59M) | Time:00:00.14 | Mem:2.04M, Peak:2.04M | Scene, ViewLayer | Updating Geometry BVH Cube.780 780/831 | Building BVH
Fra:1 Mem:42.11M (Peak 66.59M) | Time:00:00.14 | Mem:2.04M, Peak:2.04M | Scene, ViewLayer | Updating Geometry BVH Cube.690 690/831 | Building BVH
Fra:1 Mem:42.11M (Peak 66.59M) | Time:00:00.14 | Mem:2.04M, Peak:2.04M | Scene, ViewLayer | Updating Geometry BVH Cube.779 779/831 | Building BVH
Fra:1 Mem:42.11M (Peak 66.59M) | Time:00:00.14 | Mem:2.04M, Peak:2.04M | Scene, ViewLayer | Updating Geometry BVH Cube.691 691/831 | Building BVH
Fra:1 Mem:42.11M (Peak 66.59M) | Time:00:00.14 | Mem:2.04M, Peak:2.04M | Scene, ViewLayer | Updating Geometry BVH Cube.692 692/831 | Building BVH
Fra:1 Mem:42.11M (Peak 66.59M) | Time:00:00.14 | Mem:2.04M, Peak:2.05M | Scene, ViewLayer | Updating Geometry BVH Cube.778 778/831 | Building BVH
Fra:1 Mem:42.11M (Peak 66.59M) | Time:00:00.14 | Mem:2.05M, Peak:2.05M | Scene, ViewLayer | Updating Geometry BVH Cube.693 693/831 | Building BVH
Fra:1 Mem:42.11M (Peak 66.59M) | Time:00:00.14 | Mem:2.05M, Peak:2.05M | Scene, ViewLayer | Updating Geometry BVH Cube.696 696/831 | Building BVH
Fra:1 Mem:42.11M (Peak 66.59M) | Time:00:00.14 | Mem:2.05M, Peak:2.05M | Scene, ViewLayer | Updating Geometry BVH Cube.697 697/831 | Building BVH
Fra:1 Mem:42.11M (Peak 66.59M) | Time:00:00.14 | Mem:2.05M, Peak:2.05M | Scene, ViewLayer | Updating Geometry BVH Cube.698 698/831 | Building BVH
Fra:1 Mem:42.11M (Peak 66.59M) | Time:00:00.14 | Mem:2.05M, Peak:2.05M | Scene, ViewLayer | Updating Geometry BVH Cube.699 699/831 | Building BVH
Fra:1 Mem:42.11M (Peak 66.59M) | Time:00:00.14 | Mem:2.06M, Peak:2.06M | Scene, ViewLayer | Updating Geometry BVH Cube.700 700/831 | Building BVH
Fra:1 Mem:42.11M (Peak 66.59M) | Time:00:00.14 | Mem:2.06M, Peak:2.06M | Scene, ViewLayer | Updating Geometry BVH Cube.777 777/831 | Building BVH
Fra:1 Mem:42.11M (Peak 66.59M) | Time:00:00.14 | Mem:2.06M, Peak:2.06M | Scene, ViewLayer | Updating Geometry BVH Cube.701 701/831 | Building BVH
Fra:1 Mem:42.11M (Peak 66.59M) | Time:00:00.14 | Mem:2.06M, Peak:2.06M | Scene, ViewLayer | Updating Geometry BVH Cube.702 702/831 | Building BVH
Fra:1 Mem:42.11M (Peak 66.59M) | Time:00:00.14 | Mem:2.06M, Peak:2.06M | Scene, ViewLayer | Updating Geometry BVH Cube.704 704/831 | Building BVH
Fra:1 Mem:42.11M (Peak 66.59M) | Time:00:00.14 | Mem:2.06M, Peak:2.07M | Scene, ViewLayer | Updating Geometry BVH Cube.706 706/831 | Building BVH
Fra:1 Mem:42.11M (Peak 66.59M) | Time:00:00.14 | Mem:2.07M, Peak:2.07M | Scene, ViewLayer | Updating Geometry BVH Cube.707 707/831 | Building BVH
Fra:1 Mem:42.11M (Peak 66.59M) | Time:00:00.14 | Mem:2.07M, Peak:2.07M | Scene, ViewLayer | Updating Geometry BVH Cube.708 708/831 | Building BVH
Fra:1 Mem:42.11M (Peak 66.59M) | Time:00:00.14 | Mem:2.07M, Peak:2.07M | Scene, ViewLayer | Updating Geometry BVH Cube.776 776/831 | Building BVH
Fra:1 Mem:42.11M (Peak 66.59M) | Time:00:00.14 | Mem:2.07M, Peak:2.07M | Scene, ViewLayer | Updating Geometry BVH Cube.710 710/831 | Building BVH
Fra:1 Mem:42.11M (Peak 66.59M) | Time:00:00.14 | Mem:2.08M, Peak:2.08M | Scene, ViewLayer | Updating Geometry BVH Cube.712 712/831 | Building BVH
Fra:1 Mem:42.11M (Peak 66.59M) | Time:00:00.14 | Mem:2.08M, Peak:2.08M | Scene, ViewLayer | Updating Geometry BVH Cube.713 713/831 | Building BVH
Fra:1 Mem:42.11M (Peak 66.59M) | Time:00:00.14 | Mem:2.08M, Peak:2.08M | Scene, ViewLayer | Updating Geometry BVH Cube.715 715/831 | Building BVH
Fra:1 Mem:42.11M (Peak 66.59M) | Time:00:00.14 | Mem:2.08M, Peak:2.08M | Scene, ViewLayer | Updating Geometry BVH Cube.716 716/831 | Building BVH
Fra:1 Mem:42.11M (Peak 66.59M) | Time:00:00.14 | Mem:2.08M, Peak:2.08M | Scene, ViewLayer | Updating Geometry BVH Cube.717 717/831 | Building BVH
Fra:1 Mem:42.11M (Peak 66.59M) | Time:00:00.14 | Mem:2.08M, Peak:2.08M | Scene, ViewLayer | Updating Geometry BVH Cube.719 719/831 | Building BVH
Fra:1 Mem:42.11M (Peak 66.59M) | Time:00:00.14 | Mem:2.08M, Peak:2.09M | Scene, ViewLayer | Updating Geometry BVH Cube.720 720/831 | Building BVH
Fra:1 Mem:42.11M (Peak 66.59M) | Time:00:00.14 | Mem:2.09M, Peak:2.09M | Scene, ViewLayer | Updating Geometry BVH Cube.721 721/831 | Building BVH
Fra:1 Mem:42.11M (Peak 66.59M) | Time:00:00.14 | Mem:2.09M, Peak:2.09M | Scene, ViewLayer | Updating Geometry BVH Cube.722 722/831 | Building BVH
Fra:1 Mem:42.11M (Peak 66.59M) | Time:00:00.14 | Mem:2.09M, Peak:2.09M | Scene, ViewLayer | Updating Geometry BVH Cube.724 724/831 | Building BVH
Fra:1 Mem:42.11M (Peak 66.59M) | Time:00:00.14 | Mem:2.09M, Peak:2.09M | Scene, ViewLayer | Updating Geometry BVH Cube.726 726/831 | Building BVH
Fra:1 Mem:42.11M (Peak 66.59M) | Time:00:00.14 | Mem:2.09M, Peak:2.09M | Scene, ViewLayer | Updating Geometry BVH Cube.727 727/831 | Building BVH
Fra:1 Mem:42.11M (Peak 66.59M) | Time:00:00.14 | Mem:2.10M, Peak:2.10M | Scene, ViewLayer | Updating Geometry BVH Cube.729 729/831 | Building BVH
Fra:1 Mem:42.11M (Peak 66.59M) | Time:00:00.14 | Mem:2.10M, Peak:2.10M | Scene, ViewLayer | Updating Geometry BVH Cube.730 730/831 | Building BVH
Fra:1 Mem:42.11M (Peak 66.59M) | Time:00:00.14 | Mem:2.10M, Peak:2.10M | Scene, ViewLayer | Updating Geometry BVH Cube.731 731/831 | Building BVH
Fra:1 Mem:42.11M (Peak 66.59M) | Time:00:00.14 | Mem:2.10M, Peak:2.10M | Scene, ViewLayer | Updating Geometry BVH Cube.775 775/831 | Building BVH
Fra:1 Mem:42.11M (Peak 66.59M) | Time:00:00.14 | Mem:2.10M, Peak:2.10M | Scene, ViewLayer | Updating Geometry BVH Cube.732 732/831 | Building BVH
Fra:1 Mem:42.11M (Peak 66.59M) | Time:00:00.14 | Mem:2.10M, Peak:2.10M | Scene, ViewLayer | Updating Geometry BVH Cube.733 733/831 | Building BVH
Fra:1 Mem:42.11M (Peak 66.59M) | Time:00:00.15 | Mem:2.11M, Peak:2.11M | Scene, ViewLayer | Updating Geometry BVH Cube.734 734/831 | Building BVH
Fra:1 Mem:42.11M (Peak 66.59M) | Time:00:00.15 | Mem:2.11M, Peak:2.11M | Scene, ViewLayer | Updating Geometry BVH Cube.735 735/831 | Building BVH
Fra:1 Mem:42.11M (Peak 66.59M) | Time:00:00.15 | Mem:2.11M, Peak:2.11M | Scene, ViewLayer | Updating Geometry BVH Cube.736 736/831 | Building BVH
Fra:1 Mem:42.11M (Peak 66.59M) | Time:00:00.15 | Mem:2.11M, Peak:2.11M | Scene, ViewLayer | Updating Geometry BVH Cube.737 737/831 | Building BVH
Fra:1 Mem:42.11M (Peak 66.59M) | Time:00:00.15 | Mem:2.11M, Peak:2.11M | Scene, ViewLayer | Updating Geometry BVH Cube.738 738/831 | Building BVH
Fra:1 Mem:42.11M (Peak 66.59M) | Time:00:00.15 | Mem:2.11M, Peak:2.11M | Scene, ViewLayer | Updating Geometry BVH Cube.739 739/831 | Building BVH
Fra:1 Mem:42.11M (Peak 66.59M) | Time:00:00.15 | Mem:2.11M, Peak:2.12M | Scene, ViewLayer | Updating Geometry BVH Cube.740 740/831 | Building BVH
Fra:1 Mem:42.11M (Peak 66.59M) | Time:00:00.15 | Mem:2.12M, Peak:2.12M | Scene, ViewLayer | Updating Geometry BVH Cube.742 742/831 | Building BVH
Fra:1 Mem:42.11M (Peak 66.59M) | Time:00:00.15 | Mem:2.12M, Peak:2.12M | Scene, ViewLayer | Updating Geometry BVH Cube.743 743/831 | Building BVH
Fra:1 Mem:42.11M (Peak 66.59M) | Time:00:00.15 | Mem:2.12M, Peak:2.12M | Scene, ViewLayer | Updating Geometry BVH Cube.744 744/831 | Building BVH
Fra:1 Mem:42.11M (Peak 66.59M) | Time:00:00.15 | Mem:2.12M, Peak:2.12M | Scene, ViewLayer | Updating Geometry BVH Cube.746 746/831 | Building BVH
Fra:1 Mem:42.11M (Peak 66.59M) | Time:00:00.15 | Mem:2.12M, Peak:2.12M | Scene, ViewLayer | Updating Geometry BVH Cube.747 747/831 | Building BVH
Fra:1 Mem:42.11M (Peak 66.59M) | Time:00:00.15 | Mem:2.12M, Peak:2.12M | Scene, ViewLayer | Updating Geometry BVH Cube.748 748/831 | Building BVH
Fra:1 Mem:42.11M (Peak 66.59M) | Time:00:00.15 | Mem:2.13M, Peak:2.13M | Scene, ViewLayer | Updating Geometry BVH Cube.749 749/831 | Building BVH
Fra:1 Mem:42.11M (Peak 66.59M) | Time:00:00.15 | Mem:2.13M, Peak:2.13M | Scene, ViewLayer | Updating Geometry BVH Cube.750 750/831 | Building BVH
Fra:1 Mem:42.11M (Peak 66.59M) | Time:00:00.15 | Mem:2.13M, Peak:2.13M | Scene, ViewLayer | Updating Geometry BVH Cube.751 751/831 | Building BVH
Fra:1 Mem:42.11M (Peak 66.59M) | Time:00:00.15 | Mem:2.13M, Peak:2.13M | Scene, ViewLayer | Updating Geometry BVH Cube.752 752/831 | Building BVH
Fra:1 Mem:42.11M (Peak 66.59M) | Time:00:00.15 | Mem:2.13M, Peak:2.13M | Scene, ViewLayer | Updating Geometry BVH Cube.774 774/831 | Building BVH
Fra:1 Mem:42.11M (Peak 66.59M) | Time:00:00.15 | Mem:2.13M, Peak:2.13M | Scene, ViewLayer | Updating Geometry BVH Cube.753 753/831 | Building BVH
Fra:1 Mem:42.11M (Peak 66.59M) | Time:00:00.15 | Mem:2.14M, Peak:2.14M | Scene, ViewLayer | Updating Geometry BVH Cube.754 754/831 | Building BVH
Fra:1 Mem:42.11M (Peak 66.59M) | Time:00:00.15 | Mem:2.13M, Peak:2.14M | Scene, ViewLayer | Updating Geometry BVH Cube.773 773/831 | Building BVH
Fra:1 Mem:42.11M (Peak 66.59M) | Time:00:00.15 | Mem:2.14M, Peak:2.14M | Scene, ViewLayer | Updating Geometry BVH Cube.755 755/831 | Building BVH
Fra:1 Mem:42.11M (Peak 66.59M) | Time:00:00.15 | Mem:2.14M, Peak:2.14M | Scene, ViewLayer | Updating Geometry BVH Cube.756 756/831 | Building BVH
Fra:1 Mem:42.11M (Peak 66.59M) | Time:00:00.15 | Mem:2.14M, Peak:2.14M | Scene, ViewLayer | Updating Geometry BVH Cube.757 757/831 | Building BVH
Fra:1 Mem:42.11M (Peak 66.59M) | Time:00:00.15 | Mem:2.14M, Peak:2.14M | Scene, ViewLayer | Updating Geometry BVH Cube.758 758/831 | Building BVH
Fra:1 Mem:42.11M (Peak 66.59M) | Time:00:00.15 | Mem:2.14M, Peak:2.14M | Scene, ViewLayer | Updating Geometry BVH Cube.759 759/831 | Building BVH
Fra:1 Mem:42.11M (Peak 66.59M) | Time:00:00.15 | Mem:2.14M, Peak:2.14M | Scene, ViewLayer | Updating Geometry BVH Cube.760 760/831 | Building BVH
Fra:1 Mem:42.11M (Peak 66.59M) | Time:00:00.15 | Mem:2.14M, Peak:2.14M | Scene, ViewLayer | Updating Geometry BVH Cube.761 761/831 | Building BVH
Fra:1 Mem:42.11M (Peak 66.59M) | Time:00:00.15 | Mem:2.15M, Peak:2.15M | Scene, ViewLayer | Updating Geometry BVH Cube.762 762/831 | Building BVH
Fra:1 Mem:42.11M (Peak 66.59M) | Time:00:00.15 | Mem:2.15M, Peak:2.15M | Scene, ViewLayer | Updating Geometry BVH Cube.763 763/831 | Building BVH
Fra:1 Mem:42.11M (Peak 66.59M) | Time:00:00.15 | Mem:2.15M, Peak:2.15M | Scene, ViewLayer | Updating Geometry BVH Cube.764 764/831 | Building BVH
Fra:1 Mem:42.11M (Peak 66.59M) | Time:00:00.15 | Mem:2.15M, Peak:2.15M | Scene, ViewLayer | Updating Geometry BVH Cube.765 765/831 | Building BVH
Fra:1 Mem:42.11M (Peak 66.59M) | Time:00:00.15 | Mem:2.15M, Peak:2.15M | Scene, ViewLayer | Updating Geometry BVH Cube.767 767/831 | Building BVH
Fra:1 Mem:42.11M (Peak 66.59M) | Time:00:00.15 | Mem:2.15M, Peak:2.16M | Scene, ViewLayer | Updating Geometry BVH Cube.768 768/831 | Building BVH
Fra:1 Mem:42.11M (Peak 66.59M) | Time:00:00.15 | Mem:2.16M, Peak:2.16M | Scene, ViewLayer | Updating Geometry BVH Cube.770 770/831 | Building BVH
Fra:1 Mem:42.11M (Peak 66.59M) | Time:00:00.15 | Mem:2.16M, Peak:2.16M | Scene, ViewLayer | Updating Geometry BVH Cube.771 771/831 | Building BVH
Fra:1 Mem:42.11M (Peak 66.59M) | Time:00:00.15 | Mem:2.16M, Peak:2.16M | Scene, ViewLayer | Updating Geometry BVH Cube.772 772/831 | Building BVH
Fra:1 Mem:42.11M (Peak 66.59M) | Time:00:00.15 | Mem:2.18M, Peak:2.18M | Scene, ViewLayer | Updating Scene BVH | Building
Fra:1 Mem:42.13M (Peak 66.59M) | Time:00:00.15 | Mem:2.18M, Peak:2.18M | Scene, ViewLayer | Updating Scene BVH | Building BVH
Fra:1 Mem:42.13M (Peak 66.59M) | Time:00:00.15 | Mem:2.24M, Peak:2.28M | Scene, ViewLayer | Updating Scene BVH | Copying BVH to device
Fra:1 Mem:42.13M (Peak 66.59M) | Time:00:00.15 | Mem:2.24M, Peak:2.28M | Scene, ViewLayer | Updating Mesh | Computing normals
Fra:1 Mem:42.82M (Peak 66.59M) | Time:00:00.15 | Mem:2.24M, Peak:2.28M | Scene, ViewLayer | Updating Mesh | Copying Mesh to device
Fra:1 Mem:42.82M (Peak 66.59M) | Time:00:00.15 | Mem:2.94M, Peak:2.94M | Scene, ViewLayer | Updating Objects Flags
Fra:1 Mem:42.82M (Peak 66.59M) | Time:00:00.15 | Mem:2.95M, Peak:2.95M | Scene, ViewLayer | Updating Primitive Offsets
Fra:1 Mem:42.82M (Peak 66.59M) | Time:00:00.15 | Mem:2.95M, Peak:2.95M | Scene, ViewLayer | Updating Images
Fra:1 Mem:42.82M (Peak 66.59M) | Time:00:00.15 | Mem:2.95M, Peak:2.95M | Scene, ViewLayer | Updating Images | Loading lining_light.png
Fra:1 Mem:42.82M (Peak 66.59M) | Time:00:00.15 | Mem:2.95M, Peak:2.95M | Scene, ViewLayer | Updating Images | Loading calcite_light.png
Fra:1 Mem:42.83M (Peak 66.59M) | Time:00:00.15 | Mem:2.95M, Peak:2.95M | Scene, ViewLayer | Updating Images | Loading calcite_light_emission.png
Fra:1 Mem:42.85M (Peak 66.59M) | Time:00:00.16 | Mem:2.95M, Peak:2.95M | Scene, ViewLayer | Updating Images | Loading basalt_emission.png
Fra:1 Mem:42.85M (Peak 66.59M) | Time:00:00.16 | Mem:2.95M, Peak:2.95M | Scene, ViewLayer | Updating Images | Loading calcite_shadow_emission.png
Fra:1 Mem:42.85M (Peak 66.59M) | Time:00:00.16 | Mem:2.95M, Peak:2.95M | Scene, ViewLayer | Updating Images | Loading lining_emission.png
Fra:1 Mem:42.85M (Peak 66.59M) | Time:00:00.16 | Mem:2.95M, Peak:2.95M | Scene, ViewLayer | Updating Images | Loading bud_silver_emission.png
Fra:1 Mem:42.85M (Peak 66.59M) | Time:00:00.16 | Mem:2.95M, Peak:2.95M | Scene, ViewLayer | Updating Images | Loading lining_light_emission.png
Fra:1 Mem:42.85M (Peak 66.59M) | Time:00:00.16 | Mem:2.95M, Peak:2.95M | Scene, ViewLayer | Updating Images | Loading bud_pink_emission.png
Fra:1 Mem:42.85M (Peak 66.59M) | Time:00:00.16 | Mem:2.95M, Peak:2.95M | Scene, ViewLayer | Updating Images | Loading basalt_dark_emission.png
Fra:1 Mem:42.85M (Peak 66.59M) | Time:00:00.16 | Mem:2.96M, Peak:2.96M | Scene, ViewLayer | Updating Images | Loading bud_lilac_emission.png
Fra:1 Mem:42.85M (Peak 66.59M) | Time:00:00.16 | Mem:2.96M, Peak:2.96M | Scene, ViewLayer | Updating Images | Loading basalt_light_emission.png
Fra:1 Mem:42.85M (Peak 66.59M) | Time:00:00.16 | Mem:2.96M, Peak:2.96M | Scene, ViewLayer | Updating Images | Loading vein_metal.png
Fra:1 Mem:42.85M (Peak 66.59M) | Time:00:00.16 | Mem:2.96M, Peak:2.96M | Scene, ViewLayer | Updating Images | Loading basalt_light_normal_preview.png
Fra:1 Mem:42.85M (Peak 66.59M) | Time:00:00.16 | Mem:2.96M, Peak:2.96M | Scene, ViewLayer | Updating Images | Loading basalt_metal.png
Fra:1 Mem:42.85M (Peak 66.59M) | Time:00:00.16 | Mem:2.96M, Peak:2.96M | Scene, ViewLayer | Updating Images | Loading calcite_shadow_metal.png
Fra:1 Mem:42.85M (Peak 66.59M) | Time:00:00.17 | Mem:2.96M, Peak:2.96M | Scene, ViewLayer | Updating Images | Loading basalt_dark_metal.png
Fra:1 Mem:42.85M (Peak 66.59M) | Time:00:00.17 | Mem:2.96M, Peak:2.96M | Scene, ViewLayer | Updating Images | Loading basalt_light_metal.png
Fra:1 Mem:42.86M (Peak 66.59M) | Time:00:00.17 | Mem:2.96M, Peak:2.96M | Scene, ViewLayer | Updating Images | Loading lining_light_metal.png
Fra:1 Mem:42.86M (Peak 66.59M) | Time:00:00.17 | Mem:2.96M, Peak:2.96M | Scene, ViewLayer | Updating Images | Loading bud_pink_metal.png
Fra:1 Mem:42.86M (Peak 66.59M) | Time:00:00.17 | Mem:2.96M, Peak:2.96M | Scene, ViewLayer | Updating Images | Loading calcite_sss.png
Fra:1 Mem:42.86M (Peak 66.59M) | Time:00:00.17 | Mem:2.96M, Peak:2.96M | Scene, ViewLayer | Updating Images | Loading vein_sss.png
Fra:1 Mem:42.86M (Peak 66.59M) | Time:00:00.17 | Mem:2.96M, Peak:2.96M | Scene, ViewLayer | Updating Images | Loading lining_sss.png
Fra:1 Mem:42.86M (Peak 66.59M) | Time:00:00.17 | Mem:2.96M, Peak:2.96M | Scene, ViewLayer | Updating Images | Loading basalt_sss.png
Fra:1 Mem:42.86M (Peak 66.59M) | Time:00:00.17 | Mem:2.96M, Peak:2.96M | Scene, ViewLayer | Updating Images | Loading basalt_dark_sss.png
Fra:1 Mem:42.86M (Peak 66.59M) | Time:00:00.17 | Mem:2.97M, Peak:2.97M | Scene, ViewLayer | Updating Images | Loading bud_lilac_normal_preview.png
Fra:1 Mem:42.86M (Peak 66.59M) | Time:00:00.17 | Mem:2.97M, Peak:2.97M | Scene, ViewLayer | Updating Images | Loading bud_silver_sss.png
Fra:1 Mem:42.86M (Peak 66.59M) | Time:00:00.17 | Mem:2.97M, Peak:2.97M | Scene, ViewLayer | Updating Images | Loading bud_lilac_sss.png
Fra:1 Mem:42.86M (Peak 66.59M) | Time:00:00.17 | Mem:2.97M, Peak:2.97M | Scene, ViewLayer | Updating Images | Loading calcite_shadow_sss.png
Fra:1 Mem:42.86M (Peak 66.59M) | Time:00:00.18 | Mem:2.97M, Peak:2.97M | Scene, ViewLayer | Updating Images | Loading bud_pink_sss.png
Fra:1 Mem:42.86M (Peak 66.59M) | Time:00:00.18 | Mem:2.97M, Peak:2.97M | Scene, ViewLayer | Updating Images | Loading vein_roughness.png
Fra:1 Mem:42.86M (Peak 66.59M) | Time:00:00.18 | Mem:2.97M, Peak:2.97M | Scene, ViewLayer | Updating Images | Loading calcite_roughness.png
Fra:1 Mem:42.86M (Peak 66.59M) | Time:00:00.18 | Mem:2.97M, Peak:2.97M | Scene, ViewLayer | Updating Images | Loading calcite_light_roughness.png
Fra:1 Mem:42.86M (Peak 66.59M) | Time:00:00.18 | Mem:2.97M, Peak:2.97M | Scene, ViewLayer | Updating Images | Loading lining_roughness.png
Fra:1 Mem:42.86M (Peak 66.59M) | Time:00:00.18 | Mem:2.97M, Peak:2.97M | Scene, ViewLayer | Updating Images | Loading basalt_roughness.png
Fra:1 Mem:42.86M (Peak 66.59M) | Time:00:00.18 | Mem:2.97M, Peak:2.97M | Scene, ViewLayer | Updating Images | Loading basalt_dark_roughness.png
Fra:1 Mem:42.86M (Peak 66.59M) | Time:00:00.18 | Mem:2.97M, Peak:2.97M | Scene, ViewLayer | Updating Images | Loading bud_lilac_roughness.png
Fra:1 Mem:42.86M (Peak 66.59M) | Time:00:00.18 | Mem:2.97M, Peak:2.97M | Scene, ViewLayer | Updating Images | Loading bud_silver_roughness.png
Fra:1 Mem:42.86M (Peak 66.59M) | Time:00:00.18 | Mem:2.97M, Peak:2.97M | Scene, ViewLayer | Updating Images | Loading calcite_shadow_roughness.png
Fra:1 Mem:42.86M (Peak 66.59M) | Time:00:00.18 | Mem:2.97M, Peak:2.97M | Scene, ViewLayer | Updating Images | Loading bud_pink_roughness.png
Fra:1 Mem:42.86M (Peak 66.59M) | Time:00:00.18 | Mem:2.97M, Peak:2.97M | Scene, ViewLayer | Updating Images | Loading lining_light_roughness.png
Fra:1 Mem:42.86M (Peak 66.59M) | Time:00:00.18 | Mem:2.97M, Peak:2.97M | Scene, ViewLayer | Updating Images | Loading bud_pink_normal_preview.png
Fra:1 Mem:42.86M (Peak 66.59M) | Time:00:00.18 | Mem:2.97M, Peak:2.97M | Scene, ViewLayer | Updating Images | Loading basalt_light_roughness.png
Fra:1 Mem:42.86M (Peak 66.59M) | Time:00:00.19 | Mem:2.97M, Peak:2.97M | Scene, ViewLayer | Updating Images | Loading vein_normal_preview.png
Fra:1 Mem:42.86M (Peak 66.59M) | Time:00:00.19 | Mem:2.97M, Peak:2.97M | Scene, ViewLayer | Updating Images | Loading calcite_normal_preview.png
Fra:1 Mem:42.87M (Peak 66.59M) | Time:00:00.19 | Mem:2.97M, Peak:2.97M | Scene, ViewLayer | Updating Images | Loading calcite_light_normal_preview.png
Fra:1 Mem:42.87M (Peak 66.59M) | Time:00:00.19 | Mem:2.97M, Peak:2.97M | Scene, ViewLayer | Updating Images | Loading lining_normal_preview.png
Fra:1 Mem:42.87M (Peak 66.59M) | Time:00:00.19 | Mem:2.97M, Peak:2.97M | Scene, ViewLayer | Updating Images | Loading basalt_normal_preview.png
Fra:1 Mem:42.87M (Peak 66.59M) | Time:00:00.19 | Mem:2.97M, Peak:2.97M | Scene, ViewLayer | Updating Images | Loading basalt_dark_normal_preview.png
Fra:1 Mem:42.87M (Peak 66.59M) | Time:00:00.19 | Mem:2.97M, Peak:2.97M | Scene, ViewLayer | Updating Images | Loading bud_silver_normal_preview.png
Fra:1 Mem:42.87M (Peak 66.59M) | Time:00:00.19 | Mem:2.97M, Peak:2.97M | Scene, ViewLayer | Updating Images | Loading calcite_shadow_normal_preview.png
Fra:1 Mem:42.87M (Peak 66.59M) | Time:00:00.19 | Mem:2.98M, Peak:2.98M | Scene, ViewLayer | Updating Camera Volume
Fra:1 Mem:42.87M (Peak 66.59M) | Time:00:00.19 | Mem:2.98M, Peak:2.98M | Scene, ViewLayer | Updating Lookup Tables
Fra:1 Mem:42.87M (Peak 66.59M) | Time:00:00.19 | Mem:3.23M, Peak:3.23M | Scene, ViewLayer | Updating Lights
Fra:1 Mem:42.87M (Peak 66.59M) | Time:00:00.19 | Mem:3.23M, Peak:3.23M | Scene, ViewLayer | Updating Lights | Computing distribution
Fra:1 Mem:43.02M (Peak 66.59M) | Time:00:00.19 | Mem:3.39M, Peak:3.39M | Scene, ViewLayer | Updating Integrator
Fra:1 Mem:43.03M (Peak 66.59M) | Time:00:00.19 | Mem:3.39M, Peak:3.39M | Scene, ViewLayer | Updating Film
Fra:1 Mem:43.04M (Peak 66.59M) | Time:00:00.19 | Mem:3.14M, Peak:3.39M | Scene, ViewLayer | Updating Lookup Tables
Fra:1 Mem:43.04M (Peak 66.59M) | Time:00:00.19 | Mem:3.40M, Peak:3.40M | Scene, ViewLayer | Updating Baking
Fra:1 Mem:43.04M (Peak 66.59M) | Time:00:00.19 | Mem:3.40M, Peak:3.40M | Scene, ViewLayer | Updating Device | Writing constant memory
Fra:1 Mem:43.05M (Peak 66.59M) | Time:00:00.19 | Mem:3.40M, Peak:3.40M | Scene, ViewLayer | Sample 0/48
Fra:1 Mem:115.58M (Peak 115.58M) | Time:00:00.55 | Remaining:00:16.79 | Mem:75.89M, Peak:75.89M | Scene, ViewLayer | Sample 1/48
Fra:1 Mem:146.09M (Peak 191.87M) | Time:00:17.96 | Mem:75.89M, Peak:75.89M | Scene, ViewLayer | Sample 48/48
Fra:1 Mem:146.09M (Peak 191.87M) | Time:00:17.96 | Mem:75.89M, Peak:75.89M | Scene, ViewLayer | Finished
Saved: 'D:\Desktop\Document\Coding\FULL STACK\ConvertTable\assets\geode_prototype\geode_three_quarter.png'
 Time: 00:18.06 (Saving: 00:00.09)

GEODE_VERIFY_OK {"status": "PASS", "blender_version": "3.2.1", "reopened_blend": "D:\\Desktop\\Document\\Coding\\FULL STACK\\ConvertTable\\assets\\geode_prototype\\mother_rock_geode_16px.blend", "editable_parts": 831, "connected_voxels": 2601, "world_min": [-0.5, -0.5, 0.0], "world_max": [0.5, 0.5, 1.0], "integer_pixel_grid": true, "overlapping_voxels": false, "floating_components": false, "rendered": ["D:\\Desktop\\Document\\Coding\\FULL STACK\\ConvertTable\\assets\\geode_prototype\\geode_front.png", "D:\\Desktop\\Document\\Coding\\FULL STACK\\ConvertTable\\assets\\geode_prototype\\geode_side.png", "D:\\Desktop\\Document\\Coding\\FULL STACK\\ConvertTable\\assets\\geode_prototype\\geode_three_quarter.png"]}

Blender quit
